Unit:(mV)
Frequency     199.997 Hz
Period          5.000 ms
00001             -24.00
00002             -20.00
00003             -24.00
00004             -24.00
00005             -20.00
00006             -20.00
00007             -20.00
00008             -24.00
00009              -8.00
00010              96.00
00011             156.00
00012             188.00
00013             216.00
00014             228.00
00015             244.00
00016             244.00
00017             252.00
00018             252.00
00019             256.00
00020             260.00
00021             256.00
00022             260.00
00023             260.00
00024             260.00
00025             260.00
00026             260.00
00027             260.00
00028             260.00
00029             260.00
00030             260.00
00031             260.00
00032             260.00
00033             260.00
00034             160.00
00035             -28.00
00036             -28.00
00037             -28.00
00038             -28.00
00039             -28.00
00040             -28.00
00041             -28.00
00042             -28.00
00043             -28.00
00044             -28.00
00045             -28.00
00046             -28.00
00047             -24.00
00048             -28.00
00049             -28.00
00050             -28.00
00051             -28.00
00052             -28.00
00053             -28.00
00054             -32.00
00055             -32.00
00056             -28.00
00057             -28.00
00058             -28.00
00059             -28.00
00060             -28.00
00061             -28.00
00062             -28.00
00063             -24.00
00064             -24.00
00065             -28.00
00066             -24.00
00067             -28.00
00068             -24.00
00069             -24.00
00070             -28.00
00071             -20.00
00072             -24.00
00073             -28.00
00074             -28.00
00075             -28.00
00076             -24.00
00077             -24.00
00078             -24.00
00079             -24.00
00080             -24.00
00081             -20.00
00082             -16.00
00083             -20.00
00084             -20.00
00085             -16.00
00086             -16.00
00087             -16.00
00088             -16.00
00089             -12.00
00090              -8.00
00091             -12.00
00092             -12.00
00093              -8.00
00094              -8.00
00095             -12.00
00096              -8.00
00097             -12.00
00098             -12.00
00099             -16.00
00100             -16.00
00101             -20.00
00102             -20.00
00103             -24.00
00104             -24.00
00105             -24.00
00106             -28.00
00107             -28.00
00108             -24.00
00109             -28.00
00110             -28.00
00111             -32.00
00112             -32.00
00113             -28.00
00114             -32.00
00115             -28.00
00116             -32.00
00117             -28.00
00118             -32.00
00119             -32.00
00120             -28.00
00121             -32.00
00122             -32.00
00123             -36.00
00124             -32.00
00125             -36.00
00126             -32.00
00127             -32.00
00128             -32.00
00129             -32.00
00130             -36.00
00131             -32.00
00132             -32.00
00133             -36.00
00134             -28.00
00135             -36.00
00136             -32.00
00137             -32.00
00138             -32.00
00139             -28.00
00140             -32.00
00141             -32.00
00142             -32.00
00143             -32.00
00144             -28.00
00145             -32.00
00146             -28.00
00147             -24.00
00148             -32.00
00149             -28.00
00150             -36.00
00151             -32.00
00152             -32.00
00153             -28.00
00154             -28.00
00155             -28.00
00156             -28.00
00157             -28.00
00158             -28.00
00159             -32.00
00160             -28.00
00161             -28.00
00162             -32.00
00163             -32.00
00164             -28.00
00165             -28.00
00166             -28.00
00167             -28.00
00168             -32.00
00169             -28.00
00170             -28.00
00171             -28.00
00172             -28.00
00173             -28.00
00174             -28.00
00175             -28.00
00176             -32.00
00177             -28.00
00178             -28.00
00179             -28.00
00180             -28.00
00181             -28.00
00182             -28.00
00183             -28.00
00184             -28.00
00185             -32.00
00186             -28.00
00187             -28.00
00188             -28.00
00189             -32.00
00190             -32.00
00191             -28.00
00192             -28.00
00193             -28.00
00194             -28.00
00195             -28.00
00196             -24.00
00197             -28.00
00198             -28.00
00199             -24.00
00200             -28.00
00201             -28.00
00202             -28.00
00203             -28.00
00204             -28.00
00205             -28.00
00206             -28.00
00207             -24.00
00208             -24.00
00209             -24.00
00210             -24.00
00211             -28.00
00212             -28.00
00213             -28.00
00214             -24.00
00215             -28.00
00216             -28.00
00217             -24.00
00218             -28.00
00219             -28.00
00220             -24.00
00221             -24.00
00222             -24.00
00223             -28.00
00224             -24.00
00225             -24.00
00226             -24.00
00227             -24.00
00228             -24.00
00229             -28.00
00230             -28.00
00231             -28.00
00232             -24.00
00233             -28.00
00234             -28.00
00235             -24.00
00236             -24.00
00237             -24.00
00238             -24.00
00239             -24.00
00240             -20.00
00241             -24.00
00242             -20.00
00243             -24.00
00244             -24.00
00245             -20.00
00246             -20.00
00247             -24.00
00248             -24.00
00249             -24.00
00250             -24.00
00251             -24.00
00252             -20.00
00253             -24.00
00254             -24.00
00255             -24.00
00256             -24.00
00257             -24.00
00258             -24.00
00259             -12.00
00260              92.00
00261             148.00
00262             192.00
00263             212.00
00264             232.00
00265             236.00
00266             248.00
00267             252.00
00268             252.00
00269             256.00
00270             260.00
00271             256.00
00272             260.00
00273             260.00
00274             260.00
00275             260.00
00276             260.00
00277             256.00
00278             264.00
00279             260.00
00280             256.00
00281             260.00
00282             260.00
00283             260.00
00284             160.00
00285             -28.00
00286             -28.00
00287             -28.00
00288             -28.00
00289             -28.00
00290             -28.00
00291             -28.00
00292             -28.00
00293             -28.00
00294             -28.00
00295             -28.00
00296             -28.00
00297             -28.00
00298             -28.00
00299             -28.00
00300             -32.00
00301             -32.00
00302             -24.00
00303             -28.00
00304             -28.00
00305             -28.00
00306             -24.00
00307             -24.00
00308             -28.00
00309             -28.00
00310             -28.00
00311             -24.00
00312             -28.00
00313             -24.00
00314             -24.00
00315             -28.00
00316             -28.00
00317             -24.00
00318             -28.00
00319             -28.00
00320             -24.00
00321             -28.00
00322             -24.00
00323             -24.00
00324             -24.00
00325             -24.00
00326             -24.00
00327             -24.00
00328             -24.00
00329             -24.00
00330             -20.00
00331             -20.00
00332             -20.00
00333             -20.00
00334             -16.00
00335             -16.00
00336             -16.00
00337             -16.00
00338             -16.00
00339             -16.00
00340             -12.00
00341             -12.00
00342             -12.00
00343             -12.00
00344              -8.00
00345              -8.00
00346              -8.00
00347             -12.00
00348             -12.00
00349             -12.00
00350             -16.00
00351             -16.00
00352             -16.00
00353             -20.00
00354             -24.00
00355             -24.00
00356             -24.00
00357             -24.00
00358             -28.00
00359             -28.00
00360             -28.00
00361             -28.00
00362             -28.00
00363             -28.00
00364             -32.00
00365             -28.00
00366             -28.00
00367             -32.00
00368             -32.00
00369             -32.00
00370             -32.00
00371             -28.00
00372             -32.00
00373             -36.00
00374             -36.00
00375             -28.00
00376             -32.00
00377             -32.00
00378             -32.00
00379             -32.00
00380             -32.00
00381             -32.00
00382             -32.00
00383             -32.00
00384             -32.00
00385             -32.00
00386             -32.00
00387             -36.00
00388             -28.00
00389             -32.00
00390             -32.00
00391             -32.00
00392             -32.00
00393             -32.00
00394             -32.00
00395             -32.00
00396             -24.00
00397             -28.00
00398             -28.00
00399             -36.00
00400             -28.00
00401             -28.00
00402             -32.00
00403             -28.00
00404             -28.00
00405             -32.00
00406             -28.00
00407             -32.00
00408             -32.00
00409             -32.00
00410             -28.00
00411             -28.00
00412             -28.00
00413             -28.00
00414             -28.00
00415             -28.00
00416             -28.00
00417             -28.00
00418             -28.00
00419             -28.00
00420             -28.00
00421             -28.00
00422             -28.00
00423             -28.00
00424             -28.00
00425             -28.00
00426             -28.00
00427             -28.00
00428             -24.00
00429             -28.00
00430             -28.00
00431             -28.00
00432             -28.00
00433             -28.00
00434             -28.00
00435             -24.00
00436             -28.00
00437             -24.00
00438             -28.00
00439             -28.00
00440             -24.00
00441             -24.00
00442             -28.00
00443             -28.00
00444             -28.00
00445             -28.00
00446             -24.00
00447             -28.00
00448             -28.00
00449             -28.00
00450             -28.00
00451             -32.00
00452             -28.00
00453             -28.00
00454             -28.00
00455             -28.00
00456             -24.00
00457             -28.00
00458             -28.00
00459             -24.00
00460             -24.00
00461             -24.00
00462             -28.00
00463             -28.00
00464             -28.00
00465             -28.00
00466             -24.00
00467             -24.00
00468             -28.00
00469             -28.00
00470             -28.00
00471             -28.00
00472             -24.00
00473             -28.00
00474             -24.00
00475             -24.00
00476             -28.00
00477             -24.00
00478             -24.00
00479             -24.00
00480             -24.00
00481             -24.00
00482             -20.00
00483             -24.00
00484             -24.00
00485             -24.00
00486             -28.00
00487             -24.00
00488             -20.00
00489             -24.00
00490             -24.00
00491             -24.00
00492             -24.00
00493             -24.00
00494             -20.00
00495             -24.00
00496             -24.00
00497             -20.00
00498             -20.00
00499             -24.00
00500             -20.00
00501             -20.00
00502             -24.00
00503             -24.00
00504             -24.00
00505             -20.00
00506             -24.00
00507             -24.00
00508             -24.00
00509              -8.00
00510              92.00
00511             156.00
00512             188.00
00513             212.00
00514             232.00
00515             240.00
00516             248.00
00517             248.00
00518             256.00
00519             256.00
00520             260.00
00521             260.00
00522             256.00
00523             260.00
00524             260.00
00525             260.00
00526             264.00
00527             260.00
00528             260.00
00529             260.00
00530             260.00
00531             260.00
00532             260.00
00533             260.00
00534             164.00
00535             -28.00
00536             -32.00
00537             -28.00
00538             -28.00
00539             -28.00
00540             -28.00
00541             -28.00
00542             -28.00
00543             -32.00
00544             -24.00
00545             -28.00
00546             -28.00
00547             -28.00
00548             -28.00
00549             -28.00
00550             -24.00
00551             -28.00
00552             -28.00
00553             -28.00
00554             -28.00
00555             -28.00
00556             -28.00
00557             -28.00
00558             -28.00
00559             -28.00
00560             -28.00
00561             -28.00
00562             -28.00
00563             -32.00
00564             -24.00
00565             -28.00
00566             -24.00
00567             -28.00
00568             -28.00
00569             -24.00
00570             -32.00
00571             -28.00
00572             -28.00
00573             -24.00
00574             -28.00
00575             -24.00
00576             -28.00
00577             -20.00
00578             -24.00
00579             -20.00
00580             -20.00
00581             -24.00
00582             -20.00
00583             -24.00
00584             -16.00
00585             -20.00
00586             -20.00
00587             -16.00
00588             -16.00
00589             -12.00
00590              -8.00
00591              -8.00
00592              -8.00
00593             -12.00
00594              -8.00
00595              -8.00
00596             -12.00
00597              -8.00
00598              -8.00
00599             -12.00
00600             -16.00
00601             -20.00
00602             -24.00
00603             -20.00
00604             -24.00
00605             -24.00
00606             -24.00
00607             -24.00
00608             -28.00
00609             -28.00
00610             -28.00
00611             -28.00
00612             -28.00
00613             -36.00
00614             -28.00
00615             -32.00
00616             -28.00
00617             -28.00
00618             -32.00
00619             -36.00
00620             -32.00
00621             -28.00
00622             -32.00
00623             -32.00
00624             -32.00
00625             -28.00
00626             -32.00
00627             -36.00
00628             -32.00
00629             -32.00
00630             -32.00
00631             -28.00
00632             -32.00
00633             -32.00
00634             -32.00
00635             -36.00
00636             -32.00
00637             -32.00
00638             -28.00
00639             -32.00
00640             -32.00
00641             -28.00
00642             -32.00
00643             -28.00
00644             -28.00
00645             -36.00
00646             -28.00
00647             -28.00
00648             -28.00
00649             -32.00
00650             -36.00
00651             -28.00
00652             -32.00
00653             -28.00
00654             -28.00
00655             -28.00
00656             -28.00
00657             -32.00
00658             -28.00
00659             -28.00
00660             -28.00
00661             -28.00
00662             -28.00
00663             -32.00
00664             -28.00
00665             -28.00
00666             -32.00
00667             -28.00
00668             -28.00
00669             -32.00
00670             -28.00
00671             -28.00
00672             -28.00
00673             -28.00
00674             -32.00
00675             -28.00
00676             -24.00
00677             -28.00
00678             -28.00
00679             -28.00
00680             -28.00
00681             -28.00
00682             -28.00
00683             -28.00
00684             -28.00
00685             -32.00
00686             -28.00
00687             -28.00
00688             -28.00
00689             -28.00
00690             -28.00
00691             -32.00
00692             -28.00
00693             -24.00
00694             -28.00
00695             -28.00
00696             -28.00
00697             -28.00
00698             -28.00
00699             -24.00
00700             -28.00
00701             -28.00
00702             -24.00
00703             -28.00
00704             -28.00
00705             -28.00
00706             -28.00
00707             -24.00
00708             -28.00
00709             -24.00
00710             -28.00
00711             -28.00
00712             -28.00
00713             -28.00
00714             -28.00
00715             -24.00
00716             -24.00
00717             -24.00
00718             -24.00
00719             -28.00
00720             -28.00
00721             -24.00
00722             -28.00
00723             -24.00
00724             -24.00
00725             -24.00
00726             -24.00
00727             -28.00
00728             -28.00
00729             -24.00
00730             -24.00
00731             -24.00
00732             -24.00
00733             -24.00
00734             -24.00
00735             -24.00
00736             -20.00
00737             -28.00
00738             -24.00
00739             -24.00
00740             -24.00
00741             -24.00
00742             -24.00
00743             -20.00
00744             -20.00
00745             -24.00
00746             -24.00
00747             -20.00
00748             -24.00
00749             -20.00
00750             -24.00
00751             -20.00
00752             -24.00
00753             -24.00
00754             -24.00
00755             -20.00
00756             -20.00
00757             -24.00
00758             -20.00
00759             -12.00
00760              92.00
00761             152.00
00762             192.00
00763             216.00
00764             232.00
00765             240.00
00766             248.00
00767             252.00
00768             252.00
00769             252.00
00770             260.00
00771             260.00
00772             260.00
00773             260.00
00774             260.00
00775             260.00
00776             260.00
00777             260.00
00778             260.00
00779             260.00
00780             260.00
00781             260.00
00782             260.00
00783             256.00
00784             168.00
00785             -28.00
00786             -28.00
00787             -28.00
00788             -28.00
00789             -28.00
00790             -28.00
00791             -28.00
00792             -28.00
00793             -28.00
00794             -28.00
00795             -28.00
00796             -28.00
00797             -24.00
00798             -28.00
00799             -28.00
00800             -28.00
00801             -28.00
00802             -28.00
00803             -28.00
00804             -28.00
00805             -28.00
00806             -28.00
00807             -24.00
00808             -28.00
00809             -28.00
00810             -28.00
00811             -28.00
00812             -24.00
00813             -24.00
00814             -28.00
00815             -24.00
00816             -28.00
00817             -24.00
00818             -24.00
00819             -24.00
00820             -24.00
00821             -24.00
00822             -24.00
00823             -24.00
00824             -24.00
00825             -20.00
00826             -24.00
00827             -24.00
00828             -24.00
00829             -20.00
00830             -20.00
00831             -20.00
00832             -20.00
00833             -20.00
00834             -16.00
00835             -16.00
00836             -20.00
00837             -16.00
00838             -16.00
00839             -12.00
00840             -12.00
00841             -12.00
00842             -12.00
00843             -12.00
00844             -12.00
00845             -12.00
00846             -12.00
00847              -8.00
00848              -8.00
00849             -12.00
00850             -16.00
00851             -16.00
00852             -20.00
00853             -20.00
00854             -20.00
00855             -24.00
00856             -24.00
00857             -28.00
00858             -24.00
00859             -28.00
00860             -28.00
00861             -32.00
00862             -28.00
00863             -28.00
00864             -28.00
00865             -28.00
00866             -28.00
00867             -32.00
00868             -36.00
00869             -32.00
00870             -32.00
00871             -32.00
00872             -32.00
00873             -32.00
00874             -32.00
00875             -28.00
00876             -32.00
00877             -32.00
00878             -32.00
00879             -32.00
00880             -32.00
00881             -32.00
00882             -36.00
00883             -36.00
00884             -32.00
00885             -32.00
00886             -32.00
00887             -28.00
00888             -32.00
00889             -32.00
00890             -28.00
00891             -32.00
00892             -32.00
00893             -28.00
00894             -36.00
00895             -32.00
00896             -28.00
00897             -28.00
00898             -28.00
00899             -28.00
00900             -28.00
00901             -32.00
00902             -28.00
00903             -28.00
00904             -28.00
00905             -28.00
00906             -32.00
00907             -32.00
00908             -32.00
00909             -28.00
00910             -28.00
00911             -32.00
00912             -32.00
00913             -28.00
00914             -32.00
00915             -28.00
00916             -28.00
00917             -28.00
00918             -28.00
00919             -28.00
00920             -28.00
00921             -28.00
00922             -28.00
00923             -28.00
00924             -28.00
00925             -28.00
00926             -28.00
00927             -28.00
00928             -28.00
00929             -28.00
00930             -28.00
00931             -28.00
00932             -28.00
00933             -28.00
00934             -28.00
00935             -28.00
00936             -28.00
00937             -24.00
00938             -28.00
00939             -28.00
00940             -24.00
00941             -28.00
00942             -24.00
00943             -28.00
00944             -28.00
00945             -28.00
00946             -24.00
00947             -28.00
00948             -28.00
00949             -28.00
00950             -28.00
00951             -28.00
00952             -28.00
00953             -28.00
00954             -24.00
00955             -28.00
00956             -28.00
00957             -24.00
00958             -28.00
00959             -28.00
00960             -28.00
00961             -24.00
00962             -24.00
00963             -28.00
00964             -28.00
00965             -24.00
00966             -28.00
00967             -28.00
00968             -24.00
00969             -24.00
00970             -24.00
00971             -28.00
00972             -28.00
00973             -24.00
00974             -28.00
00975             -28.00
00976             -24.00
00977             -20.00
00978             -24.00
00979             -24.00
00980             -24.00
00981             -24.00
00982             -24.00
00983             -24.00
00984             -20.00
00985             -24.00
00986             -20.00
00987             -24.00
00988             -24.00
00989             -24.00
00990             -24.00
00991             -28.00
00992             -24.00
00993             -24.00
00994             -20.00
00995             -24.00
00996             -24.00
00997             -24.00
00998             -24.00
00999             -24.00
01000             -24.00
01001             -24.00
01002             -20.00
01003             -24.00
01004             -24.00
01005             -20.00
01006             -24.00
01007             -20.00
01008             -20.00
01009              -8.00
01010              88.00
01011             152.00
01012             192.00
01013             212.00
01014             228.00
01015             240.00
01016             244.00
01017             252.00
01018             256.00
01019             256.00
01020             260.00
01021             256.00
01022             256.00
01023             260.00
01024             260.00
01025             260.00
01026             260.00
01027             260.00
01028             260.00
01029             260.00
01030             260.00
01031             260.00
01032             260.00
01033             260.00
01034             168.00
01035             -28.00
01036             -28.00
01037             -32.00
01038             -28.00
01039             -28.00
01040             -32.00
01041             -28.00
01042             -28.00
01043             -24.00
01044             -28.00
01045             -28.00
01046             -28.00
01047             -28.00
01048             -28.00
01049             -28.00
01050             -28.00
01051             -32.00
01052             -24.00
01053             -24.00
01054             -24.00
01055             -24.00
01056             -32.00
01057             -28.00
01058             -28.00
01059             -28.00
01060             -28.00
01061             -24.00
01062             -24.00
01063             -28.00
01064             -28.00
01065             -24.00
01066             -28.00
01067             -28.00
01068             -28.00
01069             -28.00
01070             -24.00
01071             -28.00
01072             -28.00
01073             -24.00
01074             -24.00
01075             -24.00
01076             -24.00
01077             -24.00
01078             -20.00
01079             -24.00
01080             -20.00
01081             -20.00
01082             -24.00
01083             -20.00
01084             -16.00
01085             -16.00
01086             -20.00
01087             -20.00
01088             -12.00
01089             -12.00
01090             -16.00
01091             -12.00
01092             -12.00
01093             -12.00
01094              -8.00
01095              -8.00
01096              -8.00
01097              -8.00
01098             -12.00
01099              -8.00
01100             -16.00
01101             -16.00
01102             -20.00
01103             -20.00
01104             -20.00
01105             -24.00
01106             -24.00
01107             -24.00
01108             -24.00
01109             -28.00
01110             -28.00
01111             -28.00
01112             -28.00
01113             -28.00
01114             -28.00
01115             -32.00
01116             -32.00
01117             -32.00
01118             -32.00
01119             -32.00
01120             -32.00
01121             -28.00
01122             -32.00
01123             -32.00
01124             -32.00
01125             -36.00
01126             -32.00
01127             -32.00
01128             -36.00
01129             -36.00
01130             -36.00
01131             -32.00
01132             -32.00
01133             -28.00
01134             -32.00
01135             -32.00
01136             -32.00
01137             -36.00
01138             -28.00
01139             -32.00
01140             -32.00
01141             -32.00
01142             -32.00
01143             -28.00
01144             -32.00
01145             -32.00
01146             -28.00
01147             -28.00
01148             -32.00
01149             -32.00
01150             -32.00
01151             -28.00
01152             -32.00
01153             -28.00
01154             -28.00
01155             -32.00
01156             -32.00
01157             -28.00
01158             -28.00
01159             -28.00
01160             -28.00
01161             -32.00
01162             -28.00
01163             -32.00
01164             -32.00
01165             -28.00
01166             -32.00
01167             -32.00
01168             -28.00
01169             -28.00
01170             -24.00
01171             -28.00
01172             -28.00
01173             -32.00
01174             -28.00
01175             -28.00
01176             -32.00
01177             -24.00
01178             -28.00
01179             -28.00
01180             -32.00
01181             -28.00
01182             -28.00
01183             -28.00
01184             -28.00
01185             -28.00
01186             -28.00
01187             -28.00
01188             -24.00
01189             -28.00
01190             -28.00
01191             -28.00
01192             -24.00
01193             -28.00
01194             -28.00
01195             -28.00
01196             -28.00
01197             -28.00
01198             -28.00
01199             -28.00
01200             -28.00
01201             -28.00
01202             -24.00
01203             -24.00
01204             -28.00
01205             -28.00
01206             -28.00
01207             -28.00
01208             -28.00
01209             -28.00
01210             -28.00
01211             -24.00
01212             -28.00
01213             -28.00
01214             -28.00
01215             -28.00
01216             -24.00
01217             -24.00
01218             -28.00
01219             -28.00
01220             -24.00
01221             -28.00
01222             -28.00
01223             -28.00
01224             -24.00
01225             -24.00
01226             -24.00
01227             -24.00
01228             -24.00
01229             -24.00
01230             -24.00
01231             -24.00
01232             -24.00
01233             -24.00
01234             -24.00
01235             -24.00
01236             -24.00
01237             -28.00
01238             -24.00
01239             -24.00
01240             -28.00
01241             -20.00
01242             -24.00
01243             -20.00
01244             -24.00
01245             -20.00
01246             -20.00
01247             -24.00
01248             -20.00
01249             -24.00
01250             -24.00
01251             -20.00
01252             -20.00
01253             -24.00
01254             -24.00
01255             -20.00
01256             -24.00
01257             -24.00
01258             -20.00
01259              -8.00
01260              92.00
01261             152.00
01262             188.00
01263             212.00
01264             228.00
01265             236.00
01266             248.00
01267             252.00
01268             256.00
01269             256.00
01270             256.00
01271             260.00
01272             260.00
01273             260.00
01274             260.00
01275             260.00
01276             260.00
01277             260.00
01278             260.00
01279             260.00
01280             260.00
01281             260.00
01282             260.00
01283             260.00
01284             172.00
01285             -24.00
01286             -28.00
01287             -28.00
01288             -28.00
01289             -28.00
01290             -28.00
01291             -28.00
01292             -28.00
01293             -28.00
01294             -28.00
01295             -28.00
01296             -32.00
01297             -24.00
01298             -28.00
01299             -28.00
01300             -28.00
01301             -32.00
01302             -28.00
01303             -28.00
01304             -24.00
01305             -28.00
01306             -28.00
01307             -28.00
01308             -24.00
01309             -28.00
01310             -28.00
01311             -28.00
01312             -28.00
01313             -28.00
01314             -24.00
01315             -28.00
01316             -28.00
01317             -24.00
01318             -28.00
01319             -24.00
01320             -24.00
01321             -24.00
01322             -28.00
01323             -24.00
01324             -20.00
01325             -28.00
01326             -24.00
01327             -24.00
01328             -24.00
01329             -24.00
01330             -24.00
01331             -20.00
01332             -24.00
01333             -20.00
01334             -20.00
01335             -20.00
01336             -20.00
01337             -12.00
01338             -16.00
01339             -16.00
01340             -16.00
01341             -12.00
01342             -12.00
01343             -12.00
01344              -8.00
01345             -12.00
01346             -12.00
01347              -8.00
01348              -8.00
01349             -12.00
01350             -16.00
01351             -16.00
01352             -20.00
01353             -20.00
01354             -24.00
01355             -24.00
01356             -20.00
01357             -24.00
01358             -28.00
01359             -28.00
01360             -24.00
01361             -28.00
01362             -32.00
01363             -28.00
01364             -28.00
01365             -28.00
01366             -32.00
01367             -32.00
01368             -32.00
01369             -32.00
01370             -28.00
01371             -32.00
01372             -32.00
01373             -28.00
01374             -36.00
01375             -28.00
01376             -28.00
01377             -28.00
01378             -32.00
01379             -32.00
01380             -32.00
01381             -28.00
01382             -32.00
01383             -32.00
01384             -32.00
01385             -28.00
01386             -36.00
01387             -32.00
01388             -28.00
01389             -28.00
01390             -32.00
01391             -32.00
01392             -32.00
01393             -32.00
01394             -32.00
01395             -36.00
01396             -24.00
01397             -28.00
01398             -28.00
01399             -28.00
01400             -28.00
01401             -28.00
01402             -36.00
01403             -32.00
01404             -28.00
01405             -28.00
01406             -28.00
01407             -28.00
01408             -28.00
01409             -28.00
01410             -28.00
01411             -32.00
01412             -28.00
01413             -32.00
01414             -28.00
01415             -28.00
01416             -28.00
01417             -28.00
01418             -28.00
01419             -24.00
01420             -28.00
01421             -28.00
01422             -28.00
01423             -28.00
01424             -28.00
01425             -28.00
01426             -28.00
01427             -28.00
01428             -28.00
01429             -28.00
01430             -28.00
01431             -28.00
01432             -24.00
01433             -28.00
01434             -28.00
01435             -28.00
01436             -28.00
01437             -28.00
01438             -28.00
01439             -28.00
01440             -28.00
01441             -28.00
01442             -28.00
01443             -28.00
01444             -28.00
01445             -28.00
01446             -28.00
01447             -28.00
01448             -28.00
01449             -28.00
01450             -28.00
01451             -28.00
01452             -32.00
01453             -28.00
01454             -28.00
01455             -28.00
01456             -28.00
01457             -32.00
01458             -28.00
01459             -28.00
01460             -24.00
01461             -24.00
01462             -28.00
01463             -28.00
01464             -28.00
01465             -28.00
01466             -28.00
01467             -24.00
01468             -24.00
01469             -28.00
01470             -28.00
01471             -24.00
01472             -24.00
01473             -24.00
01474             -24.00
01475             -28.00
01476             -24.00
01477             -28.00
01478             -24.00
01479             -24.00
01480             -28.00
01481             -24.00
01482             -24.00
01483             -24.00
01484             -24.00
01485             -24.00
01486             -28.00
01487             -24.00
01488             -24.00
01489             -24.00
01490             -24.00
01491             -24.00
01492             -24.00
01493             -24.00
01494             -24.00
01495             -24.00
01496             -24.00
01497             -24.00
01498             -24.00
01499             -24.00
01500             -24.00
01501             -24.00
01502             -24.00
01503             -24.00
01504             -20.00
01505             -24.00
01506             -24.00
01507             -20.00
01508             -20.00
01509             -12.00
01510              92.00
01511             152.00
01512             188.00
01513             212.00
01514             228.00
01515             240.00
01516             248.00
01517             252.00
01518             256.00
01519             256.00
01520             256.00
01521             260.00
01522             256.00
01523             264.00
01524             260.00
01525             260.00
01526             260.00
01527             260.00
01528             260.00
01529             260.00
01530             256.00
01531             260.00
01532             256.00
01533             260.00
01534             176.00
01535             -28.00
01536             -28.00
01537             -32.00
01538             -28.00
01539             -28.00
01540             -24.00
01541             -28.00
01542             -28.00
01543             -28.00
01544             -28.00
01545             -28.00
01546             -28.00
01547             -28.00
01548             -28.00
01549             -28.00
01550             -28.00
01551             -28.00
01552             -28.00
01553             -28.00
01554             -28.00
01555             -28.00
01556             -28.00
01557             -24.00
01558             -28.00
01559             -28.00
01560             -24.00
01561             -28.00
01562             -28.00
01563             -28.00
01564             -28.00
01565             -28.00
01566             -28.00
01567             -24.00
01568             -28.00
01569             -28.00
01570             -24.00
01571             -28.00
01572             -24.00
01573             -28.00
01574             -24.00
01575             -28.00
01576             -20.00
01577             -24.00
01578             -24.00
01579             -24.00
01580             -24.00
01581             -24.00
01582             -20.00
01583             -20.00
01584             -20.00
01585             -20.00
01586             -20.00
01587             -16.00
01588             -16.00
01589             -12.00
01590             -12.00
01591             -16.00
01592             -16.00
01593              -8.00
01594              -8.00
01595              -8.00
01596              -8.00
01597             -12.00
01598              -8.00
01599             -12.00
01600             -12.00
01601             -12.00
01602             -20.00
01603             -20.00
01604             -20.00
01605             -20.00
01606             -24.00
01607             -24.00
01608             -24.00
01609             -28.00
01610             -28.00
01611             -32.00
01612             -28.00
01613             -28.00
01614             -32.00
01615             -28.00
01616             -32.00
01617             -28.00
01618             -32.00
01619             -28.00
01620             -32.00
01621             -28.00
01622             -32.00
01623             -28.00
01624             -36.00
01625             -28.00
01626             -32.00
01627             -32.00
01628             -32.00
01629             -32.00
01630             -32.00
01631             -36.00
01632             -32.00
01633             -32.00
01634             -28.00
01635             -32.00
01636             -32.00
01637             -32.00
01638             -32.00
01639             -28.00
01640             -32.00
01641             -32.00
01642             -36.00
01643             -32.00
01644             -32.00
01645             -32.00
01646             -32.00
01647             -28.00
01648             -32.00
01649             -28.00
01650             -28.00
01651             -32.00
01652             -32.00
01653             -28.00
01654             -28.00
01655             -32.00
01656             -32.00
01657             -28.00
01658             -28.00
01659             -24.00
01660             -32.00
01661             -28.00
01662             -28.00
01663             -32.00
01664             -28.00
01665             -32.00
01666             -28.00
01667             -32.00
01668             -32.00
01669             -28.00
01670             -28.00
01671             -32.00
01672             -28.00
01673             -28.00
01674             -28.00
01675             -32.00
01676             -28.00
01677             -32.00
01678             -28.00
01679             -28.00
01680             -28.00
01681             -28.00
01682             -28.00
01683             -28.00
01684             -28.00
01685             -28.00
01686             -28.00
01687             -28.00
01688             -24.00
01689             -28.00
01690             -24.00
01691             -24.00
01692             -28.00
01693             -28.00
01694             -28.00
01695             -28.00
01696             -28.00
01697             -28.00
01698             -28.00
01699             -24.00
01700             -28.00
01701             -24.00
01702             -28.00
01703             -28.00
01704             -28.00
01705             -24.00
01706             -28.00
01707             -28.00
01708             -28.00
01709             -28.00
01710             -24.00
01711             -28.00
01712             -28.00
01713             -28.00
01714             -28.00
01715             -24.00
01716             -24.00
01717             -28.00
01718             -24.00
01719             -28.00
01720             -28.00
01721             -24.00
01722             -24.00
01723             -24.00
01724             -24.00
01725             -24.00
01726             -24.00
01727             -24.00
01728             -24.00
01729             -24.00
01730             -24.00
01731             -24.00
01732             -24.00
01733             -24.00
01734             -24.00
01735             -24.00
01736             -24.00
01737             -24.00
01738             -24.00
01739             -24.00
01740             -24.00
01741             -24.00
01742             -20.00
01743             -24.00
01744             -20.00
01745             -24.00
01746             -24.00
01747             -24.00
01748             -24.00
01749             -24.00
01750             -20.00
01751             -24.00
01752             -20.00
01753             -16.00
01754             -20.00
01755             -20.00
01756             -24.00
01757             -20.00
01758             -24.00
01759              -8.00
01760              92.00
01761             152.00
01762             192.00
01763             212.00
01764             232.00
01765             240.00
01766             248.00
01767             248.00
01768             252.00
01769             256.00
01770             256.00
01771             256.00
01772             260.00
01773             260.00
01774             260.00
01775             260.00
01776             260.00
01777             260.00
01778             260.00
01779             260.00
01780             260.00
01781             260.00
01782             256.00
01783             260.00
01784             184.00
01785             -28.00
01786             -28.00
01787             -28.00
01788             -28.00
01789             -28.00
01790             -32.00
01791             -28.00
01792             -32.00
01793             -28.00
01794             -28.00
01795             -32.00
01796             -28.00
01797             -28.00
01798             -32.00
01799             -28.00
01800             -32.00
01801             -28.00
01802             -28.00
01803             -28.00
01804             -28.00
01805             -28.00
01806             -28.00
01807             -24.00
01808             -28.00
01809             -28.00
01810             -28.00
01811             -28.00
01812             -28.00
01813             -28.00
01814             -24.00
01815             -28.00
01816             -28.00
01817             -24.00
01818             -24.00
01819             -28.00
01820             -28.00
01821             -24.00
01822             -28.00
01823             -24.00
01824             -24.00
01825             -24.00
01826             -28.00
01827             -24.00
01828             -20.00
01829             -24.00
01830             -24.00
01831             -24.00
01832             -24.00
01833             -16.00
01834             -20.00
01835             -16.00
01836             -20.00
01837             -16.00
01838             -16.00
01839             -12.00
01840              -8.00
01841             -12.00
01842             -12.00
01843             -12.00
01844             -12.00
01845              -8.00
01846              -8.00
01847             -12.00
01848             -12.00
01849             -12.00
01850             -12.00
01851             -16.00
01852             -16.00
01853             -12.00
01854             -20.00
01855             -20.00
01856             -24.00
01857             -28.00
01858             -24.00
01859             -28.00
01860             -28.00
01861             -28.00
01862             -28.00
01863             -32.00
01864             -32.00
01865             -28.00
01866             -28.00
01867             -32.00
01868             -36.00
01869             -32.00
01870             -32.00
01871             -32.00
01872             -32.00
01873             -32.00
01874             -28.00
01875             -32.00
01876             -32.00
01877             -32.00
01878             -36.00
01879             -32.00
01880             -32.00
01881             -32.00
01882             -32.00
01883             -36.00
01884             -32.00
01885             -32.00
01886             -28.00
01887             -32.00
01888             -36.00
01889             -28.00
01890             -32.00
01891             -28.00
01892             -36.00
01893             -32.00
01894             -32.00
01895             -32.00
01896             -28.00
01897             -28.00
01898             -28.00
01899             -28.00
01900             -28.00
01901             -32.00
01902             -28.00
01903             -32.00
01904             -28.00
01905             -28.00
01906             -28.00
01907             -32.00
01908             -32.00
01909             -28.00
01910             -28.00
01911             -28.00
01912             -28.00
01913             -28.00
01914             -28.00
01915             -32.00
01916             -32.00
01917             -32.00
01918             -28.00
01919             -28.00
01920             -28.00
01921             -32.00
01922             -28.00
01923             -28.00
01924             -32.00
01925             -28.00
01926             -28.00
01927             -28.00
01928             -28.00
01929             -24.00
01930             -28.00
01931             -32.00
01932             -28.00
01933             -28.00
01934             -28.00
01935             -28.00
01936             -32.00
01937             -24.00
01938             -28.00
01939             -24.00
01940             -28.00
01941             -24.00
01942             -28.00
01943             -32.00
01944             -28.00
01945             -28.00
01946             -28.00
01947             -28.00
01948             -28.00
01949             -32.00
01950             -28.00
01951             -28.00
01952             -32.00
01953             -28.00
01954             -28.00
01955             -28.00
01956             -28.00
01957             -28.00
01958             -28.00
01959             -28.00
01960             -28.00
01961             -28.00
01962             -24.00
01963             -28.00
01964             -28.00
01965             -28.00
01966             -28.00
01967             -24.00
01968             -24.00
01969             -28.00
01970             -28.00
01971             -28.00
01972             -24.00
01973             -24.00
01974             -24.00
01975             -24.00
01976             -24.00
01977             -24.00
01978             -24.00
01979             -28.00
01980             -28.00
01981             -24.00
01982             -24.00
01983             -24.00
01984             -28.00
01985             -24.00
01986             -24.00
01987             -28.00
01988             -20.00
01989             -28.00
01990             -24.00
01991             -24.00
01992             -24.00
01993             -20.00
01994             -24.00
01995             -28.00
01996             -24.00
01997             -24.00
01998             -20.00
01999             -24.00
02000             -24.00
02001             -20.00
02002             -24.00
02003             -20.00
02004             -20.00
02005             -20.00
02006             -20.00
02007             -24.00
02008             -24.00
02009             -12.00
02010              92.00
02011             152.00
02012             188.00
02013             212.00
02014             228.00
02015             240.00
02016             248.00
02017             252.00
02018             252.00
02019             256.00
02020             260.00
02021             260.00
02022             260.00
02023             260.00
02024             260.00
02025             260.00
02026             260.00
02027             260.00
02028             260.00
02029             260.00
02030             260.00
02031             260.00
02032             260.00
02033             260.00
02034             180.00
02035             -24.00
02036             -28.00
02037             -24.00
02038             -28.00
02039             -28.00
02040             -28.00
02041             -28.00
02042             -28.00
02043             -28.00
02044             -28.00
02045             -32.00
02046             -28.00
02047             -28.00
02048             -28.00
02049             -24.00
02050             -28.00
02051             -32.00
02052             -28.00
02053             -28.00
02054             -28.00
02055             -28.00
02056             -28.00
02057             -24.00
02058             -28.00
02059             -28.00
02060             -28.00
02061             -28.00
02062             -28.00
02063             -28.00
02064             -28.00
02065             -24.00
02066             -24.00
02067             -28.00
02068             -32.00
02069             -24.00
02070             -28.00
02071             -28.00
02072             -24.00
02073             -28.00
02074             -24.00
02075             -24.00
02076             -28.00
02077             -24.00
02078             -24.00
02079             -24.00
02080             -24.00
02081             -24.00
02082             -20.00
02083             -24.00
02084             -20.00
02085             -20.00
02086             -20.00
02087             -16.00
02088             -16.00
02089             -12.00
02090             -12.00
02091             -12.00
02092             -12.00
02093             -12.00
02094              -8.00
02095             -12.00
02096             -12.00
02097             -12.00
02098             -12.00
02099             -12.00
02100             -12.00
02101             -16.00
02102             -16.00
02103             -16.00
02104             -20.00
02105             -16.00
02106             -24.00
02107             -24.00
02108             -24.00
02109             -28.00
02110             -28.00
02111             -28.00
02112             -28.00
02113             -28.00
02114             -32.00
02115             -32.00
02116             -28.00
02117             -32.00
02118             -32.00
02119             -28.00
02120             -28.00
02121             -32.00
02122             -32.00
02123             -32.00
02124             -32.00
02125             -36.00
02126             -32.00
02127             -28.00
02128             -32.00
02129             -28.00
02130             -32.00
02131             -28.00
02132             -32.00
02133             -28.00
02134             -36.00
02135             -32.00
02136             -32.00
02137             -32.00
02138             -32.00
02139             -32.00
02140             -32.00
02141             -36.00
02142             -28.00
02143             -32.00
02144             -32.00
02145             -36.00
02146             -24.00
02147             -28.00
02148             -32.00
02149             -28.00
02150             -28.00
02151             -32.00
02152             -36.00
02153             -32.00
02154             -32.00
02155             -32.00
02156             -32.00
02157             -28.00
02158             -28.00
02159             -28.00
02160             -32.00
02161             -28.00
02162             -28.00
02163             -32.00
02164             -28.00
02165             -28.00
02166             -28.00
02167             -32.00
02168             -28.00
02169             -28.00
02170             -28.00
02171             -32.00
02172             -28.00
02173             -32.00
02174             -28.00
02175             -28.00
02176             -28.00
02177             -32.00
02178             -28.00
02179             -28.00
02180             -28.00
02181             -28.00
02182             -28.00
02183             -32.00
02184             -28.00
02185             -28.00
02186             -28.00
02187             -28.00
02188             -28.00
02189             -28.00
02190             -28.00
02191             -28.00
02192             -28.00
02193             -28.00
02194             -32.00
02195             -28.00
02196             -28.00
02197             -28.00
02198             -24.00
02199             -24.00
02200             -28.00
02201             -28.00
02202             -28.00
02203             -28.00
02204             -28.00
02205             -24.00
02206             -24.00
02207             -28.00
02208             -28.00
02209             -28.00
02210             -24.00
02211             -24.00
02212             -28.00
02213             -24.00
02214             -28.00
02215             -28.00
02216             -28.00
02217             -24.00
02218             -32.00
02219             -28.00
02220             -24.00
02221             -28.00
02222             -28.00
02223             -24.00
02224             -28.00
02225             -28.00
02226             -24.00
02227             -28.00
02228             -28.00
02229             -24.00
02230             -24.00
02231             -24.00
02232             -28.00
02233             -24.00
02234             -24.00
02235             -24.00
02236             -28.00
02237             -24.00
02238             -24.00
02239             -24.00
02240             -24.00
02241             -28.00
02242             -24.00
02243             -24.00
02244             -24.00
02245             -24.00
02246             -24.00
02247             -24.00
02248             -24.00
02249             -24.00
02250             -24.00
02251             -24.00
02252             -20.00
02253             -20.00
02254             -24.00
02255             -20.00
02256             -24.00
02257             -24.00
02258             -24.00
02259             -12.00
02260              92.00
02261             152.00
02262             192.00
02263             212.00
02264             228.00
02265             236.00
02266             244.00
02267             252.00
02268             256.00
02269             256.00
02270             256.00
02271             256.00
02272             260.00
02273             260.00
02274             260.00
02275             260.00
02276             256.00
02277             260.00
02278             260.00
02279             256.00
02280             260.00
02281             260.00
02282             260.00
02283             260.00
02284             184.00
02285             -24.00
02286             -28.00
02287             -32.00
02288             -32.00
02289             -28.00
02290             -28.00
02291             -28.00
02292             -28.00
02293             -32.00
02294             -28.00
02295             -32.00
02296             -28.00
02297             -28.00
02298             -28.00
02299             -28.00
02300             -28.00
02301             -28.00
02302             -32.00
02303             -28.00
02304             -28.00
02305             -28.00
02306             -28.00
02307             -28.00
02308             -28.00
02309             -28.00
02310             -24.00
02311             -28.00
02312             -28.00
02313             -24.00
02314             -28.00
02315             -28.00
02316             -24.00
02317             -28.00
02318             -28.00
02319             -28.00
02320             -24.00
02321             -28.00
02322             -24.00
02323             -24.00
02324             -28.00
02325             -28.00
02326             -24.00
02327             -24.00
02328             -24.00
02329             -24.00
02330             -24.00
02331             -24.00
02332             -20.00
02333             -24.00
02334             -24.00
02335             -20.00
02336             -20.00
02337             -16.00
02338             -16.00
02339             -12.00
02340             -16.00
02341             -12.00
02342              -8.00
02343              -8.00
02344             -12.00
02345              -8.00
02346              -8.00
02347             -12.00
02348             -12.00
02349             -12.00
02350             -12.00
02351             -16.00
02352             -16.00
02353             -20.00
02354             -20.00
02355             -20.00
02356             -24.00
02357             -24.00
02358             -24.00
02359             -28.00
02360             -24.00
02361             -28.00
02362             -32.00
02363             -28.00
02364             -28.00
02365             -28.00
02366             -32.00
02367             -32.00
02368             -32.00
02369             -32.00
02370             -32.00
02371             -32.00
02372             -32.00
02373             -32.00
02374             -28.00
02375             -32.00
02376             -32.00
02377             -32.00
02378             -32.00
02379             -28.00
02380             -36.00
02381             -32.00
02382             -32.00
02383             -32.00
02384             -36.00
02385             -32.00
02386             -28.00
02387             -32.00
02388             -28.00
02389             -32.00
02390             -32.00
02391             -32.00
02392             -32.00
02393             -28.00
02394             -32.00
02395             -32.00
02396             -32.00
02397             -28.00
02398             -28.00
02399             -32.00
02400             -28.00
02401             -32.00
02402             -32.00
02403             -36.00
02404             -36.00
02405             -32.00
02406             -28.00
02407             -32.00
02408             -28.00
02409             -32.00
02410             -32.00
02411             -32.00
02412             -28.00
02413             -28.00
02414             -32.00
02415             -28.00
02416             -28.00
02417             -36.00
02418             -28.00
02419             -32.00
02420             -28.00
02421             -32.00
02422             -28.00
02423             -28.00
02424             -28.00
02425             -28.00
02426             -32.00
02427             -28.00
02428             -28.00
02429             -28.00
02430             -28.00
02431             -28.00
02432             -28.00
02433             -32.00
02434             -28.00
02435             -28.00
02436             -28.00
02437             -24.00
02438             -28.00
02439             -28.00
02440             -28.00
02441             -28.00
02442             -28.00
02443             -28.00
02444             -32.00
02445             -28.00
02446             -28.00
02447             -28.00
02448             -28.00
02449             -28.00
02450             -32.00
02451             -28.00
02452             -28.00
02453             -28.00
02454             -28.00
02455             -28.00
02456             -24.00
02457             -28.00
02458             -28.00
02459             -24.00
02460             -24.00
02461             -28.00
02462             -32.00
02463             -28.00
02464             -28.00
02465             -28.00
02466             -28.00
02467             -24.00
02468             -28.00
02469             -28.00
02470             -24.00
02471             -28.00
02472             -24.00
02473             -24.00
02474             -28.00
02475             -28.00
02476             -28.00
02477             -28.00
02478             -24.00
02479             -28.00
02480             -28.00
02481             -28.00
02482             -24.00
02483             -28.00
02484             -24.00
02485             -24.00
02486             -24.00
02487             -24.00
02488             -24.00
02489             -24.00
02490             -24.00
02491             -24.00
02492             -24.00
02493             -24.00
02494             -24.00
02495             -24.00
02496             -24.00
02497             -24.00
02498             -24.00
02499             -24.00
02500             -20.00
02501             -20.00
02502             -20.00
02503             -24.00
02504             -20.00
02505             -24.00
02506             -20.00
02507             -24.00
02508             -24.00
02509             -12.00
02510              92.00
02511             156.00
02512             188.00
02513             216.00
02514             228.00
02515             240.00
02516             248.00
02517             252.00
02518             252.00
02519             260.00
02520             256.00
02521             260.00
02522             260.00
02523             260.00
02524             260.00
02525             260.00
02526             260.00
02527             260.00
02528             260.00
02529             256.00
02530             260.00
02531             260.00
02532             260.00
02533             256.00
02534             188.00
02535             -28.00
02536             -28.00
02537             -28.00
02538             -28.00
02539             -28.00
02540             -28.00
02541             -32.00
02542             -28.00
02543             -32.00
02544             -28.00
02545             -28.00
02546             -32.00
02547             -28.00
02548             -28.00
02549             -28.00
02550             -24.00
02551             -28.00
02552             -28.00
02553             -32.00
02554             -28.00
02555             -28.00
02556             -28.00
02557             -28.00
02558             -28.00
02559             -28.00
02560             -28.00
02561             -28.00
02562             -32.00
02563             -28.00
02564             -24.00
02565             -28.00
02566             -28.00
02567             -24.00
02568             -28.00
02569             -28.00
02570             -28.00
02571             -28.00
02572             -28.00
02573             -28.00
02574             -24.00
02575             -24.00
02576             -24.00
02577             -24.00
02578             -24.00
02579             -24.00
02580             -20.00
02581             -24.00
02582             -20.00
02583             -20.00
02584             -20.00
02585             -16.00
02586             -20.00
02587             -16.00
02588             -16.00
02589             -16.00
02590             -12.00
02591             -12.00
02592             -12.00
02593             -12.00
02594             -12.00
02595              -8.00
02596             -12.00
02597              -8.00
02598              -8.00
02599              -8.00
02600             -12.00
02601             -16.00
02602             -16.00
02603             -16.00
02604             -24.00
02605             -24.00
02606             -24.00
02607             -24.00
02608             -28.00
02609             -28.00
02610             -28.00
02611             -28.00
02612             -28.00
02613             -28.00
02614             -28.00
02615             -28.00
02616             -32.00
02617             -28.00
02618             -36.00
02619             -28.00
02620             -32.00
02621             -28.00
02622             -36.00
02623             -32.00
02624             -32.00
02625             -32.00
02626             -28.00
02627             -32.00
02628             -36.00
02629             -32.00
02630             -28.00
02631             -32.00
02632             -32.00
02633             -32.00
02634             -36.00
02635             -32.00
02636             -32.00
02637             -36.00
02638             -36.00
02639             -32.00
02640             -36.00
02641             -32.00
02642             -32.00
02643             -32.00
02644             -32.00
02645             -36.00
02646             -28.00
02647             -28.00
02648             -32.00
02649             -32.00
02650             -32.00
02651             -28.00
02652             -28.00
02653             -32.00
02654             -32.00
02655             -32.00
02656             -32.00
02657             -32.00
02658             -32.00
02659             -28.00
02660             -32.00
02661             -32.00
02662             -28.00
02663             -28.00
02664             -32.00
02665             -28.00
02666             -32.00
02667             -32.00
02668             -28.00
02669             -28.00
02670             -28.00
02671             -28.00
02672             -32.00
02673             -28.00
02674             -28.00
02675             -28.00
02676             -28.00
02677             -28.00
02678             -28.00
02679             -28.00
02680             -28.00
02681             -28.00
02682             -32.00
02683             -28.00
02684             -28.00
02685             -24.00
02686             -28.00
02687             -24.00
02688             -24.00
02689             -28.00
02690             -28.00
02691             -28.00
02692             -28.00
02693             -28.00
02694             -28.00
02695             -28.00
02696             -32.00
02697             -28.00
02698             -28.00
02699             -28.00
02700             -28.00
02701             -28.00
02702             -28.00
02703             -28.00
02704             -24.00
02705             -24.00
02706             -28.00
02707             -24.00
02708             -28.00
02709             -28.00
02710             -28.00
02711             -28.00
02712             -24.00
02713             -28.00
02714             -24.00
02715             -28.00
02716             -28.00
02717             -28.00
02718             -28.00
02719             -28.00
02720             -28.00
02721             -24.00
02722             -28.00
02723             -24.00
02724             -24.00
02725             -24.00
02726             -24.00
02727             -24.00
02728             -24.00
02729             -28.00
02730             -28.00
02731             -28.00
02732             -24.00
02733             -28.00
02734             -24.00
02735             -24.00
02736             -24.00
02737             -24.00
02738             -24.00
02739             -24.00
02740             -24.00
02741             -24.00
02742             -24.00
02743             -24.00
02744             -20.00
02745             -20.00
02746             -24.00
02747             -24.00
02748             -20.00
02749             -24.00
02750             -24.00
02751             -24.00
02752             -24.00
02753             -24.00
02754             -24.00
02755             -24.00
02756             -24.00
02757             -20.00
02758             -20.00
02759             -12.00
02760              92.00
02761             148.00
02762             188.00
02763             212.00
02764             228.00
02765             244.00
02766             248.00
02767             252.00
02768             256.00
02769             256.00
02770             260.00
02771             260.00
02772             260.00
02773             260.00
02774             256.00
02775             260.00
02776             260.00
02777             260.00
02778             260.00
02779             256.00
02780             260.00
02781             260.00
02782             260.00
02783             260.00
02784             196.00
02785             -28.00
02786             -28.00
02787             -28.00
02788             -28.00
02789             -28.00
02790             -28.00
02791             -28.00
02792             -28.00
02793             -28.00
02794             -28.00
02795             -24.00
02796             -28.00
02797             -28.00
02798             -28.00
02799             -28.00
02800             -28.00
02801             -28.00
02802             -28.00
02803             -28.00
02804             -28.00
02805             -28.00
02806             -24.00
02807             -24.00
02808             -28.00
02809             -24.00
02810             -28.00
02811             -28.00
02812             -28.00
02813             -28.00
02814             -28.00
02815             -28.00
02816             -28.00
02817             -28.00
02818             -24.00
02819             -28.00
02820             -24.00
02821             -28.00
02822             -24.00
02823             -24.00
02824             -24.00
02825             -24.00
02826             -24.00
02827             -24.00
02828             -24.00
02829             -24.00
02830             -20.00
02831             -20.00
02832             -20.00
02833             -24.00
02834             -20.00
02835             -20.00
02836             -16.00
02837             -16.00
02838             -20.00
02839             -16.00
02840             -16.00
02841             -12.00
02842             -16.00
02843             -12.00
02844              -8.00
02845              -8.00
02846              -8.00
02847             -12.00
02848              -8.00
02849             -12.00
02850             -12.00
02851             -16.00
02852             -16.00
02853             -16.00
02854             -20.00
02855             -20.00
02856             -24.00
02857             -24.00
02858             -20.00
02859             -28.00
02860             -28.00
02861             -28.00
02862             -32.00
02863             -28.00
02864             -28.00
02865             -32.00
02866             -32.00
02867             -28.00
02868             -36.00
02869             -32.00
02870             -32.00
02871             -32.00
02872             -32.00
02873             -32.00
02874             -32.00
02875             -36.00
02876             -32.00
02877             -28.00
02878             -32.00
02879             -32.00
02880             -36.00
02881             -32.00
02882             -32.00
02883             -28.00
02884             -32.00
02885             -32.00
02886             -32.00
02887             -32.00
02888             -32.00
02889             -32.00
02890             -36.00
02891             -32.00
02892             -28.00
02893             -32.00
02894             -32.00
02895             -32.00
02896             -28.00
02897             -28.00
02898             -36.00
02899             -28.00
02900             -32.00
02901             -28.00
02902             -32.00
02903             -28.00
02904             -28.00
02905             -32.00
02906             -32.00
02907             -32.00
02908             -32.00
02909             -28.00
02910             -32.00
02911             -28.00
02912             -28.00
02913             -28.00
02914             -28.00
02915             -32.00
02916             -28.00
02917             -28.00
02918             -28.00
02919             -28.00
02920             -28.00
02921             -28.00
02922             -28.00
02923             -28.00
02924             -28.00
02925             -28.00
02926             -28.00
02927             -28.00
02928             -28.00
02929             -28.00
02930             -28.00
02931             -28.00
02932             -28.00
02933             -28.00
02934             -32.00
02935             -28.00
02936             -28.00
02937             -28.00
02938             -28.00
02939             -24.00
02940             -28.00
02941             -28.00
02942             -28.00
02943             -32.00
02944             -28.00
02945             -28.00
02946             -28.00
02947             -24.00
02948             -28.00
02949             -28.00
02950             -28.00
02951             -28.00
02952             -28.00
02953             -28.00
02954             -28.00
02955             -28.00
02956             -24.00
02957             -28.00
02958             -28.00
02959             -28.00
02960             -24.00
02961             -28.00
02962             -28.00
02963             -28.00
02964             -24.00
02965             -28.00
02966             -24.00
02967             -28.00
02968             -24.00
02969             -28.00
02970             -24.00
02971             -28.00
02972             -24.00
02973             -28.00
02974             -24.00
02975             -24.00
02976             -24.00
02977             -24.00
02978             -28.00
02979             -24.00
02980             -20.00
02981             -24.00
02982             -28.00
02983             -28.00
02984             -28.00
02985             -24.00
02986             -24.00
02987             -24.00
02988             -24.00
02989             -24.00
02990             -28.00
02991             -24.00
02992             -24.00
02993             -20.00
02994             -24.00
02995             -24.00
02996             -24.00
02997             -20.00
02998             -24.00
02999             -20.00
03000             -20.00
03001             -24.00
03002             -24.00
03003             -24.00
03004             -24.00
03005             -20.00
03006             -20.00
03007             -24.00
03008             -20.00
03009             -12.00
03010              92.00
03011             152.00
03012             192.00
03013             212.00
03014             224.00
03015             236.00
03016             248.00
03017             252.00
03018             256.00
03019             256.00
03020             256.00
03021             256.00
03022             256.00
03023             260.00
03024             260.00
03025             260.00
03026             260.00
03027             260.00
03028             260.00
03029             260.00
03030             260.00
03031             256.00
03032             256.00
03033             260.00
03034             196.00
03035             -28.00
03036             -28.00
03037             -28.00
03038             -28.00
03039             -28.00
03040             -28.00
03041             -28.00
03042             -28.00
03043             -28.00
03044             -28.00
03045             -28.00
03046             -28.00
03047             -28.00
03048             -28.00
03049             -28.00
03050             -28.00
03051             -28.00
03052             -28.00
03053             -28.00
03054             -28.00
03055             -28.00
03056             -28.00
03057             -28.00
03058             -28.00
03059             -28.00
03060             -32.00
03061             -28.00
03062             -28.00
03063             -24.00
03064             -28.00
03065             -28.00
03066             -28.00
03067             -28.00
03068             -28.00
03069             -28.00
03070             -28.00
03071             -28.00
03072             -24.00
03073             -28.00
03074             -24.00
03075             -28.00
03076             -24.00
03077             -24.00
03078             -24.00
03079             -24.00
03080             -24.00
03081             -24.00
03082             -20.00
03083             -20.00
03084             -24.00
03085             -16.00
03086             -16.00
03087             -20.00
03088             -16.00
03089             -12.00
03090             -12.00
03091             -12.00
03092             -12.00
03093             -12.00
03094             -12.00
03095              -8.00
03096             -12.00
03097             -12.00
03098             -12.00
03099             -12.00
03100             -12.00
03101             -16.00
03102             -16.00
03103             -20.00
03104             -20.00
03105             -24.00
03106             -24.00
03107             -24.00
03108             -28.00
03109             -28.00
03110             -28.00
03111             -28.00
03112             -28.00
03113             -28.00
03114             -32.00
03115             -32.00
03116             -32.00
03117             -32.00
03118             -28.00
03119             -36.00
03120             -28.00
03121             -32.00
03122             -28.00
03123             -32.00
03124             -32.00
03125             -36.00
03126             -36.00
03127             -32.00
03128             -32.00
03129             -32.00
03130             -32.00
03131             -32.00
03132             -32.00
03133             -32.00
03134             -32.00
03135             -32.00
03136             -32.00
03137             -32.00
03138             -28.00
03139             -32.00
03140             -32.00
03141             -32.00
03142             -32.00
03143             -32.00
03144             -32.00
03145             -32.00
03146             -28.00
03147             -24.00
03148             -32.00
03149             -32.00
03150             -32.00
03151             -32.00
03152             -28.00
03153             -28.00
03154             -36.00
03155             -28.00
03156             -28.00
03157             -28.00
03158             -32.00
03159             -32.00
03160             -28.00
03161             -32.00
03162             -32.00
03163             -36.00
03164             -28.00
03165             -28.00
03166             -28.00
03167             -28.00
03168             -32.00
03169             -32.00
03170             -32.00
03171             -28.00
03172             -32.00
03173             -32.00
03174             -36.00
03175             -32.00
03176             -32.00
03177             -28.00
03178             -28.00
03179             -32.00
03180             -28.00
03181             -28.00
03182             -28.00
03183             -32.00
03184             -28.00
03185             -32.00
03186             -28.00
03187             -28.00
03188             -28.00
03189             -28.00
03190             -24.00
03191             -28.00
03192             -28.00
03193             -28.00
03194             -28.00
03195             -28.00
03196             -32.00
03197             -28.00
03198             -28.00
03199             -28.00
03200             -28.00
03201             -32.00
03202             -24.00
03203             -32.00
03204             -32.00
03205             -28.00
03206             -28.00
03207             -28.00
03208             -28.00
03209             -28.00
03210             -28.00
03211             -28.00
03212             -24.00
03213             -28.00
03214             -28.00
03215             -24.00
03216             -28.00
03217             -28.00
03218             -28.00
03219             -28.00
03220             -24.00
03221             -28.00
03222             -24.00
03223             -28.00
03224             -28.00
03225             -24.00
03226             -28.00
03227             -24.00
03228             -28.00
03229             -24.00
03230             -24.00
03231             -24.00
03232             -24.00
03233             -24.00
03234             -24.00
03235             -24.00
03236             -24.00
03237             -28.00
03238             -24.00
03239             -24.00
03240             -24.00
03241             -20.00
03242             -24.00
03243             -24.00
03244             -24.00
03245             -20.00
03246             -24.00
03247             -24.00
03248             -20.00
03249             -20.00
03250             -24.00
03251             -24.00
03252             -20.00
03253             -24.00
03254             -20.00
03255             -24.00
03256             -20.00
03257             -24.00
03258             -24.00
03259             -16.00
03260              92.00
03261             152.00
03262             188.00
03263             212.00
03264             228.00
03265             240.00
03266             248.00
03267             248.00
03268             252.00
03269             252.00
03270             256.00
03271             260.00
03272             260.00
03273             260.00
03274             260.00
03275             256.00
03276             260.00
03277             260.00
03278             256.00
03279             260.00
03280             260.00
03281             260.00
03282             260.00
03283             260.00
03284             200.00
03285             -28.00
03286             -24.00
03287             -24.00
03288             -28.00
03289             -28.00
03290             -24.00
03291             -28.00
03292             -24.00
03293             -32.00
03294             -28.00
03295             -24.00
03296             -28.00
03297             -28.00
03298             -32.00
03299             -28.00
03300             -28.00
03301             -24.00
03302             -24.00
03303             -28.00
03304             -28.00
03305             -32.00
03306             -28.00
03307             -32.00
03308             -28.00
03309             -28.00
03310             -28.00
03311             -28.00
03312             -28.00
03313             -28.00
03314             -24.00
03315             -28.00
03316             -28.00
03317             -28.00
03318             -28.00
03319             -28.00
03320             -28.00
03321             -28.00
03322             -28.00
03323             -28.00
03324             -28.00
03325             -28.00
03326             -24.00
03327             -28.00
03328             -24.00
03329             -20.00
03330             -20.00
03331             -20.00
03332             -20.00
03333             -24.00
03334             -24.00
03335             -16.00
03336             -16.00
03337             -20.00
03338             -16.00
03339             -16.00
03340             -12.00
03341             -12.00
03342             -12.00
03343             -12.00
03344             -12.00
03345             -12.00
03346              -8.00
03347             -12.00
03348             -12.00
03349             -12.00
03350             -12.00
03351             -16.00
03352             -16.00
03353             -20.00
03354             -24.00
03355             -24.00
03356             -24.00
03357             -28.00
03358             -24.00
03359             -28.00
03360             -28.00
03361             -28.00
03362             -28.00
03363             -28.00
03364             -28.00
03365             -28.00
03366             -32.00
03367             -32.00
03368             -28.00
03369             -32.00
03370             -32.00
03371             -32.00
03372             -32.00
03373             -32.00
03374             -36.00
03375             -36.00
03376             -32.00
03377             -36.00
03378             -32.00
03379             -36.00
03380             -28.00
03381             -36.00
03382             -36.00
03383             -32.00
03384             -32.00
03385             -32.00
03386             -36.00
03387             -32.00
03388             -32.00
03389             -32.00
03390             -36.00
03391             -32.00
03392             -28.00
03393             -28.00
03394             -28.00
03395             -32.00
03396             -32.00
03397             -28.00
03398             -32.00
03399             -28.00
03400             -32.00
03401             -28.00
03402             -32.00
03403             -32.00
03404             -28.00
03405             -28.00
03406             -28.00
03407             -32.00
03408             -32.00
03409             -28.00
03410             -32.00
03411             -28.00
03412             -28.00
03413             -32.00
03414             -32.00
03415             -28.00
03416             -32.00
03417             -28.00
03418             -28.00
03419             -28.00
03420             -28.00
03421             -28.00
03422             -28.00
03423             -28.00
03424             -28.00
03425             -32.00
03426             -28.00
03427             -32.00
03428             -28.00
03429             -28.00
03430             -28.00
03431             -28.00
03432             -24.00
03433             -28.00
03434             -28.00
03435             -28.00
03436             -28.00
03437             -28.00
03438             -28.00
03439             -28.00
03440             -28.00
03441             -32.00
03442             -28.00
03443             -28.00
03444             -28.00
03445             -28.00
03446             -28.00
03447             -28.00
03448             -24.00
03449             -28.00
03450             -28.00
03451             -28.00
03452             -28.00
03453             -28.00
03454             -28.00
03455             -28.00
03456             -28.00
03457             -28.00
03458             -28.00
03459             -28.00
03460             -28.00
03461             -24.00
03462             -28.00
03463             -28.00
03464             -24.00
03465             -28.00
03466             -28.00
03467             -28.00
03468             -24.00
03469             -24.00
03470             -28.00
03471             -28.00
03472             -24.00
03473             -28.00
03474             -28.00
03475             -24.00
03476             -28.00
03477             -28.00
03478             -28.00
03479             -24.00
03480             -28.00
03481             -24.00
03482             -28.00
03483             -24.00
03484             -28.00
03485             -24.00
03486             -24.00
03487             -24.00
03488             -24.00
03489             -20.00
03490             -24.00
03491             -24.00
03492             -24.00
03493             -24.00
03494             -24.00
03495             -24.00
03496             -24.00
03497             -24.00
03498             -20.00
03499             -20.00
03500             -24.00
03501             -24.00
03502             -24.00
03503             -24.00
03504             -24.00
03505             -20.00
03506             -20.00
03507             -20.00
03508             -24.00
03509             -12.00
03510              88.00
03511             152.00
03512             192.00
03513             216.00
03514             228.00
03515             240.00
03516             244.00
03517             252.00
03518             256.00
03519             260.00
03520             256.00
03521             256.00
03522             260.00
03523             256.00
03524             260.00
03525             260.00
03526             260.00
03527             260.00
03528             256.00
03529             260.00
03530             260.00
03531             260.00
03532             260.00
03533             260.00
03534             200.00
03535             -28.00
03536             -24.00
03537             -32.00
03538             -28.00
03539             -28.00
03540             -28.00
03541             -28.00
03542             -32.00
03543             -28.00
03544             -32.00
03545             -28.00
03546             -28.00
03547             -28.00
03548             -28.00
03549             -28.00
03550             -28.00
03551             -28.00
03552             -28.00
03553             -28.00
03554             -28.00
03555             -28.00
03556             -28.00
03557             -28.00
03558             -28.00
03559             -28.00
03560             -28.00
03561             -28.00
03562             -28.00
03563             -28.00
03564             -32.00
03565             -28.00
03566             -28.00
03567             -24.00
03568             -24.00
03569             -28.00
03570             -28.00
03571             -28.00
03572             -28.00
03573             -24.00
03574             -28.00
03575             -28.00
03576             -24.00
03577             -24.00
03578             -24.00
03579             -24.00
03580             -24.00
03581             -24.00
03582             -16.00
03583             -24.00
03584             -20.00
03585             -20.00
03586             -16.00
03587             -16.00
03588             -16.00
03589             -12.00
03590             -16.00
03591             -12.00
03592             -12.00
03593             -12.00
03594             -12.00
03595             -12.00
03596             -16.00
03597             -12.00
03598             -12.00
03599             -12.00
03600             -16.00
03601             -20.00
03602             -20.00
03603             -16.00
03604             -20.00
03605             -24.00
03606             -24.00
03607             -28.00
03608             -28.00
03609             -28.00
03610             -28.00
03611             -24.00
03612             -32.00
03613             -28.00
03614             -32.00
03615             -32.00
03616             -28.00
03617             -32.00
03618             -28.00
03619             -28.00
03620             -32.00
03621             -32.00
03622             -32.00
03623             -28.00
03624             -28.00
03625             -28.00
03626             -28.00
03627             -32.00
03628             -28.00
03629             -36.00
03630             -32.00
03631             -32.00
03632             -32.00
03633             -28.00
03634             -32.00
03635             -32.00
03636             -32.00
03637             -32.00
03638             -36.00
03639             -36.00
03640             -28.00
03641             -28.00
03642             -36.00
03643             -32.00
03644             -32.00
03645             -32.00
03646             -28.00
03647             -28.00
03648             -28.00
03649             -32.00
03650             -28.00
03651             -32.00
03652             -28.00
03653             -28.00
03654             -32.00
03655             -28.00
03656             -32.00
03657             -28.00
03658             -32.00
03659             -32.00
03660             -28.00
03661             -28.00
03662             -28.00
03663             -28.00
03664             -32.00
03665             -28.00
03666             -32.00
03667             -32.00
03668             -28.00
03669             -28.00
03670             -28.00
03671             -28.00
03672             -28.00
03673             -32.00
03674             -28.00
03675             -28.00
03676             -32.00
03677             -28.00
03678             -28.00
03679             -28.00
03680             -32.00
03681             -32.00
03682             -28.00
03683             -28.00
03684             -28.00
03685             -28.00
03686             -28.00
03687             -28.00
03688             -32.00
03689             -28.00
03690             -28.00
03691             -28.00
03692             -28.00
03693             -28.00
03694             -28.00
03695             -28.00
03696             -28.00
03697             -28.00
03698             -28.00
03699             -28.00
03700             -28.00
03701             -28.00
03702             -28.00
03703             -28.00
03704             -28.00
03705             -28.00
03706             -24.00
03707             -28.00
03708             -28.00
03709             -24.00
03710             -28.00
03711             -24.00
03712             -28.00
03713             -28.00
03714             -28.00
03715             -28.00
03716             -28.00
03717             -28.00
03718             -24.00
03719             -28.00
03720             -24.00
03721             -20.00
03722             -28.00
03723             -28.00
03724             -24.00
03725             -24.00
03726             -28.00
03727             -28.00
03728             -24.00
03729             -24.00
03730             -24.00
03731             -24.00
03732             -24.00
03733             -24.00
03734             -24.00
03735             -28.00
03736             -24.00
03737             -24.00
03738             -24.00
03739             -24.00
03740             -24.00
03741             -24.00
03742             -20.00
03743             -24.00
03744             -20.00
03745             -24.00
03746             -24.00
03747             -24.00
03748             -24.00
03749             -20.00
03750             -24.00
03751             -24.00
03752             -24.00
03753             -24.00
03754             -24.00
03755             -20.00
03756             -20.00
03757             -24.00
03758             -24.00
03759             -16.00
03760              88.00
03761             152.00
03762             188.00
03763             208.00
03764             228.00
03765             240.00
03766             248.00
03767             248.00
03768             256.00
03769             256.00
03770             256.00
03771             256.00
03772             260.00
03773             260.00
03774             260.00
03775             260.00
03776             260.00
03777             260.00
03778             260.00
03779             260.00
03780             260.00
03781             260.00
03782             260.00
03783             260.00
03784             208.00
03785             -28.00
03786             -28.00
03787             -28.00
03788             -28.00
03789             -28.00
03790             -28.00
03791             -36.00
03792             -28.00
03793             -28.00
03794             -32.00
03795             -28.00
03796             -28.00
03797             -32.00
03798             -28.00
03799             -32.00
03800             -28.00
03801             -28.00
03802             -32.00
03803             -28.00
03804             -28.00
03805             -28.00
03806             -28.00
03807             -28.00
03808             -28.00
03809             -28.00
03810             -28.00
03811             -28.00
03812             -28.00
03813             -28.00
03814             -24.00
03815             -28.00
03816             -28.00
03817             -28.00
03818             -28.00
03819             -28.00
03820             -28.00
03821             -24.00
03822             -24.00
03823             -24.00
03824             -24.00
03825             -24.00
03826             -28.00
03827             -20.00
03828             -24.00
03829             -24.00
03830             -24.00
03831             -20.00
03832             -24.00
03833             -20.00
03834             -24.00
03835             -24.00
03836             -20.00
03837             -16.00
03838             -16.00
03839             -16.00
03840             -12.00
03841             -12.00
03842             -12.00
03843              -8.00
03844              -8.00
03845              -8.00
03846              -8.00
03847              -8.00
03848             -12.00
03849             -12.00
03850             -16.00
03851             -16.00
03852             -20.00
03853             -20.00
03854             -20.00
03855             -24.00
03856             -20.00
03857             -24.00
03858             -24.00
03859             -24.00
03860             -32.00
03861             -28.00
03862             -32.00
03863             -36.00
03864             -32.00
03865             -28.00
03866             -32.00
03867             -32.00
03868             -36.00
03869             -32.00
03870             -32.00
03871             -36.00
03872             -36.00
03873             -32.00
03874             -32.00
03875             -32.00
03876             -32.00
03877             -32.00
03878             -32.00
03879             -32.00
03880             -32.00
03881             -32.00
03882             -32.00
03883             -28.00
03884             -32.00
03885             -32.00
03886             -32.00
03887             -32.00
03888             -32.00
03889             -32.00
03890             -32.00
03891             -36.00
03892             -32.00
03893             -32.00
03894             -28.00
03895             -32.00
03896             -32.00
03897             -28.00
03898             -36.00
03899             -32.00
03900             -32.00
03901             -28.00
03902             -32.00
03903             -28.00
03904             -36.00
03905             -28.00
03906             -28.00
03907             -28.00
03908             -32.00
03909             -32.00
03910             -28.00
03911             -28.00
03912             -28.00
03913             -28.00
03914             -28.00
03915             -32.00
03916             -28.00
03917             -28.00
03918             -28.00
03919             -28.00
03920             -36.00
03921             -28.00
03922             -28.00
03923             -32.00
03924             -28.00
03925             -28.00
03926             -24.00
03927             -32.00
03928             -28.00
03929             -28.00
03930             -28.00
03931             -32.00
03932             -28.00
03933             -28.00
03934             -28.00
03935             -28.00
03936             -28.00
03937             -28.00
03938             -28.00
03939             -28.00
03940             -28.00
03941             -28.00
03942             -32.00
03943             -32.00
03944             -28.00
03945             -28.00
03946             -28.00
03947             -28.00
03948             -28.00
03949             -28.00
03950             -28.00
03951             -28.00
03952             -28.00
03953             -28.00
03954             -28.00
03955             -24.00
03956             -28.00
03957             -28.00
03958             -28.00
03959             -28.00
03960             -24.00
03961             -28.00
03962             -28.00
03963             -28.00
03964             -28.00
03965             -28.00
03966             -28.00
03967             -28.00
03968             -24.00
03969             -24.00
03970             -28.00
03971             -28.00
03972             -28.00
03973             -28.00
03974             -28.00
03975             -24.00
03976             -24.00
03977             -24.00
03978             -24.00
03979             -24.00
03980             -24.00
03981             -24.00
03982             -28.00
03983             -28.00
03984             -24.00
03985             -24.00
03986             -28.00
03987             -24.00
03988             -24.00
03989             -24.00
03990             -28.00
03991             -24.00
03992             -24.00
03993             -24.00
03994             -24.00
03995             -24.00
03996             -24.00
03997             -24.00
03998             -24.00
03999             -20.00
04000             -24.00
04001             -20.00
04002             -24.00
04003             -20.00
04004             -24.00
04005             -20.00
04006             -24.00
04007             -24.00
04008             -24.00
04009             -16.00
04010              88.00
04011             148.00
04012             188.00
04013             212.00
04014             228.00
04015             236.00
04016             244.00
04017             248.00
04018             252.00
04019             256.00
04020             256.00
04021             260.00
04022             260.00
04023             260.00
04024             256.00
04025             260.00
04026             260.00
04027             264.00
04028             264.00
04029             260.00
04030             260.00
04031             260.00
04032             256.00
04033             260.00
04034             212.00
04035             -28.00
04036             -28.00
04037             -32.00
04038             -28.00
04039             -28.00
04040             -28.00
04041             -28.00
04042             -28.00
04043             -28.00
04044             -28.00
04045             -28.00
04046             -28.00
04047             -28.00
04048             -28.00
04049             -28.00
04050             -28.00
04051             -28.00
04052             -28.00
04053             -28.00
04054             -28.00
04055             -28.00
04056             -28.00
04057             -24.00
04058             -28.00
04059             -28.00
04060             -28.00
04061             -28.00
04062             -28.00
04063             -28.00
04064             -28.00
04065             -28.00
04066             -28.00
04067             -28.00
04068             -28.00
04069             -24.00
04070             -28.00
04071             -28.00
04072             -24.00
04073             -24.00
04074             -28.00
04075             -24.00
04076             -24.00
04077             -24.00
04078             -24.00
04079             -24.00
04080             -20.00
04081             -24.00
04082             -20.00
04083             -24.00
04084             -20.00
04085             -20.00
04086             -20.00
04087             -16.00
04088             -16.00
04089             -12.00
04090             -16.00
04091             -16.00
04092             -16.00
04093             -12.00
04094             -12.00
04095              -8.00
04096             -12.00
04097             -12.00
04098              -8.00
04099              -8.00
04100             -16.00
04101             -12.00
04102             -20.00
04103             -20.00
04104             -20.00
04105             -24.00
04106             -24.00
04107             -28.00
04108             -28.00
04109             -24.00
04110             -28.00
04111             -28.00
04112             -24.00
04113             -28.00
04114             -28.00
04115             -32.00
04116             -32.00
04117             -32.00
04118             -32.00
04119             -36.00
04120             -32.00
04121             -28.00
04122             -32.00
04123             -28.00
04124             -32.00
04125             -32.00
04126             -36.00
04127             -28.00
04128             -36.00
04129             -36.00
04130             -32.00
04131             -32.00
04132             -32.00
04133             -32.00
04134             -32.00
04135             -32.00
04136             -32.00
04137             -28.00
04138             -32.00
04139             -32.00
04140             -28.00
04141             -32.00
04142             -32.00
04143             -32.00
04144             -36.00
04145             -32.00
04146             -28.00
04147             -24.00
04148             -32.00
04149             -28.00
04150             -32.00
04151             -28.00
04152             -32.00
04153             -28.00
04154             -32.00
04155             -32.00
04156             -32.00
04157             -32.00
04158             -28.00
04159             -28.00
04160             -32.00
04161             -28.00
04162             -32.00
04163             -28.00
04164             -28.00
04165             -28.00
04166             -28.00
04167             -28.00
04168             -32.00
04169             -28.00
04170             -28.00
04171             -32.00
04172             -28.00
04173             -28.00
04174             -28.00
04175             -28.00
04176             -28.00
04177             -28.00
04178             -32.00
04179             -24.00
04180             -28.00
04181             -28.00
04182             -28.00
04183             -28.00
04184             -28.00
04185             -28.00
04186             -28.00
04187             -28.00
04188             -28.00
04189             -28.00
04190             -24.00
04191             -28.00
04192             -28.00
04193             -32.00
04194             -32.00
04195             -28.00
04196             -28.00
04197             -28.00
04198             -28.00
04199             -28.00
04200             -24.00
04201             -28.00
04202             -28.00
04203             -28.00
04204             -28.00
04205             -24.00
04206             -24.00
04207             -28.00
04208             -28.00
04209             -24.00
04210             -28.00
04211             -28.00
04212             -28.00
04213             -24.00
04214             -28.00
04215             -28.00
04216             -24.00
04217             -28.00
04218             -24.00
04219             -28.00
04220             -28.00
04221             -24.00
04222             -24.00
04223             -24.00
04224             -24.00
04225             -24.00
04226             -24.00
04227             -24.00
04228             -20.00
04229             -24.00
04230             -28.00
04231             -28.00
04232             -24.00
04233             -24.00
04234             -24.00
04235             -24.00
04236             -24.00
04237             -24.00
04238             -28.00
04239             -24.00
04240             -24.00
04241             -24.00
04242             -24.00
04243             -24.00
04244             -24.00
04245             -20.00
04246             -24.00
04247             -24.00
04248             -24.00
04249             -20.00
04250             -20.00
04251             -24.00
04252             -20.00
04253             -20.00
04254             -24.00
04255             -24.00
04256             -20.00
04257             -20.00
04258             -24.00
04259             -16.00
04260              88.00
04261             152.00
04262             188.00
04263             216.00
04264             224.00
04265             240.00
04266             248.00
04267             248.00
04268             252.00
04269             256.00
04270             256.00
04271             260.00
04272             260.00
04273             260.00
04274             260.00
04275             260.00
04276             264.00
04277             260.00
04278             256.00
04279             256.00
04280             260.00
04281             260.00
04282             260.00
04283             260.00
04284             216.00
04285             -28.00
04286             -36.00
04287             -28.00
04288             -28.00
04289             -28.00
04290             -28.00
04291             -24.00
04292             -28.00
04293             -28.00
04294             -24.00
04295             -32.00
04296             -28.00
04297             -28.00
04298             -28.00
04299             -24.00
04300             -28.00
04301             -28.00
04302             -28.00
04303             -28.00
04304             -24.00
04305             -28.00
04306             -24.00
04307             -28.00
04308             -32.00
04309             -28.00
04310             -28.00
04311             -28.00
04312             -28.00
04313             -28.00
04314             -28.00
04315             -28.00
04316             -24.00
04317             -28.00
04318             -28.00
04319             -24.00
04320             -28.00
04321             -24.00
04322             -28.00
04323             -28.00
04324             -28.00
04325             -24.00
04326             -24.00
04327             -24.00
04328             -24.00
04329             -24.00
04330             -24.00
04331             -24.00
04332             -24.00
04333             -20.00
04334             -20.00
04335             -20.00
04336             -16.00
04337             -20.00
04338             -16.00
04339             -16.00
04340             -16.00
04341             -12.00
04342             -16.00
04343              -8.00
04344             -12.00
04345              -8.00
04346             -12.00
04347              -8.00
04348              -8.00
04349              -8.00
04350             -16.00
04351             -16.00
04352             -16.00
04353             -20.00
04354             -20.00
04355             -20.00
04356             -24.00
04357             -28.00
04358             -28.00
04359             -24.00
04360             -28.00
04361             -28.00
04362             -28.00
04363             -28.00
04364             -32.00
04365             -32.00
04366             -32.00
04367             -28.00
04368             -32.00
04369             -32.00
04370             -32.00
04371             -32.00
04372             -28.00
04373             -28.00
04374             -32.00
04375             -32.00
04376             -36.00
04377             -32.00
04378             -32.00
04379             -36.00
04380             -32.00
04381             -32.00
04382             -32.00
04383             -32.00
04384             -32.00
04385             -32.00
04386             -32.00
04387             -32.00
04388             -32.00
04389             -28.00
04390             -28.00
04391             -32.00
04392             -32.00
04393             -32.00
04394             -32.00
04395             -32.00
04396             -32.00
04397             -28.00
04398             -32.00
04399             -28.00
04400             -32.00
04401             -28.00
04402             -28.00
04403             -32.00
04404             -28.00
04405             -32.00
04406             -32.00
04407             -32.00
04408             -32.00
04409             -32.00
04410             -28.00
04411             -28.00
04412             -28.00
04413             -32.00
04414             -28.00
04415             -28.00
04416             -28.00
04417             -28.00
04418             -28.00
04419             -28.00
04420             -32.00
04421             -28.00
04422             -28.00
04423             -32.00
04424             -28.00
04425             -28.00
04426             -28.00
04427             -28.00
04428             -28.00
04429             -32.00
04430             -32.00
04431             -28.00
04432             -28.00
04433             -28.00
04434             -28.00
04435             -28.00
04436             -28.00
04437             -28.00
04438             -28.00
04439             -28.00
04440             -28.00
04441             -28.00
04442             -28.00
04443             -28.00
04444             -28.00
04445             -28.00
04446             -28.00
04447             -28.00
04448             -28.00
04449             -28.00
04450             -28.00
04451             -28.00
04452             -28.00
04453             -24.00
04454             -28.00
04455             -28.00
04456             -28.00
04457             -28.00
04458             -28.00
04459             -24.00
04460             -28.00
04461             -28.00
04462             -28.00
04463             -28.00
04464             -28.00
04465             -24.00
04466             -28.00
04467             -28.00
04468             -28.00
04469             -28.00
04470             -24.00
04471             -28.00
04472             -28.00
04473             -24.00
04474             -24.00
04475             -24.00
04476             -28.00
04477             -24.00
04478             -24.00
04479             -24.00
04480             -24.00
04481             -24.00
04482             -28.00
04483             -24.00
04484             -28.00
04485             -24.00
04486             -28.00
04487             -24.00
04488             -24.00
04489             -24.00
04490             -24.00
04491             -24.00
04492             -24.00
04493             -24.00
04494             -24.00
04495             -20.00
04496             -20.00
04497             -24.00
04498             -20.00
04499             -24.00
04500             -24.00
04501             -24.00
04502             -24.00
04503             -24.00
04504             -20.00
04505             -24.00
04506             -24.00
04507             -20.00
04508             -24.00
04509             -16.00
04510              88.00
04511             152.00
04512             188.00
04513             212.00
04514             228.00
04515             240.00
04516             248.00
04517             248.00
04518             252.00
04519             256.00
04520             260.00
04521             260.00
04522             256.00
04523             260.00
04524             260.00
04525             256.00
04526             256.00
04527             260.00
04528             260.00
04529             260.00
04530             260.00
04531             260.00
04532             260.00
04533             260.00
04534             220.00
04535             -28.00
04536             -32.00
04537             -28.00
04538             -28.00
04539             -32.00
04540             -32.00
04541             -28.00
04542             -28.00
04543             -28.00
04544             -28.00
04545             -28.00
04546             -28.00
04547             -28.00
04548             -28.00
04549             -28.00
04550             -32.00
04551             -28.00
04552             -28.00
04553             -32.00
04554             -28.00
04555             -24.00
04556             -28.00
04557             -28.00
04558             -28.00
04559             -32.00
04560             -28.00
04561             -28.00
04562             -28.00
04563             -28.00
04564             -28.00
04565             -28.00
04566             -28.00
04567             -24.00
04568             -28.00
04569             -28.00
04570             -28.00
04571             -28.00
04572             -28.00
04573             -24.00
04574             -24.00
04575             -28.00
04576             -24.00
04577             -24.00
04578             -24.00
04579             -28.00
04580             -28.00
04581             -24.00
04582             -20.00
04583             -20.00
04584             -20.00
04585             -20.00
04586             -20.00
04587             -16.00
04588             -16.00
04589             -16.00
04590             -12.00
04591             -12.00
04592             -12.00
04593             -12.00
04594             -12.00
04595              -8.00
04596              -8.00
04597              -8.00
04598             -12.00
04599             -12.00
04600             -16.00
04601             -12.00
04602             -12.00
04603             -20.00
04604             -20.00
04605             -20.00
04606             -24.00
04607             -24.00
04608             -28.00
04609             -28.00
04610             -28.00
04611             -28.00
04612             -28.00
04613             -28.00
04614             -28.00
04615             -28.00
04616             -28.00
04617             -32.00
04618             -32.00
04619             -32.00
04620             -32.00
04621             -32.00
04622             -36.00
04623             -32.00
04624             -32.00
04625             -32.00
04626             -28.00
04627             -28.00
04628             -32.00
04629             -32.00
04630             -28.00
04631             -32.00
04632             -32.00
04633             -36.00
04634             -32.00
04635             -32.00
04636             -36.00
04637             -28.00
04638             -32.00
04639             -32.00
04640             -32.00
04641             -32.00
04642             -36.00
04643             -32.00
04644             -36.00
04645             -28.00
04646             -32.00
04647             -28.00
04648             -32.00
04649             -32.00
04650             -32.00
04651             -32.00
04652             -32.00
04653             -28.00
04654             -32.00
04655             -32.00
04656             -32.00
04657             -28.00
04658             -28.00
04659             -28.00
04660             -36.00
04661             -32.00
04662             -32.00
04663             -32.00
04664             -28.00
04665             -32.00
04666             -28.00
04667             -28.00
04668             -28.00
04669             -28.00
04670             -28.00
04671             -32.00
04672             -32.00
04673             -28.00
04674             -28.00
04675             -32.00
04676             -28.00
04677             -28.00
04678             -28.00
04679             -28.00
04680             -32.00
04681             -28.00
04682             -32.00
04683             -32.00
04684             -28.00
04685             -28.00
04686             -28.00
04687             -28.00
04688             -28.00
04689             -28.00
04690             -28.00
04691             -28.00
04692             -28.00
04693             -28.00
04694             -24.00
04695             -28.00
04696             -28.00
04697             -28.00
04698             -28.00
04699             -28.00
04700             -28.00
04701             -28.00
04702             -28.00
04703             -24.00
04704             -28.00
04705             -28.00
04706             -28.00
04707             -28.00
04708             -24.00
04709             -28.00
04710             -28.00
04711             -24.00
04712             -28.00
04713             -28.00
04714             -28.00
04715             -28.00
04716             -28.00
04717             -28.00
04718             -24.00
04719             -24.00
04720             -28.00
04721             -24.00
04722             -28.00
04723             -28.00
04724             -24.00
04725             -24.00
04726             -24.00
04727             -28.00
04728             -24.00
04729             -28.00
04730             -24.00
04731             -24.00
04732             -28.00
04733             -24.00
04734             -24.00
04735             -28.00
04736             -28.00
04737             -28.00
04738             -24.00
04739             -24.00
04740             -24.00
04741             -28.00
04742             -24.00
04743             -24.00
04744             -20.00
04745             -24.00
04746             -24.00
04747             -24.00
04748             -20.00
04749             -20.00
04750             -20.00
04751             -24.00
04752             -24.00
04753             -20.00
04754             -24.00
04755             -24.00
04756             -24.00
04757             -24.00
04758             -24.00
04759             -16.00
04760              92.00
04761             152.00
04762             184.00
04763             216.00
04764             228.00
04765             240.00
04766             244.00
04767             252.00
04768             256.00
04769             256.00
04770             256.00
04771             260.00
04772             260.00
04773             260.00
04774             260.00
04775             260.00
04776             260.00
04777             260.00
04778             260.00
04779             260.00
04780             256.00
04781             260.00
04782             260.00
04783             256.00
04784             228.00
04785             -28.00
04786             -28.00
04787             -32.00
04788             -28.00
04789             -28.00
04790             -28.00
04791             -28.00
04792             -28.00
04793             -28.00
04794             -28.00
04795             -32.00
04796             -28.00
04797             -32.00
04798             -28.00
04799             -28.00
04800             -24.00
04801             -28.00
04802             -28.00
04803             -32.00
04804             -28.00
04805             -28.00
04806             -28.00
04807             -28.00
04808             -28.00
04809             -28.00
04810             -28.00
04811             -32.00
04812             -28.00
04813             -28.00
04814             -28.00
04815             -24.00
04816             -28.00
04817             -28.00
04818             -28.00
04819             -28.00
04820             -28.00
04821             -24.00
04822             -28.00
04823             -24.00
04824             -24.00
04825             -24.00
04826             -24.00
04827             -24.00
04828             -24.00
04829             -24.00
04830             -28.00
04831             -24.00
04832             -20.00
04833             -20.00
04834             -20.00
04835             -16.00
04836             -16.00
04837             -20.00
04838             -12.00
04839             -16.00
04840             -12.00
04841             -16.00
04842              -8.00
04843             -12.00
04844             -12.00
04845              -8.00
04846             -12.00
04847              -8.00
04848             -12.00
04849              -8.00
04850             -16.00
04851             -16.00
04852             -16.00
04853             -12.00
04854             -20.00
04855             -24.00
04856             -24.00
04857             -24.00
04858             -24.00
04859             -24.00
04860             -24.00
04861             -28.00
04862             -28.00
04863             -28.00
04864             -32.00
04865             -32.00
04866             -28.00
04867             -28.00
04868             -32.00
04869             -32.00
04870             -32.00
04871             -32.00
04872             -28.00
04873             -32.00
04874             -28.00
04875             -36.00
04876             -28.00
04877             -36.00
04878             -28.00
04879             -32.00
04880             -32.00
04881             -32.00
04882             -36.00
04883             -32.00
04884             -36.00
04885             -32.00
04886             -32.00
04887             -32.00
04888             -36.00
04889             -32.00
04890             -36.00
04891             -32.00
04892             -32.00
04893             -36.00
04894             -32.00
04895             -28.00
04896             -28.00
04897             -24.00
04898             -28.00
04899             -32.00
04900             -36.00
04901             -32.00
04902             -28.00
04903             -32.00
04904             -28.00
04905             -32.00
04906             -28.00
04907             -32.00
04908             -36.00
04909             -28.00
04910             -32.00
04911             -28.00
04912             -32.00
04913             -28.00
04914             -28.00
04915             -32.00
04916             -28.00
04917             -28.00
04918             -32.00
04919             -32.00
04920             -28.00
04921             -28.00
04922             -28.00
04923             -32.00
04924             -32.00
04925             -28.00
04926             -28.00
04927             -32.00
04928             -28.00
04929             -24.00
04930             -28.00
04931             -32.00
04932             -28.00
04933             -32.00
04934             -32.00
04935             -28.00
04936             -28.00
04937             -28.00
04938             -28.00
04939             -28.00
04940             -32.00
04941             -28.00
04942             -28.00
04943             -32.00
04944             -28.00
04945             -28.00
04946             -32.00
04947             -28.00
04948             -28.00
04949             -24.00
04950             -28.00
04951             -28.00
04952             -28.00
04953             -28.00
04954             -28.00
04955             -28.00
04956             -24.00
04957             -28.00
04958             -28.00
04959             -28.00
04960             -28.00
04961             -28.00
04962             -28.00
04963             -32.00
04964             -24.00
04965             -28.00
04966             -28.00
04967             -28.00
04968             -28.00
04969             -28.00
04970             -28.00
04971             -28.00
04972             -24.00
04973             -28.00
04974             -28.00
04975             -24.00
04976             -24.00
04977             -24.00
04978             -28.00
04979             -24.00
04980             -24.00
04981             -28.00
04982             -28.00
04983             -24.00
04984             -24.00
04985             -24.00
04986             -24.00
04987             -24.00
04988             -24.00
04989             -28.00
04990             -24.00
04991             -24.00
04992             -24.00
04993             -24.00
04994             -24.00
04995             -24.00
04996             -24.00
04997             -24.00
04998             -24.00
04999             -24.00
05000             -24.00
