Unit:(mV)
Frequency     999.987 Hz
Period          1.000 ms
00001             -22.00
00002             -24.00
00003             -24.00
00004             -22.00
00005             -24.00
00006             -26.00
00007             -24.00
00008             -24.00
00009             -22.00
00010               0.00
00011              28.00
00012              50.00
00013              72.00
00014              94.00
00015             106.00
00016             122.00
00017             136.00
00018             148.00
00019             158.00
00020             172.00
00021             180.00
00022             188.00
00023             194.00
00024             200.00
00025             208.00
00026             214.00
00027             218.00
00028             224.00
00029             228.00
00030             234.00
00031             234.00
00032             240.00
00033             242.00
00034             244.00
00035             122.00
00036              38.00
00037               4.00
00038              -8.00
00039             -12.00
00040             -16.00
00041             -14.00
00042             -14.00
00043             -14.00
00044             -14.00
00045             -14.00
00046             -16.00
00047             -16.00
00048             -20.00
00049             -14.00
00050             -18.00
00051             -18.00
00052             -14.00
00053             -18.00
00054             -14.00
00055             -14.00
00056             -16.00
00057             -16.00
00058             -16.00
00059             -18.00
00060             -18.00
00061             -20.00
00062             -16.00
00063             -14.00
00064             -18.00
00065             -18.00
00066             -16.00
00067             -18.00
00068             -16.00
00069             -18.00
00070             -16.00
00071             -16.00
00072             -18.00
00073             -18.00
00074             -18.00
00075             -14.00
00076             -16.00
00077             -18.00
00078             -18.00
00079             -18.00
00080             -18.00
00081             -18.00
00082             -18.00
00083             -16.00
00084             -20.00
00085             -18.00
00086             -20.00
00087             -20.00
00088             -18.00
00089             -18.00
00090             -20.00
00091             -20.00
00092             -18.00
00093             -20.00
00094             -18.00
00095             -20.00
00096             -16.00
00097             -20.00
00098             -22.00
00099             -20.00
00100             -20.00
00101             -20.00
00102             -20.00
00103             -20.00
00104             -20.00
00105             -22.00
00106             -20.00
00107             -20.00
00108             -20.00
00109             -20.00
00110             -22.00
00111             -18.00
00112             -20.00
00113             -20.00
00114             -20.00
00115             -18.00
00116             -22.00
00117             -22.00
00118             -22.00
00119             -20.00
00120             -20.00
00121             -20.00
00122             -20.00
00123             -18.00
00124             -20.00
00125             -22.00
00126             -22.00
00127             -22.00
00128             -22.00
00129             -22.00
00130             -20.00
00131             -22.00
00132             -20.00
00133             -20.00
00134             -24.00
00135             -22.00
00136             -22.00
00137             -22.00
00138             -20.00
00139             -24.00
00140             -20.00
00141             -22.00
00142             -20.00
00143             -24.00
00144             -22.00
00145             -20.00
00146             -20.00
00147             -24.00
00148             -22.00
00149             -22.00
00150             -22.00
00151             -24.00
00152             -22.00
00153             -24.00
00154             -20.00
00155             -20.00
00156             -20.00
00157             -24.00
00158             -24.00
00159             -20.00
00160             -22.00
00161             -22.00
00162             -22.00
00163             -22.00
00164             -20.00
00165             -22.00
00166             -22.00
00167             -20.00
00168             -22.00
00169             -24.00
00170             -24.00
00171             -22.00
00172             -22.00
00173             -24.00
00174             -24.00
00175             -24.00
00176             -22.00
00177             -24.00
00178             -20.00
00179             -22.00
00180             -20.00
00181             -22.00
00182             -22.00
00183             -24.00
00184             -20.00
00185             -22.00
00186             -20.00
00187             -22.00
00188             -24.00
00189             -24.00
00190             -24.00
00191             -24.00
00192             -24.00
00193             -24.00
00194             -22.00
00195             -22.00
00196             -26.00
00197             -24.00
00198             -24.00
00199             -22.00
00200             -24.00
00201             -24.00
00202             -22.00
00203             -24.00
00204             -22.00
00205             -22.00
00206             -22.00
00207             -26.00
00208             -24.00
00209             -24.00
00210             -22.00
00211             -22.00
00212             -26.00
00213             -24.00
00214             -22.00
00215             -24.00
00216             -24.00
00217             -22.00
00218             -24.00
00219             -24.00
00220             -24.00
00221             -24.00
00222             -24.00
00223             -26.00
00224             -22.00
00225             -24.00
00226             -26.00
00227             -24.00
00228             -24.00
00229             -24.00
00230             -26.00
00231             -24.00
00232             -28.00
00233             -24.00
00234             -22.00
00235             -22.00
00236             -24.00
00237             -24.00
00238             -22.00
00239             -24.00
00240             -22.00
00241             -20.00
00242             -24.00
00243             -24.00
00244             -22.00
00245             -24.00
00246             -24.00
00247             -24.00
00248             -22.00
00249             -22.00
00250             -22.00
00251             -24.00
00252             -24.00
00253             -24.00
00254             -26.00
00255             -24.00
00256             -24.00
00257             -24.00
00258             -24.00
00259             -22.00
00260               0.00
00261              28.00
00262              50.00
00263              72.00
00264              90.00
00265             108.00
00266             124.00
00267             136.00
00268             148.00
00269             160.00
00270             168.00
00271             180.00
00272             186.00
00273             194.00
00274             202.00
00275             206.00
00276             212.00
00277             220.00
00278             224.00
00279             226.00
00280             232.00
00281             236.00
00282             238.00
00283             242.00
00284             244.00
00285             124.00
00286              38.00
00287               4.00
00288              -8.00
00289             -12.00
00290             -14.00
00291             -12.00
00292             -14.00
00293             -16.00
00294             -16.00
00295             -18.00
00296             -12.00
00297             -14.00
00298             -14.00
00299             -16.00
00300             -16.00
00301             -16.00
00302             -14.00
00303             -16.00
00304             -16.00
00305             -14.00
00306             -14.00
00307             -14.00
00308             -16.00
00309             -16.00
00310             -18.00
00311             -16.00
00312             -18.00
00313             -16.00
00314             -16.00
00315             -16.00
00316             -18.00
00317             -16.00
00318             -18.00
00319             -20.00
00320             -16.00
00321             -20.00
00322             -16.00
00323             -14.00
00324             -20.00
00325             -16.00
00326             -16.00
00327             -18.00
00328             -18.00
00329             -20.00
00330             -20.00
00331             -18.00
00332             -20.00
00333             -20.00
00334             -18.00
00335             -18.00
00336             -18.00
00337             -14.00
00338             -20.00
00339             -18.00
00340             -18.00
00341             -18.00
00342             -16.00
00343             -20.00
00344             -20.00
00345             -20.00
00346             -18.00
00347             -18.00
00348             -18.00
00349             -18.00
00350             -18.00
00351             -18.00
00352             -20.00
00353             -18.00
00354             -18.00
00355             -20.00
00356             -20.00
00357             -20.00
00358             -18.00
00359             -20.00
00360             -20.00
00361             -20.00
00362             -18.00
00363             -20.00
00364             -20.00
00365             -20.00
00366             -20.00
00367             -20.00
00368             -18.00
00369             -22.00
00370             -20.00
00371             -18.00
00372             -22.00
00373             -20.00
00374             -20.00
00375             -22.00
00376             -20.00
00377             -20.00
00378             -20.00
00379             -22.00
00380             -22.00
00381             -20.00
00382             -20.00
00383             -20.00
00384             -20.00
00385             -22.00
00386             -20.00
00387             -22.00
00388             -22.00
00389             -20.00
00390             -22.00
00391             -22.00
00392             -20.00
00393             -20.00
00394             -22.00
00395             -22.00
00396             -20.00
00397             -22.00
00398             -20.00
00399             -22.00
00400             -20.00
00401             -24.00
00402             -22.00
00403             -22.00
00404             -20.00
00405             -22.00
00406             -20.00
00407             -22.00
00408             -24.00
00409             -22.00
00410             -24.00
00411             -20.00
00412             -22.00
00413             -22.00
00414             -22.00
00415             -22.00
00416             -22.00
00417             -22.00
00418             -22.00
00419             -20.00
00420             -24.00
00421             -20.00
00422             -22.00
00423             -22.00
00424             -22.00
00425             -22.00
00426             -22.00
00427             -24.00
00428             -22.00
00429             -22.00
00430             -24.00
00431             -22.00
00432             -24.00
00433             -22.00
00434             -22.00
00435             -22.00
00436             -22.00
00437             -24.00
00438             -22.00
00439             -22.00
00440             -24.00
00441             -24.00
00442             -24.00
00443             -24.00
00444             -22.00
00445             -24.00
00446             -24.00
00447             -22.00
00448             -24.00
00449             -24.00
00450             -22.00
00451             -26.00
00452             -24.00
00453             -24.00
00454             -20.00
00455             -22.00
00456             -22.00
00457             -22.00
00458             -22.00
00459             -24.00
00460             -22.00
00461             -24.00
00462             -22.00
00463             -24.00
00464             -24.00
00465             -24.00
00466             -24.00
00467             -22.00
00468             -24.00
00469             -24.00
00470             -22.00
00471             -22.00
00472             -22.00
00473             -22.00
00474             -22.00
00475             -24.00
00476             -24.00
00477             -22.00
00478             -24.00
00479             -22.00
00480             -24.00
00481             -22.00
00482             -22.00
00483             -24.00
00484             -22.00
00485             -22.00
00486             -22.00
00487             -24.00
00488             -24.00
00489             -26.00
00490             -24.00
00491             -24.00
00492             -22.00
00493             -24.00
00494             -24.00
00495             -22.00
00496             -26.00
00497             -26.00
00498             -22.00
00499             -22.00
00500             -22.00
00501             -24.00
00502             -24.00
00503             -22.00
00504             -24.00
00505             -24.00
00506             -22.00
00507             -22.00
00508             -24.00
00509             -24.00
00510               0.00
00511              26.00
00512              50.00
00513              72.00
00514              92.00
00515             106.00
00516             124.00
00517             136.00
00518             148.00
00519             160.00
00520             172.00
00521             178.00
00522             186.00
00523             194.00
00524             200.00
00525             208.00
00526             212.00
00527             218.00
00528             222.00
00529             228.00
00530             234.00
00531             234.00
00532             238.00
00533             242.00
00534             242.00
00535             124.00
00536              36.00
00537               4.00
00538              -8.00
00539             -12.00
00540             -14.00
00541             -14.00
00542             -16.00
00543             -18.00
00544             -14.00
00545             -12.00
00546             -14.00
00547             -14.00
00548             -16.00
00549             -16.00
00550             -14.00
00551             -16.00
00552             -16.00
00553             -16.00
00554             -14.00
00555             -16.00
00556             -16.00
00557             -14.00
00558             -18.00
00559             -16.00
00560             -20.00
00561             -16.00
00562             -18.00
00563             -18.00
00564             -16.00
00565             -18.00
00566             -14.00
00567             -18.00
00568             -18.00
00569             -14.00
00570             -18.00
00571             -18.00
00572             -20.00
00573             -16.00
00574             -18.00
00575             -18.00
00576             -18.00
00577             -18.00
00578             -14.00
00579             -18.00
00580             -16.00
00581             -18.00
00582             -20.00
00583             -18.00
00584             -18.00
00585             -18.00
00586             -20.00
00587             -18.00
00588             -20.00
00589             -16.00
00590             -18.00
00591             -18.00
00592             -18.00
00593             -16.00
00594             -18.00
00595             -20.00
00596             -18.00
00597             -20.00
00598             -18.00
00599             -18.00
00600             -20.00
00601             -20.00
00602             -18.00
00603             -20.00
00604             -20.00
00605             -18.00
00606             -20.00
00607             -20.00
00608             -20.00
00609             -18.00
00610             -20.00
00611             -20.00
00612             -20.00
00613             -20.00
00614             -22.00
00615             -20.00
00616             -20.00
00617             -20.00
00618             -18.00
00619             -20.00
00620             -20.00
00621             -22.00
00622             -22.00
00623             -20.00
00624             -20.00
00625             -20.00
00626             -22.00
00627             -22.00
00628             -20.00
00629             -20.00
00630             -20.00
00631             -22.00
00632             -22.00
00633             -20.00
00634             -20.00
00635             -22.00
00636             -20.00
00637             -22.00
00638             -22.00
00639             -22.00
00640             -20.00
00641             -20.00
00642             -22.00
00643             -20.00
00644             -20.00
00645             -22.00
00646             -22.00
00647             -24.00
00648             -20.00
00649             -22.00
00650             -20.00
00651             -22.00
00652             -20.00
00653             -22.00
00654             -22.00
00655             -22.00
00656             -20.00
00657             -22.00
00658             -22.00
00659             -20.00
00660             -22.00
00661             -22.00
00662             -22.00
00663             -22.00
00664             -22.00
00665             -20.00
00666             -22.00
00667             -20.00
00668             -24.00
00669             -22.00
00670             -22.00
00671             -26.00
00672             -24.00
00673             -22.00
00674             -22.00
00675             -24.00
00676             -22.00
00677             -22.00
00678             -24.00
00679             -24.00
00680             -22.00
00681             -22.00
00682             -22.00
00683             -24.00
00684             -22.00
00685             -24.00
00686             -22.00
00687             -20.00
00688             -22.00
00689             -20.00
00690             -22.00
00691             -22.00
00692             -20.00
00693             -24.00
00694             -24.00
00695             -24.00
00696             -24.00
00697             -22.00
00698             -24.00
00699             -22.00
00700             -22.00
00701             -24.00
00702             -22.00
00703             -24.00
00704             -24.00
00705             -24.00
00706             -24.00
00707             -22.00
00708             -22.00
00709             -24.00
00710             -24.00
00711             -22.00
00712             -24.00
00713             -22.00
00714             -24.00
00715             -22.00
00716             -22.00
00717             -24.00
00718             -22.00
00719             -24.00
00720             -24.00
00721             -22.00
00722             -24.00
00723             -22.00
00724             -22.00
00725             -24.00
00726             -24.00
00727             -22.00
00728             -26.00
00729             -22.00
00730             -24.00
00731             -24.00
00732             -22.00
00733             -22.00
00734             -24.00
00735             -22.00
00736             -24.00
00737             -22.00
00738             -26.00
00739             -22.00
00740             -22.00
00741             -24.00
00742             -22.00
00743             -22.00
00744             -24.00
00745             -20.00
00746             -22.00
00747             -24.00
00748             -22.00
00749             -24.00
00750             -20.00
00751             -24.00
00752             -24.00
00753             -24.00
00754             -24.00
00755             -24.00
00756             -22.00
00757             -24.00
00758             -24.00
00759             -24.00
00760               0.00
00761              28.00
00762              54.00
00763              74.00
00764              90.00
00765             104.00
00766             122.00
00767             136.00
00768             148.00
00769             160.00
00770             168.00
00771             176.00
00772             188.00
00773             194.00
00774             202.00
00775             208.00
00776             214.00
00777             220.00
00778             222.00
00779             226.00
00780             230.00
00781             234.00
00782             238.00
00783             240.00
00784             244.00
00785             128.00
00786              40.00
00787               6.00
00788              -8.00
00789             -12.00
00790             -14.00
00791             -14.00
00792             -16.00
00793             -14.00
00794             -14.00
00795             -14.00
00796             -14.00
00797             -16.00
00798             -16.00
00799             -14.00
00800             -16.00
00801             -14.00
00802             -14.00
00803             -14.00
00804             -16.00
00805             -18.00
00806             -16.00
00807             -18.00
00808             -14.00
00809             -14.00
00810             -16.00
00811             -14.00
00812             -14.00
00813             -16.00
00814             -16.00
00815             -16.00
00816             -18.00
00817             -14.00
00818             -18.00
00819             -16.00
00820             -16.00
00821             -14.00
00822             -16.00
00823             -18.00
00824             -18.00
00825             -14.00
00826             -16.00
00827             -16.00
00828             -18.00
00829             -16.00
00830             -18.00
00831             -18.00
00832             -20.00
00833             -20.00
00834             -18.00
00835             -16.00
00836             -20.00
00837             -16.00
00838             -18.00
00839             -18.00
00840             -14.00
00841             -20.00
00842             -18.00
00843             -20.00
00844             -18.00
00845             -20.00
00846             -18.00
00847             -18.00
00848             -18.00
00849             -18.00
00850             -18.00
00851             -20.00
00852             -20.00
00853             -20.00
00854             -20.00
00855             -22.00
00856             -20.00
00857             -20.00
00858             -18.00
00859             -18.00
00860             -20.00
00861             -20.00
00862             -20.00
00863             -20.00
00864             -18.00
00865             -18.00
00866             -20.00
00867             -20.00
00868             -20.00
00869             -20.00
00870             -20.00
00871             -18.00
00872             -20.00
00873             -20.00
00874             -20.00
00875             -20.00
00876             -20.00
00877             -20.00
00878             -22.00
00879             -20.00
00880             -20.00
00881             -20.00
00882             -20.00
00883             -22.00
00884             -22.00
00885             -20.00
00886             -22.00
00887             -22.00
00888             -22.00
00889             -20.00
00890             -20.00
00891             -22.00
00892             -22.00
00893             -22.00
00894             -22.00
00895             -20.00
00896             -20.00
00897             -20.00
00898             -20.00
00899             -20.00
00900             -20.00
00901             -20.00
00902             -22.00
00903             -22.00
00904             -24.00
00905             -22.00
00906             -18.00
00907             -24.00
00908             -22.00
00909             -22.00
00910             -22.00
00911             -24.00
00912             -22.00
00913             -22.00
00914             -20.00
00915             -22.00
00916             -24.00
00917             -20.00
00918             -22.00
00919             -22.00
00920             -22.00
00921             -24.00
00922             -24.00
00923             -22.00
00924             -24.00
00925             -24.00
00926             -22.00
00927             -22.00
00928             -22.00
00929             -22.00
00930             -20.00
00931             -24.00
00932             -24.00
00933             -22.00
00934             -22.00
00935             -24.00
00936             -22.00
00937             -24.00
00938             -24.00
00939             -22.00
00940             -22.00
00941             -22.00
00942             -22.00
00943             -22.00
00944             -22.00
00945             -22.00
00946             -22.00
00947             -24.00
00948             -24.00
00949             -24.00
00950             -24.00
00951             -24.00
00952             -24.00
00953             -24.00
00954             -24.00
00955             -22.00
00956             -24.00
00957             -22.00
00958             -22.00
00959             -22.00
00960             -22.00
00961             -24.00
00962             -20.00
00963             -22.00
00964             -22.00
00965             -24.00
00966             -24.00
00967             -24.00
00968             -20.00
00969             -24.00
00970             -22.00
00971             -26.00
00972             -24.00
00973             -24.00
00974             -24.00
00975             -24.00
00976             -24.00
00977             -24.00
00978             -24.00
00979             -22.00
00980             -24.00
00981             -24.00
00982             -24.00
00983             -24.00
00984             -24.00
00985             -22.00
00986             -24.00
00987             -26.00
00988             -24.00
00989             -24.00
00990             -24.00
00991             -24.00
00992             -24.00
00993             -24.00
00994             -22.00
00995             -24.00
00996             -26.00
00997             -24.00
00998             -22.00
00999             -22.00
01000             -26.00
01001             -26.00
01002             -22.00
01003             -22.00
01004             -24.00
01005             -22.00
01006             -22.00
01007             -22.00
01008             -24.00
01009             -24.00
01010              -2.00
01011              26.00
01012              50.00
01013              70.00
01014              90.00
01015             106.00
01016             124.00
01017             136.00
01018             148.00
01019             160.00
01020             170.00
01021             178.00
01022             184.00
01023             196.00
01024             202.00
01025             206.00
01026             216.00
01027             220.00
01028             222.00
01029             228.00
01030             232.00
01031             238.00
01032             240.00
01033             242.00
01034             244.00
01035             124.00
01036              38.00
01037               4.00
01038              -6.00
01039             -12.00
01040             -14.00
01041             -14.00
01042             -14.00
01043             -14.00
01044             -14.00
01045             -16.00
01046             -14.00
01047             -14.00
01048             -16.00
01049             -14.00
01050             -16.00
01051             -16.00
01052             -16.00
01053             -14.00
01054             -14.00
01055             -14.00
01056             -18.00
01057             -16.00
01058             -18.00
01059             -18.00
01060             -18.00
01061             -16.00
01062             -16.00
01063             -16.00
01064             -16.00
01065             -16.00
01066             -18.00
01067             -14.00
01068             -18.00
01069             -18.00
01070             -16.00
01071             -18.00
01072             -18.00
01073             -16.00
01074             -20.00
01075             -16.00
01076             -16.00
01077             -16.00
01078             -16.00
01079             -18.00
01080             -18.00
01081             -18.00
01082             -18.00
01083             -18.00
01084             -20.00
01085             -18.00
01086             -18.00
01087             -20.00
01088             -20.00
01089             -18.00
01090             -18.00
01091             -18.00
01092             -18.00
01093             -20.00
01094             -18.00
01095             -20.00
01096             -20.00
01097             -20.00
01098             -22.00
01099             -18.00
01100             -20.00
01101             -20.00
01102             -20.00
01103             -20.00
01104             -18.00
01105             -20.00
01106             -18.00
01107             -18.00
01108             -18.00
01109             -20.00
01110             -20.00
01111             -20.00
01112             -20.00
01113             -18.00
01114             -20.00
01115             -20.00
01116             -20.00
01117             -22.00
01118             -20.00
01119             -20.00
01120             -22.00
01121             -20.00
01122             -20.00
01123             -22.00
01124             -22.00
01125             -20.00
01126             -22.00
01127             -20.00
01128             -20.00
01129             -20.00
01130             -22.00
01131             -20.00
01132             -20.00
01133             -22.00
01134             -22.00
01135             -22.00
01136             -24.00
01137             -20.00
01138             -22.00
01139             -22.00
01140             -22.00
01141             -18.00
01142             -20.00
01143             -22.00
01144             -24.00
01145             -22.00
01146             -20.00
01147             -22.00
01148             -22.00
01149             -20.00
01150             -20.00
01151             -22.00
01152             -18.00
01153             -20.00
01154             -22.00
01155             -22.00
01156             -20.00
01157             -22.00
01158             -22.00
01159             -22.00
01160             -22.00
01161             -22.00
01162             -22.00
01163             -22.00
01164             -22.00
01165             -22.00
01166             -22.00
01167             -24.00
01168             -20.00
01169             -24.00
01170             -24.00
01171             -22.00
01172             -22.00
01173             -24.00
01174             -24.00
01175             -24.00
01176             -22.00
01177             -24.00
01178             -22.00
01179             -22.00
01180             -24.00
01181             -22.00
01182             -22.00
01183             -22.00
01184             -20.00
01185             -20.00
01186             -22.00
01187             -22.00
01188             -22.00
01189             -22.00
01190             -22.00
01191             -24.00
01192             -24.00
01193             -24.00
01194             -24.00
01195             -24.00
01196             -22.00
01197             -24.00
01198             -24.00
01199             -24.00
01200             -22.00
01201             -22.00
01202             -24.00
01203             -22.00
01204             -24.00
01205             -24.00
01206             -22.00
01207             -24.00
01208             -24.00
01209             -24.00
01210             -24.00
01211             -24.00
01212             -22.00
01213             -22.00
01214             -24.00
01215             -24.00
01216             -24.00
01217             -24.00
01218             -22.00
01219             -24.00
01220             -22.00
01221             -26.00
01222             -24.00
01223             -24.00
01224             -22.00
01225             -24.00
01226             -24.00
01227             -24.00
01228             -20.00
01229             -24.00
01230             -26.00
01231             -24.00
01232             -24.00
01233             -24.00
01234             -22.00
01235             -22.00
01236             -24.00
01237             -24.00
01238             -22.00
01239             -24.00
01240             -24.00
01241             -24.00
01242             -24.00
01243             -24.00
01244             -24.00
01245             -22.00
01246             -22.00
01247             -22.00
01248             -22.00
01249             -24.00
01250             -24.00
01251             -22.00
01252             -22.00
01253             -22.00
01254             -24.00
01255             -22.00
01256             -22.00
01257             -24.00
01258             -24.00
01259             -22.00
01260               0.00
01261              28.00
01262              48.00
01263              70.00
01264              90.00
01265             108.00
01266             124.00
01267             138.00
01268             148.00
01269             158.00
01270             170.00
01271             178.00
01272             186.00
01273             194.00
01274             200.00
01275             206.00
01276             212.00
01277             220.00
01278             224.00
01279             228.00
01280             232.00
01281             234.00
01282             236.00
01283             242.00
01284             246.00
01285             126.00
01286              40.00
01287               6.00
01288             -10.00
01289             -14.00
01290             -16.00
01291             -14.00
01292             -14.00
01293             -14.00
01294             -14.00
01295             -18.00
01296             -14.00
01297             -14.00
01298             -16.00
01299             -14.00
01300             -18.00
01301             -14.00
01302             -16.00
01303             -18.00
01304             -18.00
01305             -16.00
01306             -14.00
01307             -16.00
01308             -16.00
01309             -14.00
01310             -16.00
01311             -16.00
01312             -16.00
01313             -18.00
01314             -14.00
01315             -16.00
01316             -18.00
01317             -18.00
01318             -18.00
01319             -16.00
01320             -18.00
01321             -16.00
01322             -14.00
01323             -18.00
01324             -18.00
01325             -18.00
01326             -18.00
01327             -18.00
01328             -18.00
01329             -18.00
01330             -16.00
01331             -18.00
01332             -16.00
01333             -18.00
01334             -16.00
01335             -16.00
01336             -16.00
01337             -20.00
01338             -18.00
01339             -18.00
01340             -20.00
01341             -18.00
01342             -16.00
01343             -18.00
01344             -20.00
01345             -20.00
01346             -20.00
01347             -20.00
01348             -18.00
01349             -18.00
01350             -18.00
01351             -18.00
01352             -20.00
01353             -18.00
01354             -20.00
01355             -20.00
01356             -18.00
01357             -18.00
01358             -20.00
01359             -20.00
01360             -18.00
01361             -20.00
01362             -20.00
01363             -20.00
01364             -20.00
01365             -22.00
01366             -20.00
01367             -22.00
01368             -20.00
01369             -18.00
01370             -20.00
01371             -20.00
01372             -20.00
01373             -20.00
01374             -22.00
01375             -22.00
01376             -20.00
01377             -20.00
01378             -20.00
01379             -20.00
01380             -20.00
01381             -22.00
01382             -24.00
01383             -20.00
01384             -20.00
01385             -22.00
01386             -22.00
01387             -20.00
01388             -20.00
01389             -20.00
01390             -20.00
01391             -22.00
01392             -22.00
01393             -22.00
01394             -20.00
01395             -20.00
01396             -20.00
01397             -20.00
01398             -20.00
01399             -22.00
01400             -22.00
01401             -22.00
01402             -22.00
01403             -22.00
01404             -22.00
01405             -22.00
01406             -20.00
01407             -22.00
01408             -20.00
01409             -22.00
01410             -24.00
01411             -24.00
01412             -22.00
01413             -20.00
01414             -24.00
01415             -20.00
01416             -22.00
01417             -22.00
01418             -24.00
01419             -22.00
01420             -24.00
01421             -22.00
01422             -22.00
01423             -22.00
01424             -22.00
01425             -24.00
01426             -22.00
01427             -22.00
01428             -22.00
01429             -22.00
01430             -22.00
01431             -22.00
01432             -22.00
01433             -22.00
01434             -22.00
01435             -22.00
01436             -24.00
01437             -22.00
01438             -22.00
01439             -24.00
01440             -24.00
01441             -24.00
01442             -24.00
01443             -24.00
01444             -26.00
01445             -24.00
01446             -24.00
01447             -24.00
01448             -24.00
01449             -24.00
01450             -22.00
01451             -24.00
01452             -24.00
01453             -24.00
01454             -22.00
01455             -22.00
01456             -22.00
01457             -22.00
01458             -22.00
01459             -22.00
01460             -24.00
01461             -24.00
01462             -24.00
01463             -24.00
01464             -24.00
01465             -24.00
01466             -24.00
01467             -22.00
01468             -22.00
01469             -26.00
01470             -24.00
01471             -24.00
01472             -24.00
01473             -22.00
01474             -24.00
01475             -24.00
01476             -24.00
01477             -24.00
01478             -22.00
01479             -24.00
01480             -20.00
01481             -22.00
01482             -22.00
01483             -22.00
01484             -24.00
01485             -24.00
01486             -22.00
01487             -22.00
01488             -24.00
01489             -22.00
01490             -24.00
01491             -24.00
01492             -24.00
01493             -22.00
01494             -24.00
01495             -24.00
01496             -24.00
01497             -22.00
01498             -24.00
01499             -22.00
01500             -24.00
01501             -22.00
01502             -24.00
01503             -24.00
01504             -24.00
01505             -22.00
01506             -22.00
01507             -24.00
01508             -24.00
01509             -22.00
01510              -2.00
01511              26.00
01512              50.00
01513              72.00
01514              92.00
01515             108.00
01516             122.00
01517             138.00
01518             150.00
01519             160.00
01520             170.00
01521             180.00
01522             188.00
01523             192.00
01524             200.00
01525             206.00
01526             214.00
01527             218.00
01528             224.00
01529             228.00
01530             230.00
01531             238.00
01532             238.00
01533             240.00
01534             244.00
01535             130.00
01536              38.00
01537               6.00
01538              -8.00
01539             -12.00
01540             -14.00
01541             -14.00
01542             -16.00
01543             -14.00
01544             -14.00
01545             -14.00
01546             -16.00
01547             -16.00
01548             -16.00
01549             -16.00
01550             -16.00
01551             -16.00
01552             -18.00
01553             -14.00
01554             -14.00
01555             -18.00
01556             -14.00
01557             -14.00
01558             -18.00
01559             -16.00
01560             -16.00
01561             -16.00
01562             -14.00
01563             -16.00
01564             -16.00
01565             -18.00
01566             -14.00
01567             -16.00
01568             -20.00
01569             -16.00
01570             -14.00
01571             -14.00
01572             -16.00
01573             -18.00
01574             -18.00
01575             -14.00
01576             -14.00
01577             -20.00
01578             -18.00
01579             -18.00
01580             -18.00
01581             -18.00
01582             -20.00
01583             -18.00
01584             -18.00
01585             -18.00
01586             -18.00
01587             -18.00
01588             -18.00
01589             -16.00
01590             -20.00
01591             -20.00
01592             -20.00
01593             -16.00
01594             -18.00
01595             -20.00
01596             -18.00
01597             -20.00
01598             -18.00
01599             -18.00
01600             -16.00
01601             -20.00
01602             -20.00
01603             -18.00
01604             -18.00
01605             -20.00
01606             -20.00
01607             -20.00
01608             -18.00
01609             -20.00
01610             -20.00
01611             -20.00
01612             -20.00
01613             -20.00
01614             -18.00
01615             -20.00
01616             -20.00
01617             -18.00
01618             -20.00
01619             -20.00
01620             -20.00
01621             -20.00
01622             -20.00
01623             -22.00
01624             -22.00
01625             -22.00
01626             -22.00
01627             -20.00
01628             -20.00
01629             -22.00
01630             -22.00
01631             -22.00
01632             -22.00
01633             -20.00
01634             -22.00
01635             -20.00
01636             -22.00
01637             -22.00
01638             -20.00
01639             -22.00
01640             -20.00
01641             -20.00
01642             -20.00
01643             -22.00
01644             -20.00
01645             -22.00
01646             -24.00
01647             -22.00
01648             -20.00
01649             -20.00
01650             -20.00
01651             -22.00
01652             -20.00
01653             -24.00
01654             -22.00
01655             -22.00
01656             -20.00
01657             -22.00
01658             -22.00
01659             -22.00
01660             -22.00
01661             -22.00
01662             -24.00
01663             -22.00
01664             -22.00
01665             -26.00
01666             -24.00
01667             -24.00
01668             -22.00
01669             -22.00
01670             -22.00
01671             -22.00
01672             -24.00
01673             -24.00
01674             -22.00
01675             -24.00
01676             -20.00
01677             -22.00
01678             -22.00
01679             -22.00
01680             -24.00
01681             -22.00
01682             -22.00
01683             -20.00
01684             -24.00
01685             -22.00
01686             -24.00
01687             -22.00
01688             -22.00
01689             -26.00
01690             -22.00
01691             -22.00
01692             -22.00
01693             -24.00
01694             -24.00
01695             -22.00
01696             -24.00
01697             -24.00
01698             -22.00
01699             -22.00
01700             -22.00
01701             -22.00
01702             -24.00
01703             -22.00
01704             -24.00
01705             -22.00
01706             -24.00
01707             -22.00
01708             -24.00
01709             -24.00
01710             -24.00
01711             -24.00
01712             -22.00
01713             -22.00
01714             -22.00
01715             -24.00
01716             -20.00
01717             -22.00
01718             -22.00
01719             -22.00
01720             -24.00
01721             -24.00
01722             -22.00
01723             -22.00
01724             -22.00
01725             -24.00
01726             -24.00
01727             -24.00
01728             -24.00
01729             -24.00
01730             -24.00
01731             -26.00
01732             -24.00
01733             -24.00
01734             -24.00
01735             -22.00
01736             -24.00
01737             -24.00
01738             -24.00
01739             -22.00
01740             -24.00
01741             -24.00
01742             -26.00
01743             -24.00
01744             -26.00
01745             -22.00
01746             -24.00
01747             -24.00
01748             -22.00
01749             -22.00
01750             -22.00
01751             -22.00
01752             -24.00
01753             -24.00
01754             -22.00
01755             -22.00
01756             -24.00
01757             -22.00
01758             -22.00
01759             -22.00
01760               0.00
01761              28.00
01762              50.00
01763              72.00
01764              92.00
01765             106.00
01766             122.00
01767             136.00
01768             148.00
01769             160.00
01770             170.00
01771             178.00
01772             188.00
01773             194.00
01774             200.00
01775             208.00
01776             214.00
01777             216.00
01778             222.00
01779             228.00
01780             230.00
01781             236.00
01782             238.00
01783             242.00
01784             246.00
01785             128.00
01786              38.00
01787               4.00
01788              -8.00
01789             -16.00
01790             -16.00
01791             -16.00
01792             -16.00
01793             -18.00
01794             -14.00
01795             -16.00
01796             -16.00
01797             -14.00
01798             -16.00
01799             -14.00
01800             -16.00
01801             -16.00
01802             -14.00
01803             -16.00
01804             -14.00
01805             -16.00
01806             -14.00
01807             -18.00
01808             -18.00
01809             -16.00
01810             -14.00
01811             -18.00
01812             -18.00
01813             -18.00
01814             -16.00
01815             -16.00
01816             -16.00
01817             -18.00
01818             -16.00
01819             -18.00
01820             -16.00
01821             -16.00
01822             -16.00
01823             -14.00
01824             -16.00
01825             -18.00
01826             -18.00
01827             -18.00
01828             -16.00
01829             -20.00
01830             -20.00
01831             -18.00
01832             -18.00
01833             -18.00
01834             -20.00
01835             -20.00
01836             -16.00
01837             -18.00
01838             -18.00
01839             -20.00
01840             -20.00
01841             -18.00
01842             -20.00
01843             -16.00
01844             -18.00
01845             -18.00
01846             -18.00
01847             -20.00
01848             -16.00
01849             -20.00
01850             -18.00
01851             -18.00
01852             -20.00
01853             -18.00
01854             -20.00
01855             -18.00
01856             -20.00
01857             -18.00
01858             -18.00
01859             -20.00
01860             -20.00
01861             -20.00
01862             -20.00
01863             -20.00
01864             -18.00
01865             -22.00
01866             -20.00
01867             -20.00
01868             -20.00
01869             -20.00
01870             -20.00
01871             -20.00
01872             -22.00
01873             -22.00
01874             -20.00
01875             -22.00
01876             -20.00
01877             -20.00
01878             -20.00
01879             -22.00
01880             -20.00
01881             -22.00
01882             -20.00
01883             -22.00
01884             -20.00
01885             -22.00
01886             -24.00
01887             -20.00
01888             -22.00
01889             -20.00
01890             -22.00
01891             -22.00
01892             -20.00
01893             -22.00
01894             -22.00
01895             -20.00
01896             -20.00
01897             -22.00
01898             -20.00
01899             -20.00
01900             -22.00
01901             -22.00
01902             -24.00
01903             -20.00
01904             -22.00
01905             -22.00
01906             -22.00
01907             -22.00
01908             -22.00
01909             -22.00
01910             -22.00
01911             -26.00
01912             -22.00
01913             -24.00
01914             -24.00
01915             -22.00
01916             -24.00
01917             -22.00
01918             -24.00
01919             -24.00
01920             -22.00
01921             -22.00
01922             -26.00
01923             -22.00
01924             -24.00
01925             -20.00
01926             -22.00
01927             -24.00
01928             -22.00
01929             -24.00
01930             -24.00
01931             -22.00
01932             -22.00
01933             -24.00
01934             -24.00
01935             -24.00
01936             -20.00
01937             -20.00
01938             -24.00
01939             -20.00
01940             -24.00
01941             -22.00
01942             -22.00
01943             -20.00
01944             -24.00
01945             -24.00
01946             -22.00
01947             -22.00
01948             -24.00
01949             -22.00
01950             -24.00
01951             -24.00
01952             -24.00
01953             -22.00
01954             -24.00
01955             -22.00
01956             -22.00
01957             -24.00
01958             -24.00
01959             -22.00
01960             -20.00
01961             -24.00
01962             -26.00
01963             -24.00
01964             -24.00
01965             -24.00
01966             -26.00
01967             -24.00
01968             -24.00
01969             -22.00
01970             -24.00
01971             -24.00
01972             -26.00
01973             -24.00
01974             -24.00
01975             -24.00
01976             -26.00
01977             -22.00
01978             -22.00
01979             -22.00
01980             -24.00
01981             -20.00
01982             -24.00
01983             -24.00
01984             -22.00
01985             -24.00
01986             -24.00
01987             -26.00
01988             -24.00
01989             -24.00
01990             -24.00
01991             -24.00
01992             -24.00
01993             -22.00
01994             -24.00
01995             -22.00
01996             -22.00
01997             -24.00
01998             -26.00
01999             -26.00
02000             -24.00
02001             -24.00
02002             -20.00
02003             -24.00
02004             -24.00
02005             -24.00
02006             -24.00
02007             -22.00
02008             -24.00
02009             -24.00
02010               0.00
02011              24.00
02012              48.00
02013              72.00
02014              90.00
02015             106.00
02016             122.00
02017             136.00
02018             148.00
02019             158.00
02020             170.00
02021             178.00
02022             186.00
02023             192.00
02024             204.00
02025             208.00
02026             210.00
02027             220.00
02028             222.00
02029             228.00
02030             230.00
02031             234.00
02032             236.00
02033             242.00
02034             244.00
02035             126.00
02036              38.00
02037               4.00
02038              -6.00
02039             -12.00
02040             -14.00
02041             -14.00
02042             -14.00
02043             -18.00
02044             -18.00
02045             -18.00
02046             -18.00
02047             -16.00
02048             -16.00
02049             -16.00
02050             -16.00
02051             -14.00
02052             -16.00
02053             -16.00
02054             -18.00
02055             -16.00
02056             -18.00
02057             -18.00
02058             -16.00
02059             -14.00
02060             -14.00
02061             -20.00
02062             -20.00
02063             -16.00
02064             -14.00
02065             -18.00
02066             -18.00
02067             -20.00
02068             -18.00
02069             -18.00
02070             -16.00
02071             -16.00
02072             -18.00
02073             -16.00
02074             -18.00
02075             -18.00
02076             -16.00
02077             -18.00
02078             -16.00
02079             -18.00
02080             -16.00
02081             -20.00
02082             -20.00
02083             -18.00
02084             -16.00
02085             -18.00
02086             -18.00
02087             -20.00
02088             -16.00
02089             -18.00
02090             -16.00
02091             -20.00
02092             -20.00
02093             -20.00
02094             -20.00
02095             -18.00
02096             -18.00
02097             -20.00
02098             -20.00
02099             -20.00
02100             -20.00
02101             -22.00
02102             -20.00
02103             -18.00
02104             -18.00
02105             -18.00
02106             -18.00
02107             -20.00
02108             -20.00
02109             -20.00
02110             -20.00
02111             -20.00
02112             -20.00
02113             -20.00
02114             -20.00
02115             -20.00
02116             -18.00
02117             -18.00
02118             -20.00
02119             -22.00
02120             -20.00
02121             -22.00
02122             -20.00
02123             -20.00
02124             -20.00
02125             -20.00
02126             -20.00
02127             -20.00
02128             -18.00
02129             -24.00
02130             -22.00
02131             -22.00
02132             -22.00
02133             -22.00
02134             -20.00
02135             -20.00
02136             -22.00
02137             -22.00
02138             -22.00
02139             -22.00
02140             -20.00
02141             -20.00
02142             -22.00
02143             -24.00
02144             -22.00
02145             -22.00
02146             -22.00
02147             -24.00
02148             -20.00
02149             -20.00
02150             -24.00
02151             -20.00
02152             -20.00
02153             -20.00
02154             -22.00
02155             -22.00
02156             -22.00
02157             -22.00
02158             -22.00
02159             -22.00
02160             -22.00
02161             -22.00
02162             -22.00
02163             -22.00
02164             -22.00
02165             -22.00
02166             -22.00
02167             -24.00
02168             -20.00
02169             -20.00
02170             -24.00
02171             -22.00
02172             -22.00
02173             -22.00
02174             -22.00
02175             -22.00
02176             -22.00
02177             -22.00
02178             -26.00
02179             -24.00
02180             -24.00
02181             -24.00
02182             -24.00
02183             -22.00
02184             -24.00
02185             -24.00
02186             -24.00
02187             -22.00
02188             -24.00
02189             -24.00
02190             -24.00
02191             -24.00
02192             -24.00
02193             -22.00
02194             -24.00
02195             -24.00
02196             -26.00
02197             -24.00
02198             -22.00
02199             -22.00
02200             -22.00
02201             -24.00
02202             -24.00
02203             -24.00
02204             -22.00
02205             -24.00
02206             -22.00
02207             -22.00
02208             -24.00
02209             -26.00
02210             -24.00
02211             -24.00
02212             -22.00
02213             -24.00
02214             -24.00
02215             -24.00
02216             -22.00
02217             -24.00
02218             -22.00
02219             -24.00
02220             -22.00
02221             -22.00
02222             -24.00
02223             -22.00
02224             -24.00
02225             -22.00
02226             -22.00
02227             -24.00
02228             -22.00
02229             -24.00
02230             -22.00
02231             -24.00
02232             -28.00
02233             -22.00
02234             -26.00
02235             -22.00
02236             -26.00
02237             -22.00
02238             -22.00
02239             -24.00
02240             -26.00
02241             -24.00
02242             -22.00
02243             -24.00
02244             -22.00
02245             -24.00
02246             -24.00
02247             -22.00
02248             -22.00
02249             -26.00
02250             -22.00
02251             -22.00
02252             -24.00
02253             -26.00
02254             -24.00
02255             -24.00
02256             -24.00
02257             -22.00
02258             -24.00
02259             -22.00
02260              -4.00
02261              24.00
02262              50.00
02263              70.00
02264              88.00
02265             108.00
02266             124.00
02267             136.00
02268             148.00
02269             158.00
02270             168.00
02271             178.00
02272             186.00
02273             194.00
02274             200.00
02275             208.00
02276             214.00
02277             218.00
02278             224.00
02279             228.00
02280             230.00
02281             236.00
02282             240.00
02283             242.00
02284             244.00
02285             130.00
02286              38.00
02287               6.00
02288              -8.00
02289             -12.00
02290             -14.00
02291             -14.00
02292             -14.00
02293             -16.00
02294             -16.00
02295             -14.00
02296             -16.00
02297             -14.00
02298             -16.00
02299             -16.00
02300             -16.00
02301             -16.00
02302             -18.00
02303             -16.00
02304             -16.00
02305             -12.00
02306             -14.00
02307             -14.00
02308             -16.00
02309             -16.00
02310             -18.00
02311             -14.00
02312             -16.00
02313             -18.00
02314             -18.00
02315             -16.00
02316             -18.00
02317             -18.00
02318             -14.00
02319             -18.00
02320             -16.00
02321             -18.00
02322             -18.00
02323             -18.00
02324             -18.00
02325             -14.00
02326             -18.00
02327             -16.00
02328             -18.00
02329             -18.00
02330             -18.00
02331             -20.00
02332             -18.00
02333             -18.00
02334             -18.00
02335             -18.00
02336             -20.00
02337             -20.00
02338             -18.00
02339             -20.00
02340             -18.00
02341             -18.00
02342             -20.00
02343             -20.00
02344             -18.00
02345             -20.00
02346             -18.00
02347             -18.00
02348             -18.00
02349             -20.00
02350             -18.00
02351             -18.00
02352             -20.00
02353             -20.00
02354             -20.00
02355             -20.00
02356             -18.00
02357             -20.00
02358             -16.00
02359             -20.00
02360             -20.00
02361             -20.00
02362             -20.00
02363             -20.00
02364             -20.00
02365             -20.00
02366             -18.00
02367             -20.00
02368             -20.00
02369             -22.00
02370             -18.00
02371             -20.00
02372             -20.00
02373             -20.00
02374             -20.00
02375             -20.00
02376             -22.00
02377             -22.00
02378             -20.00
02379             -20.00
02380             -20.00
02381             -20.00
02382             -20.00
02383             -22.00
02384             -20.00
02385             -20.00
02386             -22.00
02387             -24.00
02388             -22.00
02389             -20.00
02390             -20.00
02391             -22.00
02392             -20.00
02393             -22.00
02394             -22.00
02395             -20.00
02396             -22.00
02397             -22.00
02398             -20.00
02399             -22.00
02400             -20.00
02401             -24.00
02402             -24.00
02403             -24.00
02404             -22.00
02405             -20.00
02406             -22.00
02407             -20.00
02408             -22.00
02409             -22.00
02410             -22.00
02411             -22.00
02412             -20.00
02413             -24.00
02414             -22.00
02415             -22.00
02416             -22.00
02417             -24.00
02418             -22.00
02419             -24.00
02420             -22.00
02421             -22.00
02422             -24.00
02423             -24.00
02424             -22.00
02425             -22.00
02426             -22.00
02427             -20.00
02428             -22.00
02429             -20.00
02430             -22.00
02431             -24.00
02432             -22.00
02433             -24.00
02434             -22.00
02435             -24.00
02436             -22.00
02437             -24.00
02438             -22.00
02439             -24.00
02440             -22.00
02441             -24.00
02442             -24.00
02443             -22.00
02444             -22.00
02445             -20.00
02446             -22.00
02447             -24.00
02448             -24.00
02449             -24.00
02450             -24.00
02451             -20.00
02452             -24.00
02453             -24.00
02454             -24.00
02455             -22.00
02456             -22.00
02457             -22.00
02458             -24.00
02459             -26.00
02460             -24.00
02461             -24.00
02462             -24.00
02463             -24.00
02464             -24.00
02465             -24.00
02466             -22.00
02467             -24.00
02468             -22.00
02469             -24.00
02470             -24.00
02471             -24.00
02472             -24.00
02473             -20.00
02474             -22.00
02475             -24.00
02476             -26.00
02477             -22.00
02478             -24.00
02479             -24.00
02480             -24.00
02481             -24.00
02482             -22.00
02483             -24.00
02484             -22.00
02485             -24.00
02486             -24.00
02487             -22.00
02488             -22.00
02489             -24.00
02490             -24.00
02491             -20.00
02492             -26.00
02493             -22.00
02494             -24.00
02495             -22.00
02496             -24.00
02497             -24.00
02498             -20.00
02499             -24.00
02500             -24.00
02501             -22.00
02502             -24.00
02503             -22.00
02504             -22.00
02505             -22.00
02506             -22.00
02507             -26.00
02508             -24.00
02509             -22.00
02510              -4.00
02511              26.00
02512              50.00
02513              72.00
02514              92.00
02515             106.00
02516             122.00
02517             134.00
02518             146.00
02519             158.00
02520             168.00
02521             178.00
02522             186.00
02523             192.00
02524             200.00
02525             206.00
02526             212.00
02527             220.00
02528             224.00
02529             226.00
02530             230.00
02531             236.00
02532             238.00
02533             242.00
02534             244.00
02535             126.00
02536              38.00
02537               2.00
02538              -8.00
02539             -12.00
02540             -14.00
02541             -14.00
02542             -16.00
02543             -16.00
02544             -16.00
02545             -16.00
02546             -18.00
02547             -16.00
02548             -14.00
02549             -18.00
02550             -18.00
02551             -14.00
02552             -16.00
02553             -14.00
02554             -14.00
02555             -14.00
02556             -14.00
02557             -14.00
02558             -16.00
02559             -16.00
02560             -16.00
02561             -14.00
02562             -18.00
02563             -16.00
02564             -16.00
02565             -16.00
02566             -16.00
02567             -14.00
02568             -16.00
02569             -16.00
02570             -18.00
02571             -20.00
02572             -18.00
02573             -18.00
02574             -18.00
02575             -18.00
02576             -18.00
02577             -16.00
02578             -20.00
02579             -18.00
02580             -18.00
02581             -16.00
02582             -18.00
02583             -20.00
02584             -18.00
02585             -20.00
02586             -20.00
02587             -20.00
02588             -20.00
02589             -18.00
02590             -18.00
02591             -18.00
02592             -18.00
02593             -18.00
02594             -18.00
02595             -22.00
02596             -18.00
02597             -20.00
02598             -20.00
02599             -20.00
02600             -20.00
02601             -22.00
02602             -20.00
02603             -20.00
02604             -20.00
02605             -18.00
02606             -20.00
02607             -20.00
02608             -20.00
02609             -20.00
02610             -20.00
02611             -20.00
02612             -20.00
02613             -18.00
02614             -22.00
02615             -20.00
02616             -20.00
02617             -20.00
02618             -20.00
02619             -20.00
02620             -22.00
02621             -20.00
02622             -20.00
02623             -20.00
02624             -22.00
02625             -20.00
02626             -20.00
02627             -24.00
02628             -18.00
02629             -22.00
02630             -22.00
02631             -22.00
02632             -22.00
02633             -22.00
02634             -20.00
02635             -22.00
02636             -22.00
02637             -20.00
02638             -20.00
02639             -22.00
02640             -20.00
02641             -22.00
02642             -24.00
02643             -22.00
02644             -24.00
02645             -20.00
02646             -20.00
02647             -24.00
02648             -20.00
02649             -20.00
02650             -22.00
02651             -22.00
02652             -22.00
02653             -24.00
02654             -22.00
02655             -20.00
02656             -22.00
02657             -20.00
02658             -20.00
02659             -22.00
02660             -22.00
02661             -22.00
02662             -24.00
02663             -22.00
02664             -24.00
02665             -22.00
02666             -22.00
02667             -24.00
02668             -22.00
02669             -22.00
02670             -20.00
02671             -22.00
02672             -22.00
02673             -22.00
02674             -26.00
02675             -22.00
02676             -22.00
02677             -20.00
02678             -22.00
02679             -24.00
02680             -22.00
02681             -24.00
02682             -24.00
02683             -24.00
02684             -22.00
02685             -24.00
02686             -22.00
02687             -26.00
02688             -22.00
02689             -22.00
02690             -24.00
02691             -22.00
02692             -24.00
02693             -24.00
02694             -24.00
02695             -22.00
02696             -24.00
02697             -24.00
02698             -22.00
02699             -24.00
02700             -24.00
02701             -22.00
02702             -24.00
02703             -24.00
02704             -22.00
02705             -24.00
02706             -22.00
02707             -24.00
02708             -24.00
02709             -24.00
02710             -24.00
02711             -24.00
02712             -24.00
02713             -24.00
02714             -26.00
02715             -24.00
02716             -22.00
02717             -24.00
02718             -22.00
02719             -24.00
02720             -24.00
02721             -22.00
02722             -22.00
02723             -22.00
02724             -24.00
02725             -24.00
02726             -22.00
02727             -22.00
02728             -24.00
02729             -24.00
02730             -22.00
02731             -22.00
02732             -22.00
02733             -22.00
02734             -24.00
02735             -24.00
02736             -24.00
02737             -22.00
02738             -22.00
02739             -22.00
02740             -24.00
02741             -24.00
02742             -22.00
02743             -24.00
02744             -26.00
02745             -22.00
02746             -24.00
02747             -24.00
02748             -24.00
02749             -22.00
02750             -24.00
02751             -22.00
02752             -24.00
02753             -24.00
02754             -24.00
02755             -22.00
02756             -28.00
02757             -24.00
02758             -26.00
02759             -24.00
02760              -4.00
02761              24.00
02762              50.00
02763              72.00
02764              90.00
02765             108.00
02766             122.00
02767             136.00
02768             146.00
02769             160.00
02770             168.00
02771             180.00
02772             188.00
02773             196.00
02774             202.00
02775             208.00
02776             212.00
02777             218.00
02778             222.00
02779             228.00
02780             232.00
02781             234.00
02782             238.00
02783             242.00
02784             244.00
02785             132.00
02786              40.00
02787               4.00
02788              -8.00
02789             -14.00
02790             -12.00
02791             -14.00
02792             -14.00
02793             -16.00
02794             -16.00
02795             -14.00
02796             -14.00
02797             -16.00
02798             -16.00
02799             -16.00
02800             -18.00
02801             -16.00
02802             -16.00
02803             -16.00
02804             -14.00
02805             -16.00
02806             -16.00
02807             -14.00
02808             -16.00
02809             -18.00
02810             -16.00
02811             -18.00
02812             -16.00
02813             -16.00
02814             -18.00
02815             -18.00
02816             -18.00
02817             -20.00
02818             -18.00
02819             -18.00
02820             -18.00
02821             -18.00
02822             -18.00
02823             -18.00
02824             -18.00
02825             -16.00
02826             -16.00
02827             -20.00
02828             -18.00
02829             -16.00
02830             -18.00
02831             -18.00
02832             -20.00
02833             -16.00
02834             -18.00
02835             -16.00
02836             -18.00
02837             -18.00
02838             -18.00
02839             -20.00
02840             -18.00
02841             -20.00
02842             -20.00
02843             -20.00
02844             -20.00
02845             -18.00
02846             -20.00
02847             -18.00
02848             -20.00
02849             -20.00
02850             -20.00
02851             -20.00
02852             -20.00
02853             -20.00
02854             -20.00
02855             -20.00
02856             -16.00
02857             -18.00
02858             -18.00
02859             -18.00
02860             -20.00
02861             -20.00
02862             -20.00
02863             -18.00
02864             -22.00
02865             -20.00
02866             -20.00
02867             -20.00
02868             -22.00
02869             -18.00
02870             -22.00
02871             -20.00
02872             -20.00
02873             -20.00
02874             -22.00
02875             -24.00
02876             -22.00
02877             -20.00
02878             -22.00
02879             -20.00
02880             -22.00
02881             -20.00
02882             -20.00
02883             -22.00
02884             -22.00
02885             -20.00
02886             -20.00
02887             -24.00
02888             -22.00
02889             -24.00
02890             -24.00
02891             -22.00
02892             -22.00
02893             -22.00
02894             -20.00
02895             -22.00
02896             -20.00
02897             -22.00
02898             -20.00
02899             -20.00
02900             -22.00
02901             -22.00
02902             -24.00
02903             -22.00
02904             -24.00
02905             -20.00
02906             -22.00
02907             -20.00
02908             -24.00
02909             -24.00
02910             -24.00
02911             -24.00
02912             -22.00
02913             -22.00
02914             -24.00
02915             -22.00
02916             -22.00
02917             -20.00
02918             -24.00
02919             -20.00
02920             -22.00
02921             -22.00
02922             -22.00
02923             -22.00
02924             -24.00
02925             -22.00
02926             -24.00
02927             -26.00
02928             -24.00
02929             -24.00
02930             -22.00
02931             -22.00
02932             -22.00
02933             -24.00
02934             -24.00
02935             -24.00
02936             -24.00
02937             -24.00
02938             -26.00
02939             -26.00
02940             -24.00
02941             -24.00
02942             -24.00
02943             -22.00
02944             -24.00
02945             -22.00
02946             -22.00
02947             -22.00
02948             -24.00
02949             -22.00
02950             -24.00
02951             -22.00
02952             -24.00
02953             -24.00
02954             -24.00
02955             -24.00
02956             -22.00
02957             -22.00
02958             -24.00
02959             -24.00
02960             -24.00
02961             -24.00
02962             -20.00
02963             -22.00
02964             -24.00
02965             -22.00
02966             -22.00
02967             -22.00
02968             -22.00
02969             -22.00
02970             -24.00
02971             -24.00
02972             -24.00
02973             -22.00
02974             -24.00
02975             -24.00
02976             -22.00
02977             -22.00
02978             -24.00
02979             -22.00
02980             -24.00
02981             -24.00
02982             -24.00
02983             -22.00
02984             -24.00
02985             -24.00
02986             -24.00
02987             -24.00
02988             -24.00
02989             -22.00
02990             -22.00
02991             -22.00
02992             -26.00
02993             -22.00
02994             -24.00
02995             -24.00
02996             -22.00
02997             -24.00
02998             -26.00
02999             -20.00
03000             -24.00
03001             -22.00
03002             -24.00
03003             -24.00
03004             -22.00
03005             -24.00
03006             -24.00
03007             -26.00
03008             -24.00
03009             -24.00
03010              -2.00
03011              26.00
03012              50.00
03013              70.00
03014              94.00
03015             108.00
03016             122.00
03017             134.00
03018             150.00
03019             158.00
03020             170.00
03021             178.00
03022             188.00
03023             196.00
03024             200.00
03025             208.00
03026             214.00
03027             220.00
03028             222.00
03029             228.00
03030             230.00
03031             238.00
03032             240.00
03033             242.00
03034             244.00
03035             130.00
03036              38.00
03037               4.00
03038              -6.00
03039             -14.00
03040             -12.00
03041             -16.00
03042             -14.00
03043             -14.00
03044             -14.00
03045             -14.00
03046             -16.00
03047             -16.00
03048             -14.00
03049             -16.00
03050             -18.00
03051             -18.00
03052             -16.00
03053             -16.00
03054             -16.00
03055             -14.00
03056             -14.00
03057             -18.00
03058             -16.00
03059             -18.00
03060             -18.00
03061             -16.00
03062             -20.00
03063             -14.00
03064             -16.00
03065             -14.00
03066             -18.00
03067             -16.00
03068             -16.00
03069             -16.00
03070             -16.00
03071             -18.00
03072             -18.00
03073             -18.00
03074             -18.00
03075             -16.00
03076             -18.00
03077             -16.00
03078             -18.00
03079             -18.00
03080             -18.00
03081             -20.00
03082             -16.00
03083             -18.00
03084             -18.00
03085             -18.00
03086             -18.00
03087             -20.00
03088             -18.00
03089             -18.00
03090             -20.00
03091             -20.00
03092             -20.00
03093             -20.00
03094             -20.00
03095             -18.00
03096             -20.00
03097             -18.00
03098             -18.00
03099             -22.00
03100             -20.00
03101             -18.00
03102             -20.00
03103             -20.00
03104             -18.00
03105             -20.00
03106             -20.00
03107             -20.00
03108             -20.00
03109             -20.00
03110             -20.00
03111             -20.00
03112             -20.00
03113             -20.00
03114             -18.00
03115             -20.00
03116             -18.00
03117             -20.00
03118             -22.00
03119             -22.00
03120             -20.00
03121             -20.00
03122             -22.00
03123             -20.00
03124             -20.00
03125             -22.00
03126             -20.00
03127             -20.00
03128             -22.00
03129             -24.00
03130             -22.00
03131             -22.00
03132             -22.00
03133             -22.00
03134             -22.00
03135             -22.00
03136             -22.00
03137             -20.00
03138             -24.00
03139             -20.00
03140             -22.00
03141             -22.00
03142             -22.00
03143             -22.00
03144             -22.00
03145             -22.00
03146             -24.00
03147             -26.00
03148             -22.00
03149             -20.00
03150             -20.00
03151             -22.00
03152             -22.00
03153             -24.00
03154             -22.00
03155             -22.00
03156             -22.00
03157             -24.00
03158             -22.00
03159             -24.00
03160             -24.00
03161             -22.00
03162             -24.00
03163             -22.00
03164             -22.00
03165             -22.00
03166             -22.00
03167             -24.00
03168             -24.00
03169             -22.00
03170             -24.00
03171             -22.00
03172             -24.00
03173             -20.00
03174             -24.00
03175             -22.00
03176             -22.00
03177             -20.00
03178             -24.00
03179             -20.00
03180             -22.00
03181             -22.00
03182             -24.00
03183             -24.00
03184             -26.00
03185             -22.00
03186             -22.00
03187             -24.00
03188             -24.00
03189             -24.00
03190             -22.00
03191             -22.00
03192             -24.00
03193             -24.00
03194             -22.00
03195             -22.00
03196             -26.00
03197             -24.00
03198             -22.00
03199             -24.00
03200             -22.00
03201             -24.00
03202             -24.00
03203             -22.00
03204             -24.00
03205             -26.00
03206             -24.00
03207             -24.00
03208             -24.00
03209             -24.00
03210             -24.00
03211             -22.00
03212             -24.00
03213             -24.00
03214             -24.00
03215             -22.00
03216             -22.00
03217             -24.00
03218             -24.00
03219             -24.00
03220             -24.00
03221             -24.00
03222             -24.00
03223             -24.00
03224             -20.00
03225             -24.00
03226             -24.00
03227             -24.00
03228             -24.00
03229             -24.00
03230             -24.00
03231             -24.00
03232             -24.00
03233             -24.00
03234             -24.00
03235             -22.00
03236             -22.00
03237             -24.00
03238             -26.00
03239             -26.00
03240             -22.00
03241             -26.00
03242             -24.00
03243             -22.00
03244             -22.00
03245             -24.00
03246             -26.00
03247             -24.00
03248             -22.00
03249             -22.00
03250             -24.00
03251             -22.00
03252             -24.00
03253             -24.00
03254             -26.00
03255             -24.00
03256             -24.00
03257             -24.00
03258             -22.00
03259             -22.00
03260              -4.00
03261              24.00
03262              50.00
03263              72.00
03264              92.00
03265             106.00
03266             122.00
03267             136.00
03268             148.00
03269             160.00
03270             168.00
03271             182.00
03272             188.00
03273             196.00
03274             200.00
03275             210.00
03276             212.00
03277             216.00
03278             224.00
03279             226.00
03280             232.00
03281             234.00
03282             240.00
03283             242.00
03284             246.00
03285             132.00
03286              40.00
03287               6.00
03288              -6.00
03289             -10.00
03290             -14.00
03291             -16.00
03292             -18.00
03293             -14.00
03294             -14.00
03295             -14.00
03296             -14.00
03297             -16.00
03298             -14.00
03299             -18.00
03300             -16.00
03301             -18.00
03302             -18.00
03303             -18.00
03304             -16.00
03305             -14.00
03306             -18.00
03307             -16.00
03308             -18.00
03309             -14.00
03310             -16.00
03311             -18.00
03312             -16.00
03313             -18.00
03314             -20.00
03315             -20.00
03316             -18.00
03317             -16.00
03318             -16.00
03319             -20.00
03320             -18.00
03321             -16.00
03322             -16.00
03323             -18.00
03324             -16.00
03325             -20.00
03326             -18.00
03327             -16.00
03328             -18.00
03329             -20.00
03330             -20.00
03331             -20.00
03332             -18.00
03333             -18.00
03334             -20.00
03335             -20.00
03336             -18.00
03337             -18.00
03338             -20.00
03339             -20.00
03340             -20.00
03341             -18.00
03342             -20.00
03343             -18.00
03344             -18.00
03345             -20.00
03346             -20.00
03347             -20.00
03348             -18.00
03349             -20.00
03350             -20.00
03351             -18.00
03352             -22.00
03353             -20.00
03354             -18.00
03355             -20.00
03356             -20.00
03357             -20.00
03358             -20.00
03359             -20.00
03360             -18.00
03361             -20.00
03362             -20.00
03363             -20.00
03364             -20.00
03365             -20.00
03366             -22.00
03367             -20.00
03368             -20.00
03369             -20.00
03370             -20.00
03371             -20.00
03372             -20.00
03373             -20.00
03374             -22.00
03375             -22.00
03376             -20.00
03377             -22.00
03378             -24.00
03379             -22.00
03380             -22.00
03381             -22.00
03382             -22.00
03383             -22.00
03384             -20.00
03385             -20.00
03386             -20.00
03387             -22.00
03388             -20.00
03389             -22.00
03390             -24.00
03391             -20.00
03392             -22.00
03393             -20.00
03394             -22.00
03395             -22.00
03396             -18.00
03397             -20.00
03398             -22.00
03399             -22.00
03400             -20.00
03401             -24.00
03402             -22.00
03403             -22.00
03404             -22.00
03405             -24.00
03406             -22.00
03407             -22.00
03408             -22.00
03409             -22.00
03410             -22.00
03411             -22.00
03412             -24.00
03413             -22.00
03414             -24.00
03415             -20.00
03416             -22.00
03417             -22.00
03418             -24.00
03419             -22.00
03420             -22.00
03421             -26.00
03422             -22.00
03423             -22.00
03424             -24.00
03425             -22.00
03426             -22.00
03427             -24.00
03428             -20.00
03429             -22.00
03430             -24.00
03431             -24.00
03432             -20.00
03433             -26.00
03434             -22.00
03435             -24.00
03436             -24.00
03437             -22.00
03438             -24.00
03439             -24.00
03440             -24.00
03441             -22.00
03442             -22.00
03443             -22.00
03444             -22.00
03445             -24.00
03446             -24.00
03447             -22.00
03448             -22.00
03449             -24.00
03450             -22.00
03451             -24.00
03452             -22.00
03453             -24.00
03454             -24.00
03455             -22.00
03456             -24.00
03457             -22.00
03458             -22.00
03459             -24.00
03460             -26.00
03461             -24.00
03462             -24.00
03463             -22.00
03464             -24.00
03465             -24.00
03466             -24.00
03467             -24.00
03468             -24.00
03469             -24.00
03470             -24.00
03471             -24.00
03472             -22.00
03473             -24.00
03474             -22.00
03475             -26.00
03476             -24.00
03477             -24.00
03478             -24.00
03479             -22.00
03480             -24.00
03481             -22.00
03482             -24.00
03483             -22.00
03484             -24.00
03485             -26.00
03486             -26.00
03487             -22.00
03488             -24.00
03489             -24.00
03490             -24.00
03491             -24.00
03492             -24.00
03493             -24.00
03494             -24.00
03495             -24.00
03496             -22.00
03497             -26.00
03498             -26.00
03499             -24.00
03500             -22.00
03501             -22.00
03502             -22.00
03503             -24.00
03504             -24.00
03505             -24.00
03506             -26.00
03507             -24.00
03508             -24.00
03509             -24.00
03510              -4.00
03511              26.00
03512              48.00
03513              72.00
03514              88.00
03515             106.00
03516             124.00
03517             134.00
03518             148.00
03519             160.00
03520             172.00
03521             178.00
03522             186.00
03523             194.00
03524             202.00
03525             208.00
03526             212.00
03527             220.00
03528             224.00
03529             228.00
03530             232.00
03531             236.00
03532             240.00
03533             242.00
03534             244.00
03535             130.00
03536              40.00
03537               6.00
03538              -8.00
03539             -12.00
03540             -16.00
03541             -14.00
03542             -14.00
03543             -16.00
03544             -16.00
03545             -14.00
03546             -18.00
03547             -14.00
03548             -16.00
03549             -14.00
03550             -14.00
03551             -16.00
03552             -14.00
03553             -14.00
03554             -16.00
03555             -18.00
03556             -14.00
03557             -14.00
03558             -18.00
03559             -18.00
03560             -16.00
03561             -16.00
03562             -16.00
03563             -16.00
03564             -14.00
03565             -16.00
03566             -18.00
03567             -18.00
03568             -16.00
03569             -20.00
03570             -20.00
03571             -18.00
03572             -20.00
03573             -16.00
03574             -16.00
03575             -16.00
03576             -18.00
03577             -18.00
03578             -18.00
03579             -20.00
03580             -20.00
03581             -20.00
03582             -16.00
03583             -18.00
03584             -18.00
03585             -18.00
03586             -20.00
03587             -18.00
03588             -18.00
03589             -16.00
03590             -14.00
03591             -20.00
03592             -18.00
03593             -18.00
03594             -20.00
03595             -18.00
03596             -20.00
03597             -20.00
03598             -18.00
03599             -18.00
03600             -18.00
03601             -22.00
03602             -18.00
03603             -18.00
03604             -20.00
03605             -18.00
03606             -20.00
03607             -20.00
03608             -22.00
03609             -20.00
03610             -20.00
03611             -20.00
03612             -20.00
03613             -20.00
03614             -20.00
03615             -24.00
03616             -22.00
03617             -22.00
03618             -20.00
03619             -20.00
03620             -18.00
03621             -20.00
03622             -20.00
03623             -20.00
03624             -22.00
03625             -22.00
03626             -22.00
03627             -20.00
03628             -20.00
03629             -20.00
03630             -18.00
03631             -20.00
03632             -24.00
03633             -20.00
03634             -22.00
03635             -22.00
03636             -20.00
03637             -22.00
03638             -20.00
03639             -22.00
03640             -20.00
03641             -22.00
03642             -22.00
03643             -22.00
03644             -20.00
03645             -20.00
03646             -20.00
03647             -22.00
03648             -22.00
03649             -22.00
03650             -20.00
03651             -20.00
03652             -24.00
03653             -22.00
03654             -24.00
03655             -22.00
03656             -20.00
03657             -22.00
03658             -24.00
03659             -22.00
03660             -22.00
03661             -22.00
03662             -24.00
03663             -20.00
03664             -22.00
03665             -22.00
03666             -24.00
03667             -22.00
03668             -20.00
03669             -22.00
03670             -24.00
03671             -22.00
03672             -24.00
03673             -20.00
03674             -20.00
03675             -24.00
03676             -24.00
03677             -24.00
03678             -24.00
03679             -22.00
03680             -22.00
03681             -24.00
03682             -24.00
03683             -22.00
03684             -24.00
03685             -24.00
03686             -20.00
03687             -22.00
03688             -22.00
03689             -24.00
03690             -24.00
03691             -22.00
03692             -24.00
03693             -22.00
03694             -20.00
03695             -22.00
03696             -24.00
03697             -24.00
03698             -24.00
03699             -20.00
03700             -22.00
03701             -22.00
03702             -22.00
03703             -24.00
03704             -24.00
03705             -24.00
03706             -20.00
03707             -24.00
03708             -24.00
03709             -22.00
03710             -24.00
03711             -24.00
03712             -24.00
03713             -22.00
03714             -24.00
03715             -24.00
03716             -24.00
03717             -24.00
03718             -22.00
03719             -24.00
03720             -24.00
03721             -22.00
03722             -24.00
03723             -24.00
03724             -24.00
03725             -26.00
03726             -22.00
03727             -22.00
03728             -24.00
03729             -24.00
03730             -22.00
03731             -24.00
03732             -24.00
03733             -24.00
03734             -24.00
03735             -24.00
03736             -22.00
03737             -24.00
03738             -26.00
03739             -20.00
03740             -26.00
03741             -26.00
03742             -22.00
03743             -24.00
03744             -24.00
03745             -24.00
03746             -24.00
03747             -22.00
03748             -24.00
03749             -22.00
03750             -26.00
03751             -24.00
03752             -24.00
03753             -22.00
03754             -24.00
03755             -26.00
03756             -24.00
03757             -22.00
03758             -22.00
03759             -22.00
03760              -4.00
03761              28.00
03762              50.00
03763              70.00
03764              90.00
03765             108.00
03766             124.00
03767             138.00
03768             148.00
03769             158.00
03770             170.00
03771             180.00
03772             190.00
03773             194.00
03774             202.00
03775             208.00
03776             216.00
03777             218.00
03778             222.00
03779             228.00
03780             230.00
03781             236.00
03782             238.00
03783             242.00
03784             244.00
03785             132.00
03786              40.00
03787               6.00
03788              -8.00
03789             -10.00
03790             -14.00
03791             -14.00
03792             -16.00
03793             -14.00
03794             -14.00
03795             -16.00
03796             -16.00
03797             -14.00
03798             -20.00
03799             -16.00
03800             -14.00
03801             -18.00
03802             -16.00
03803             -18.00
03804             -14.00
03805             -16.00
03806             -18.00
03807             -16.00
03808             -18.00
03809             -16.00
03810             -18.00
03811             -14.00
03812             -18.00
03813             -16.00
03814             -18.00
03815             -16.00
03816             -16.00
03817             -18.00
03818             -16.00
03819             -18.00
03820             -16.00
03821             -16.00
03822             -16.00
03823             -18.00
03824             -18.00
03825             -18.00
03826             -20.00
03827             -20.00
03828             -18.00
03829             -16.00
03830             -18.00
03831             -16.00
03832             -18.00
03833             -18.00
03834             -18.00
03835             -20.00
03836             -18.00
03837             -18.00
03838             -20.00
03839             -20.00
03840             -20.00
03841             -20.00
03842             -20.00
03843             -20.00
03844             -20.00
03845             -18.00
03846             -20.00
03847             -20.00
03848             -20.00
03849             -18.00
03850             -20.00
03851             -20.00
03852             -20.00
03853             -20.00
03854             -18.00
03855             -20.00
03856             -20.00
03857             -22.00
03858             -20.00
03859             -20.00
03860             -20.00
03861             -20.00
03862             -20.00
03863             -22.00
03864             -22.00
03865             -20.00
03866             -20.00
03867             -22.00
03868             -22.00
03869             -20.00
03870             -20.00
03871             -22.00
03872             -22.00
03873             -22.00
03874             -22.00
03875             -20.00
03876             -22.00
03877             -20.00
03878             -22.00
03879             -20.00
03880             -20.00
03881             -22.00
03882             -22.00
03883             -22.00
03884             -22.00
03885             -24.00
03886             -22.00
03887             -22.00
03888             -20.00
03889             -22.00
03890             -22.00
03891             -20.00
03892             -24.00
03893             -22.00
03894             -20.00
03895             -20.00
03896             -22.00
03897             -20.00
03898             -20.00
03899             -24.00
03900             -22.00
03901             -24.00
03902             -22.00
03903             -22.00
03904             -24.00
03905             -22.00
03906             -20.00
03907             -22.00
03908             -24.00
03909             -22.00
03910             -24.00
03911             -22.00
03912             -24.00
03913             -24.00
03914             -20.00
03915             -22.00
03916             -22.00
03917             -22.00
03918             -22.00
03919             -22.00
03920             -22.00
03921             -24.00
03922             -24.00
03923             -24.00
03924             -24.00
03925             -20.00
03926             -22.00
03927             -22.00
03928             -22.00
03929             -24.00
03930             -22.00
03931             -24.00
03932             -22.00
03933             -22.00
03934             -24.00
03935             -24.00
03936             -24.00
03937             -22.00
03938             -24.00
03939             -22.00
03940             -22.00
03941             -24.00
03942             -24.00
03943             -22.00
03944             -22.00
03945             -22.00
03946             -24.00
03947             -24.00
03948             -24.00
03949             -26.00
03950             -24.00
03951             -24.00
03952             -24.00
03953             -24.00
03954             -22.00
03955             -24.00
03956             -22.00
03957             -22.00
03958             -26.00
03959             -22.00
03960             -26.00
03961             -24.00
03962             -22.00
03963             -20.00
03964             -24.00
03965             -24.00
03966             -22.00
03967             -24.00
03968             -24.00
03969             -26.00
03970             -24.00
03971             -22.00
03972             -24.00
03973             -24.00
03974             -24.00
03975             -26.00
03976             -26.00
03977             -24.00
03978             -22.00
03979             -22.00
03980             -24.00
03981             -24.00
03982             -24.00
03983             -26.00
03984             -24.00
03985             -26.00
03986             -24.00
03987             -24.00
03988             -24.00
03989             -26.00
03990             -24.00
03991             -24.00
03992             -24.00
03993             -24.00
03994             -22.00
03995             -26.00
03996             -24.00
03997             -22.00
03998             -24.00
03999             -24.00
04000             -22.00
04001             -26.00
04002             -24.00
04003             -22.00
04004             -22.00
04005             -24.00
04006             -24.00
04007             -24.00
04008             -26.00
04009             -24.00
04010              -4.00
04011              24.00
04012              50.00
04013              72.00
04014              88.00
04015             108.00
04016             122.00
04017             138.00
04018             148.00
04019             160.00
04020             170.00
04021             178.00
04022             186.00
04023             194.00
04024             202.00
04025             208.00
04026             214.00
04027             218.00
04028             224.00
04029             228.00
04030             232.00
04031             236.00
04032             238.00
04033             240.00
04034             246.00
04035             130.00
04036              38.00
04037               6.00
04038              -8.00
04039             -14.00
04040             -12.00
04041             -14.00
04042             -14.00
04043             -16.00
04044             -16.00
04045             -16.00
04046             -16.00
04047             -16.00
04048             -14.00
04049             -14.00
04050             -14.00
04051             -18.00
04052             -16.00
04053             -16.00
04054             -16.00
04055             -18.00
04056             -16.00
04057             -18.00
04058             -18.00
04059             -14.00
04060             -18.00
04061             -16.00
04062             -18.00
04063             -18.00
04064             -16.00
04065             -18.00
04066             -16.00
04067             -16.00
04068             -16.00
04069             -16.00
04070             -18.00
04071             -18.00
04072             -18.00
04073             -18.00
04074             -16.00
04075             -18.00
04076             -16.00
04077             -18.00
04078             -20.00
04079             -16.00
04080             -18.00
04081             -20.00
04082             -18.00
04083             -18.00
04084             -20.00
04085             -20.00
04086             -20.00
04087             -18.00
04088             -18.00
04089             -20.00
04090             -16.00
04091             -16.00
04092             -20.00
04093             -18.00
04094             -22.00
04095             -20.00
04096             -18.00
04097             -18.00
04098             -20.00
04099             -20.00
04100             -20.00
04101             -20.00
04102             -20.00
04103             -20.00
04104             -20.00
04105             -18.00
04106             -22.00
04107             -20.00
04108             -20.00
04109             -20.00
04110             -20.00
04111             -20.00
04112             -20.00
04113             -20.00
04114             -20.00
04115             -20.00
04116             -22.00
04117             -20.00
04118             -22.00
04119             -20.00
04120             -20.00
04121             -20.00
04122             -20.00
04123             -20.00
04124             -20.00
04125             -22.00
04126             -24.00
04127             -20.00
04128             -22.00
04129             -20.00
04130             -22.00
04131             -22.00
04132             -22.00
04133             -22.00
04134             -20.00
04135             -20.00
04136             -22.00
04137             -20.00
04138             -22.00
04139             -22.00
04140             -20.00
04141             -24.00
04142             -22.00
04143             -24.00
04144             -20.00
04145             -22.00
04146             -20.00
04147             -22.00
04148             -20.00
04149             -20.00
04150             -22.00
04151             -22.00
04152             -22.00
04153             -24.00
04154             -22.00
04155             -24.00
04156             -24.00
04157             -22.00
04158             -22.00
04159             -24.00
04160             -22.00
04161             -22.00
04162             -22.00
04163             -22.00
04164             -24.00
04165             -20.00
04166             -22.00
04167             -24.00
04168             -24.00
04169             -24.00
04170             -22.00
04171             -22.00
04172             -24.00
04173             -24.00
04174             -24.00
04175             -24.00
04176             -24.00
04177             -24.00
04178             -22.00
04179             -22.00
04180             -24.00
04181             -24.00
04182             -22.00
04183             -20.00
04184             -24.00
04185             -24.00
04186             -24.00
04187             -24.00
04188             -22.00
04189             -24.00
04190             -24.00
04191             -24.00
04192             -24.00
04193             -24.00
04194             -22.00
04195             -22.00
04196             -24.00
04197             -22.00
04198             -22.00
04199             -24.00
04200             -22.00
04201             -24.00
04202             -24.00
04203             -26.00
04204             -24.00
04205             -24.00
04206             -24.00
04207             -24.00
04208             -24.00
04209             -24.00
04210             -24.00
04211             -24.00
04212             -22.00
04213             -22.00
04214             -24.00
04215             -26.00
04216             -22.00
04217             -20.00
04218             -24.00
04219             -24.00
04220             -24.00
04221             -22.00
04222             -22.00
04223             -22.00
04224             -22.00
04225             -24.00
04226             -24.00
04227             -24.00
04228             -26.00
04229             -22.00
04230             -22.00
04231             -22.00
04232             -24.00
04233             -22.00
04234             -22.00
04235             -20.00
04236             -24.00
04237             -22.00
04238             -24.00
04239             -24.00
04240             -26.00
04241             -24.00
04242             -24.00
04243             -24.00
04244             -24.00
04245             -24.00
04246             -24.00
04247             -24.00
04248             -24.00
04249             -22.00
04250             -24.00
04251             -26.00
04252             -26.00
04253             -22.00
04254             -26.00
04255             -24.00
04256             -22.00
04257             -22.00
04258             -24.00
04259             -22.00
04260              -2.00
04261              26.00
04262              48.00
04263              72.00
04264              88.00
04265             106.00
04266             122.00
04267             136.00
04268             148.00
04269             160.00
04270             170.00
04271             178.00
04272             186.00
04273             192.00
04274             200.00
04275             210.00
04276             214.00
04277             218.00
04278             222.00
04279             230.00
04280             232.00
04281             238.00
04282             240.00
04283             242.00
04284             244.00
04285             130.00
04286              42.00
04287               4.00
04288             -10.00
04289             -14.00
04290             -12.00
04291             -14.00
04292             -14.00
04293             -14.00
04294             -16.00
04295             -16.00
04296             -14.00
04297             -16.00
04298             -14.00
04299             -16.00
04300             -18.00
04301             -16.00
04302             -16.00
04303             -16.00
04304             -16.00
04305             -16.00
04306             -16.00
04307             -16.00
04308             -16.00
04309             -16.00
04310             -16.00
04311             -14.00
04312             -18.00
04313             -16.00
04314             -18.00
04315             -18.00
04316             -18.00
04317             -14.00
04318             -16.00
04319             -18.00
04320             -18.00
04321             -18.00
04322             -16.00
04323             -18.00
04324             -18.00
04325             -16.00
04326             -20.00
04327             -16.00
04328             -18.00
04329             -20.00
04330             -18.00
04331             -18.00
04332             -18.00
04333             -16.00
04334             -16.00
04335             -20.00
04336             -18.00
04337             -18.00
04338             -18.00
04339             -18.00
04340             -18.00
04341             -18.00
04342             -18.00
04343             -22.00
04344             -18.00
04345             -20.00
04346             -20.00
04347             -20.00
04348             -18.00
04349             -18.00
04350             -20.00
04351             -20.00
04352             -18.00
04353             -18.00
04354             -20.00
04355             -20.00
04356             -20.00
04357             -20.00
04358             -20.00
04359             -20.00
04360             -22.00
04361             -20.00
04362             -20.00
04363             -20.00
04364             -20.00
04365             -20.00
04366             -18.00
04367             -22.00
04368             -22.00
04369             -20.00
04370             -20.00
04371             -20.00
04372             -22.00
04373             -20.00
04374             -22.00
04375             -20.00
04376             -22.00
04377             -20.00
04378             -18.00
04379             -20.00
04380             -18.00
04381             -20.00
04382             -22.00
04383             -22.00
04384             -22.00
04385             -22.00
04386             -22.00
04387             -22.00
04388             -20.00
04389             -22.00
04390             -20.00
04391             -22.00
04392             -20.00
04393             -22.00
04394             -20.00
04395             -20.00
04396             -22.00
04397             -22.00
04398             -22.00
04399             -20.00
04400             -22.00
04401             -24.00
04402             -22.00
04403             -24.00
04404             -20.00
04405             -22.00
04406             -20.00
04407             -20.00
04408             -26.00
04409             -24.00
04410             -22.00
04411             -24.00
04412             -22.00
04413             -24.00
04414             -20.00
04415             -22.00
04416             -22.00
04417             -20.00
04418             -22.00
04419             -22.00
04420             -22.00
04421             -24.00
04422             -22.00
04423             -24.00
04424             -24.00
04425             -22.00
04426             -22.00
04427             -22.00
04428             -24.00
04429             -24.00
04430             -22.00
04431             -22.00
04432             -22.00
04433             -22.00
04434             -24.00
04435             -22.00
04436             -22.00
04437             -24.00
04438             -22.00
04439             -24.00
04440             -22.00
04441             -24.00
04442             -26.00
04443             -24.00
04444             -24.00
04445             -24.00
04446             -26.00
04447             -22.00
04448             -24.00
04449             -24.00
04450             -24.00
04451             -26.00
04452             -22.00
04453             -22.00
04454             -24.00
04455             -24.00
04456             -26.00
04457             -24.00
04458             -26.00
04459             -24.00
04460             -22.00
04461             -22.00
04462             -24.00
04463             -20.00
04464             -24.00
04465             -24.00
04466             -22.00
04467             -24.00
04468             -24.00
04469             -26.00
04470             -24.00
04471             -26.00
04472             -24.00
04473             -22.00
04474             -24.00
04475             -24.00
04476             -22.00
04477             -22.00
04478             -24.00
04479             -24.00
04480             -24.00
04481             -24.00
04482             -22.00
04483             -24.00
04484             -22.00
04485             -24.00
04486             -22.00
04487             -24.00
04488             -22.00
04489             -24.00
04490             -24.00
04491             -24.00
04492             -24.00
04493             -26.00
04494             -24.00
04495             -24.00
04496             -24.00
04497             -24.00
04498             -24.00
04499             -24.00
04500             -20.00
04501             -24.00
04502             -22.00
04503             -22.00
04504             -22.00
04505             -24.00
04506             -24.00
04507             -22.00
04508             -24.00
04509             -22.00
04510              -4.00
04511              24.00
04512              52.00
04513              72.00
04514              92.00
04515             108.00
04516             122.00
04517             136.00
04518             146.00
04519             158.00
04520             168.00
04521             180.00
04522             186.00
04523             196.00
04524             202.00
04525             208.00
04526             212.00
04527             220.00
04528             224.00
04529             228.00
04530             232.00
04531             236.00
04532             238.00
04533             242.00
04534             244.00
04535             130.00
04536              40.00
04537               4.00
04538              -6.00
04539             -12.00
04540             -14.00
04541             -14.00
04542             -14.00
04543             -14.00
04544             -18.00
04545             -14.00
04546             -16.00
04547             -14.00
04548             -14.00
04549             -16.00
04550             -16.00
04551             -16.00
04552             -16.00
04553             -16.00
04554             -16.00
04555             -14.00
04556             -18.00
04557             -18.00
04558             -16.00
04559             -14.00
04560             -18.00
04561             -20.00
04562             -16.00
04563             -18.00
04564             -14.00
04565             -18.00
04566             -14.00
04567             -18.00
04568             -18.00
04569             -18.00
04570             -16.00
04571             -20.00
04572             -18.00
04573             -16.00
04574             -14.00
04575             -16.00
04576             -20.00
04577             -14.00
04578             -18.00
04579             -18.00
04580             -18.00
04581             -18.00
04582             -20.00
04583             -20.00
04584             -20.00
04585             -18.00
04586             -18.00
04587             -18.00
04588             -20.00
04589             -18.00
04590             -20.00
04591             -14.00
04592             -18.00
04593             -20.00
04594             -18.00
04595             -18.00
04596             -20.00
04597             -20.00
04598             -18.00
04599             -20.00
04600             -20.00
04601             -20.00
04602             -20.00
04603             -18.00
04604             -18.00
04605             -20.00
04606             -20.00
04607             -20.00
04608             -20.00
04609             -20.00
04610             -20.00
04611             -20.00
04612             -20.00
04613             -20.00
04614             -22.00
04615             -20.00
04616             -22.00
04617             -24.00
04618             -22.00
04619             -22.00
04620             -20.00
04621             -20.00
04622             -20.00
04623             -20.00
04624             -20.00
04625             -20.00
04626             -20.00
04627             -18.00
04628             -20.00
04629             -22.00
04630             -22.00
04631             -20.00
04632             -20.00
04633             -20.00
04634             -22.00
04635             -22.00
04636             -22.00
04637             -20.00
04638             -22.00
04639             -20.00
04640             -22.00
04641             -22.00
04642             -22.00
04643             -22.00
04644             -20.00
04645             -20.00
04646             -20.00
04647             -22.00
04648             -22.00
04649             -22.00
04650             -24.00
04651             -22.00
04652             -22.00
04653             -22.00
04654             -24.00
04655             -22.00
04656             -22.00
04657             -24.00
04658             -22.00
04659             -22.00
04660             -24.00
04661             -20.00
04662             -22.00
04663             -20.00
04664             -24.00
04665             -20.00
04666             -22.00
04667             -24.00
04668             -22.00
04669             -24.00
04670             -24.00
04671             -22.00
04672             -24.00
04673             -22.00
04674             -24.00
04675             -24.00
04676             -20.00
04677             -22.00
04678             -22.00
04679             -22.00
04680             -22.00
04681             -24.00
04682             -22.00
04683             -22.00
04684             -22.00
04685             -24.00
04686             -24.00
04687             -24.00
04688             -24.00
04689             -24.00
04690             -22.00
04691             -24.00
04692             -22.00
04693             -24.00
04694             -22.00
04695             -22.00
04696             -24.00
04697             -26.00
04698             -22.00
04699             -26.00
04700             -24.00
04701             -22.00
04702             -24.00
04703             -24.00
04704             -24.00
04705             -22.00
04706             -24.00
04707             -24.00
04708             -24.00
04709             -24.00
04710             -22.00
04711             -24.00
04712             -24.00
04713             -22.00
04714             -26.00
04715             -24.00
04716             -24.00
04717             -24.00
04718             -22.00
04719             -22.00
04720             -20.00
04721             -24.00
04722             -24.00
04723             -24.00
04724             -24.00
04725             -22.00
04726             -24.00
04727             -24.00
04728             -26.00
04729             -24.00
04730             -24.00
04731             -22.00
04732             -24.00
04733             -24.00
04734             -22.00
04735             -26.00
04736             -24.00
04737             -24.00
04738             -24.00
04739             -24.00
04740             -24.00
04741             -24.00
04742             -24.00
04743             -22.00
04744             -24.00
04745             -24.00
04746             -24.00
04747             -24.00
04748             -24.00
04749             -24.00
04750             -24.00
04751             -24.00
04752             -24.00
04753             -24.00
04754             -22.00
04755             -22.00
04756             -24.00
04757             -26.00
04758             -24.00
04759             -26.00
04760              -2.00
04761              26.00
04762              50.00
04763              70.00
04764              90.00
04765             108.00
04766             122.00
04767             136.00
04768             146.00
04769             160.00
04770             168.00
04771             178.00
04772             190.00
04773             194.00
04774             200.00
04775             206.00
04776             214.00
04777             220.00
04778             224.00
04779             226.00
04780             234.00
04781             236.00
04782             240.00
04783             244.00
04784             246.00
04785             134.00
04786              42.00
04787               6.00
04788              -6.00
04789             -14.00
04790             -14.00
04791             -16.00
04792             -14.00
04793             -16.00
04794             -12.00
04795             -16.00
04796             -16.00
04797             -18.00
04798             -16.00
04799             -16.00
04800             -18.00
04801             -16.00
04802             -14.00
04803             -18.00
04804             -16.00
04805             -16.00
04806             -16.00
04807             -16.00
04808             -14.00
04809             -18.00
04810             -16.00
04811             -16.00
04812             -16.00
04813             -16.00
04814             -16.00
04815             -18.00
04816             -16.00
04817             -18.00
04818             -18.00
04819             -16.00
04820             -18.00
04821             -16.00
04822             -18.00
04823             -18.00
04824             -20.00
04825             -20.00
04826             -18.00
04827             -18.00
04828             -18.00
04829             -18.00
04830             -16.00
04831             -18.00
04832             -18.00
04833             -20.00
04834             -20.00
04835             -18.00
04836             -20.00
04837             -18.00
04838             -20.00
04839             -16.00
04840             -22.00
04841             -18.00
04842             -18.00
04843             -18.00
04844             -18.00
04845             -18.00
04846             -20.00
04847             -20.00
04848             -18.00
04849             -18.00
04850             -18.00
04851             -18.00
04852             -18.00
04853             -20.00
04854             -20.00
04855             -18.00
04856             -20.00
04857             -18.00
04858             -20.00
04859             -20.00
04860             -22.00
04861             -20.00
04862             -20.00
04863             -18.00
04864             -20.00
04865             -20.00
04866             -22.00
04867             -20.00
04868             -20.00
04869             -22.00
04870             -20.00
04871             -20.00
04872             -20.00
04873             -22.00
04874             -20.00
04875             -20.00
04876             -20.00
04877             -20.00
04878             -22.00
04879             -20.00
04880             -20.00
04881             -22.00
04882             -22.00
04883             -20.00
04884             -22.00
04885             -20.00
04886             -22.00
04887             -20.00
04888             -20.00
04889             -22.00
04890             -22.00
04891             -24.00
04892             -20.00
04893             -24.00
04894             -22.00
04895             -20.00
04896             -20.00
04897             -22.00
04898             -20.00
04899             -20.00
04900             -22.00
04901             -22.00
04902             -22.00
04903             -22.00
04904             -20.00
04905             -22.00
04906             -22.00
04907             -24.00
04908             -24.00
04909             -22.00
04910             -26.00
04911             -22.00
04912             -22.00
04913             -24.00
04914             -22.00
04915             -22.00
04916             -22.00
04917             -22.00
04918             -20.00
04919             -20.00
04920             -22.00
04921             -22.00
04922             -24.00
04923             -22.00
04924             -22.00
04925             -22.00
04926             -22.00
04927             -24.00
04928             -20.00
04929             -24.00
04930             -24.00
04931             -24.00
04932             -24.00
04933             -22.00
04934             -24.00
04935             -22.00
04936             -24.00
04937             -22.00
04938             -22.00
04939             -24.00
04940             -22.00
04941             -20.00
04942             -22.00
04943             -24.00
04944             -26.00
04945             -24.00
04946             -20.00
04947             -24.00
04948             -22.00
04949             -24.00
04950             -24.00
04951             -22.00
04952             -24.00
04953             -22.00
04954             -20.00
04955             -26.00
04956             -24.00
04957             -22.00
04958             -22.00
04959             -22.00
04960             -24.00
04961             -24.00
04962             -22.00
04963             -24.00
04964             -24.00
04965             -24.00
04966             -24.00
04967             -24.00
04968             -24.00
04969             -24.00
04970             -24.00
04971             -22.00
04972             -24.00
04973             -22.00
04974             -22.00
04975             -22.00
04976             -24.00
04977             -26.00
04978             -24.00
04979             -24.00
04980             -24.00
04981             -24.00
04982             -26.00
04983             -24.00
04984             -26.00
04985             -24.00
04986             -24.00
04987             -24.00
04988             -26.00
04989             -24.00
04990             -26.00
04991             -24.00
04992             -26.00
04993             -26.00
04994             -24.00
04995             -24.00
04996             -26.00
04997             -26.00
04998             -26.00
04999             -24.00
05000             -22.00
