Unit:(mV)
                     CH1         CH2
Frequency              ?  999.988 Hz
Period                 ?    1.000 ms
00001             280.00       20.00
00002             340.00        0.00
00003             400.00        0.00
00004             380.00       20.00
00005             240.00        0.00
00006             340.00        0.00
00007             220.00        0.00
00008             400.00        0.00
00009             340.00      -20.00
00010             300.00     1820.00
00011             240.00     1940.00
00012              20.00     1960.00
00013             -60.00     1960.00
00014              20.00     1960.00
00015              80.00     1960.00
00016            -100.00     1960.00
00017              80.00     1980.00
00018             100.00     1960.00
00019             -40.00     1960.00
00020             -80.00     1960.00
00021             -80.00     1940.00
00022             -60.00     1960.00
00023               0.00      -20.00
00024             100.00        0.00
00025             -40.00      -40.00
00026             120.00      -20.00
00027            -120.00        0.00
00028             100.00      -20.00
00029              80.00      -20.00
00030             120.00      -20.00
00031              60.00        0.00
00032             160.00      -20.00
00033              40.00      -20.00
00034            -100.00      -20.00
00035              80.00      -20.00
00036             -80.00      -20.00
00037             160.00      -20.00
00038               0.00      -20.00
00039            -100.00      -20.00
00040            -100.00      -20.00
00041            -120.00      -20.00
00042             -80.00        0.00
00043              80.00      -40.00
00044              40.00        0.00
00045             -60.00      -20.00
00046              60.00        0.00
00047              80.00      -40.00
00048            -100.00      -20.00
00049            -120.00      -20.00
00050             -80.00        0.00
00051            -120.00      -20.00
00052            -100.00      -20.00
00053             100.00      -20.00
00054              60.00      -20.00
00055             -40.00      -20.00
00056              20.00      -20.00
00057              60.00        0.00
00058            -100.00        0.00
00059            -140.00      -20.00
00060            -140.00      -20.00
00061            -180.00      -20.00
00062             -20.00      -20.00
00063             140.00      -20.00
00064            -180.00      -20.00
00065             100.00      -20.00
00066            -160.00      -20.00
00067              20.00      -20.00
00068             140.00      -40.00
00069              60.00      -20.00
00070             100.00        0.00
00071             100.00      -20.00
00072              60.00        0.00
00073            -200.00      -20.00
00074              80.00      -20.00
00075            -180.00      -20.00
00076             100.00       20.00
00077             -60.00      -20.00
00078            -200.00      -20.00
00079            -220.00      -20.00
00080            -220.00        0.00
00081            -180.00        0.00
00082              40.00      -20.00
00083              20.00      -20.00
00084            -220.00      -20.00
00085              20.00      -40.00
00086             -80.00      -20.00
00087            -240.00      -20.00
00088            -180.00      -20.00
00089            -120.00      -20.00
00090            -160.00        0.00
00091            -240.00        0.00
00092            -120.00      -20.00
00093              40.00        0.00
00094            -260.00      -20.00
00095              40.00        0.00
00096             -60.00      -20.00
00097            -260.00        0.00
00098            -240.00        0.00
00099            -220.00      -20.00
00100            -240.00      -20.00
00101            -220.00      -20.00
00102             -20.00        0.00
00103            -120.00      -20.00
00104            -140.00        0.00
00105            -180.00      -20.00
00106              40.00        0.00
00107            -120.00      -40.00
00108            -200.00      -20.00
00109            -240.00      -20.00
00110            -120.00      -20.00
00111               0.00        0.00
00112            -140.00        0.00
00113            -220.00      -20.00
00114             -80.00      -20.00
00115            -140.00        0.00
00116            -300.00        0.00
00117            -200.00      -20.00
00118            -100.00      -20.00
00119            -100.00      -20.00
00120            -260.00      -20.00
00121            -360.00      -20.00
00122             -80.00        0.00
00123            -220.00      -20.00
00124            -100.00        0.00
00125            -320.00      -20.00
00126            -140.00        0.00
00127             -20.00      -20.00
00128             -40.00      -20.00
00129             -20.00        0.00
00130            -120.00        0.00
00131            -340.00      -40.00
00132            -200.00      -20.00
00133            -140.00      -20.00
00134            -240.00      -20.00
00135            -360.00      -20.00
00136            -160.00      -20.00
00137             -60.00      -20.00
00138             -60.00      -20.00
00139            -100.00      -20.00
00140            -220.00       20.00
00141            -360.00      -20.00
00142            -160.00        0.00
00143            -320.00      -20.00
00144            -120.00        0.00
00145            -400.00        0.00
00146            -360.00        0.00
00147            -280.00        0.00
00148            -240.00      -20.00
00149            -360.00      -20.00
00150            -380.00      -20.00
00151            -280.00        0.00
00152            -240.00      -20.00
00153            -320.00        0.00
00154            -360.00      -20.00
00155            -120.00        0.00
00156            -240.00        0.00
00157            -360.00      -20.00
00158            -340.00        0.00
00159            -240.00      -20.00
00160            -180.00      -20.00
00161            -420.00        0.00
00162            -300.00        0.00
00163            -380.00        0.00
00164            -220.00        0.00
00165            -400.00      -20.00
00166            -480.00      -20.00
00167            -480.00      -20.00
00168            -500.00      -20.00
00169            -440.00        0.00
00170            -300.00      -20.00
00171            -340.00      -20.00
00172            -520.00        0.00
00173            -320.00        0.00
00174            -300.00        0.00
00175            -500.00      -20.00
00176            -520.00        0.00
00177            -500.00        0.00
00178            -520.00      -20.00
00179            -500.00        0.00
00180            -340.00      -20.00
00181            -380.00        0.00
00182            -440.00      -20.00
00183            -440.00      -20.00
00184            -260.00      -20.00
00185            -420.00        0.00
00186            -520.00        0.00
00187            -560.00        0.00
00188            -500.00        0.00
00189            -380.00        0.00
00190            -300.00        0.00
00191            -620.00        0.00
00192            -320.00      -20.00
00193            -540.00      -20.00
00194            -540.00      -20.00
00195            -340.00      -20.00
00196            -320.00      -20.00
00197            -360.00        0.00
00198            -400.00        0.00
00199            -560.00      -20.00
00200            -560.00      -20.00
00201            -360.00        0.00
00202            -620.00        0.00
00203            -480.00      -20.00
00204            -420.00        0.00
00205            -540.00        0.00
00206            -640.00       20.00
00207            -620.00      -20.00
00208            -500.00        0.00
00209            -440.00      -20.00
00210            -640.00        0.00
00211            -440.00      -20.00
00212            -600.00      -20.00
00213            -380.00        0.00
00214            -560.00      -20.00
00215            -720.00        0.00
00216            -700.00      -20.00
00217            -660.00        0.00
00218            -560.00      -20.00
00219            -460.00        0.00
00220            -660.00        0.00
00221            -520.00      -20.00
00222            -720.00        0.00
00223            -460.00      -20.00
00224            -580.00        0.00
00225            -640.00        0.00
00226            -700.00      -20.00
00227            -620.00        0.00
00228            -540.00        0.00
00229            -580.00       20.00
00230            -760.00      -20.00
00231            -520.00      -20.00
00232            -720.00        0.00
00233            -720.00      -20.00
00234            -580.00        0.00
00235            -460.00      -20.00
00236            -480.00      -20.00
00237            -580.00      -20.00
00238            -760.00        0.00
00239            -800.00        0.00
00240            -540.00        0.00
00241            -820.00        0.00
00242            -580.00        0.00
00243            -560.00        0.00
00244            -740.00      -20.00
00245            -820.00        0.00
00246            -780.00      -20.00
00247            -700.00        0.00
00248            -520.00        0.00
00249            -740.00        0.00
00250            -720.00      -20.00
00251            -760.00        0.00
00252            -640.00        0.00
00253            -880.00        0.00
00254            -880.00        0.00
00255            -860.00      -20.00
00256            -920.00        0.00
00257            -880.00        0.00
00258            -640.00      -20.00
00259            -760.00      -20.00
00260            -880.00        0.00
00261            -740.00        0.00
00262            -680.00        0.00
00263            -880.00        0.00
00264            -940.00        0.00
00265            -960.00        0.00
00266            -940.00        0.00
00267            -840.00      -20.00
00268            -660.00      -20.00
00269            -880.00        0.00
00270            -740.00      -20.00
00271            -960.00      -20.00
00272            -700.00        0.00
00273            -740.00        0.00
00274            -840.00        0.00
00275            -800.00        0.00
00276            -720.00        0.00
00277            -740.00        0.00
00278            -940.00        0.00
00279            -860.00        0.00
00280            -900.00      -20.00
00281            -720.00        0.00
00282           -1000.00      -20.00
00283            -940.00      -20.00
00284            -920.00        0.00
00285            -940.00        0.00
00286            -980.00        0.00
00287            -980.00      -20.00
00288            -720.00        0.00
00289           -1000.00      -20.00
00290            -780.00        0.00
00291           -1060.00        0.00
00292            -960.00        0.00
00293            -780.00        0.00
00294            -780.00      -20.00
00295            -820.00      -20.00
00296            -940.00        0.00
00297           -1040.00      -20.00
00298            -920.00        0.00
00299           -1000.00      -20.00
00300            -880.00        0.00
00301           -1100.00      -20.00
00302            -920.00        0.00
00303            -840.00        0.00
00304            -780.00      -20.00
00305            -880.00        0.00
00306            -940.00        0.00
00307           -1120.00        0.00
00308            -840.00        0.00
00309           -1120.00        0.00
00310            -880.00        0.00
00311           -1060.00        0.00
00312           -1100.00        0.00
00313           -1060.00      -20.00
00314           -1020.00        0.00
00315           -1080.00      -20.00
00316           -1160.00        0.00
00317           -1000.00        0.00
00318           -1020.00      -20.00
00319           -1100.00      -20.00
00320           -1100.00      -20.00
00321            -840.00        0.00
00322            -980.00        0.00
00323           -1060.00        0.00
00324           -1080.00        0.00
00325            -960.00      -20.00
00326            -880.00        0.00
00327           -1140.00        0.00
00328           -1080.00      -20.00
00329           -1100.00        0.00
00330            -980.00      -20.00
00331           -1180.00      -20.00
00332           -1180.00        0.00
00333           -1220.00        0.00
00334           -1200.00      -20.00
00335           -1240.00        0.00
00336           -1040.00      -20.00
00337            -980.00        0.00
00338           -1240.00      -20.00
00339           -1000.00        0.00
00340           -1140.00        0.00
00341           -1220.00        0.00
00342           -1200.00        0.00
00343           -1140.00        0.00
00344           -1220.00        0.00
00345           -1240.00      -20.00
00346           -1140.00        0.00
00347           -1020.00        0.00
00348           -1280.00        0.00
00349           -1060.00        0.00
00350           -1060.00        0.00
00351           -1260.00        0.00
00352           -1260.00        0.00
00353           -1280.00        0.00
00354           -1260.00        0.00
00355           -1240.00        0.00
00356           -1020.00        0.00
00357           -1240.00        0.00
00358           -1100.00        0.00
00359           -1300.00      -20.00
00360           -1040.00        0.00
00361           -1040.00        0.00
00362           -1080.00       20.00
00363           -1120.00        0.00
00364           -1040.00      -20.00
00365           -1060.00       20.00
00366           -1320.00      -20.00
00367           -1160.00        0.00
00368           -1280.00        0.00
00369           -1060.00      -20.00
00370           -1280.00        0.00
00371           -1300.00        0.00
00372           -1340.00        0.00
00373           -1320.00      -20.00
00374           -1320.00        0.00
00375           -1180.00      -20.00
00376           -1040.00        0.00
00377           -1320.00      -20.00
00378           -1080.00       20.00
00379           -1240.00      -20.00
00380           -1320.00        0.00
00381           -1260.00        0.00
00382           -1160.00        0.00
00383           -1260.00        0.00
00384           -1340.00      -20.00
00385           -1260.00      -20.00
00386           -1040.00        0.00
00387           -1380.00      -20.00
00388           -1020.00      -20.00
00389           -1220.00       20.00
00390           -1360.00      -20.00
00391           -1340.00      -20.00
00392           -1320.00      -20.00
00393           -1320.00        0.00
00394           -1360.00        0.00
00395           -1200.00       20.00
00396           -1200.00      -20.00
00397           -1260.00        0.00
00398           -1300.00      -20.00
00399           -1100.00      -20.00
00400           -1240.00        0.00
00401           -1260.00        0.00
00402           -1280.00        0.00
00403           -1240.00        0.00
00404           -1120.00      -20.00
00405           -1220.00        0.00
00406           -1300.00      -20.00
00407           -1080.00        0.00
00408           -1260.00        0.00
00409           -1400.00       20.00
00410           -1260.00        0.00
00411           -1160.00      -20.00
00412           -1180.00       20.00
00413           -1340.00        0.00
00414           -1320.00      -20.00
00415           -1200.00      -20.00
00416           -1300.00        0.00
00417           -1260.00        0.00
00418           -1380.00        0.00
00419           -1140.00        0.00
00420           -1020.00      -20.00
00421           -1040.00        0.00
00422           -1020.00        0.00
00423           -1080.00        0.00
00424           -1380.00      -20.00
00425           -1260.00      -20.00
00426           -1180.00      -20.00
00427           -1260.00       20.00
00428           -1380.00        0.00
00429           -1100.00        0.00
00430           -1000.00        0.00
00431           -1100.00      -20.00
00432           -1000.00        0.00
00433           -1220.00        0.00
00434           -1360.00        0.00
00435           -1200.00        0.00
00436           -1360.00      -20.00
00437           -1160.00      -20.00
00438           -1300.00        0.00
00439           -1400.00        0.00
00440           -1260.00       20.00
00441           -1240.00        0.00
00442           -1360.00        0.00
00443           -1320.00        0.00
00444           -1260.00        0.00
00445           -1240.00      -20.00
00446           -1280.00        0.00
00447           -1360.00      -20.00
00448           -1040.00        0.00
00449           -1200.00      -20.00
00450           -1280.00        0.00
00451           -1260.00        0.00
00452           -1200.00        0.00
00453            -980.00        0.00
00454           -1400.00        0.00
00455           -1260.00      -20.00
00456           -1380.00      -20.00
00457           -1040.00        0.00
00458           -1300.00        0.00
00459           -1320.00        0.00
00460           -1360.00        0.00
00461           -1340.00        0.00
00462           -1280.00        0.00
00463           -1160.00        0.00
00464           -1180.00      -20.00
00465           -1300.00        0.00
00466           -1160.00        0.00
00467           -1160.00        0.00
00468           -1260.00      -20.00
00469           -1320.00        0.00
00470           -1360.00      -20.00
00471           -1320.00       20.00
00472           -1260.00        0.00
00473           -1120.00      -20.00
00474           -1260.00      -20.00
00475           -1260.00        0.00
00476           -1320.00      -20.00
00477            -980.00        0.00
00478           -1260.00        0.00
00479           -1260.00        0.00
00480           -1260.00        0.00
00481           -1260.00      -20.00
00482           -1120.00        0.00
00483           -1060.00      -20.00
00484           -1280.00        0.00
00485           -1020.00      -20.00
00486           -1260.00      -20.00
00487           -1340.00        0.00
00488           -1060.00      -20.00
00489            -960.00        0.00
00490           -1020.00      -20.00
00491           -1100.00        0.00
00492           -1320.00        0.00
00493           -1240.00      -20.00
00494           -1000.00      -20.00
00495           -1260.00      -20.00
00496           -1160.00        0.00
00497           -1060.00        0.00
00498           -1200.00        0.00
00499           -1240.00      -20.00
00500           -1220.00       20.00
00501           -1140.00      -20.00
00502           -1040.00      -20.00
00503           -1280.00        0.00
00504           -1080.00        0.00
00505           -1280.00      -20.00
00506           -1040.00        0.00
00507           -1100.00       20.00
00508           -1200.00      -20.00
00509           -1240.00        0.00
00510           -1200.00        0.00
00511           -1100.00      -20.00
00512           -1000.00        0.00
00513           -1280.00      -20.00
00514           -1040.00       20.00
00515           -1240.00      -20.00
00516           -1020.00        0.00
00517           -1060.00        0.00
00518           -1140.00        0.00
00519           -1180.00      -20.00
00520           -1100.00      -20.00
00521           -1020.00        0.00
00522           -1140.00      -20.00
00523           -1160.00        0.00
00524           -1000.00      -20.00
00525           -1140.00        0.00
00526           -1180.00      -20.00
00527           -1060.00        0.00
00528           -1000.00        0.00
00529            -980.00        0.00
00530           -1060.00      -20.00
00531           -1200.00        0.00
00532           -1100.00        0.00
00533           -1000.00      -20.00
00534           -1140.00        0.00
00535           -1100.00      -20.00
00536            -960.00      -20.00
00537           -1040.00        0.00
00538           -1120.00      -20.00
00539           -1080.00      -20.00
00540            -980.00        0.00
00541            -960.00        0.00
00542           -1160.00        0.00
00543           -1000.00      -20.00
00544           -1120.00        0.00
00545            -960.00      -20.00
00546           -1040.00      -20.00
00547           -1100.00      -20.00
00548           -1100.00        0.00
00549           -1100.00        0.00
00550           -1020.00      -20.00
00551            -920.00        0.00
00552           -1080.00        0.00
00553            -980.00        0.00
00554           -1080.00      -20.00
00555            -920.00        0.00
00556           -1000.00      -20.00
00557           -1020.00        0.00
00558           -1040.00      -20.00
00559           -1000.00        0.00
00560            -920.00        0.00
00561            -900.00      -20.00
00562           -1020.00        0.00
00563            -920.00        0.00
00564           -1040.00      -20.00
00565            -980.00        0.00
00566            -920.00      -20.00
00567            -900.00        0.00
00568            -940.00        0.00
00569            -880.00      -20.00
00570            -900.00        0.00
00571           -1000.00      -20.00
00572            -860.00        0.00
00573            -960.00        0.00
00574            -880.00        0.00
00575            -920.00        0.00
00576            -960.00        0.00
00577            -960.00      -20.00
00578            -960.00       20.00
00579            -920.00        0.00
00580            -860.00        0.00
00581            -840.00        0.00
00582            -900.00      -20.00
00583            -840.00        0.00
00584            -900.00      -20.00
00585            -880.00        0.00
00586            -880.00      -20.00
00587            -860.00        0.00
00588            -860.00      -20.00
00589            -880.00        0.00
00590            -840.00        0.00
00591            -820.00      -20.00
00592            -840.00       20.00
00593            -820.00        0.00
00594            -840.00        0.00
00595            -880.00        0.00
00596            -820.00        0.00
00597            -780.00        0.00
00598            -800.00        0.00
00599            -840.00        0.00
00600            -740.00      -20.00
00601            -760.00        0.00
00602            -760.00        0.00
00603            -760.00        0.00
00604            -720.00        0.00
00605            -740.00        0.00
00606            -780.00        0.00
00607            -740.00        0.00
00608            -740.00        0.00
00609            -700.00        0.00
00610            -740.00        0.00
00611            -720.00        0.00
00612            -740.00      -20.00
00613            -660.00        0.00
00614            -720.00      -20.00
00615            -720.00        0.00
00616            -700.00      -20.00
00617            -700.00        0.00
00618            -740.00        0.00
00619            -700.00        0.00
00620            -640.00        0.00
00621            -700.00        0.00
00622            -620.00        0.00
00623            -680.00        0.00
00624            -620.00        0.00
00625            -580.00        0.00
00626            -580.00        0.00
00627            -620.00        0.00
00628            -560.00      -20.00
00629            -620.00        0.00
00630            -620.00        0.00
00631            -560.00      -20.00
00632            -580.00        0.00
00633            -580.00      -20.00
00634            -560.00        0.00
00635            -540.00        0.00
00636            -520.00        0.00
00637            -520.00        0.00
00638            -540.00        0.00
00639            -560.00      -20.00
00640            -520.00      -20.00
00641            -520.00        0.00
00642            -480.00        0.00
00643            -520.00       20.00
00644            -520.00      -20.00
00645            -500.00        0.00
00646            -460.00      -20.00
00647            -460.00       20.00
00648            -480.00      -20.00
00649            -460.00        0.00
00650            -400.00        0.00
00651            -440.00        0.00
00652            -420.00        0.00
00653            -380.00        0.00
00654            -420.00        0.00
00655            -400.00        0.00
00656            -380.00        0.00
00657            -400.00        0.00
00658            -320.00        0.00
00659            -360.00        0.00
00660            -320.00        0.00
00661            -340.00        0.00
00662            -300.00        0.00
00663            -280.00        0.00
00664            -300.00        0.00
00665            -320.00       20.00
00666            -280.00        0.00
00667            -260.00      -20.00
00668            -220.00        0.00
00669            -220.00      -20.00
00670            -240.00      -20.00
00671            -240.00        0.00
00672            -200.00        0.00
00673            -260.00        0.00
00674            -280.00      -20.00
00675            -260.00        0.00
00676            -240.00      -20.00
00677            -220.00       20.00
00678            -120.00      -20.00
00679            -140.00        0.00
00680            -140.00      -20.00
00681             -80.00      -20.00
00682             -80.00        0.00
00683            -140.00        0.00
00684            -200.00        0.00
00685            -240.00      -20.00
00686            -180.00      -20.00
00687             -40.00      -20.00
00688               0.00        0.00
00689            -200.00        0.00
00690             100.00      -20.00
00691            -200.00        0.00
00692              40.00        0.00
00693              40.00        0.00
00694              40.00      -20.00
00695              40.00      -20.00
00696             100.00        0.00
00697              80.00      -20.00
00698            -140.00        0.00
00699             120.00        0.00
00700             -60.00      -20.00
00701             140.00      -20.00
00702              20.00        0.00
00703             -80.00        0.00
00704            -120.00        0.00
00705             -60.00      -20.00
00706             -60.00      -20.00
00707             120.00        0.00
00708             320.00        0.00
00709             -80.00        0.00
00710             260.00      -20.00
00711             120.00        0.00
00712             -20.00      -20.00
00713             100.00        0.00
00714             200.00      -20.00
00715             160.00        0.00
00716              20.00        0.00
00717             120.00      -20.00
00718             380.00        0.00
00719             -20.00        0.00
00720             480.00        0.00
00721             140.00        0.00
00722             -20.00       20.00
00723             180.00        0.00
00724             160.00        0.00
00725             160.00        0.00
00726               0.00        0.00
00727             300.00        0.00
00728             500.00      -20.00
00729             160.00        0.00
00730             300.00        0.00
00731             460.00        0.00
00732             220.00        0.00
00733             140.00        0.00
00734             140.00        0.00
00735             200.00      -20.00
00736             480.00        0.00
00737             480.00        0.00
00738             120.00        0.00
00739             700.00        0.00
00740             240.00        0.00
00741             160.00        0.00
00742             560.00        0.00
00743             600.00      -20.00
00744             720.00      -20.00
00745             440.00      -20.00
00746             220.00        0.00
00747             460.00      -20.00
00748             540.00        0.00
00749             360.00      -20.00
00750             380.00        0.00
00751             820.00        0.00
00752             800.00        0.00
00753             720.00        0.00
00754             820.00        0.00
00755             860.00        0.00
00756             600.00        0.00
00757             320.00        0.00
00758             760.00      -20.00
00759             280.00      -20.00
00760             620.00        0.00
00761             800.00      -20.00
00762             860.00        0.00
00763             680.00        0.00
00764             840.00        0.00
00765             840.00        0.00
00766             540.00        0.00
00767             460.00        0.00
00768             740.00       20.00
00769             560.00        0.00
00770             400.00        0.00
00771             880.00        0.00
00772             960.00      -20.00
00773            1020.00        0.00
00774             920.00       20.00
00775             600.00        0.00
00776             400.00        0.00
00777             920.00      -20.00
00778             320.00        0.00
00779            1000.00      -20.00
00780             820.00      -20.00
00781             420.00        0.00
00782             380.00      -20.00
00783             340.00        0.00
00784             500.00        0.00
00785            1020.00        0.00
00786             920.00        0.00
00787             440.00        0.00
00788            1080.00        0.00
00789             720.00        0.00
00790             400.00      -20.00
00791             700.00        0.00
00792             880.00      -20.00
00793             820.00      -20.00
00794             560.00        0.00
00795             480.00      -20.00
00796            1180.00        0.00
00797             640.00        0.00
00798            1100.00        0.00
00799             480.00      -20.00
00800             800.00       20.00
00801             960.00        0.00
00802            1140.00        0.00
00803             980.00        0.00
00804             800.00        0.00
00805             540.00        0.00
00806            1160.00      -20.00
00807             620.00        0.00
00808            1240.00        0.00
00809             720.00      -20.00
00810             540.00      -20.00
00811             780.00      -20.00
00812             800.00        0.00
00813             680.00      -20.00
00814             540.00        0.00
00815            1240.00      -20.00
00816            1080.00        0.00
00817             880.00        0.00
00818             840.00       20.00
00819            1300.00        0.00
00820            1100.00        0.00
00821             880.00        0.00
00822             860.00      -20.00
00823            1160.00       20.00
00824            1280.00      -20.00
00825             980.00        0.00
00826            1020.00      -20.00
00827            1020.00      -20.00
00828            1240.00      -20.00
00829             680.00      -20.00
00830             800.00        0.00
00831             980.00        0.00
00832             940.00        0.00
00833             720.00        0.00
00834             920.00        0.00
00835            1300.00       20.00
00836             680.00      -20.00
00837            1400.00       20.00
00838             820.00        0.00
00839             800.00        0.00
00840            1180.00      -20.00
00841            1180.00        0.00
00842            1220.00      -20.00
00843             800.00      -20.00
00844             820.00      -20.00
00845            1460.00      -20.00
00846             740.00        0.00
00847            1360.00        0.00
00848             960.00        0.00
00849             880.00      -20.00
00850            1100.00       20.00
00851            1140.00        0.00
00852            1020.00        0.00
00853             800.00        0.00
00854            1280.00      -20.00
00855            1200.00      -20.00
00856            1000.00        0.00
00857            1220.00        0.00
00858            1420.00        0.00
00859            1160.00        0.00
00860             920.00        0.00
00861             920.00      -20.00
00862            1100.00        0.00
00863            1480.00      -20.00
00864            1180.00        0.00
00865             960.00        0.00
00866            1400.00        0.00
00867            1240.00      -20.00
00868             880.00        0.00
00869            1140.00      -20.00
00870            1240.00        0.00
00871            1240.00        0.00
00872            1020.00       20.00
00873             900.00        0.00
00874            1480.00      -20.00
00875            1160.00        0.00
00876            1380.00        0.00
00877             900.00        0.00
00878            1300.00      -20.00
00879            1440.00        0.00
00880            1520.00        0.00
00881            1440.00      -20.00
00882            1360.00      -20.00
00883             960.00        0.00
00884            1300.00        0.00
00885            1300.00        0.00
00886            1380.00      -20.00
00887             960.00        0.00
00888            1240.00      -20.00
00889            1400.00        0.00
00890            1440.00      -20.00
00891            1380.00        0.00
00892            1180.00      -20.00
00893             980.00        0.00
00894            1520.00      -20.00
00895            1120.00        0.00
00896            1480.00        0.00
00897            1160.00        0.00
00898            1080.00        0.00
00899            1120.00      -20.00
00900            1220.00        0.00
00901            1040.00        0.00
00902            1120.00        0.00
00903            1480.00        0.00
00904            1180.00       20.00
00905            1360.00      -20.00
00906            1140.00        0.00
00907            1440.00        0.00
00908            1480.00        0.00
00909            1420.00        0.00
00910            1420.00        0.00
00911            1500.00        0.00
00912            1380.00       20.00
00913            1140.00        0.00
00914            1420.00        0.00
00915            1080.00      -20.00
00916            1440.00      -20.00
00917            1340.00        0.00
00918            1200.00        0.00
00919            1200.00       20.00
00920            1180.00      -20.00
00921            1300.00        0.00
00922            1460.00      -20.00
00923            1180.00        0.00
00924            1340.00      -20.00
00925            1220.00        0.00
00926            1460.00      -20.00
00927            1340.00        0.00
00928            1200.00      -20.00
00929            1180.00      -20.00
00930            1240.00        0.00
00931            1360.00        0.00
00932            1440.00        0.00
00933            1200.00        0.00
00934            1400.00        0.00
00935            1160.00        0.00
00936            1380.00        0.00
00937            1400.00      -20.00
00938            1380.00        0.00
00939            1380.00        0.00
00940            1420.00        0.00
00941            1380.00        0.00
00942            1240.00        0.00
00943            1340.00        0.00
00944            1280.00        0.00
00945            1360.00        0.00
00946            1240.00        0.00
00947            1220.00        0.00
00948            1280.00        0.00
00949            1280.00        0.00
00950            1220.00        0.00
00951            1280.00      -20.00
00952            1400.00        0.00
00953            1220.00        0.00
00954            1400.00       20.00
00955            1220.00        0.00
00956            1280.00      -20.00
00957            1400.00      -20.00
00958            1400.00        0.00
00959            1400.00        0.00
00960            1320.00      -20.00
00961            1220.00        0.00
00962            1320.00      -20.00
00963            1300.00        0.00
00964            1320.00        0.00
00965            1260.00      -20.00
00966            1360.00      -20.00
00967            1380.00      -20.00
00968            1380.00        0.00
00969            1400.00      -20.00
00970            1360.00        0.00
00971            1220.00        0.00
00972            1340.00        0.00
00973            1280.00       20.00
00974            1340.00        0.00
00975            1180.00        0.00
00976            1260.00        0.00
00977            1380.00        0.00
00978            1340.00        0.00
00979            1340.00       20.00
00980            1200.00      -20.00
00981            1240.00        0.00
00982            1380.00        0.00
00983            1180.00        0.00
00984            1360.00      -20.00
00985            1320.00        0.00
00986            1200.00      -20.00
00987            1180.00       20.00
00988            1160.00        0.00
00989            1220.00       20.00
00990            1320.00        0.00
00991            1320.00       20.00
00992            1140.00      -20.00
00993            1360.00        0.00
00994            1220.00      -20.00
00995            1180.00        0.00
00996            1320.00        0.00
00997            1320.00      -20.00
00998            1320.00        0.00
00999            1240.00        0.00
01000            1160.00        0.00
01001            1300.00      -20.00
01002            1240.00      -20.00
01003            1280.00        0.00
01004            1200.00        0.00
01005            1280.00      -20.00
01006            1320.00      -20.00
01007            1300.00        0.00
01008            1320.00       20.00
01009            1300.00        0.00
01010            1200.00        0.00
01011            1240.00        0.00
01012            1240.00        0.00
01013            1260.00        0.00
01014            1160.00        0.00
01015            1240.00        0.00
01016            1300.00        0.00
01017            1300.00        0.00
01018            1280.00        0.00
01019            1180.00        0.00
01020            1140.00      -20.00
01021            1280.00       20.00
01022            1140.00        0.00
01023            1260.00        0.00
01024            1160.00        0.00
01025            1120.00        0.00
01026            1160.00        0.00
01027            1160.00        0.00
01028            1120.00        0.00
01029            1100.00        0.00
01030            1240.00      -20.00
01031            1140.00      -20.00
01032            1220.00      -20.00
01033            1140.00        0.00
01034            1200.00        0.00
01035            1220.00      -20.00
01036            1180.00        0.00
01037            1220.00        0.00
01038            1240.00        0.00
01039            1180.00      -20.00
01040            1100.00        0.00
01041            1200.00        0.00
01042            1080.00        0.00
01043            1200.00        0.00
01044            1140.00      -20.00
01045            1080.00        0.00
01046            1060.00      -20.00
01047            1100.00        0.00
01048            1120.00        0.00
01049            1160.00        0.00
01050            1100.00      -20.00
01051            1140.00        0.00
01052            1100.00        0.00
01053            1160.00       20.00
01054            1100.00        0.00
01055            1040.00       20.00
01056            1040.00        0.00
01057            1020.00        0.00
01058            1100.00      -20.00
01059            1160.00        0.00
01060            1040.00      -20.00
01061            1100.00        0.00
01062            1000.00        0.00
01063            1140.00       20.00
01064            1100.00        0.00
01065            1040.00        0.00
01066            1020.00      -20.00
01067            1060.00        0.00
01068            1140.00       20.00
01069            1060.00        0.00
01070            1000.00        0.00
01071            1100.00      -20.00
01072            1060.00        0.00
01073             980.00      -20.00
01074            1020.00        0.00
01075            1080.00        0.00
01076            1080.00        0.00
01077            1040.00        0.00
01078             900.00        0.00
01079            1060.00      -20.00
01080            1080.00       20.00
01081             980.00      -20.00
01082             960.00        0.00
01083            1080.00        0.00
01084            1060.00        0.00
01085            1060.00      -20.00
01086            1060.00        0.00
01087            1080.00        0.00
01088            1020.00        0.00
01089             860.00       20.00
01090            1100.00        0.00
01091             840.00        0.00
01092             980.00        0.00
01093            1100.00      -20.00
01094            1000.00      -20.00
01095             960.00      -20.00
01096            1040.00        0.00
01097            1080.00        0.00
01098             960.00        0.00
01099             860.00      -20.00
01100            1080.00        0.00
01101             860.00      -20.00
01102             860.00        0.00
01103            1040.00        0.00
01104            1060.00       20.00
01105            1040.00        0.00
01106            1060.00      -20.00
01107             960.00        0.00
01108             760.00        0.00
01109            1020.00        0.00
01110             800.00        0.00
01111            1060.00        0.00
01112             840.00        0.00
01113             760.00        0.00
01114             740.00        0.00
01115             760.00        0.00
01116             740.00        0.00
01117             840.00      -20.00
01118            1060.00        0.00
01119             720.00        0.00
01120            1040.00        0.00
01121             680.00      -20.00
01122             900.00        0.00
01123            1040.00       20.00
01124            1040.00        0.00
01125            1040.00        0.00
01126            1000.00      -20.00
01127             720.00       20.00
01128             840.00        0.00
01129             940.00       20.00
01130             760.00        0.00
01131             760.00        0.00
01132            1000.00        0.00
01133            1000.00        0.00
01134             960.00        0.00
01135            1020.00      -20.00
01136             980.00        0.00
01137             680.00        0.00
01138             740.00        0.00
01139             900.00        0.00
01140             780.00        0.00
01141             640.00      -20.00
01142             920.00        0.00
01143            1020.00       20.00
01144            1000.00        0.00
01145             960.00      -20.00
01146             820.00        0.00
01147             600.00        0.00
01148             940.00      -20.00
01149             560.00        0.00
01150             960.00        0.00
01151             640.00      -20.00
01152             560.00        0.00
01153             640.00      -20.00
01154             600.00        0.00
01155             520.00        0.00
01156             620.00        0.00
01157             940.00        0.00
01158             560.00      -20.00
01159             880.00        0.00
01160             460.00        0.00
01161             780.00        0.00
01162             920.00      -20.00
01163             880.00        0.00
01164             920.00        0.00
01165             880.00        0.00
01166             620.00        0.00
01167             560.00        0.00
01168             860.00        0.00
01169             540.00        0.00
01170             700.00        0.00
01171             860.00      -20.00
01172             760.00        0.00
01173             660.00        0.00
01174             720.00       20.00
01175             820.00        0.00
01176             720.00        0.00
01177             480.00      -20.00
01178             860.00        0.00
01179             460.00        0.00
01180             680.00        0.00
01181             820.00      -20.00
01182             720.00      -20.00
01183             680.00        0.00
01184             740.00       20.00
01185             820.00        0.00
01186             520.00        0.00
01187             540.00      -20.00
01188             720.00        0.00
01189             620.00        0.00
01190             380.00        0.00
01191             600.00      -20.00
01192             720.00        0.00
01193             740.00        0.00
01194             640.00      -20.00
01195             400.00        0.00
01196             500.00        0.00
01197             720.00        0.00
01198             380.00        0.00
01199             660.00        0.00
01200             660.00        0.00
01201             500.00      -20.00
01202             360.00        0.00
01203             400.00        0.00
01204             480.00        0.00
01205             700.00      -20.00
01206             440.00        0.00
01207             520.00      -20.00
01208             520.00        0.00
01209             580.00        0.00
01210             400.00      -20.00
01211             380.00      -20.00
01212             340.00      -20.00
01213             340.00        0.00
01214             360.00      -20.00
01215             520.00        0.00
01216             600.00        0.00
01217             320.00        0.00
01218             560.00        0.00
01219             440.00       20.00
01220             280.00        0.00
01221             320.00      -20.00
01222             340.00        0.00
01223             300.00      -20.00
01224             300.00        0.00
01225             460.00      -20.00
01226             440.00        0.00
01227             380.00        0.00
01228             380.00        0.00
01229             560.00        0.00
01230             420.00        0.00
01231             280.00      -20.00
01232             280.00       20.00
01233             360.00        0.00
01234             480.00        0.00
01235             440.00      -20.00
01236             280.00        0.00
01237             500.00      -20.00
01238             320.00        0.00
01239             340.00      -20.00
01240             420.00      -20.00
01241             500.00      -20.00
01242             440.00        0.00
01243             420.00      -20.00
01244             260.00        0.00
01245             380.00        0.00
01246             440.00        0.00
01247             260.00        0.00
01248             340.00      -20.00
01249             440.00        0.00
01250             340.00        0.00
01251             360.00        0.00
01252             360.00      -20.00
01253             380.00        0.00
01254             340.00        0.00
01255             220.00        0.00
01256             400.00      -20.00
01257             280.00        0.00
01258             400.00       20.00
01259             360.00        0.00
01260             320.00     2180.00
01261             -20.00     1960.00
01262               0.00     1960.00
01263             -80.00     1980.00
01264             -40.00     1960.00
01265             100.00     1940.00
01266             -60.00     1960.00
01267             120.00     1940.00
01268              60.00     1960.00
01269             -60.00     1940.00
01270             -80.00     1960.00
01271             -40.00     1940.00
01272             -60.00     1960.00
01273             -60.00        0.00
01274              80.00        0.00
01275              20.00      -20.00
01276              20.00      -20.00
01277             -40.00      -20.00
01278             140.00      -20.00
01279              80.00      -20.00
01280              40.00      -20.00
01281               0.00        0.00
01282             100.00      -20.00
01283             120.00      -20.00
01284             -80.00      -20.00
01285              60.00      -20.00
01286             -60.00      -20.00
01287             120.00      -20.00
01288             -40.00      -20.00
01289            -120.00      -20.00
01290             -80.00      -20.00
01291             -80.00      -20.00
01292            -120.00      -20.00
01293              40.00      -40.00
01294              60.00      -20.00
01295            -140.00      -20.00
01296             120.00      -20.00
01297              20.00      -20.00
01298            -120.00      -20.00
01299             -20.00        0.00
01300              20.00        0.00
01301             -60.00        0.00
01302            -120.00      -40.00
01303             -20.00      -20.00
01304             100.00      -20.00
01305            -140.00      -20.00
01306              80.00      -20.00
01307               0.00      -20.00
01308            -140.00      -20.00
01309            -120.00      -20.00
01310            -100.00      -20.00
01311            -180.00        0.00
01312            -100.00      -20.00
01313             120.00        0.00
01314             -80.00      -20.00
01315              20.00      -20.00
01316            -120.00      -20.00
01317             120.00      -20.00
01318              40.00      -20.00
01319             -60.00      -20.00
01320             -60.00        0.00
01321              40.00        0.00
01322             120.00      -20.00
01323            -120.00        0.00
01324             -60.00      -20.00
01325               0.00      -40.00
01326              60.00      -20.00
01327            -180.00      -20.00
01328            -140.00      -20.00
01329            -100.00      -20.00
01330            -140.00        0.00
01331            -220.00      -20.00
01332            -140.00      -20.00
01333             120.00        0.00
01334            -200.00      -20.00
01335              80.00        0.00
01336            -200.00      -20.00
01337            -160.00      -20.00
01338               0.00      -20.00
01339              20.00      -20.00
01340             -40.00      -20.00
01341            -160.00      -20.00
01342            -260.00      -20.00
01343              40.00        0.00
01344            -200.00      -20.00
01345              40.00        0.00
01346            -220.00      -20.00
01347            -180.00      -20.00
01348             -80.00      -20.00
01349             -20.00      -20.00
01350             -80.00        0.00
01351            -260.00        0.00
01352            -180.00      -20.00
01353              40.00        0.00
01354            -300.00        0.00
01355               0.00        0.00
01356            -100.00        0.00
01357            -280.00      -20.00
01358            -280.00      -20.00
01359            -300.00      -20.00
01360            -280.00        0.00
01361            -120.00      -20.00
01362               0.00      -20.00
01363            -280.00      -20.00
01364             -20.00        0.00
01365            -280.00      -20.00
01366            -160.00        0.00
01367             -20.00      -20.00
01368             -40.00      -20.00
01369               0.00      -40.00
01370             -20.00        0.00
01371            -260.00        0.00
01372            -300.00        0.00
01373             -60.00        0.00
01374            -300.00       20.00
01375            -160.00      -20.00
01376             -20.00        0.00
01377            -140.00      -20.00
01378            -220.00      -20.00
01379            -160.00        0.00
01380             -60.00      -20.00
01381            -120.00        0.00
01382            -360.00      -20.00
01383             -80.00      -20.00
01384            -360.00      -20.00
01385            -160.00      -20.00
01386            -100.00      -20.00
01387            -200.00      -20.00
01388            -260.00      -20.00
01389            -220.00      -20.00
01390            -100.00      -20.00
01391            -220.00      -20.00
01392            -380.00      -20.00
01393            -120.00      -20.00
01394            -320.00      -20.00
01395            -340.00        0.00
01396            -140.00      -20.00
01397            -140.00      -20.00
01398            -120.00      -20.00
01399            -160.00      -20.00
01400            -260.00      -20.00
01401            -400.00      -20.00
01402            -180.00        0.00
01403            -380.00      -20.00
01404            -180.00        0.00
01405            -320.00        0.00
01406            -440.00        0.00
01407            -460.00      -20.00
01408            -460.00        0.00
01409            -440.00      -20.00
01410            -300.00        0.00
01411            -180.00      -20.00
01412            -440.00        0.00
01413            -220.00        0.00
01414            -400.00        0.00
01415            -460.00      -20.00
01416            -300.00      -20.00
01417            -280.00      -20.00
01418            -320.00      -20.00
01419            -440.00      -20.00
01420            -500.00        0.00
01421            -300.00        0.00
01422            -440.00        0.00
01423            -260.00        0.00
01424            -500.00      -20.00
01425            -400.00        0.00
01426            -320.00      -20.00
01427            -280.00        0.00
01428            -300.00      -20.00
01429            -440.00        0.00
01430            -560.00      -20.00
01431            -260.00       20.00
01432            -540.00        0.00
01433            -300.00      -20.00
01434            -500.00      -20.00
01435            -560.00        0.00
01436            -460.00      -20.00
01437            -480.00        0.00
01438            -480.00        0.00
01439            -600.00      -20.00
01440            -360.00        0.00
01441            -420.00      -20.00
01442            -520.00      -20.00
01443            -460.00      -20.00
01444            -340.00        0.00
01445            -440.00        0.00
01446            -520.00        0.00
01447            -540.00      -20.00
01448            -480.00        0.00
01449            -360.00        0.00
01450            -560.00        0.00
01451            -540.00      -20.00
01452            -460.00        0.00
01453            -400.00      -40.00
01454            -620.00        0.00
01455            -640.00      -20.00
01456            -560.00      -20.00
01457            -600.00      -20.00
01458            -700.00      -20.00
01459            -560.00        0.00
01460            -360.00        0.00
01461            -640.00      -20.00
01462            -400.00        0.00
01463            -640.00        0.00
01464            -700.00        0.00
01465            -580.00      -20.00
01466            -460.00      -20.00
01467            -560.00        0.00
01468            -700.00      -20.00
01469            -660.00        0.00
01470            -420.00        0.00
01471            -740.00        0.00
01472            -420.00      -20.00
01473            -680.00      -20.00
01474            -740.00        0.00
01475            -660.00        0.00
01476            -660.00      -20.00
01477            -700.00      -20.00
01478            -800.00        0.00
01479            -560.00        0.00
01480            -560.00        0.00
01481            -720.00      -20.00
01482            -660.00      -20.00
01483            -460.00        0.00
01484            -680.00      -20.00
01485            -780.00      -20.00
01486            -740.00      -20.00
01487            -680.00        0.00
01488            -580.00        0.00
01489            -680.00        0.00
01490            -780.00        0.00
01491            -600.00        0.00
01492            -660.00        0.00
01493            -800.00      -20.00
01494            -700.00        0.00
01495            -640.00      -20.00
01496            -640.00      -20.00
01497            -780.00        0.00
01498            -840.00      -20.00
01499            -580.00        0.00
01500            -800.00      -20.00
01501            -640.00      -20.00
01502            -900.00      -20.00
01503            -760.00        0.00
01504            -600.00      -20.00
01505            -600.00       20.00
01506            -640.00        0.00
01507            -740.00        0.00
01508            -860.00        0.00
01509            -720.00        0.00
01510            -780.00        0.00
01511            -720.00      -20.00
01512            -920.00        0.00
01513            -740.00      -20.00
01514            -680.00        0.00
01515            -580.00      -20.00
01516            -740.00       20.00
01517            -800.00        0.00
01518            -980.00      -20.00
01519            -660.00      -20.00
01520            -960.00        0.00
01521            -680.00       20.00
01522            -920.00      -20.00
01523            -960.00        0.00
01524            -940.00      -20.00
01525            -940.00      -20.00
01526            -920.00        0.00
01527            -980.00      -20.00
01528            -760.00      -20.00
01529            -920.00        0.00
01530            -840.00        0.00
01531            -980.00        0.00
01532            -740.00      -20.00
01533            -740.00        0.00
01534            -800.00        0.00
01535            -780.00        0.00
01536            -700.00      -40.00
01537            -860.00      -20.00
01538           -1080.00      -20.00
01539            -780.00        0.00
01540           -1060.00        0.00
01541            -820.00        0.00
01542            -880.00        0.00
01543           -1000.00        0.00
01544           -1080.00        0.00
01545           -1080.00        0.00
01546            -980.00        0.00
01547            -740.00        0.00
01548           -1040.00      -20.00
01549            -940.00      -20.00
01550           -1040.00      -20.00
01551            -840.00       20.00
01552            -980.00      -20.00
01553           -1120.00        0.00
01554           -1080.00      -20.00
01555           -1100.00      -20.00
01556            -960.00        0.00
01557            -860.00      -20.00
01558           -1120.00        0.00
01559            -900.00      -20.00
01560           -1120.00        0.00
01561            -880.00      -20.00
01562            -880.00        0.00
01563           -1040.00      -20.00
01564           -1060.00      -20.00
01565            -920.00        0.00
01566            -840.00        0.00
01567           -1080.00      -20.00
01568           -1100.00        0.00
01569            -980.00        0.00
01570           -1040.00        0.00
01571           -1180.00        0.00
01572           -1100.00      -20.00
01573           -1020.00        0.00
01574           -1000.00        0.00
01575           -1100.00        0.00
01576           -1200.00      -20.00
01577           -1040.00        0.00
01578           -1080.00      -20.00
01579           -1100.00        0.00
01580           -1200.00        0.00
01581            -920.00        0.00
01582            -940.00        0.00
01583           -1060.00        0.00
01584           -1000.00      -20.00
01585            -900.00       20.00
01586           -1100.00        0.00
01587           -1220.00        0.00
01588            -920.00        0.00
01589           -1260.00        0.00
01590           -1100.00      -20.00
01591            -960.00        0.00
01592           -1080.00        0.00
01593           -1120.00        0.00
01594           -1120.00      -20.00
01595            -980.00        0.00
01596           -1100.00      -20.00
01597           -1260.00      -20.00
01598            -960.00      -20.00
01599           -1240.00        0.00
01600           -1140.00        0.00
01601            -940.00        0.00
01602           -1060.00      -20.00
01603           -1080.00      -20.00
01604           -1000.00        0.00
01605           -1000.00        0.00
01606           -1260.00        0.00
01607           -1160.00        0.00
01608           -1160.00        0.00
01609           -1100.00      -20.00
01610           -1300.00      -20.00
01611           -1240.00      -20.00
01612           -1160.00        0.00
01613           -1160.00        0.00
01614           -1260.00        0.00
01615           -1320.00        0.00
01616           -1120.00      -20.00
01617           -1180.00       20.00
01618           -1200.00        0.00
01619           -1300.00      -20.00
01620           -1000.00        0.00
01621           -1080.00        0.00
01622           -1160.00      -20.00
01623           -1160.00      -20.00
01624           -1020.00        0.00
01625           -1120.00        0.00
01626           -1320.00      -20.00
01627           -1040.00      -20.00
01628           -1360.00        0.00
01629           -1060.00        0.00
01630           -1160.00      -20.00
01631           -1260.00        0.00
01632           -1280.00        0.00
01633           -1260.00        0.00
01634           -1160.00      -20.00
01635           -1060.00        0.00
01636           -1360.00        0.00
01637           -1120.00      -20.00
01638           -1360.00        0.00
01639           -1080.00      -20.00
01640           -1160.00      -20.00
01641           -1260.00        0.00
01642           -1260.00        0.00
01643           -1240.00        0.00
01644           -1080.00        0.00
01645           -1200.00        0.00
01646           -1320.00        0.00
01647           -1040.00      -20.00
01648           -1280.00        0.00
01649           -1340.00        0.00
01650           -1100.00      -20.00
01651           -1060.00        0.00
01652           -1080.00      -20.00
01653           -1060.00        0.00
01654           -1300.00      -20.00
01655           -1320.00        0.00
01656           -1040.00        0.00
01657           -1360.00       20.00
01658           -1080.00        0.00
01659           -1220.00        0.00
01660           -1300.00        0.00
01661           -1340.00        0.00
01662           -1340.00        0.00
01663           -1300.00        0.00
01664           -1200.00        0.00
01665           -1160.00        0.00
01666           -1320.00      -20.00
01667           -1120.00        0.00
01668           -1260.00      -20.00
01669           -1340.00      -20.00
01670           -1400.00        0.00
01671           -1300.00        0.00
01672           -1360.00        0.00
01673           -1380.00        0.00
01674           -1300.00        0.00
01675           -1060.00      -20.00
01676           -1380.00      -20.00
01677           -1020.00        0.00
01678           -1260.00        0.00
01679           -1400.00        0.00
01680           -1380.00        0.00
01681           -1320.00        0.00
01682           -1380.00        0.00
01683           -1360.00        0.00
01684           -1260.00        0.00
01685           -1120.00        0.00
01686           -1300.00      -20.00
01687           -1200.00      -20.00
01688           -1180.00      -20.00
01689           -1300.00      -20.00
01690           -1320.00        0.00
01691           -1320.00        0.00
01692           -1280.00       20.00
01693           -1260.00      -20.00
01694           -1080.00      -20.00
01695           -1340.00      -20.00
01696           -1020.00        0.00
01697           -1300.00        0.00
01698           -1340.00        0.00
01699           -1020.00        0.00
01700           -1040.00      -20.00
01701           -1020.00        0.00
01702           -1120.00        0.00
01703           -1380.00        0.00
01704           -1260.00      -20.00
01705           -1040.00        0.00
01706           -1280.00      -20.00
01707           -1260.00        0.00
01708           -1020.00        0.00
01709           -1260.00      -20.00
01710           -1280.00        0.00
01711           -1260.00        0.00
01712           -1120.00        0.00
01713           -1060.00      -20.00
01714           -1320.00        0.00
01715           -1160.00      -20.00
01716           -1340.00        0.00
01717           -1000.00       20.00
01718           -1220.00        0.00
01719           -1280.00        0.00
01720           -1260.00       20.00
01721           -1260.00        0.00
01722           -1180.00      -20.00
01723           -1040.00        0.00
01724           -1320.00        0.00
01725           -1060.00        0.00
01726           -1260.00        0.00
01727           -1180.00        0.00
01728           -1000.00        0.00
01729           -1120.00        0.00
01730           -1140.00      -20.00
01731           -1040.00      -20.00
01732           -1000.00        0.00
01733           -1360.00        0.00
01734           -1240.00        0.00
01735           -1260.00        0.00
01736           -1120.00      -20.00
01737           -1260.00        0.00
01738           -1320.00      -20.00
01739           -1240.00        0.00
01740           -1240.00      -20.00
01741           -1320.00        0.00
01742           -1240.00      -20.00
01743           -1100.00        0.00
01744           -1300.00      -20.00
01745           -1140.00        0.00
01746           -1280.00        0.00
01747           -1100.00      -20.00
01748           -1040.00        0.00
01749           -1100.00      -20.00
01750           -1080.00        0.00
01751           -1000.00      -20.00
01752           -1240.00      -20.00
01753           -1220.00      -20.00
01754           -1000.00        0.00
01755           -1220.00        0.00
01756           -1180.00        0.00
01757           -1000.00        0.00
01758           -1100.00      -20.00
01759           -1140.00      -20.00
01760           -1100.00        0.00
01761           -1000.00      -20.00
01762           -1160.00        0.00
01763           -1180.00        0.00
01764            -980.00        0.00
01765           -1200.00        0.00
01766           -1200.00       20.00
01767           -1020.00        0.00
01768           -1040.00      -20.00
01769           -1040.00      -20.00
01770           -1020.00        0.00
01771           -1040.00        0.00
01772           -1220.00        0.00
01773           -1060.00        0.00
01774           -1220.00      -20.00
01775           -1000.00      -20.00
01776           -1160.00       20.00
01777           -1220.00      -20.00
01778           -1160.00      -20.00
01779           -1160.00        0.00
01780           -1180.00        0.00
01781           -1160.00        0.00
01782           -1000.00        0.00
01783           -1100.00      -20.00
01784           -1060.00        0.00
01785           -1200.00        0.00
01786            -960.00        0.00
01787            -940.00       20.00
01788           -1000.00        0.00
01789            -980.00      -20.00
01790            -960.00      -20.00
01791           -1040.00        0.00
01792           -1100.00      -20.00
01793            -960.00      -20.00
01794           -1140.00      -20.00
01795            -960.00        0.00
01796            -980.00        0.00
01797           -1060.00        0.00
01798           -1060.00       20.00
01799           -1040.00        0.00
01800            -960.00      -20.00
01801            -960.00        0.00
01802           -1080.00      -20.00
01803            -940.00        0.00
01804           -1100.00        0.00
01805            -940.00        0.00
01806            -940.00        0.00
01807            -980.00        0.00
01808           -1000.00        0.00
01809            -960.00        0.00
01810            -920.00        0.00
01811            -960.00        0.00
01812           -1020.00       20.00
01813            -920.00        0.00
01814           -1020.00        0.00
01815           -1040.00      -20.00
01816            -900.00      -20.00
01817            -880.00      -20.00
01818            -920.00        0.00
01819            -920.00      -20.00
01820           -1000.00        0.00
01821           -1000.00        0.00
01822            -900.00        0.00
01823            -940.00      -20.00
01824            -880.00        0.00
01825            -900.00        0.00
01826            -960.00        0.00
01827            -960.00        0.00
01828            -960.00        0.00
01829            -900.00      -20.00
01830            -840.00        0.00
01831            -860.00        0.00
01832            -880.00        0.00
01833            -840.00        0.00
01834            -840.00        0.00
01835            -900.00        0.00
01836            -920.00      -20.00
01837            -860.00      -20.00
01838            -900.00      -20.00
01839            -900.00      -20.00
01840            -840.00        0.00
01841            -820.00      -20.00
01842            -840.00        0.00
01843            -800.00        0.00
01844            -800.00        0.00
01845            -880.00        0.00
01846            -840.00        0.00
01847            -820.00        0.00
01848            -820.00      -20.00
01849            -820.00        0.00
01850            -740.00        0.00
01851            -760.00        0.00
01852            -780.00        0.00
01853            -780.00        0.00
01854            -760.00      -20.00
01855            -740.00        0.00
01856            -760.00        0.00
01857            -740.00        0.00
01858            -700.00        0.00
01859            -720.00        0.00
01860            -740.00        0.00
01861            -700.00      -20.00
01862            -720.00        0.00
01863            -700.00      -20.00
01864            -700.00        0.00
01865            -720.00        0.00
01866            -700.00      -20.00
01867            -720.00      -20.00
01868            -740.00      -20.00
01869            -680.00      -20.00
01870            -620.00      -20.00
01871            -700.00      -20.00
01872            -660.00        0.00
01873            -680.00        0.00
01874            -640.00        0.00
01875            -580.00        0.00
01876            -600.00        0.00
01877            -580.00        0.00
01878            -580.00      -20.00
01879            -600.00        0.00
01880            -620.00        0.00
01881            -560.00        0.00
01882            -600.00        0.00
01883            -580.00        0.00
01884            -560.00        0.00
01885            -540.00        0.00
01886            -520.00        0.00
01887            -520.00        0.00
01888            -540.00      -20.00
01889            -540.00      -20.00
01890            -540.00        0.00
01891            -520.00        0.00
01892            -500.00        0.00
01893            -520.00        0.00
01894            -520.00        0.00
01895            -480.00        0.00
01896            -460.00        0.00
01897            -480.00        0.00
01898            -440.00        0.00
01899            -480.00        0.00
01900            -420.00        0.00
01901            -460.00      -20.00
01902            -400.00      -20.00
01903            -400.00        0.00
01904            -400.00      -20.00
01905            -380.00        0.00
01906            -360.00        0.00
01907            -380.00      -20.00
01908            -360.00        0.00
01909            -380.00      -20.00
01910            -300.00        0.00
01911            -360.00        0.00
01912            -320.00        0.00
01913            -280.00        0.00
01914            -320.00      -20.00
01915            -360.00        0.00
01916            -300.00        0.00
01917            -280.00      -20.00
01918            -240.00        0.00
01919            -180.00      -20.00
01920            -260.00      -20.00
01921            -220.00      -20.00
01922            -180.00        0.00
01923            -280.00        0.00
01924            -260.00        0.00
01925            -220.00        0.00
01926            -240.00        0.00
01927            -260.00      -20.00
01928            -140.00        0.00
01929            -100.00      -20.00
01930            -220.00        0.00
01931             -40.00       20.00
01932             -80.00      -20.00
01933            -200.00        0.00
01934            -220.00      -20.00
01935            -240.00        0.00
01936            -200.00        0.00
01937            -120.00        0.00
01938               0.00        0.00
01939            -120.00        0.00
01940              40.00        0.00
01941            -200.00      -20.00
01942              40.00        0.00
01943              40.00      -20.00
01944               0.00      -20.00
01945               0.00      -20.00
01946              40.00        0.00
01947             120.00        0.00
01948            -120.00        0.00
01949              40.00      -20.00
01950              60.00        0.00
01951             140.00        0.00
01952            -100.00      -20.00
01953             -80.00        0.00
01954             -40.00        0.00
01955               0.00        0.00
01956            -120.00        0.00
01957              40.00        0.00
01958             320.00      -20.00
01959             -80.00        0.00
01960             280.00        0.00
01961               0.00        0.00
01962              60.00      -20.00
01963             300.00        0.00
01964             340.00        0.00
01965             320.00        0.00
01966             160.00        0.00
01967              20.00        0.00
01968             340.00        0.00
01969              20.00        0.00
01970             440.00        0.00
01971              40.00      -20.00
01972              60.00        0.00
01973             380.00        0.00
01974             380.00        0.00
01975             380.00      -20.00
01976              20.00        0.00
01977             160.00      -20.00
01978             580.00        0.00
01979               0.00      -20.00
01980             440.00        0.00
01981             300.00       20.00
01982             100.00        0.00
01983             100.00       20.00
01984             100.00      -20.00
01985             100.00        0.00
01986             260.00      -20.00
01987             580.00      -20.00
01988             120.00      -20.00
01989             640.00      -20.00
01990             120.00        0.00
01991             440.00        0.00
01992             660.00        0.00
01993             600.00        0.00
01994             760.00        0.00
01995             660.00        0.00
01996             440.00        0.00
01997             200.00        0.00
01998             660.00      -20.00
01999             200.00      -20.00
02000             720.00      -20.00
02001             740.00        0.00
02002             440.00        0.00
02003             340.00       20.00
02004             420.00        0.00
02005             740.00        0.00
02006             860.00        0.00
02007             300.00        0.00
02008             680.00      -20.00
02009             220.00        0.00
02010             860.00        0.00
02011             640.00        0.00
02012             440.00        0.00
02013             360.00       20.00
02014             460.00      -20.00
02015             720.00      -20.00
02016             920.00      -20.00
02017             240.00        0.00
02018             880.00      -20.00
02019             320.00      -20.00
02020             820.00      -20.00
02021            1040.00        0.00
02022             920.00      -20.00
02023             920.00      -20.00
02024            1000.00        0.00
02025             980.00        0.00
02026             440.00        0.00
02027             760.00        0.00
02028             600.00      -20.00
02029            1020.00      -20.00
02030             400.00        0.00
02031             440.00        0.00
02032             720.00        0.00
02033             580.00        0.00
02034             500.00      -20.00
02035             460.00        0.00
02036            1020.00        0.00
02037             640.00        0.00
02038            1040.00      -20.00
02039             380.00      -20.00
02040             860.00      -20.00
02041            1040.00        0.00
02042            1080.00        0.00
02043            1060.00       20.00
02044            1000.00        0.00
02045             560.00        0.00
02046             700.00        0.00
02047            1080.00        0.00
02048             660.00      -20.00
02049             680.00      -20.00
02050            1220.00      -20.00
02051            1100.00        0.00
02052            1180.00      -20.00
02053            1120.00        0.00
02054            1220.00      -20.00
02055             660.00        0.00
02056             740.00      -20.00
02057            1160.00        0.00
02058             900.00      -20.00
02059             580.00      -20.00
02060            1020.00       20.00
02061            1200.00        0.00
02062            1200.00        0.00
02063            1140.00        0.00
02064             860.00      -20.00
02065             560.00        0.00
02066            1320.00        0.00
02067             680.00      -20.00
02068            1240.00        0.00
02069             940.00        0.00
02070             600.00        0.00
02071             660.00        0.00
02072             740.00      -20.00
02073             560.00        0.00
02074             920.00      -20.00
02075            1360.00      -20.00
02076             640.00        0.00
02077            1300.00      -20.00
02078             660.00        0.00
02079            1040.00        0.00
02080            1300.00        0.00
02081            1360.00        0.00
02082            1380.00        0.00
02083            1240.00      -20.00
02084             840.00        0.00
02085            1000.00      -20.00
02086            1160.00        0.00
02087             980.00        0.00
02088            1000.00        0.00
02089            1280.00        0.00
02090            1420.00      -20.00
02091            1340.00        0.00
02092            1440.00        0.00
02093            1300.00        0.00
02094            1040.00        0.00
02095             940.00        0.00
02096            1240.00        0.00
02097             980.00        0.00
02098             980.00        0.00
02099            1360.00        0.00
02100            1460.00      -20.00
02101            1440.00        0.00
02102            1460.00        0.00
02103            1280.00      -20.00
02104             840.00      -20.00
02105            1360.00        0.00
02106             960.00        0.00
02107            1500.00        0.00
02108             880.00        0.00
02109             880.00        0.00
02110            1180.00       20.00
02111            1080.00        0.00
02112            1000.00        0.00
02113             840.00      -20.00
02114            1400.00        0.00
02115            1200.00        0.00
02116            1340.00        0.00
02117             920.00      -20.00
02118            1360.00      -20.00
02119            1420.00        0.00
02120            1360.00       20.00
02121            1380.00        0.00
02122            1460.00        0.00
02123            1260.00        0.00
02124             880.00      -20.00
02125            1520.00        0.00
02126             940.00        0.00
02127            1360.00        0.00
02128            1420.00        0.00
02129            1100.00      -20.00
02130            1000.00        0.00
02131            1080.00      -20.00
02132            1400.00        0.00
02133            1440.00      -20.00
02134            1080.00      -20.00
02135            1460.00        0.00
02136             980.00        0.00
02137            1400.00        0.00
02138            1360.00        0.00
02139            1140.00        0.00
02140            1100.00        0.00
02141            1200.00        0.00
02142            1400.00        0.00
02143            1320.00        0.00
02144             980.00      -20.00
02145            1520.00        0.00
02146            1060.00        0.00
02147            1200.00        0.00
02148            1480.00        0.00
02149            1440.00        0.00
02150            1500.00        0.00
02151            1460.00        0.00
02152            1360.00        0.00
02153            1040.00        0.00
02154            1440.00      -20.00
02155            1160.00      -20.00
02156            1500.00        0.00
02157            1240.00        0.00
02158            1060.00        0.00
02159            1080.00        0.00
02160            1080.00      -20.00
02161            1080.00        0.00
02162            1340.00        0.00
02163            1460.00        0.00
02164            1140.00        0.00
02165            1440.00        0.00
02166            1200.00        0.00
02167            1200.00        0.00
02168            1300.00      -20.00
02169            1400.00        0.00
02170            1340.00      -20.00
02171            1240.00       20.00
02172            1160.00      -20.00
02173            1400.00        0.00
02174            1220.00        0.00
02175            1460.00        0.00
02176            1160.00        0.00
02177            1220.00       20.00
02178            1340.00        0.00
02179            1380.00        0.00
02180            1320.00       20.00
02181            1200.00        0.00
02182            1220.00        0.00
02183            1440.00      -20.00
02184            1200.00        0.00
02185            1400.00        0.00
02186            1280.00        0.00
02187            1200.00      -20.00
02188            1220.00        0.00
02189            1220.00        0.00
02190            1140.00        0.00
02191            1260.00        0.00
02192            1420.00      -20.00
02193            1240.00        0.00
02194            1360.00      -20.00
02195            1220.00      -20.00
02196            1400.00        0.00
02197            1420.00      -20.00
02198            1360.00       20.00
02199            1380.00        0.00
02200            1400.00        0.00
02201            1380.00        0.00
02202            1200.00        0.00
02203            1380.00      -20.00
02204            1180.00        0.00
02205            1400.00        0.00
02206            1320.00        0.00
02207            1200.00        0.00
02208            1180.00        0.00
02209            1180.00        0.00
02210            1300.00      -20.00
02211            1400.00      -20.00
02212            1280.00        0.00
02213            1280.00        0.00
02214            1320.00        0.00
02215            1380.00        0.00
02216            1220.00        0.00
02217            1180.00        0.00
02218            1160.00      -20.00
02219            1160.00      -20.00
02220            1220.00        0.00
02221            1380.00        0.00
02222            1300.00        0.00
02223            1300.00        0.00
02224            1240.00        0.00
02225            1400.00        0.00
02226            1300.00        0.00
02227            1200.00        0.00
02228            1200.00        0.00
02229            1220.00        0.00
02230            1340.00      -20.00
02231            1360.00      -20.00
02232            1160.00        0.00
02233            1360.00        0.00
02234            1160.00        0.00
02235            1280.00        0.00
02236            1360.00        0.00
02237            1360.00        0.00
02238            1360.00        0.00
02239            1360.00        0.00
02240            1260.00        0.00
02241            1180.00        0.00
02242            1340.00        0.00
02243            1160.00        0.00
02244            1340.00        0.00
02245            1320.00        0.00
02246            1200.00      -20.00
02247            1180.00      -20.00
02248            1180.00        0.00
02249            1260.00      -20.00
02250            1320.00        0.00
02251            1220.00        0.00
02252            1240.00        0.00
02253            1260.00        0.00
02254            1300.00        0.00
02255            1160.00        0.00
02256            1140.00        0.00
02257            1140.00        0.00
02258            1140.00        0.00
02259            1100.00        0.00
02260            1280.00        0.00
02261            1260.00        0.00
02262            1200.00        0.00
02263            1240.00        0.00
02264            1260.00       20.00
02265            1180.00      -20.00
02266            1140.00        0.00
02267            1140.00        0.00
02268            1080.00        0.00
02269            1200.00        0.00
02270            1260.00      -20.00
02271            1160.00        0.00
02272            1240.00      -20.00
02273            1120.00        0.00
02274            1260.00        0.00
02275            1220.00        0.00
02276            1160.00        0.00
02277            1160.00        0.00
02278            1200.00      -20.00
02279            1220.00        0.00
02280            1160.00        0.00
02281            1160.00        0.00
02282            1160.00        0.00
02283            1200.00        0.00
02284            1100.00      -20.00
02285            1120.00      -20.00
02286            1200.00        0.00
02287            1160.00        0.00
02288            1120.00        0.00
02289            1100.00      -20.00
02290            1180.00        0.00
02291            1140.00        0.00
02292            1160.00        0.00
02293            1100.00       20.00
02294            1140.00      -20.00
02295            1160.00        0.00
02296            1180.00      -20.00
02297            1180.00        0.00
02298            1140.00      -20.00
02299            1080.00      -20.00
02300            1080.00        0.00
02301            1160.00        0.00
02302            1060.00        0.00
02303            1080.00      -20.00
02304            1160.00        0.00
02305            1140.00        0.00
02306            1140.00       20.00
02307            1160.00      -20.00
02308            1160.00        0.00
02309            1060.00      -20.00
02310            1080.00      -20.00
02311            1100.00        0.00
02312            1060.00      -20.00
02313            1020.00        0.00
02314            1080.00      -20.00
02315            1120.00        0.00
02316            1140.00        0.00
02317            1100.00        0.00
02318            1020.00        0.00
02319             980.00      -20.00
02320            1140.00        0.00
02321             960.00      -20.00
02322            1080.00        0.00
02323            1080.00      -20.00
02324             980.00      -20.00
02325             920.00        0.00
02326             940.00      -20.00
02327             980.00        0.00
02328            1060.00        0.00
02329            1080.00       20.00
02330             940.00        0.00
02331            1100.00        0.00
02332             960.00        0.00
02333             940.00        0.00
02334            1040.00        0.00
02335            1080.00      -20.00
02336            1040.00        0.00
02337             980.00        0.00
02338             860.00      -20.00
02339            1060.00      -20.00
02340             940.00      -20.00
02341            1060.00        0.00
02342             860.00       20.00
02343             980.00        0.00
02344            1080.00        0.00
02345            1060.00        0.00
02346            1080.00        0.00
02347             940.00        0.00
02348             820.00        0.00
02349            1060.00      -20.00
02350             840.00      -20.00
02351            1060.00        0.00
02352             860.00        0.00
02353             860.00        0.00
02354             960.00        0.00
02355             960.00        0.00
02356             880.00        0.00
02357             800.00      -20.00
02358             940.00      -20.00
02359             980.00        0.00
02360             820.00      -20.00
02361             920.00      -20.00
02362            1040.00      -20.00
02363             920.00      -20.00
02364             840.00        0.00
02365             780.00       20.00
02366             900.00      -20.00
02367            1080.00        0.00
02368             880.00      -20.00
02369             800.00        0.00
02370             960.00        0.00
02371             920.00      -20.00
02372             700.00        0.00
02373             760.00        0.00
02374             860.00        0.00
02375             800.00        0.00
02376             720.00       20.00
02377             720.00        0.00
02378            1040.00      -20.00
02379             640.00        0.00
02380            1020.00      -20.00
02381             700.00        0.00
02382             720.00        0.00
02383             900.00       20.00
02384             980.00        0.00
02385             940.00      -20.00
02386             720.00        0.00
02387             600.00        0.00
02388            1000.00        0.00
02389             660.00        0.00
02390             980.00        0.00
02391             660.00        0.00
02392             660.00        0.00
02393             780.00       20.00
02394             820.00      -20.00
02395             740.00        0.00
02396             580.00        0.00
02397             780.00        0.00
02398             920.00        0.00
02399             640.00       20.00
02400             820.00        0.00
02401             900.00      -20.00
02402             660.00        0.00
02403             580.00        0.00
02404             580.00      -20.00
02405             580.00        0.00
02406             860.00        0.00
02407             860.00        0.00
02408             500.00        0.00
02409             920.00        0.00
02410             660.00      -20.00
02411             520.00      -20.00
02412             780.00      -20.00
02413             840.00        0.00
02414             820.00        0.00
02415             640.00        0.00
02416             500.00        0.00
02417             740.00        0.00
02418             660.00        0.00
02419             740.00        0.00
02420             480.00      -20.00
02421             760.00        0.00
02422             900.00        0.00
02423             840.00        0.00
02424             840.00        0.00
02425             800.00        0.00
02426             520.00      -20.00
02427             620.00        0.00
02428             720.00      -20.00
02429             600.00      -20.00
02430             460.00       20.00
02431             760.00      -20.00
02432             820.00       20.00
02433             800.00        0.00
02434             800.00        0.00
02435             640.00      -20.00
02436             380.00        0.00
02437             720.00      -20.00
02438             500.00      -20.00
02439             780.00        0.00
02440             440.00      -20.00
02441             400.00        0.00
02442             540.00      -20.00
02443             560.00       20.00
02444             500.00        0.00
02445             340.00        0.00
02446             660.00        0.00
02447             620.00       20.00
02448             500.00        0.00
02449             440.00      -20.00
02450             720.00        0.00
02451             620.00        0.00
02452             540.00        0.00
02453             520.00      -20.00
02454             680.00        0.00
02455             660.00      -20.00
02456             340.00        0.00
02457             620.00        0.00
02458             340.00        0.00
02459             680.00        0.00
02460             480.00        0.00
02461             320.00        0.00
02462             300.00        0.00
02463             340.00        0.00
02464             420.00        0.00
02465             620.00      -20.00
02466             440.00        0.00
02467             400.00        0.00
02468             440.00        0.00
02469             600.00        0.00
02470             380.00        0.00
02471             320.00        0.00
02472             320.00      -20.00
02473             320.00        0.00
02474             440.00      -20.00
02475             580.00       20.00
02476             340.00        0.00
02477             420.00        0.00
02478             300.00        0.00
02479             540.00        0.00
02480             480.00        0.00
02481             400.00        0.00
02482             320.00      -20.00
02483             420.00      -20.00
02484             520.00        0.00
02485             380.00      -20.00
02486             300.00      -20.00
02487             500.00      -20.00
02488             360.00        0.00
02489             280.00        0.00
02490             380.00      -20.00
02491             440.00        0.00
02492             420.00      -20.00
02493             380.00        0.00
02494             240.00      -20.00
02495             380.00        0.00
02496             340.00        0.00
02497             340.00        0.00
02498             300.00        0.00
02499             400.00        0.00
02500             440.00      -20.00
02501             380.00        0.00
02502             360.00        0.00
02503             380.00        0.00
02504             340.00        0.00
02505             260.00        0.00
02506             420.00      -20.00
02507             260.00        0.00
02508             360.00        0.00
02509             340.00        0.00
02510             300.00       20.00
02511              60.00     1960.00
02512              60.00     1980.00
02513               0.00     1960.00
02514               0.00     1960.00
02515             120.00     1940.00
02516             -40.00     1960.00
02517             100.00     1960.00
02518             -20.00     1960.00
02519             -80.00     1960.00
02520               0.00     1960.00
02521              20.00     1960.00
02522             -40.00     1960.00
02523             -80.00        0.00
02524             100.00      -20.00
02525              40.00      -20.00
02526               0.00      -20.00
02527               0.00      -20.00
02528             100.00      -20.00
02529              60.00      -20.00
02530             -40.00      -40.00
02531               0.00      -20.00
02532              20.00      -20.00
02533             160.00      -20.00
02534             -60.00      -20.00
02535               0.00      -40.00
02536              20.00      -20.00
02537              60.00      -20.00
02538             -80.00        0.00
02539             -60.00        0.00
02540             -60.00      -20.00
02541             -60.00      -20.00
02542            -120.00      -20.00
02543             -20.00      -20.00
02544             120.00      -20.00
02545            -140.00      -20.00
02546             100.00      -20.00
02547            -100.00      -20.00
02548            -100.00      -20.00
02549              20.00      -20.00
02550              60.00      -20.00
02551              20.00      -20.00
02552            -100.00      -20.00
02553            -100.00        0.00
02554              80.00      -20.00
02555            -180.00      -20.00
02556             120.00      -20.00
02557             -60.00      -20.00
02558            -120.00      -20.00
02559             -40.00      -20.00
02560             -40.00        0.00
02561             -60.00      -20.00
02562            -180.00      -20.00
02563             -20.00      -20.00
02564              60.00      -20.00
02565            -100.00        0.00
02566             -20.00        0.00
02567             100.00        0.00
02568            -100.00      -20.00
02569            -140.00        0.00
02570            -180.00      -40.00
02571             -80.00      -20.00
02572              60.00      -20.00
02573              40.00      -20.00
02574            -180.00      -20.00
02575             100.00      -20.00
02576             -60.00      -20.00
02577            -220.00      -20.00
02578             -40.00      -20.00
02579              80.00        0.00
02580              40.00        0.00
02581            -120.00      -20.00
02582            -220.00        0.00
02583              20.00        0.00
02584             -60.00        0.00
02585               0.00      -20.00
02586            -220.00      -40.00
02587              20.00        0.00
02588              80.00      -40.00
02589              80.00        0.00
02590              80.00      -20.00
02591              40.00      -20.00
02592            -200.00        0.00
02593            -120.00      -20.00
02594               0.00      -20.00
02595            -120.00      -40.00
02596            -220.00        0.00
02597             -20.00      -20.00
02598              60.00        0.00
02599              80.00      -20.00
02600              40.00      -20.00
02601            -100.00      -20.00
02602            -280.00      -20.00
02603             -20.00      -20.00
02604            -200.00      -20.00
02605              40.00      -20.00
02606            -280.00        0.00
02607            -260.00      -20.00
02608            -160.00        0.00
02609            -160.00      -20.00
02610            -260.00        0.00
02611            -280.00      -20.00
02612             -80.00      -20.00
02613            -120.00      -20.00
02614            -180.00        0.00
02615            -240.00      -20.00
02616              20.00        0.00
02617             -40.00      -20.00
02618            -180.00      -20.00
02619            -120.00        0.00
02620             -20.00      -20.00
02621             -40.00        0.00
02622            -340.00        0.00
02623            -100.00      -20.00
02624            -320.00      -20.00
02625             -40.00      -20.00
02626            -200.00        0.00
02627            -340.00        0.00
02628            -360.00        0.00
02629            -340.00        0.00
02630            -260.00      -20.00
02631            -100.00      -20.00
02632            -260.00      -20.00
02633            -260.00      -20.00
02634            -260.00      -20.00
02635             -80.00      -20.00
02636            -280.00      -20.00
02637            -380.00        0.00
02638            -400.00        0.00
02639            -380.00        0.00
02640            -280.00      -20.00
02641            -100.00      -20.00
02642            -340.00        0.00
02643            -180.00      -20.00
02644            -400.00      -20.00
02645            -120.00        0.00
02646            -200.00      -20.00
02647            -300.00      -20.00
02648            -300.00      -20.00
02649            -220.00        0.00
02650            -180.00      -20.00
02651            -300.00        0.00
02652            -380.00        0.00
02653            -220.00      -20.00
02654            -260.00        0.00
02655            -460.00        0.00
02656            -320.00      -20.00
02657            -180.00        0.00
02658            -280.00      -20.00
02659            -360.00      -20.00
02660            -440.00      -20.00
02661            -240.00      -20.00
02662            -300.00      -20.00
02663            -320.00        0.00
02664            -440.00      -20.00
02665            -260.00        0.00
02666            -240.00        0.00
02667            -280.00        0.00
02668            -280.00      -20.00
02669            -240.00        0.00
02670            -380.00        0.00
02671            -440.00      -20.00
02672            -220.00        0.00
02673            -480.00      -20.00
02674            -360.00      -20.00
02675            -260.00      -20.00
02676            -340.00        0.00
02677            -340.00      -20.00
02678            -300.00        0.00
02679            -280.00        0.00
02680            -400.00      -20.00
02681            -520.00      -20.00
02682            -320.00        0.00
02683            -460.00        0.00
02684            -460.00        0.00
02685            -340.00        0.00
02686            -280.00      -20.00
02687            -320.00        0.00
02688            -300.00      -20.00
02689            -400.00      -20.00
02690            -580.00        0.00
02691            -360.00      -20.00
02692            -580.00        0.00
02693            -300.00        0.00
02694            -520.00      -20.00
02695            -620.00        0.00
02696            -540.00        0.00
02697            -520.00        0.00
02698            -640.00      -20.00
02699            -600.00        0.00
02700            -360.00      -20.00
02701            -600.00      -20.00
02702            -360.00      -20.00
02703            -640.00      -20.00
02704            -460.00      -20.00
02705            -340.00      -20.00
02706            -360.00      -20.00
02707            -360.00      -20.00
02708            -380.00        0.00
02709            -600.00      -20.00
02710            -600.00        0.00
02711            -420.00        0.00
02712            -620.00      -20.00
02713            -600.00        0.00
02714            -440.00        0.00
02715            -420.00        0.00
02716            -480.00      -20.00
02717            -480.00        0.00
02718            -460.00      -20.00
02719            -560.00        0.00
02720            -700.00      -20.00
02721            -500.00      -20.00
02722            -660.00        0.00
02723            -680.00        0.00
02724            -460.00        0.00
02725            -500.00        0.00
02726            -440.00      -20.00
02727            -480.00        0.00
02728            -520.00      -20.00
02729            -780.00      -20.00
02730            -560.00        0.00
02731            -700.00       20.00
02732            -560.00      -20.00
02733            -760.00      -20.00
02734            -760.00        0.00
02735            -680.00        0.00
02736            -660.00        0.00
02737            -700.00        0.00
02738            -800.00        0.00
02739            -660.00        0.00
02740            -700.00      -20.00
02741            -680.00      -20.00
02742            -780.00      -20.00
02743            -540.00        0.00
02744            -560.00        0.00
02745            -640.00        0.00
02746            -620.00      -20.00
02747            -580.00      -20.00
02748            -660.00        0.00
02749            -860.00        0.00
02750            -600.00        0.00
02751            -900.00      -20.00
02752            -640.00      -20.00
02753            -640.00        0.00
02754            -800.00      -20.00
02755            -880.00        0.00
02756            -880.00      -20.00
02757            -720.00      -20.00
02758            -600.00        0.00
02759            -880.00        0.00
02760            -660.00        0.00
02761            -880.00        0.00
02762            -660.00       20.00
02763            -740.00      -20.00
02764            -920.00      -20.00
02765            -880.00      -40.00
02766            -900.00      -20.00
02767            -700.00      -20.00
02768            -720.00        0.00
02769            -960.00        0.00
02770            -640.00        0.00
02771            -980.00        0.00
02772            -820.00      -20.00
02773            -660.00        0.00
02774            -740.00      -20.00
02775            -760.00      -20.00
02776            -660.00        0.00
02777            -740.00      -20.00
02778           -1000.00      -20.00
02779            -800.00        0.00
02780            -960.00      -20.00
02781            -700.00      -20.00
02782           -1000.00      -20.00
02783           -1020.00        0.00
02784           -1000.00      -20.00
02785           -1000.00        0.00
02786           -1060.00      -20.00
02787            -960.00        0.00
02788            -760.00        0.00
02789           -1040.00        0.00
02790            -760.00       20.00
02791           -1060.00        0.00
02792            -960.00        0.00
02793            -840.00      -20.00
02794            -800.00      -20.00
02795            -880.00      -20.00
02796            -920.00        0.00
02797           -1080.00      -20.00
02798            -900.00        0.00
02799            -960.00        0.00
02800            -900.00        0.00
02801           -1100.00        0.00
02802            -980.00        0.00
02803            -880.00        0.00
02804            -800.00      -20.00
02805            -860.00        0.00
02806           -1020.00        0.00
02807           -1120.00        0.00
02808            -880.00      -20.00
02809           -1040.00        0.00
02810            -880.00        0.00
02811           -1140.00        0.00
02812           -1060.00      -20.00
02813           -1060.00        0.00
02814           -1020.00       20.00
02815           -1080.00        0.00
02816           -1120.00        0.00
02817           -1020.00      -20.00
02818           -1020.00        0.00
02819           -1120.00        0.00
02820           -1080.00        0.00
02821            -900.00      -20.00
02822           -1080.00      -20.00
02823           -1160.00       20.00
02824           -1160.00      -20.00
02825           -1040.00        0.00
02826            -920.00      -20.00
02827           -1120.00        0.00
02828           -1120.00        0.00
02829           -1080.00        0.00
02830           -1020.00      -20.00
02831           -1160.00       20.00
02832           -1200.00        0.00
02833           -1140.00        0.00
02834           -1180.00       20.00
02835           -1180.00      -20.00
02836           -1180.00        0.00
02837            -980.00      -20.00
02838           -1200.00      -20.00
02839            -960.00        0.00
02840           -1220.00      -20.00
02841           -1220.00        0.00
02842           -1120.00      -20.00
02843           -1060.00       20.00
02844           -1140.00        0.00
02845           -1240.00        0.00
02846           -1220.00        0.00
02847            -960.00        0.00
02848           -1220.00        0.00
02849           -1020.00        0.00
02850           -1220.00        0.00
02851           -1260.00        0.00
02852           -1220.00        0.00
02853           -1180.00      -20.00
02854           -1260.00        0.00
02855           -1260.00      -20.00
02856           -1100.00      -20.00
02857           -1140.00       20.00
02858           -1220.00        0.00
02859           -1180.00        0.00
02860           -1020.00      -20.00
02861           -1180.00        0.00
02862           -1280.00      -20.00
02863           -1260.00        0.00
02864           -1200.00       20.00
02865           -1060.00        0.00
02866           -1160.00        0.00
02867           -1240.00      -20.00
02868           -1100.00        0.00
02869           -1180.00      -20.00
02870           -1300.00       20.00
02871           -1240.00        0.00
02872           -1140.00        0.00
02873           -1180.00        0.00
02874           -1260.00        0.00
02875           -1300.00        0.00
02876           -1120.00      -20.00
02877           -1260.00        0.00
02878           -1120.00        0.00
02879           -1340.00        0.00
02880           -1200.00        0.00
02881           -1080.00        0.00
02882           -1040.00        0.00
02883           -1080.00        0.00
02884           -1160.00        0.00
02885           -1360.00        0.00
02886           -1200.00        0.00
02887           -1200.00      -20.00
02888           -1200.00        0.00
02889           -1360.00        0.00
02890           -1160.00        0.00
02891           -1100.00      -20.00
02892           -1040.00        0.00
02893           -1080.00        0.00
02894           -1280.00      -20.00
02895           -1340.00      -20.00
02896           -1140.00      -20.00
02897           -1360.00        0.00
02898           -1040.00      -20.00
02899           -1260.00        0.00
02900           -1380.00      -20.00
02901           -1360.00      -20.00
02902           -1380.00        0.00
02903           -1380.00      -20.00
02904           -1320.00        0.00
02905           -1100.00        0.00
02906           -1340.00        0.00
02907           -1240.00      -20.00
02908           -1380.00      -20.00
02909           -1040.00        0.00
02910           -1120.00       20.00
02911           -1200.00      -20.00
02912           -1200.00        0.00
02913           -1020.00      -20.00
02914           -1220.00        0.00
02915           -1360.00      -20.00
02916           -1060.00       20.00
02917           -1360.00      -20.00
02918           -1080.00        0.00
02919           -1240.00        0.00
02920           -1300.00        0.00
02921           -1300.00        0.00
02922           -1300.00        0.00
02923           -1260.00        0.00
02924           -1060.00        0.00
02925           -1400.00      -20.00
02926           -1200.00        0.00
02927           -1400.00        0.00
02928           -1060.00      -20.00
02929           -1260.00        0.00
02930           -1280.00        0.00
02931           -1300.00        0.00
02932           -1280.00        0.00
02933           -1220.00        0.00
02934           -1080.00        0.00
02935           -1380.00        0.00
02936           -1080.00      -20.00
02937           -1320.00        0.00
02938           -1160.00        0.00
02939           -1100.00        0.00
02940           -1240.00        0.00
02941           -1260.00      -20.00
02942           -1140.00        0.00
02943           -1080.00      -20.00
02944           -1380.00        0.00
02945           -1240.00        0.00
02946           -1340.00        0.00
02947           -1180.00        0.00
02948           -1320.00        0.00
02949           -1380.00        0.00
02950           -1340.00      -20.00
02951           -1340.00      -20.00
02952           -1380.00        0.00
02953           -1300.00        0.00
02954           -1060.00        0.00
02955           -1420.00        0.00
02956           -1180.00        0.00
02957           -1320.00        0.00
02958           -1240.00        0.00
02959           -1000.00      -20.00
02960           -1000.00        0.00
02961           -1000.00      -20.00
02962           -1060.00        0.00
02963           -1380.00        0.00
02964           -1280.00        0.00
02965           -1140.00        0.00
02966           -1260.00      -20.00
02967           -1360.00        0.00
02968           -1060.00      -20.00
02969           -1060.00       20.00
02970           -1120.00       20.00
02971           -1020.00        0.00
02972           -1060.00        0.00
02973           -1360.00      -20.00
02974           -1260.00        0.00
02975           -1220.00      -20.00
02976           -1240.00      -20.00
02977           -1320.00      -20.00
02978           -1200.00        0.00
02979           -1000.00        0.00
02980           -1000.00        0.00
02981           -1080.00       20.00
02982           -1360.00      -20.00
02983           -1280.00        0.00
02984           -1040.00      -20.00
02985           -1300.00        0.00
02986           -1000.00        0.00
02987           -1240.00      -20.00
02988           -1260.00        0.00
02989           -1280.00        0.00
02990           -1260.00      -20.00
02991           -1260.00        0.00
02992           -1160.00        0.00
02993           -1040.00        0.00
02994           -1260.00        0.00
02995            -980.00        0.00
02996           -1220.00        0.00
02997           -1300.00        0.00
02998           -1120.00      -20.00
02999           -1040.00        0.00
03000           -1040.00      -20.00
03001           -1200.00      -20.00
03002           -1240.00        0.00
03003           -1120.00      -20.00
03004           -1200.00       20.00
03005           -1160.00      -20.00
03006           -1280.00        0.00
03007           -1100.00        0.00
03008           -1000.00        0.00
03009           -1000.00        0.00
03010           -1040.00        0.00
03011           -1100.00        0.00
03012           -1240.00        0.00
03013           -1140.00        0.00
03014           -1180.00        0.00
03015           -1100.00      -20.00
03016           -1240.00        0.00
03017           -1160.00      -20.00
03018           -1020.00        0.00
03019           -1000.00        0.00
03020           -1040.00        0.00
03021           -1220.00        0.00
03022           -1200.00        0.00
03023            -980.00        0.00
03024           -1220.00        0.00
03025           -1000.00       20.00
03026           -1080.00      -20.00
03027           -1180.00      -20.00
03028           -1180.00        0.00
03029           -1200.00        0.00
03030           -1160.00        0.00
03031           -1100.00        0.00
03032            -980.00        0.00
03033           -1140.00        0.00
03034           -1000.00        0.00
03035           -1160.00        0.00
03036           -1120.00      -20.00
03037            -960.00      -20.00
03038            -960.00      -20.00
03039            -940.00      -40.00
03040           -1000.00        0.00
03041           -1160.00      -20.00
03042           -1100.00        0.00
03043            -980.00       20.00
03044           -1080.00        0.00
03045           -1080.00      -20.00
03046            -960.00        0.00
03047            -940.00      -20.00
03048           -1000.00      -20.00
03049            -960.00      -20.00
03050            -940.00        0.00
03051           -1040.00      -20.00
03052           -1060.00        0.00
03053            -960.00        0.00
03054           -1080.00      -20.00
03055           -1020.00        0.00
03056            -920.00        0.00
03057            -920.00      -20.00
03058            -920.00      -20.00
03059            -940.00        0.00
03060            -920.00        0.00
03061           -1040.00      -20.00
03062            -980.00        0.00
03063            -940.00        0.00
03064            -940.00      -20.00
03065           -1040.00        0.00
03066            -960.00        0.00
03067            -900.00      -20.00
03068            -900.00        0.00
03069            -940.00        0.00
03070           -1000.00        0.00
03071            -940.00      -20.00
03072            -900.00      -20.00
03073            -940.00      -20.00
03074            -920.00        0.00
03075            -880.00        0.00
03076            -940.00        0.00
03077            -940.00      -20.00
03078            -940.00        0.00
03079            -900.00        0.00
03080            -860.00        0.00
03081            -900.00        0.00
03082            -900.00        0.00
03083            -880.00      -20.00
03084            -840.00        0.00
03085            -900.00        0.00
03086            -920.00      -20.00
03087            -880.00      -20.00
03088            -900.00      -20.00
03089            -860.00        0.00
03090            -840.00        0.00
03091            -800.00      -20.00
03092            -840.00        0.00
03093            -780.00        0.00
03094            -820.00        0.00
03095            -840.00        0.00
03096            -860.00      -20.00
03097            -780.00        0.00
03098            -840.00        0.00
03099            -800.00        0.00
03100            -780.00        0.00
03101            -780.00        0.00
03102            -740.00        0.00
03103            -780.00      -20.00
03104            -760.00        0.00
03105            -740.00      -20.00
03106            -740.00        0.00
03107            -740.00      -20.00
03108            -700.00      -20.00
03109            -720.00        0.00
03110            -760.00        0.00
03111            -700.00      -20.00
03112            -720.00        0.00
03113            -680.00        0.00
03114            -700.00        0.00
03115            -740.00        0.00
03116            -720.00        0.00
03117            -700.00      -20.00
03118            -700.00      -20.00
03119            -680.00       20.00
03120            -620.00        0.00
03121            -700.00        0.00
03122            -640.00      -20.00
03123            -680.00        0.00
03124            -620.00        0.00
03125            -580.00        0.00
03126            -600.00        0.00
03127            -600.00       20.00
03128            -600.00        0.00
03129            -620.00        0.00
03130            -620.00        0.00
03131            -580.00      -20.00
03132            -560.00        0.00
03133            -600.00        0.00
03134            -560.00        0.00
03135            -560.00        0.00
03136            -540.00        0.00
03137            -520.00        0.00
03138            -500.00      -20.00
03139            -540.00        0.00
03140            -520.00        0.00
03141            -540.00      -20.00
03142            -460.00        0.00
03143            -520.00        0.00
03144            -500.00      -20.00
03145            -480.00        0.00
03146            -480.00        0.00
03147            -460.00      -20.00
03148            -460.00        0.00
03149            -460.00      -20.00
03150            -420.00        0.00
03151            -440.00        0.00
03152            -380.00        0.00
03153            -400.00        0.00
03154            -400.00        0.00
03155            -400.00      -20.00
03156            -380.00        0.00
03157            -360.00        0.00
03158            -360.00      -20.00
03159            -380.00        0.00
03160            -280.00      -20.00
03161            -320.00        0.00
03162            -300.00        0.00
03163            -280.00       20.00
03164            -340.00        0.00
03165            -360.00       20.00
03166            -300.00        0.00
03167            -300.00        0.00
03168            -240.00        0.00
03169            -240.00        0.00
03170            -300.00        0.00
03171            -200.00      -20.00
03172            -220.00        0.00
03173            -260.00        0.00
03174            -240.00        0.00
03175            -160.00        0.00
03176            -220.00        0.00
03177            -260.00        0.00
03178            -160.00        0.00
03179             -80.00       20.00
03180            -260.00        0.00
03181             -40.00      -20.00
03182            -100.00      -20.00
03183            -260.00      -20.00
03184            -200.00        0.00
03185            -200.00        0.00
03186            -220.00        0.00
03187            -180.00        0.00
03188             -20.00        0.00
03189             -40.00        0.00
03190             -40.00        0.00
03191            -140.00       20.00
03192              40.00        0.00
03193              20.00      -20.00
03194             -60.00        0.00
03195             -80.00      -20.00
03196              20.00      -20.00
03197             120.00        0.00
03198             -20.00      -20.00
03199             -40.00      -20.00
03200             180.00        0.00
03201              80.00        0.00
03202            -140.00       20.00
03203              40.00        0.00
03204             100.00        0.00
03205             120.00        0.00
03206             -60.00       20.00
03207             -40.00      -20.00
03208             280.00        0.00
03209             -20.00       20.00
03210             200.00        0.00
03211             -40.00        0.00
03212             200.00        0.00
03213             380.00        0.00
03214             380.00      -20.00
03215             400.00      -20.00
03216             320.00      -20.00
03217              20.00        0.00
03218             220.00      -20.00
03219             220.00       20.00
03220             280.00        0.00
03221              20.00        0.00
03222             260.00        0.00
03223             460.00        0.00
03224             420.00        0.00
03225             520.00        0.00
03226             220.00        0.00
03227              60.00      -20.00
03228             500.00      -20.00
03229              80.00        0.00
03230             500.00      -40.00
03231             140.00      -20.00
03232             160.00      -20.00
03233             280.00        0.00
03234             340.00        0.00
03235             180.00      -20.00
03236             180.00        0.00
03237             440.00        0.00
03238             340.00        0.00
03239             360.00        0.00
03240             280.00        0.00
03241             600.00      -20.00
03242             600.00        0.00
03243             400.00        0.00
03244             500.00      -20.00
03245             600.00      -20.00
03246             700.00        0.00
03247             140.00        0.00
03248             560.00      -20.00
03249             320.00        0.00
03250             840.00        0.00
03251             440.00        0.00
03252             200.00        0.00
03253             180.00        0.00
03254             200.00      -20.00
03255             340.00        0.00
03256             840.00        0.00
03257             640.00        0.00
03258             380.00      -20.00
03259             520.00      -20.00
03260             800.00      -20.00
03261             360.00      -20.00
03262             260.00        0.00
03263             320.00       20.00
03264             240.00        0.00
03265             420.00        0.00
03266             940.00       20.00
03267             500.00      -20.00
03268             600.00      -20.00
03269             540.00        0.00
03270             980.00      -20.00
03271             760.00        0.00
03272             440.00      -20.00
03273             440.00        0.00
03274             600.00      -20.00
03275            1000.00       20.00
03276             840.00        0.00
03277             380.00        0.00
03278             920.00        0.00
03279             520.00        0.00
03280             540.00      -20.00
03281             840.00        0.00
03282            1060.00        0.00
03283             940.00      -20.00
03284             980.00        0.00
03285             420.00        0.00
03286             660.00        0.00
03287            1060.00        0.00
03288             520.00        0.00
03289             740.00        0.00
03290            1060.00        0.00
03291             900.00        0.00
03292             740.00        0.00
03293             820.00      -20.00
03294            1040.00        0.00
03295            1000.00        0.00
03296             420.00      -20.00
03297            1140.00        0.00
03298             560.00      -20.00
03299            1080.00        0.00
03300            1100.00        0.00
03301             660.00        0.00
03302             560.00      -20.00
03303             720.00      -20.00
03304            1140.00        0.00
03305            1080.00       20.00
03306             580.00        0.00
03307            1260.00      -20.00
03308             460.00        0.00
03309            1060.00        0.00
03310            1180.00        0.00
03311            1000.00       20.00
03312             960.00        0.00
03313            1100.00      -20.00
03314            1220.00      -20.00
03315             840.00      -20.00
03316             780.00        0.00
03317            1200.00      -20.00
03318             980.00        0.00
03319             580.00      -20.00
03320            1120.00        0.00
03321            1160.00        0.00
03322            1260.00        0.00
03323            1000.00        0.00
03324             680.00      -20.00
03325            1060.00      -20.00
03326            1160.00       20.00
03327             780.00        0.00
03328            1060.00        0.00
03329            1360.00        0.00
03330            1220.00        0.00
03331            1000.00      -20.00
03332            1080.00        0.00
03333            1360.00      -20.00
03334            1320.00        0.00
03335             780.00        0.00
03336            1300.00        0.00
03337             760.00        0.00
03338            1400.00        0.00
03339            1140.00        0.00
03340             760.00      -20.00
03341             720.00        0.00
03342             780.00      -20.00
03343            1100.00        0.00
03344            1440.00        0.00
03345             900.00        0.00
03346            1280.00        0.00
03347             940.00        0.00
03348            1440.00      -20.00
03349            1260.00      -20.00
03350             980.00        0.00
03351             860.00        0.00
03352            1060.00        0.00
03353            1420.00        0.00
03354            1360.00        0.00
03355             800.00        0.00
03356            1400.00        0.00
03357             840.00        0.00
03358            1180.00      -20.00
03359            1380.00      -20.00
03360            1520.00      -20.00
03361            1440.00      -20.00
03362            1440.00      -20.00
03363            1160.00        0.00
03364             860.00        0.00
03365            1520.00       20.00
03366             860.00      -20.00
03367            1400.00        0.00
03368            1200.00      -20.00
03369             900.00        0.00
03370             920.00        0.00
03371             900.00        0.00
03372             940.00        0.00
03373            1360.00        0.00
03374            1280.00        0.00
03375             920.00        0.00
03376            1440.00        0.00
03377            1220.00      -20.00
03378             900.00      -20.00
03379            1180.00        0.00
03380            1180.00        0.00
03381            1220.00      -20.00
03382             960.00      -20.00
03383            1120.00        0.00
03384            1500.00        0.00
03385             940.00        0.00
03386            1440.00        0.00
03387            1140.00        0.00
03388            1040.00      -20.00
03389            1220.00      -20.00
03390            1260.00      -20.00
03391            1200.00        0.00
03392            1040.00        0.00
03393            1300.00        0.00
03394            1340.00        0.00
03395            1060.00        0.00
03396            1360.00        0.00
03397            1420.00      -20.00
03398            1120.00      -20.00
03399            1060.00      -20.00
03400            1040.00        0.00
03401            1100.00      -20.00
03402            1380.00        0.00
03403            1420.00        0.00
03404            1080.00        0.00
03405            1500.00        0.00
03406            1100.00      -20.00
03407            1180.00        0.00
03408            1400.00      -20.00
03409            1440.00        0.00
03410            1440.00        0.00
03411            1380.00      -20.00
03412            1140.00        0.00
03413            1220.00      -20.00
03414            1440.00        0.00
03415            1180.00        0.00
03416            1280.00        0.00
03417            1480.00        0.00
03418            1340.00        0.00
03419            1280.00        0.00
03420            1320.00        0.00
03421            1440.00        0.00
03422            1360.00      -20.00
03423            1160.00      -20.00
03424            1460.00        0.00
03425            1100.00        0.00
03426            1360.00      -20.00
03427            1380.00        0.00
03428            1300.00      -20.00
03429            1240.00        0.00
03430            1300.00        0.00
03431            1400.00        0.00
03432            1340.00        0.00
03433            1160.00      -20.00
03434            1440.00        0.00
03435            1240.00        0.00
03436            1260.00      -20.00
03437            1440.00        0.00
03438            1400.00      -20.00
03439            1420.00        0.00
03440            1400.00      -20.00
03441            1380.00        0.00
03442            1180.00        0.00
03443            1380.00      -20.00
03444            1260.00        0.00
03445            1420.00        0.00
03446            1220.00        0.00
03447            1160.00        0.00
03448            1200.00        0.00
03449            1200.00        0.00
03450            1180.00        0.00
03451            1240.00      -20.00
03452            1420.00      -20.00
03453            1200.00        0.00
03454            1400.00      -20.00
03455            1200.00        0.00
03456            1320.00        0.00
03457            1360.00        0.00
03458            1400.00      -20.00
03459            1380.00        0.00
03460            1360.00      -20.00
03461            1180.00      -20.00
03462            1320.00      -20.00
03463            1360.00      -20.00
03464            1280.00        0.00
03465            1200.00        0.00
03466            1360.00        0.00
03467            1400.00        0.00
03468            1400.00        0.00
03469            1400.00        0.00
03470            1340.00      -20.00
03471            1200.00        0.00
03472            1280.00      -20.00
03473            1340.00        0.00
03474            1320.00      -20.00
03475            1180.00        0.00
03476            1340.00      -20.00
03477            1340.00        0.00
03478            1380.00        0.00
03479            1320.00        0.00
03480            1260.00        0.00
03481            1200.00      -20.00
03482            1380.00        0.00
03483            1160.00      -20.00
03484            1360.00       20.00
03485            1280.00      -20.00
03486            1120.00       20.00
03487            1140.00        0.00
03488            1160.00        0.00
03489            1140.00        0.00
03490            1240.00      -20.00
03491            1360.00        0.00
03492            1160.00      -20.00
03493            1360.00      -20.00
03494            1160.00      -20.00
03495            1280.00       20.00
03496            1340.00      -20.00
03497            1340.00        0.00
03498            1340.00        0.00
03499            1320.00       20.00
03500            1160.00        0.00
03501            1240.00        0.00
03502            1300.00      -20.00
03503            1200.00      -20.00
03504            1200.00      -20.00
03505            1300.00      -20.00
03506            1300.00        0.00
03507            1280.00        0.00
03508            1300.00        0.00
03509            1300.00        0.00
03510            1220.00        0.00
03511            1140.00        0.00
03512            1300.00        0.00
03513            1160.00      -20.00
03514            1180.00       20.00
03515            1300.00        0.00
03516            1280.00        0.00
03517            1240.00      -20.00
03518            1280.00      -20.00
03519            1280.00      -20.00
03520            1140.00        0.00
03521            1220.00      -20.00
03522            1220.00        0.00
03523            1200.00        0.00
03524            1100.00        0.00
03525            1160.00        0.00
03526            1220.00       20.00
03527            1220.00        0.00
03528            1180.00        0.00
03529            1080.00        0.00
03530            1160.00      -20.00
03531            1240.00      -20.00
03532            1080.00        0.00
03533            1160.00        0.00
03534            1220.00      -20.00
03535            1180.00        0.00
03536            1120.00      -20.00
03537            1100.00        0.00
03538            1160.00        0.00
03539            1220.00        0.00
03540            1140.00      -20.00
03541            1140.00        0.00
03542            1120.00        0.00
03543            1160.00        0.00
03544            1100.00       20.00
03545            1080.00        0.00
03546            1120.00        0.00
03547            1080.00      -20.00
03548            1080.00        0.00
03549            1100.00      -20.00
03550            1140.00        0.00
03551            1060.00        0.00
03552            1160.00      -20.00
03553            1100.00        0.00
03554            1080.00        0.00
03555            1100.00        0.00
03556            1080.00        0.00
03557            1100.00        0.00
03558            1040.00      -20.00
03559            1060.00      -20.00
03560            1140.00        0.00
03561             980.00        0.00
03562            1100.00        0.00
03563            1100.00      -20.00
03564            1000.00        0.00
03565            1040.00        0.00
03566            1040.00       20.00
03567            1020.00        0.00
03568            1040.00        0.00
03569            1100.00        0.00
03570             980.00      -20.00
03571            1060.00        0.00
03572             960.00      -20.00
03573            1080.00      -20.00
03574            1120.00      -20.00
03575            1060.00        0.00
03576            1060.00        0.00
03577            1080.00        0.00
03578            1100.00        0.00
03579             920.00        0.00
03580            1080.00        0.00
03581             960.00      -20.00
03582            1080.00      -20.00
03583            1000.00        0.00
03584             880.00        0.00
03585             900.00      -20.00
03586             880.00        0.00
03587             940.00        0.00
03588            1040.00      -20.00
03589            1040.00      -20.00
03590             920.00      -20.00
03591            1020.00        0.00
03592            1040.00        0.00
03593             860.00        0.00
03594             840.00       20.00
03595             900.00       20.00
03596             880.00        0.00
03597             840.00      -20.00
03598            1020.00      -20.00
03599             980.00        0.00
03600             900.00        0.00
03601             980.00        0.00
03602            1060.00        0.00
03603             880.00        0.00
03604             820.00      -20.00
03605             820.00        0.00
03606             820.00        0.00
03607             980.00        0.00
03608            1080.00      -20.00
03609             800.00      -20.00
03610            1040.00      -20.00
03611             720.00        0.00
03612             920.00      -20.00
03613            1060.00        0.00
03614            1060.00       20.00
03615            1020.00        0.00
03616            1060.00        0.00
03617             940.00        0.00
03618             720.00        0.00
03619            1020.00        0.00
03620             720.00      -20.00
03621            1020.00        0.00
03622             900.00        0.00
03623             760.00       20.00
03624             660.00        0.00
03625             700.00       20.00
03626             760.00        0.00
03627            1000.00        0.00
03628             920.00        0.00
03629             700.00        0.00
03630             920.00      -20.00
03631             940.00        0.00
03632             640.00        0.00
03633             680.00        0.00
03634             680.00        0.00
03635             640.00       20.00
03636             640.00        0.00
03637             900.00       20.00
03638             920.00      -20.00
03639             680.00        0.00
03640             880.00      -20.00
03641             880.00        0.00
03642             600.00        0.00
03643             580.00        0.00
03644             540.00      -20.00
03645             540.00      -20.00
03646             680.00      -20.00
03647             960.00        0.00
03648             660.00        0.00
03649             880.00        0.00
03650             600.00       20.00
03651             920.00        0.00
03652             920.00       20.00
03653             780.00      -20.00
03654             760.00        0.00
03655             920.00        0.00
03656             920.00        0.00
03657             580.00        0.00
03658             780.00        0.00
03659             660.00        0.00
03660             900.00        0.00
03661             520.00        0.00
03662             520.00        0.00
03663             560.00      -20.00
03664             580.00        0.00
03665             440.00       20.00
03666             640.00        0.00
03667             880.00        0.00
03668             500.00      -20.00
03669             880.00        0.00
03670             480.00      -20.00
03671             600.00       20.00
03672             780.00        0.00
03673             800.00        0.00
03674             760.00        0.00
03675             600.00        0.00
03676             440.00        0.00
03677             800.00        0.00
03678             480.00        0.00
03679             780.00      -20.00
03680             420.00        0.00
03681             520.00        0.00
03682             700.00       20.00
03683             740.00      -20.00
03684             660.00        0.00
03685             420.00        0.00
03686             460.00        0.00
03687             780.00        0.00
03688             360.00        0.00
03689             760.00        0.00
03690             600.00      -20.00
03691             420.00        0.00
03692             380.00      -20.00
03693             380.00        0.00
03694             380.00        0.00
03695             520.00        0.00
03696             720.00        0.00
03697             400.00        0.00
03698             720.00        0.00
03699             340.00      -20.00
03700             640.00      -20.00
03701             680.00        0.00
03702             700.00      -20.00
03703             640.00        0.00
03704             720.00      -20.00
03705             520.00        0.00
03706             380.00        0.00
03707             660.00        0.00
03708             280.00      -20.00
03709             640.00        0.00
03710             560.00      -20.00
03711             420.00      -20.00
03712             400.00        0.00
03713             400.00        0.00
03714             500.00      -20.00
03715             600.00        0.00
03716             320.00        0.00
03717             560.00        0.00
03718             380.00        0.00
03719             600.00        0.00
03720             480.00        0.00
03721             340.00        0.00
03722             340.00      -20.00
03723             340.00        0.00
03724             500.00      -20.00
03725             580.00      -20.00
03726             320.00       20.00
03727             560.00        0.00
03728             280.00        0.00
03729             460.00      -20.00
03730             540.00        0.00
03731             440.00        0.00
03732             440.00        0.00
03733             420.00      -20.00
03734             520.00        0.00
03735             340.00      -20.00
03736             340.00        0.00
03737             420.00        0.00
03738             440.00        0.00
03739             240.00        0.00
03740             340.00        0.00
03741             360.00        0.00
03742             420.00      -20.00
03743             280.00        0.00
03744             280.00      -20.00
03745             400.00        0.00
03746             340.00        0.00
03747             400.00        0.00
03748             260.00       20.00
03749             400.00        0.00
03750             420.00        0.00
03751             360.00        0.00
03752             360.00        0.00
03753             420.00        0.00
03754             340.00      -20.00
03755             280.00        0.00
03756             400.00      -20.00
03757             240.00       20.00
03758             300.00      -20.00
03759             340.00       20.00
03760             300.00        0.00
03761            -400.00     1960.00
03762             100.00     1960.00
03763              20.00     1960.00
03764             -40.00     1960.00
03765             120.00     1940.00
03766             -20.00     1940.00
03767              80.00     1960.00
03768             -60.00     1980.00
03769             -40.00     1940.00
03770              20.00     1960.00
03771              40.00     1960.00
03772             -40.00     1960.00
03773             -60.00      -20.00
03774              60.00      -20.00
03775              40.00      -20.00
03776             -20.00        0.00
03777              20.00      -20.00
03778             100.00      -20.00
03779               0.00      -40.00
03780             -60.00        0.00
03781             -60.00      -20.00
03782             -20.00      -20.00
03783             140.00      -20.00
03784              20.00      -20.00
03785            -100.00      -20.00
03786              80.00      -20.00
03787              20.00        0.00
03788            -120.00      -20.00
03789               0.00      -20.00
03790              40.00      -20.00
03791             -20.00        0.00
03792            -100.00      -20.00
03793            -100.00      -20.00
03794             140.00      -20.00
03795             -80.00      -20.00
03796             100.00      -20.00
03797            -160.00      -20.00
03798             -40.00        0.00
03799              80.00      -20.00
03800             120.00      -20.00
03801             100.00      -20.00
03802             -20.00        0.00
03803            -140.00      -20.00
03804              60.00      -20.00
03805             -60.00      -40.00
03806             100.00      -20.00
03807            -140.00        0.00
03808             -60.00      -20.00
03809              20.00      -20.00
03810              80.00      -20.00
03811              60.00      -20.00
03812            -140.00        0.00
03813            -140.00        0.00
03814             160.00      -20.00
03815            -200.00      -20.00
03816              80.00      -20.00
03817              20.00      -20.00
03818            -200.00      -20.00
03819            -180.00      -20.00
03820            -200.00      -20.00
03821            -180.00      -20.00
03822             -60.00      -20.00
03823             100.00      -20.00
03824            -180.00      -40.00
03825              80.00        0.00
03826            -180.00        0.00
03827             -60.00      -20.00
03828              40.00        0.00
03829             120.00        0.00
03830             120.00      -20.00
03831              60.00      -20.00
03832            -140.00        0.00
03833            -160.00      -20.00
03834              40.00      -20.00
03835            -180.00      -20.00
03836             -80.00      -20.00
03837             100.00      -20.00
03838              20.00        0.00
03839             -20.00        0.00
03840               0.00      -20.00
03841             100.00        0.00
03842             -20.00      -20.00
03843            -240.00      -20.00
03844              60.00      -20.00
03845            -260.00      -20.00
03846             -80.00      -20.00
03847              80.00        0.00
03848               0.00      -20.00
03849             -60.00        0.00
03850             -20.00      -20.00
03851              40.00      -20.00
03852            -140.00        0.00
03853            -200.00      -20.00
03854             -20.00      -20.00
03855            -160.00      -20.00
03856            -260.00      -20.00
03857             -60.00      -20.00
03858               0.00      -20.00
03859              20.00        0.00
03860             -60.00        0.00
03861            -200.00        0.00
03862            -240.00      -20.00
03863               0.00      -20.00
03864            -300.00      -20.00
03865             -80.00      -20.00
03866             -80.00        0.00
03867            -240.00      -20.00
03868            -320.00      -20.00
03869            -340.00      -20.00
03870            -240.00      -20.00
03871             -40.00        0.00
03872            -160.00        0.00
03873            -280.00        0.00
03874            -120.00      -20.00
03875            -160.00        0.00
03876            -360.00      -20.00
03877            -300.00      -20.00
03878            -260.00      -20.00
03879            -280.00        0.00
03880            -380.00      -20.00
03881            -260.00        0.00
03882             -80.00        0.00
03883            -360.00      -20.00
03884             -40.00        0.00
03885            -260.00      -20.00
03886            -340.00      -20.00
03887            -320.00        0.00
03888            -260.00        0.00
03889            -280.00        0.00
03890            -360.00      -20.00
03891            -280.00      -20.00
03892            -100.00        0.00
03893            -380.00        0.00
03894            -180.00      -20.00
03895            -180.00      -20.00
03896            -400.00        0.00
03897            -400.00      -20.00
03898            -440.00        0.00
03899            -400.00      -20.00
03900            -320.00        0.00
03901            -120.00      -20.00
03902            -380.00        0.00
03903            -200.00      -20.00
03904            -400.00      -20.00
03905            -260.00      -20.00
03906            -180.00      -20.00
03907            -180.00        0.00
03908            -180.00      -20.00
03909            -200.00        0.00
03910            -320.00        0.00
03911            -460.00        0.00
03912            -160.00      -20.00
03913            -480.00      -20.00
03914            -200.00        0.00
03915            -260.00      -20.00
03916            -400.00        0.00
03917            -460.00        0.00
03918            -460.00      -20.00
03919            -340.00      -20.00
03920            -220.00      -20.00
03921            -380.00      -20.00
03922            -340.00        0.00
03923            -400.00        0.00
03924            -300.00      -20.00
03925            -480.00        0.00
03926            -540.00      -20.00
03927            -500.00      -20.00
03928            -540.00        0.00
03929            -460.00      -40.00
03930            -260.00      -20.00
03931            -440.00        0.00
03932            -420.00      -20.00
03933            -460.00        0.00
03934            -300.00        0.00
03935            -360.00      -20.00
03936            -500.00      -20.00
03937            -520.00        0.00
03938            -460.00        0.00
03939            -320.00        0.00
03940            -400.00      -20.00
03941            -560.00        0.00
03942            -340.00        0.00
03943            -560.00      -20.00
03944            -480.00        0.00
03945            -400.00      -20.00
03946            -360.00        0.00
03947            -340.00      -20.00
03948            -340.00        0.00
03949            -560.00        0.00
03950            -620.00      -20.00
03951            -380.00        0.00
03952            -620.00        0.00
03953            -420.00        0.00
03954            -380.00      -20.00
03955            -540.00        0.00
03956            -620.00      -20.00
03957            -600.00      -20.00
03958            -520.00        0.00
03959            -380.00      -20.00
03960            -600.00        0.00
03961            -560.00        0.00
03962            -620.00        0.00
03963            -460.00        0.00
03964            -600.00      -20.00
03965            -720.00      -20.00
03966            -700.00       20.00
03967            -760.00        0.00
03968            -660.00        0.00
03969            -460.00      -20.00
03970            -620.00      -40.00
03971            -600.00        0.00
03972            -620.00        0.00
03973            -480.00        0.00
03974            -620.00      -20.00
03975            -780.00      -20.00
03976            -740.00      -20.00
03977            -760.00        0.00
03978            -600.00        0.00
03979            -520.00      -20.00
03980            -780.00        0.00
03981            -480.00        0.00
03982            -820.00      -20.00
03983            -580.00        0.00
03984            -500.00        0.00
03985            -600.00      -20.00
03986            -600.00        0.00
03987            -520.00      -20.00
03988            -560.00      -20.00
03989            -820.00        0.00
03990            -620.00      -20.00
03991            -780.00        0.00
03992            -560.00      -20.00
03993            -780.00        0.00
03994            -840.00       20.00
03995            -820.00        0.00
03996            -840.00        0.00
03997            -860.00      -40.00
03998            -740.00      -20.00
03999            -620.00        0.00
04000            -880.00        0.00
04001            -620.00      -20.00
04002            -800.00      -20.00
04003            -820.00      -20.00
04004            -700.00        0.00
04005            -700.00        0.00
04006            -760.00        0.00
04007            -820.00        0.00
04008            -900.00        0.00
04009            -660.00        0.00
04010            -860.00        0.00
04011            -640.00        0.00
04012            -920.00        0.00
04013            -900.00      -20.00
04014            -800.00        0.00
04015            -740.00      -40.00
04016            -820.00      -20.00
04017            -940.00        0.00
04018            -920.00        0.00
04019            -680.00        0.00
04020            -960.00      -20.00
04021            -760.00        0.00
04022            -800.00      -20.00
04023            -940.00        0.00
04024            -980.00        0.00
04025            -960.00      -20.00
04026           -1000.00        0.00
04027            -880.00        0.00
04028            -640.00        0.00
04029           -1000.00        0.00
04030            -780.00        0.00
04031           -1000.00        0.00
04032            -860.00       20.00
04033            -720.00        0.00
04034            -760.00      -20.00
04035            -760.00      -20.00
04036            -740.00      -20.00
04037            -900.00        0.00
04038           -1040.00      -20.00
04039            -780.00        0.00
04040           -1060.00        0.00
04041            -760.00        0.00
04042            -820.00       20.00
04043           -1000.00      -20.00
04044           -1060.00      -20.00
04045           -1060.00      -20.00
04046            -900.00        0.00
04047            -780.00      -20.00
04048           -1060.00        0.00
04049            -900.00      -20.00
04050           -1040.00      -20.00
04051            -780.00        0.00
04052           -1000.00        0.00
04053           -1100.00      -20.00
04054           -1120.00      -20.00
04055           -1100.00      -20.00
04056           -1000.00        0.00
04057            -780.00      -20.00
04058           -1080.00        0.00
04059            -880.00      -20.00
04060           -1120.00        0.00
04061            -900.00        0.00
04062            -860.00        0.00
04063           -1060.00       20.00
04064           -1080.00        0.00
04065           -1020.00        0.00
04066            -840.00      -20.00
04067           -1020.00        0.00
04068           -1140.00      -20.00
04069            -960.00        0.00
04070           -1080.00      -20.00
04071           -1180.00      -20.00
04072           -1040.00      -20.00
04073            -960.00        0.00
04074            -960.00        0.00
04075           -1060.00      -20.00
04076           -1200.00        0.00
04077           -1080.00        0.00
04078           -1040.00      -20.00
04079           -1160.00        0.00
04080           -1080.00      -20.00
04081            -920.00        0.00
04082           -1020.00        0.00
04083           -1100.00        0.00
04084           -1080.00      -20.00
04085            -940.00        0.00
04086           -1000.00        0.00
04087           -1240.00        0.00
04088            -960.00        0.00
04089           -1240.00        0.00
04090            -920.00        0.00
04091           -1060.00      -20.00
04092           -1200.00        0.00
04093           -1240.00      -20.00
04094           -1200.00        0.00
04095           -1080.00        0.00
04096            -960.00        0.00
04097           -1240.00        0.00
04098           -1000.00        0.00
04099           -1260.00      -20.00
04100           -1020.00      -20.00
04101           -1020.00        0.00
04102           -1180.00        0.00
04103           -1200.00        0.00
04104           -1140.00        0.00
04105           -1020.00      -20.00
04106           -1120.00      -20.00
04107           -1280.00      -20.00
04108           -1080.00        0.00
04109           -1220.00        0.00
04110           -1280.00      -20.00
04111           -1080.00        0.00
04112           -1000.00      -20.00
04113           -1040.00        0.00
04114           -1080.00      -20.00
04115           -1260.00        0.00
04116           -1260.00      -20.00
04117           -1040.00        0.00
04118           -1320.00      -20.00
04119           -1060.00        0.00
04120           -1100.00        0.00
04121           -1240.00        0.00
04122           -1280.00        0.00
04123           -1320.00        0.00
04124           -1180.00        0.00
04125           -1040.00      -20.00
04126           -1260.00      -20.00
04127           -1220.00        0.00
04128           -1220.00        0.00
04129           -1100.00      -20.00
04130           -1280.00      -20.00
04131           -1360.00      -20.00
04132           -1340.00      -20.00
04133           -1360.00        0.00
04134           -1320.00        0.00
04135           -1160.00      -20.00
04136           -1140.00       20.00
04137           -1260.00      -20.00
04138           -1160.00        0.00
04139           -1160.00        0.00
04140           -1260.00        0.00
04141           -1380.00      -20.00
04142           -1360.00        0.00
04143           -1360.00        0.00
04144           -1280.00        0.00
04145           -1080.00        0.00
04146           -1320.00        0.00
04147           -1240.00        0.00
04148           -1360.00        0.00
04149           -1040.00        0.00
04150           -1200.00      -20.00
04151           -1260.00        0.00
04152           -1260.00        0.00
04153           -1220.00      -20.00
04154           -1080.00      -20.00
04155           -1280.00        0.00
04156           -1280.00        0.00
04157           -1160.00      -20.00
04158           -1240.00      -20.00
04159           -1340.00        0.00
04160           -1320.00      -20.00
04161           -1180.00        0.00
04162           -1220.00        0.00
04163           -1340.00        0.00
04164           -1320.00        0.00
04165           -1220.00      -20.00
04166           -1280.00        0.00
04167           -1200.00        0.00
04168           -1400.00        0.00
04169           -1140.00      -20.00
04170           -1080.00      -20.00
04171           -1140.00      -20.00
04172           -1100.00      -20.00
04173           -1100.00        0.00
04174           -1400.00        0.00
04175           -1300.00        0.00
04176           -1080.00        0.00
04177           -1300.00        0.00
04178           -1400.00        0.00
04179           -1020.00        0.00
04180           -1120.00      -20.00
04181           -1120.00      -20.00
04182           -1100.00        0.00
04183           -1060.00      -20.00
04184           -1400.00        0.00
04185           -1300.00        0.00
04186           -1260.00      -20.00
04187           -1220.00      -20.00
04188           -1360.00        0.00
04189           -1300.00        0.00
04190           -1100.00        0.00
04191           -1100.00        0.00
04192           -1220.00        0.00
04193           -1400.00        0.00
04194           -1300.00      -20.00
04195           -1020.00        0.00
04196           -1320.00      -20.00
04197           -1160.00        0.00
04198           -1160.00        0.00
04199           -1280.00        0.00
04200           -1280.00        0.00
04201           -1260.00        0.00
04202           -1280.00        0.00
04203           -1140.00        0.00
04204           -1220.00        0.00
04205           -1280.00        0.00
04206           -1100.00        0.00
04207           -1280.00        0.00
04208           -1320.00        0.00
04209           -1380.00      -20.00
04210           -1280.00        0.00
04211           -1320.00      -20.00
04212           -1360.00        0.00
04213           -1280.00      -20.00
04214           -1060.00        0.00
04215           -1380.00      -20.00
04216           -1040.00        0.00
04217           -1260.00        0.00
04218           -1400.00        0.00
04219           -1200.00        0.00
04220           -1120.00        0.00
04221           -1200.00      -20.00
04222           -1360.00        0.00
04223           -1280.00      -20.00
04224           -1020.00        0.00
04225           -1320.00        0.00
04226           -1040.00        0.00
04227           -1280.00        0.00
04228           -1300.00      -20.00
04229           -1360.00        0.00
04230           -1340.00        0.00
04231           -1360.00        0.00
04232           -1260.00      -20.00
04233           -1180.00        0.00
04234           -1240.00        0.00
04235           -1220.00      -20.00
04236           -1340.00        0.00
04237           -1060.00        0.00
04238           -1160.00        0.00
04239           -1240.00        0.00
04240           -1240.00        0.00
04241           -1200.00        0.00
04242            -980.00      -20.00
04243           -1280.00        0.00
04244           -1260.00        0.00
04245           -1200.00        0.00
04246           -1100.00        0.00
04247           -1240.00        0.00
04248           -1300.00        0.00
04249           -1280.00        0.00
04250           -1280.00        0.00
04251           -1260.00       20.00
04252           -1200.00       20.00
04253           -1000.00        0.00
04254           -1280.00        0.00
04255           -1020.00      -20.00
04256           -1220.00      -20.00
04257           -1280.00      -20.00
04258           -1160.00      -20.00
04259           -1060.00        0.00
04260           -1160.00      -20.00
04261           -1280.00        0.00
04262           -1200.00        0.00
04263           -1020.00        0.00
04264           -1260.00      -20.00
04265            -960.00        0.00
04266           -1180.00        0.00
04267           -1240.00      -20.00
04268           -1200.00        0.00
04269           -1160.00      -20.00
04270           -1220.00        0.00
04271           -1200.00      -20.00
04272           -1100.00        0.00
04273           -1020.00        0.00
04274           -1160.00        0.00
04275           -1100.00        0.00
04276           -1000.00        0.00
04277           -1140.00        0.00
04278           -1180.00       20.00
04279           -1180.00        0.00
04280           -1140.00        0.00
04281           -1040.00        0.00
04282           -1060.00       20.00
04283           -1140.00        0.00
04284           -1000.00       20.00
04285           -1140.00        0.00
04286           -1200.00       20.00
04287           -1100.00        0.00
04288            -980.00        0.00
04289           -1000.00      -20.00
04290           -1120.00        0.00
04291           -1140.00      -20.00
04292           -1020.00        0.00
04293           -1060.00        0.00
04294           -1000.00      -20.00
04295           -1140.00        0.00
04296           -1000.00       20.00
04297            -940.00        0.00
04298            -960.00       20.00
04299            -940.00      -20.00
04300            -980.00        0.00
04301           -1140.00      -20.00
04302           -1020.00        0.00
04303           -1000.00      -40.00
04304           -1020.00        0.00
04305           -1100.00        0.00
04306            -940.00      -20.00
04307            -920.00      -20.00
04308            -920.00        0.00
04309            -900.00        0.00
04310            -940.00        0.00
04311           -1040.00        0.00
04312            -940.00        0.00
04313           -1020.00      -20.00
04314            -920.00      -20.00
04315           -1020.00      -20.00
04316           -1000.00      -20.00
04317            -960.00        0.00
04318            -920.00        0.00
04319           -1000.00        0.00
04320            -980.00      -20.00
04321            -900.00        0.00
04322            -920.00        0.00
04323            -940.00        0.00
04324            -940.00      -20.00
04325            -860.00      -20.00
04326            -900.00        0.00
04327            -900.00      -20.00
04328            -860.00        0.00
04329            -860.00        0.00
04330            -860.00        0.00
04331            -920.00        0.00
04332            -860.00        0.00
04333            -920.00        0.00
04334            -840.00      -20.00
04335            -880.00        0.00
04336            -900.00      -20.00
04337            -880.00      -20.00
04338            -900.00        0.00
04339            -840.00        0.00
04340            -820.00      -20.00
04341            -820.00        0.00
04342            -820.00       20.00
04343            -800.00        0.00
04344            -780.00        0.00
04345            -820.00        0.00
04346            -840.00        0.00
04347            -840.00      -20.00
04348            -820.00        0.00
04349            -800.00      -20.00
04350            -760.00      -20.00
04351            -760.00        0.00
04352            -780.00        0.00
04353            -760.00       20.00
04354            -760.00      -20.00
04355            -740.00        0.00
04356            -760.00        0.00
04357            -720.00        0.00
04358            -700.00        0.00
04359            -740.00      -20.00
04360            -720.00        0.00
04361            -720.00      -40.00
04362            -740.00        0.00
04363            -660.00        0.00
04364            -700.00        0.00
04365            -720.00      -20.00
04366            -740.00        0.00
04367            -700.00        0.00
04368            -740.00        0.00
04369            -700.00        0.00
04370            -620.00      -20.00
04371            -700.00        0.00
04372            -620.00        0.00
04373            -700.00       20.00
04374            -660.00        0.00
04375            -620.00      -20.00
04376            -580.00        0.00
04377            -600.00        0.00
04378            -600.00      -20.00
04379            -600.00      -20.00
04380            -620.00       20.00
04381            -580.00        0.00
04382            -560.00      -20.00
04383            -580.00        0.00
04384            -560.00      -20.00
04385            -520.00      -20.00
04386            -520.00        0.00
04387            -540.00        0.00
04388            -520.00      -20.00
04389            -560.00        0.00
04390            -500.00        0.00
04391            -540.00        0.00
04392            -480.00        0.00
04393            -520.00        0.00
04394            -500.00      -20.00
04395            -460.00        0.00
04396            -460.00        0.00
04397            -440.00       20.00
04398            -460.00      -20.00
04399            -480.00        0.00
04400            -380.00        0.00
04401            -460.00      -20.00
04402            -380.00        0.00
04403            -400.00        0.00
04404            -380.00      -20.00
04405            -380.00      -20.00
04406            -380.00        0.00
04407            -360.00        0.00
04408            -360.00        0.00
04409            -380.00        0.00
04410            -300.00       20.00
04411            -340.00        0.00
04412            -280.00      -20.00
04413            -300.00        0.00
04414            -360.00      -20.00
04415            -360.00      -20.00
04416            -320.00      -20.00
04417            -320.00      -20.00
04418            -240.00      -20.00
04419            -180.00        0.00
04420            -300.00      -20.00
04421            -180.00      -20.00
04422            -240.00        0.00
04423            -280.00      -20.00
04424            -200.00        0.00
04425            -120.00        0.00
04426            -180.00        0.00
04427            -240.00        0.00
04428            -200.00       20.00
04429             -60.00        0.00
04430            -260.00        0.00
04431             -40.00        0.00
04432            -140.00        0.00
04433            -260.00        0.00
04434            -140.00        0.00
04435            -140.00        0.00
04436            -180.00      -20.00
04437            -200.00        0.00
04438             -60.00        0.00
04439              60.00        0.00
04440            -120.00        0.00
04441             -40.00        0.00
04442              20.00        0.00
04443             -60.00        0.00
04444            -120.00        0.00
04445            -120.00        0.00
04446             -20.00        0.00
04447              60.00        0.00
04448              80.00        0.00
04449            -120.00        0.00
04450             240.00      -20.00
04451               0.00      -20.00
04452            -140.00      -20.00
04453             180.00      -20.00
04454             180.00        0.00
04455             240.00        0.00
04456              60.00      -20.00
04457             -80.00        0.00
04458             200.00        0.00
04459             120.00      -20.00
04460             140.00        0.00
04461               0.00        0.00
04462             340.00        0.00
04463             360.00      -20.00
04464             300.00        0.00
04465             360.00      -20.00
04466             420.00      -20.00
04467             140.00        0.00
04468              80.00      -20.00
04469             340.00       20.00
04470             120.00        0.00
04471             200.00        0.00
04472             400.00        0.00
04473             460.00        0.00
04474             360.00        0.00
04475             520.00        0.00
04476             400.00        0.00
04477             120.00      -20.00
04478             280.00        0.00
04479             300.00      -20.00
04480             380.00        0.00
04481              80.00        0.00
04482             340.00        0.00
04483             560.00        0.00
04484             560.00        0.00
04485             460.00        0.00
04486             160.00        0.00
04487             240.00      -20.00
04488             560.00        0.00
04489             140.00      -20.00
04490             580.00        0.00
04491             560.00      -20.00
04492             300.00        0.00
04493             220.00      -20.00
04494             220.00        0.00
04495             360.00      -20.00
04496             720.00      -20.00
04497             380.00      -20.00
04498             320.00      -20.00
04499             660.00        0.00
04500             640.00      -20.00
04501             180.00        0.00
04502             220.00       20.00
04503             380.00        0.00
04504             320.00        0.00
04505             200.00        0.00
04506             460.00      -20.00
04507             880.00        0.00
04508             240.00        0.00
04509             780.00      -20.00
04510             400.00        0.00
04511             280.00        0.00
04512             460.00        0.00
04513             680.00        0.00
04514             440.00        0.00
04515             320.00        0.00
04516             600.00        0.00
04517             800.00        0.00
04518             340.00      -20.00
04519             940.00        0.00
04520             760.00        0.00
04521             340.00        0.00
04522             300.00        0.00
04523             340.00        0.00
04524             280.00        0.00
04525             560.00      -20.00
04526            1020.00      -20.00
04527             520.00      -20.00
04528             860.00      -20.00
04529             320.00        0.00
04530            1000.00        0.00
04531             960.00      -20.00
04532             960.00        0.00
04533             900.00      -20.00
04534            1140.00       20.00
04535             860.00        0.00
04536             420.00        0.00
04537            1060.00        0.00
04538             420.00        0.00
04539            1040.00        0.00
04540             760.00        0.00
04541             440.00        0.00
04542             460.00        0.00
04543             460.00       20.00
04544             560.00        0.00
04545            1020.00      -20.00
04546             860.00        0.00
04547             560.00      -20.00
04548            1020.00        0.00
04549            1020.00       20.00
04550             500.00        0.00
04551             580.00        0.00
04552             600.00        0.00
04553             620.00        0.00
04554             500.00      -20.00
04555            1060.00      -20.00
04556            1080.00        0.00
04557             680.00        0.00
04558             960.00        0.00
04559            1160.00      -20.00
04560             680.00      -20.00
04561             540.00        0.00
04562             560.00        0.00
04563             560.00        0.00
04564             920.00        0.00
04565            1220.00      -20.00
04566             620.00      -20.00
04567            1300.00       20.00
04568             600.00        0.00
04569            1080.00        0.00
04570            1340.00        0.00
04571            1200.00       20.00
04572            1260.00      -20.00
04573            1280.00        0.00
04574            1240.00      -20.00
04575             620.00      -20.00
04576            1220.00        0.00
04577             860.00      -20.00
04578            1360.00      -20.00
04579             920.00      -20.00
04580             620.00      -20.00
04581             680.00        0.00
04582             660.00        0.00
04583             660.00        0.00
04584            1240.00        0.00
04585            1320.00        0.00
04586             680.00        0.00
04587            1260.00      -20.00
04588            1080.00      -20.00
04589             780.00        0.00
04590             960.00      -20.00
04591            1160.00        0.00
04592            1000.00        0.00
04593             820.00      -20.00
04594             960.00        0.00
04595            1340.00      -20.00
04596             780.00        0.00
04597            1420.00        0.00
04598            1080.00      -20.00
04599             720.00      -20.00
04600             920.00        0.00
04601            1000.00      -20.00
04602             900.00        0.00
04603             740.00        0.00
04604            1360.00        0.00
04605            1300.00        0.00
04606             980.00      -20.00
04607            1080.00        0.00
04608            1480.00        0.00
04609            1120.00        0.00
04610             900.00        0.00
04611             880.00      -20.00
04612            1080.00        0.00
04613            1420.00      -20.00
04614            1340.00        0.00
04615             900.00      -20.00
04616            1360.00        0.00
04617            1080.00      -20.00
04618            1000.00        0.00
04619            1300.00        0.00
04620            1400.00      -20.00
04621            1400.00      -20.00
04622            1220.00      -20.00
04623             940.00       20.00
04624            1300.00      -20.00
04625            1200.00        0.00
04626            1280.00        0.00
04627            1080.00        0.00
04628            1360.00        0.00
04629            1520.00      -20.00
04630            1400.00        0.00
04631            1520.00      -20.00
04632            1420.00        0.00
04633            1200.00      -20.00
04634            1080.00        0.00
04635            1400.00        0.00
04636            1080.00        0.00
04637            1220.00        0.00
04638            1480.00        0.00
04639            1520.00        0.00
04640            1460.00      -20.00
04641            1520.00      -20.00
04642            1460.00        0.00
04643            1140.00      -20.00
04644            1240.00        0.00
04645            1260.00      -20.00
04646            1360.00      -20.00
04647            1060.00        0.00
04648            1240.00        0.00
04649            1440.00        0.00
04650            1380.00        0.00
04651            1360.00        0.00
04652            1060.00        0.00
04653            1200.00      -20.00
04654            1480.00        0.00
04655            1080.00        0.00
04656            1320.00        0.00
04657            1420.00        0.00
04658            1200.00        0.00
04659            1140.00        0.00
04660            1140.00        0.00
04661            1240.00        0.00
04662            1420.00        0.00
04663            1240.00        0.00
04664            1220.00      -20.00
04665            1380.00        0.00
04666            1360.00      -20.00
04667            1120.00      -20.00
04668            1220.00        0.00
04669            1200.00        0.00
04670            1260.00        0.00
04671            1140.00      -20.00
04672            1240.00       20.00
04673            1460.00        0.00
04674            1140.00        0.00
04675            1400.00      -20.00
04676            1280.00        0.00
04677            1180.00      -20.00
04678            1300.00        0.00
04679            1320.00      -20.00
04680            1280.00      -20.00
04681            1200.00        0.00
04682            1300.00        0.00
04683            1400.00        0.00
04684            1200.00        0.00
04685            1400.00        0.00
04686            1320.00        0.00
04687            1200.00        0.00
04688            1200.00      -20.00
04689            1160.00        0.00
04690            1220.00       20.00
04691            1280.00        0.00
04692            1400.00        0.00
04693            1220.00        0.00
04694            1400.00        0.00
04695            1180.00        0.00
04696            1340.00        0.00
04697            1380.00        0.00
04698            1380.00        0.00
04699            1360.00        0.00
04700            1380.00      -20.00
04701            1320.00      -20.00
04702            1160.00      -20.00
04703            1400.00        0.00
04704            1220.00        0.00
04705            1380.00      -20.00
04706            1340.00        0.00
04707            1240.00        0.00
04708            1180.00        0.00
04709            1220.00        0.00
04710            1300.00        0.00
04711            1400.00        0.00
04712            1300.00      -20.00
04713            1280.00       20.00
04714            1300.00      -20.00
04715            1380.00        0.00
04716            1260.00        0.00
04717            1180.00        0.00
04718            1240.00        0.00
04719            1180.00        0.00
04720            1260.00        0.00
04721            1380.00      -20.00
04722            1260.00        0.00
04723            1280.00       20.00
04724            1300.00        0.00
04725            1400.00        0.00
04726            1280.00        0.00
04727            1180.00        0.00
04728            1180.00       20.00
04729            1220.00        0.00
04730            1340.00        0.00
04731            1360.00      -20.00
04732            1160.00      -20.00
04733            1360.00        0.00
04734            1140.00        0.00
04735            1280.00        0.00
04736            1360.00       20.00
04737            1360.00        0.00
04738            1340.00      -20.00
04739            1380.00        0.00
04740            1300.00        0.00
04741            1120.00        0.00
04742            1340.00      -20.00
04743            1220.00        0.00
04744            1340.00        0.00
04745            1260.00        0.00
04746            1160.00      -20.00
04747            1140.00      -20.00
04748            1180.00      -20.00
04749            1180.00      -20.00
04750            1340.00        0.00
04751            1300.00        0.00
04752            1160.00        0.00
04753            1280.00        0.00
04754            1260.00        0.00
04755            1180.00        0.00
04756            1220.00      -20.00
04757            1240.00        0.00
04758            1240.00        0.00
04759            1180.00      -20.00
04760            1180.00        0.00
04761            1300.00        0.00
04762            1140.00      -20.00
04763            1280.00        0.00
04764            1200.00        0.00
04765            1120.00      -20.00
04766            1180.00      -20.00
04767            1160.00        0.00
04768            1180.00       20.00
04769            1160.00        0.00
04770            1220.00        0.00
04771            1240.00      -20.00
04772            1140.00      -20.00
04773            1220.00        0.00
04774            1260.00        0.00
04775            1160.00        0.00
04776            1160.00      -20.00
04777            1120.00      -20.00
04778            1140.00        0.00
04779            1240.00        0.00
04780            1200.00       20.00
04781            1080.00        0.00
04782            1220.00        0.00
04783            1100.00        0.00
04784            1140.00        0.00
04785            1220.00        0.00
04786            1220.00        0.00
04787            1200.00        0.00
04788            1180.00      -20.00
04789            1140.00        0.00
04790            1080.00      -20.00
04791            1200.00        0.00
04792            1080.00        0.00
04793            1140.00        0.00
04794            1220.00        0.00
04795            1140.00        0.00
04796            1120.00        0.00
04797            1080.00      -20.00
04798            1160.00        0.00
04799            1180.00        0.00
04800            1080.00        0.00
04801            1160.00        0.00
04802            1040.00        0.00
04803            1160.00        0.00
04804            1120.00      -20.00
04805            1060.00        0.00
04806            1080.00        0.00
04807            1040.00      -20.00
04808            1100.00      -20.00
04809            1140.00      -20.00
04810            1020.00        0.00
04811            1140.00        0.00
04812            1040.00        0.00
04813            1140.00        0.00
04814            1140.00        0.00
04815            1080.00        0.00
04816            1080.00        0.00
04817            1100.00      -20.00
04818            1140.00      -20.00
04819            1040.00      -20.00
04820            1060.00        0.00
04821            1080.00        0.00
04822            1040.00        0.00
04823             960.00        0.00
04824            1060.00      -20.00
04825            1100.00      -20.00
04826            1040.00      -20.00
04827            1040.00        0.00
04828             960.00      -20.00
04829            1060.00        0.00
04830            1060.00      -20.00
04831            1020.00        0.00
04832             940.00        0.00
04833            1100.00        0.00
04834            1060.00        0.00
04835            1020.00        0.00
04836            1060.00        0.00
04837            1080.00        0.00
04838            1020.00        0.00
04839             920.00      -20.00
04840            1100.00        0.00
04841             900.00        0.00
04842            1040.00      -20.00
04843            1040.00        0.00
04844             980.00        0.00
04845             940.00        0.00
04846             940.00      -20.00
04847            1040.00        0.00
04848            1040.00        0.00
04849             840.00        0.00
04850            1060.00        0.00
04851             820.00      -20.00
04852            1000.00        0.00
04853            1080.00        0.00
04854             980.00        0.00
04855             980.00        0.00
04856            1020.00        0.00
04857            1060.00      -20.00
04858             840.00        0.00
04859             900.00        0.00
04860             960.00        0.00
04861             960.00        0.00
04862             740.00        0.00
04863             860.00        0.00
04864             960.00        0.00
04865             980.00        0.00
04866             840.00        0.00
04867             680.00      -20.00
04868             920.00        0.00
04869             920.00      -20.00
04870             820.00        0.00
04871             820.00        0.00
04872            1040.00        0.00
04873             980.00      -20.00
04874             880.00       20.00
04875             920.00        0.00
04876            1000.00      -20.00
04877             980.00      -20.00
04878             660.00        0.00
04879             980.00      -20.00
04880             680.00        0.00
04881            1000.00        0.00
04882             920.00        0.00
04883             740.00      -20.00
04884             660.00        0.00
04885             700.00        0.00
04886             900.00        0.00
04887            1040.00        0.00
04888             640.00        0.00
04889             920.00        0.00
04890             580.00        0.00
04891             960.00        0.00
04892             900.00        0.00
04893             720.00        0.00
04894             680.00        0.00
04895             760.00        0.00
04896             960.00        0.00
04897             860.00      -20.00
04898             560.00        0.00
04899             940.00      -20.00
04900             620.00        0.00
04901             700.00        0.00
04902             920.00      -20.00
04903             940.00      -20.00
04904             960.00        0.00
04905             920.00       20.00
04906             660.00        0.00
04907             540.00      -20.00
04908             940.00        0.00
04909             480.00        0.00
04910             880.00        0.00
04911             800.00      -20.00
04912             540.00        0.00
04913             540.00        0.00
04914             460.00        0.00
04915             640.00      -20.00
04916             840.00      -20.00
04917             720.00        0.00
04918             540.00      -20.00
04919             780.00        0.00
04920             760.00      -20.00
04921             480.00        0.00
04922             500.00        0.00
04923             540.00        0.00
04924             540.00        0.00
04925             440.00      -20.00
04926             600.00        0.00
04927             820.00      -20.00
04928             420.00        0.00
04929             820.00      -20.00
04930             620.00        0.00
04931             460.00      -20.00
04932             520.00        0.00
04933             560.00        0.00
04934             480.00        0.00
04935             420.00        0.00
04936             700.00      -20.00
04937             680.00        0.00
04938             460.00        0.00
04939             580.00        0.00
04940             720.00        0.00
04941             520.00        0.00
04942             420.00        0.00
04943             340.00        0.00
04944             420.00        0.00
04945             660.00        0.00
04946             680.00        0.00
04947             320.00        0.00
04948             760.00      -20.00
04949             380.00        0.00
04950             440.00        0.00
04951             660.00        0.00
04952             700.00        0.00
04953             700.00      -20.00
04954             620.00        0.00
04955             360.00      -20.00
04956             460.00        0.00
04957             600.00        0.00
04958             440.00        0.00
04959             500.00        0.00
04960             620.00        0.00
04961             580.00       20.00
04962             480.00        0.00
04963             500.00        0.00
04964             580.00        0.00
04965             540.00        0.00
04966             340.00        0.00
04967             640.00      -20.00
04968             320.00      -20.00
04969             580.00        0.00
04970             540.00        0.00
04971             420.00        0.00
04972             360.00        0.00
04973             400.00      -20.00
04974             520.00        0.00
04975             500.00      -20.00
04976             300.00      -20.00
04977             560.00      -20.00
04978             340.00      -20.00
04979             420.00        0.00
04980             500.00      -20.00
04981             480.00        0.00
04982             500.00        0.00
04983             540.00        0.00
04984             440.00        0.00
04985             280.00        0.00
04986             460.00        0.00
04987             320.00        0.00
04988             480.00        0.00
04989             280.00        0.00
04990             280.00        0.00
04991             320.00        0.00
04992             320.00        0.00
04993             240.00        0.00
04994             280.00        0.00
04995             420.00       20.00
04996             300.00       20.00
04997             400.00        0.00
04998             220.00        0.00
04999             400.00        0.00
05000             420.00      -20.00
