Unit:(mV)
                     CH1         CH2
Frequency              ?   1.226 kHz
Period                 ?  815.661 us
00001             -40.00      -20.00
00002               0.00      -16.00
00003              40.00      -20.00
00004              40.00      -24.00
00005              40.00      -24.00
00006              40.00      -16.00
00007              40.00      -16.00
00008             -40.00      -20.00
00009            -120.00      -20.00
00010            -200.00      -20.00
00011            -200.00      500.00
00012            -280.00      500.00
00013            -360.00      -32.00
00014            -440.00      -40.00
00015            -480.00      -40.00
00016            -560.00      -36.00
00017            -560.00      -36.00
00018            -560.00      -32.00
00019            -480.00      -36.00
00020            -440.00      -36.00
00021            -400.00      -28.00
00022            -280.00      -32.00
00023            -280.00      -36.00
00024            -200.00      -36.00
00025            -120.00      -32.00
00026             -80.00      -32.00
00027               0.00      -32.00
00028               0.00      -28.00
00029              40.00      -32.00
00030              80.00      -32.00
00031             160.00      -20.00
00032             200.00      -28.00
00033             280.00      -28.00
00034             320.00      -36.00
00035             400.00      -32.00
00036             520.00      -28.00
00037             560.00      -28.00
00038             640.00      -28.00
00039             680.00      -28.00
00040             720.00      -24.00
00041             800.00      -28.00
00042             760.00      -28.00
00043             760.00      -32.00
00044             760.00      -28.00
00045             720.00      -24.00
00046             680.00      -28.00
00047             600.00      -28.00
00048             520.00      -24.00
00049             400.00      -24.00
00050             320.00      -28.00
00051             160.00      -24.00
00052              40.00      -28.00
00053            -120.00      -20.00
00054            -320.00      -28.00
00055            -480.00      -24.00
00056            -600.00      -28.00
00057            -720.00      -28.00
00058            -880.00      -16.00
00059           -1000.00      -28.00
00060           -1040.00      -24.00
00061           -1120.00      -24.00
00062           -1200.00      -28.00
00063           -1200.00      -24.00
00064           -1240.00      -24.00
00065           -1280.00      -24.00
00066           -1280.00      -24.00
00067           -1280.00      -28.00
00068           -1280.00      -24.00
00069           -1280.00      -24.00
00070           -1240.00      -24.00
00071           -1160.00      -28.00
00072           -1120.00      -20.00
00073           -1040.00      -16.00
00074            -880.00      -24.00
00075            -720.00      -24.00
00076            -600.00      -28.00
00077            -400.00      -24.00
00078            -240.00      -20.00
00079             -40.00      -16.00
00080             160.00      -24.00
00081             320.00      -20.00
00082             480.00      -20.00
00083             600.00      -24.00
00084             680.00      -20.00
00085             840.00      -20.00
00086             920.00      -24.00
00087            1000.00      -20.00
00088            1040.00      -24.00
00089            1040.00      -20.00
00090            1120.00      -20.00
00091            1120.00      -20.00
00092            1040.00      -20.00
00093             960.00      -16.00
00094             920.00      -20.00
00095             880.00      -20.00
00096             800.00      -20.00
00097             680.00      -16.00
00098             640.00      -20.00
00099             560.00      -20.00
00100             440.00      -24.00
00101             400.00      -20.00
00102             360.00      -20.00
00103             320.00      -16.00
00104             240.00      -20.00
00105             160.00      -24.00
00106              80.00      -16.00
00107               0.00      -20.00
00108             -80.00      -24.00
00109            -160.00      -20.00
00110            -240.00      -20.00
00111            -280.00      -16.00
00112            -360.00      -16.00
00113            -440.00      -24.00
00114            -480.00      -16.00
00115            -560.00      -16.00
00116            -560.00      -20.00
00117            -560.00      -16.00
00118            -480.00      -20.00
00119            -400.00      -16.00
00120            -320.00      -16.00
00121            -200.00      -20.00
00122             -80.00      -16.00
00123               0.00      -16.00
00124              80.00      -20.00
00125             120.00      -20.00
00126             200.00      -16.00
00127             240.00      -24.00
00128             280.00      -20.00
00129             360.00      -16.00
00130             400.00      -20.00
00131             480.00      -24.00
00132             560.00      -20.00
00133             560.00      -20.00
00134             520.00      -16.00
00135             480.00      -16.00
00136             440.00      -20.00
00137             400.00      -20.00
00138             320.00      -20.00
00139             240.00       -4.00
00140             240.00      -20.00
00141             200.00      -20.00
00142             160.00      -16.00
00143              80.00      -20.00
00144              40.00      -20.00
00145             -80.00      -16.00
00146            -200.00      -16.00
00147            -280.00      -20.00
00148            -360.00      -20.00
00149            -440.00      -20.00
00150            -520.00      -20.00
00151            -560.00      -16.00
00152            -600.00      -20.00
00153            -600.00      -20.00
00154            -600.00      -16.00
00155            -600.00      -16.00
00156            -600.00      -20.00
00157            -640.00      -20.00
00158            -600.00      -16.00
00159            -600.00      -16.00
00160            -520.00      -16.00
00161            -480.00      -16.00
00162            -320.00      -16.00
00163            -240.00      -12.00
00164             -80.00      -16.00
00165              40.00      -20.00
00166             160.00      -20.00
00167             240.00      -16.00
00168             280.00      -20.00
00169             360.00      -16.00
00170             440.00      -16.00
00171             520.00      -16.00
00172             560.00      -16.00
00173             640.00      -20.00
00174             680.00      -12.00
00175             720.00      -16.00
00176             800.00      -12.00
00177             800.00      -20.00
00178             800.00      -16.00
00179             800.00      -16.00
00180             800.00      -20.00
00181             800.00      -16.00
00182             720.00       -8.00
00183             760.00      -20.00
00184             720.00      -20.00
00185             680.00      -16.00
00186             680.00      -20.00
00187             600.00      -20.00
00188             560.00      -12.00
00189             480.00      -16.00
00190             400.00      -16.00
00191             240.00      -16.00
00192             160.00      -12.00
00193              80.00      -20.00
00194             -40.00      -16.00
00195            -160.00      -16.00
00196            -280.00      -16.00
00197            -440.00      -16.00
00198            -520.00      -16.00
00199            -640.00      -16.00
00200            -680.00      -12.00
00201            -760.00      -20.00
00202            -720.00      -16.00
00203            -680.00      -16.00
00204            -640.00      -12.00
00205            -520.00      -16.00
00206            -440.00      -16.00
00207            -360.00      -16.00
00208            -240.00      -16.00
00209            -120.00      -16.00
00210             -40.00      -16.00
00211              40.00      -20.00
00212             120.00      -12.00
00213             160.00      -20.00
00214             240.00      -20.00
00215             320.00      -16.00
00216             360.00      -20.00
00217             440.00      -16.00
00218             520.00      -16.00
00219             560.00      -28.00
00220             560.00      -12.00
00221             520.00      -20.00
00222             520.00      -20.00
00223             480.00      -20.00
00224             480.00      -12.00
00225             480.00      -20.00
00226             440.00      -16.00
00227             440.00      -16.00
00228             360.00      -12.00
00229             360.00      -16.00
00230             360.00      -16.00
00231             360.00      -16.00
00232             320.00      -16.00
00233             240.00      -16.00
00234             200.00      -16.00
00235             120.00      -20.00
00236              80.00      -16.00
00237               0.00      -16.00
00238             -80.00       -8.00
00239            -160.00      -12.00
00240            -200.00      -24.00
00241            -280.00      -12.00
00242            -320.00      -16.00
00243            -320.00      -16.00
00244            -320.00      -16.00
00245            -280.00      -12.00
00246            -280.00      -16.00
00247            -200.00      -16.00
00248            -200.00      -16.00
00249            -160.00      -12.00
00250            -120.00      -16.00
00251             -40.00      -12.00
00252               0.00      -20.00
00253              40.00      -20.00
00254              40.00      -16.00
00255              40.00      -16.00
00256              40.00      -16.00
00257               0.00      -20.00
00258             -80.00      -16.00
00259            -120.00      -12.00
00260            -200.00      -20.00
00261            -200.00      500.00
00262            -280.00      500.00
00263            -360.00      -36.00
00264            -400.00      -28.00
00265            -480.00      -36.00
00266            -520.00      -36.00
00267            -560.00      -28.00
00268            -520.00      -36.00
00269            -520.00      -36.00
00270            -480.00      -28.00
00271            -400.00      -36.00
00272            -320.00      -32.00
00273            -240.00      -28.00
00274            -160.00      -28.00
00275            -120.00      -28.00
00276             -80.00      -28.00
00277             -40.00      -32.00
00278               0.00      -32.00
00279              40.00      -24.00
00280             120.00      -28.00
00281             160.00      -24.00
00282             200.00      -24.00
00283             240.00      -32.00
00284             360.00      -24.00
00285             440.00      -24.00
00286             480.00      -24.00
00287             560.00      -28.00
00288             600.00      -24.00
00289             680.00      -20.00
00290             680.00      -28.00
00291             760.00      -24.00
00292             760.00      -28.00
00293             800.00      -16.00
00294             800.00      -28.00
00295             760.00      -28.00
00296             680.00      -24.00
00297             640.00      -28.00
00298             520.00      -24.00
00299             440.00      -28.00
00300             360.00      -28.00
00301             160.00      -24.00
00302               0.00      -24.00
00303            -160.00      -24.00
00304            -360.00      -24.00
00305            -480.00      -24.00
00306            -640.00      -28.00
00307            -760.00      -24.00
00308            -840.00      -24.00
00309            -960.00      -24.00
00310           -1080.00      -20.00
00311           -1120.00      -24.00
00312           -1160.00      -28.00
00313           -1200.00      -20.00
00314           -1240.00      -20.00
00315           -1280.00      -24.00
00316           -1280.00      -24.00
00317           -1320.00      -24.00
00318           -1280.00      -20.00
00319           -1280.00      -24.00
00320           -1240.00      -24.00
00321           -1160.00      -24.00
00322           -1120.00      -24.00
00323           -1000.00      -20.00
00324            -880.00      -24.00
00325            -760.00      -24.00
00326            -600.00      -20.00
00327            -440.00      -28.00
00328            -240.00      -24.00
00329             -40.00      -20.00
00330             160.00      -20.00
00331             320.00      -16.00
00332             480.00      -24.00
00333             640.00      -20.00
00334             720.00      -24.00
00335             840.00      -24.00
00336             920.00      -20.00
00337            1000.00      -24.00
00338            1040.00      -20.00
00339            1080.00      -28.00
00340            1080.00      -20.00
00341            1080.00      -16.00
00342            1040.00      -16.00
00343            1000.00      -20.00
00344             960.00      -20.00
00345             880.00      -16.00
00346             760.00      -20.00
00347             680.00      -24.00
00348             640.00      -24.00
00349             520.00      -16.00
00350             480.00      -20.00
00351             400.00      -20.00
00352             360.00      -24.00
00353             280.00      -28.00
00354             240.00      -24.00
00355             160.00      -20.00
00356              80.00      -20.00
00357               0.00      -20.00
00358             -80.00      -20.00
00359            -160.00      -16.00
00360            -240.00      -24.00
00361            -280.00      -28.00
00362            -360.00      -20.00
00363            -440.00      -24.00
00364            -480.00      -20.00
00365            -560.00      -24.00
00366            -560.00      -24.00
00367            -560.00      -16.00
00368            -480.00      -20.00
00369            -400.00      -20.00
00370            -320.00      -20.00
00371            -200.00      -20.00
00372             -80.00      -20.00
00373               0.00      -20.00
00374              80.00      -20.00
00375             120.00      -24.00
00376             200.00      -20.00
00377             200.00      -20.00
00378             320.00      -20.00
00379             360.00      -20.00
00380             440.00      -16.00
00381             480.00      -20.00
00382             560.00      -20.00
00383             560.00      -24.00
00384             560.00      -20.00
00385             520.00      -16.00
00386             480.00      -20.00
00387             400.00      -24.00
00388             320.00      -16.00
00389             280.00      -20.00
00390             240.00      -20.00
00391             200.00      -20.00
00392             120.00      -20.00
00393              80.00      -20.00
00394               0.00      -20.00
00395             -80.00      -20.00
00396            -160.00      -16.00
00397            -240.00      -20.00
00398            -400.00      -16.00
00399            -440.00      -20.00
00400            -520.00      -20.00
00401            -560.00      -16.00
00402            -600.00      -16.00
00403            -600.00      -20.00
00404            -600.00      -20.00
00405            -600.00      -16.00
00406            -640.00      -20.00
00407            -640.00      -16.00
00408            -600.00      -20.00
00409            -560.00      -20.00
00410            -520.00      -12.00
00411            -440.00      -24.00
00412            -320.00      -20.00
00413            -240.00      -24.00
00414             -80.00      -16.00
00415              40.00      -16.00
00416             120.00      -16.00
00417             240.00      -16.00
00418             280.00      -24.00
00419             360.00      -16.00
00420             480.00      -16.00
00421             480.00      -28.00
00422             600.00      -16.00
00423             640.00      -24.00
00424             680.00      -20.00
00425             720.00      -16.00
00426             760.00      -20.00
00427             800.00      -16.00
00428             800.00      -16.00
00429             800.00      -20.00
00430             760.00      -20.00
00431             760.00      -20.00
00432             720.00      -20.00
00433             720.00      -16.00
00434             720.00      -20.00
00435             680.00      -16.00
00436             680.00      -20.00
00437             600.00      -16.00
00438             560.00      -16.00
00439             480.00      -12.00
00440             360.00      -20.00
00441             280.00      -24.00
00442             160.00      -20.00
00443              80.00      -16.00
00444             -40.00      -16.00
00445            -160.00      -20.00
00446            -240.00      -16.00
00447            -400.00      -20.00
00448            -520.00      -16.00
00449            -640.00      -20.00
00450            -720.00      -24.00
00451            -760.00      -20.00
00452            -720.00      -12.00
00453            -680.00      -12.00
00454            -640.00      -16.00
00455            -520.00      -12.00
00456            -400.00      -20.00
00457            -320.00      -20.00
00458            -240.00      -20.00
00459            -120.00      -20.00
00460             -40.00      -16.00
00461              40.00      -12.00
00462             120.00      -16.00
00463             200.00      -20.00
00464             240.00      -16.00
00465             360.00      -20.00
00466             360.00      -20.00
00467             440.00      -20.00
00468             520.00      -20.00
00469             520.00      -20.00
00470             560.00      -16.00
00471             520.00      -20.00
00472             520.00      -16.00
00473             480.00      -12.00
00474             440.00      -20.00
00475             440.00      -16.00
00476             440.00      -16.00
00477             440.00      -16.00
00478             400.00      -20.00
00479             400.00      -20.00
00480             360.00      -20.00
00481             320.00      -20.00
00482             320.00      -20.00
00483             280.00      -20.00
00484             240.00      -24.00
00485             120.00      -16.00
00486              40.00      -16.00
00487               0.00      -24.00
00488             -80.00      -16.00
00489            -120.00      -16.00
00490            -200.00      -24.00
00491            -280.00      -16.00
00492            -320.00      -24.00
00493            -320.00      -16.00
00494            -320.00      -12.00
00495            -280.00      -20.00
00496            -280.00      -16.00
00497            -200.00      -16.00
00498            -200.00      -16.00
00499            -120.00      -20.00
00500             -80.00      -20.00
00501             -40.00       -8.00
00502               0.00      -20.00
00503              40.00      -20.00
00504              40.00      -24.00
00505              40.00      -20.00
00506              40.00      -16.00
00507              40.00      -20.00
00508             -40.00      -20.00
00509            -120.00      -24.00
00510            -200.00      -12.00
00511            -200.00      500.00
00512            -280.00      500.00
00513            -360.00      -36.00
00514            -440.00      -36.00
00515            -480.00      -36.00
00516            -480.00      -36.00
00517            -560.00      -32.00
00518            -520.00      -36.00
00519            -480.00      -32.00
00520            -440.00      -28.00
00521            -400.00      -28.00
00522            -320.00      -28.00
00523            -240.00      -36.00
00524            -200.00      -32.00
00525            -160.00      -32.00
00526             -80.00      -32.00
00527             -80.00      -24.00
00528               0.00      -32.00
00529              40.00      -28.00
00530             120.00      -28.00
00531             160.00      -28.00
00532             200.00      -24.00
00533             280.00      -28.00
00534             360.00      -28.00
00535             400.00      -28.00
00536             480.00      -24.00
00537             560.00      -24.00
00538             600.00      -20.00
00539             680.00      -16.00
00540             760.00      -24.00
00541             720.00      -20.00
00542             800.00      -20.00
00543             800.00      -24.00
00544             800.00      -24.00
00545             760.00      -24.00
00546             680.00      -20.00
00547             640.00      -16.00
00548             520.00      -16.00
00549             440.00      -20.00
00550             280.00      -20.00
00551             160.00      -20.00
00552               0.00      -24.00
00553            -120.00      -20.00
00554            -320.00      -20.00
00555            -480.00      -20.00
00556            -640.00      -16.00
00557            -800.00      -28.00
00558            -880.00      -20.00
00559            -960.00      -20.00
00560           -1080.00      -16.00
00561           -1120.00      -24.00
00562           -1160.00      -20.00
00563           -1200.00      -20.00
00564           -1240.00      -20.00
00565           -1240.00      -16.00
00566           -1280.00      -20.00
00567           -1320.00      -24.00
00568           -1280.00      -20.00
00569           -1280.00      -16.00
00570           -1240.00      -16.00
00571           -1200.00      -20.00
00572           -1160.00      -20.00
00573           -1000.00      -24.00
00574            -920.00      -12.00
00575            -720.00      -20.00
00576            -560.00      -16.00
00577            -400.00      -20.00
00578            -240.00      -16.00
00579             -80.00      -16.00
00580             120.00      -16.00
00581             280.00      -20.00
00582             440.00      -20.00
00583             600.00      -16.00
00584             720.00      -20.00
00585             840.00      -12.00
00586             920.00      -16.00
00587            1000.00      -24.00
00588            1040.00      -16.00
00589            1080.00      -16.00
00590            1120.00      -16.00
00591            1080.00      -12.00
00592            1040.00      -20.00
00593            1000.00      -12.00
00594             920.00       -8.00
00595             840.00      -16.00
00596             800.00      -16.00
00597             680.00      -20.00
00598             640.00      -16.00
00599             560.00      -20.00
00600             440.00      -16.00
00601             400.00      -20.00
00602             360.00      -16.00
00603             280.00      -16.00
00604             200.00      -16.00
00605             160.00      -16.00
00606              80.00      -20.00
00607               0.00      -24.00
00608             -80.00      -12.00
00609            -160.00      -20.00
00610            -240.00      -20.00
00611            -280.00      -20.00
00612            -360.00      -20.00
00613            -440.00      -16.00
00614            -520.00      -20.00
00615            -560.00      -20.00
00616            -600.00      -16.00
00617            -560.00      -16.00
00618            -480.00      -16.00
00619            -400.00      -12.00
00620            -320.00      -20.00
00621            -200.00      -16.00
00622             -80.00      -16.00
00623               0.00      -20.00
00624              80.00      -16.00
00625             160.00      -20.00
00626             200.00      -16.00
00627             240.00      -16.00
00628             280.00      -20.00
00629             360.00      -16.00
00630             400.00      -16.00
00631             480.00      -16.00
00632             560.00      -16.00
00633             560.00      -16.00
00634             560.00      -16.00
00635             480.00      -20.00
00636             480.00      -16.00
00637             400.00      -20.00
00638             320.00      -12.00
00639             280.00      -20.00
00640             240.00      -12.00
00641             200.00      -16.00
00642             120.00      -16.00
00643              80.00      -12.00
00644               0.00      -20.00
00645             -80.00      -20.00
00646            -200.00      -20.00
00647            -280.00      -16.00
00648            -360.00      -20.00
00649            -480.00      -20.00
00650            -480.00      -24.00
00651            -560.00      -16.00
00652            -600.00      -12.00
00653            -600.00      -12.00
00654            -600.00      -20.00
00655            -600.00      -16.00
00656            -600.00      -20.00
00657            -640.00      -16.00
00658            -600.00      -20.00
00659            -560.00      -16.00
00660            -520.00      -16.00
00661            -440.00      -20.00
00662            -320.00      -16.00
00663            -200.00      -16.00
00664             -80.00      -20.00
00665              40.00      -12.00
00666             160.00      -16.00
00667             240.00      -16.00
00668             240.00      -16.00
00669             360.00      -12.00
00670             440.00      -20.00
00671             480.00      -16.00
00672             600.00      -24.00
00673             640.00      -24.00
00674             720.00      -20.00
00675             720.00      -20.00
00676             760.00      -20.00
00677             800.00      -20.00
00678             800.00      -20.00
00679             800.00      -20.00
00680             760.00      -16.00
00681             720.00      -20.00
00682             720.00      -24.00
00683             680.00      -20.00
00684             720.00      -16.00
00685             680.00      -20.00
00686             680.00      -16.00
00687             640.00      -16.00
00688             560.00      -16.00
00689             520.00      -16.00
00690             360.00      -16.00
00691             240.00      -16.00
00692             160.00      -20.00
00693              40.00      -20.00
00694             -40.00      -20.00
00695            -160.00      -20.00
00696            -280.00      -24.00
00697            -440.00      -20.00
00698            -520.00      -20.00
00699            -600.00      -20.00
00700            -720.00      -16.00
00701            -720.00      -12.00
00702            -720.00      -16.00
00703            -680.00      -20.00
00704            -640.00      -20.00
00705            -480.00      -20.00
00706            -440.00      -16.00
00707            -320.00      -16.00
00708            -200.00      -20.00
00709            -120.00      -20.00
00710             -40.00      -20.00
00711              40.00      -16.00
00712             120.00      -12.00
00713             200.00      -16.00
00714             240.00      -24.00
00715             320.00      -16.00
00716             400.00      -16.00
00717             480.00      -20.00
00718             520.00      -16.00
00719             560.00      -24.00
00720             560.00      -16.00
00721             520.00      -20.00
00722             520.00      -16.00
00723             520.00      -24.00
00724             480.00      -16.00
00725             480.00      -16.00
00726             440.00      -16.00
00727             440.00      -12.00
00728             400.00      -16.00
00729             360.00      -20.00
00730             360.00      -20.00
00731             320.00      -20.00
00732             320.00      -16.00
00733             240.00      -16.00
00734             240.00      -16.00
00735             120.00      -16.00
00736              80.00      -12.00
00737               0.00      -16.00
00738             -80.00      -20.00
00739            -160.00      -24.00
00740            -200.00      -20.00
00741            -280.00      -20.00
00742            -280.00      -20.00
00743            -320.00      -24.00
00744            -320.00      -16.00
00745            -280.00      -12.00
00746            -240.00      -20.00
00747            -240.00      -20.00
00748            -160.00      -20.00
00749            -120.00      -16.00
00750             -80.00      -20.00
00751             -40.00      -24.00
00752               0.00      -20.00
00753              40.00      -16.00
00754              40.00      -16.00
00755              40.00      -20.00
00756              40.00      -24.00
00757               0.00      -20.00
00758             -40.00      -16.00
00759            -120.00      -20.00
00760            -160.00      -16.00
00761            -200.00      500.00
00762            -280.00      500.00
00763            -360.00      -32.00
00764            -400.00      -40.00
00765            -480.00      -36.00
00766            -480.00      -44.00
00767            -560.00      -36.00
00768            -520.00      -36.00
00769            -480.00      -36.00
00770            -440.00      -36.00
00771            -400.00      -32.00
00772            -360.00      -32.00
00773            -240.00      -32.00
00774            -200.00      -28.00
00775            -160.00      -32.00
00776             -80.00      -32.00
00777             -80.00      -28.00
00778               0.00      -32.00
00779              80.00      -32.00
00780              80.00      -32.00
00781             160.00      -28.00
00782             200.00      -28.00
00783             280.00      -28.00
00784             360.00      -28.00
00785             440.00      -24.00
00786             480.00      -28.00
00787             560.00      -24.00
00788             600.00      -28.00
00789             680.00      -28.00
00790             720.00      -24.00
00791             800.00      -24.00
00792             800.00      -20.00
00793             800.00      -28.00
00794             760.00      -32.00
00795             760.00      -24.00
00796             680.00      -24.00
00797             600.00      -24.00
00798             520.00      -24.00
00799             440.00      -24.00
00800             280.00      -20.00
00801             160.00      -20.00
00802               0.00      -24.00
00803            -120.00      -20.00
00804            -320.00      -24.00
00805            -480.00      -24.00
00806            -600.00      -24.00
00807            -760.00      -28.00
00808            -880.00      -24.00
00809            -960.00      -24.00
00810           -1080.00      -20.00
00811           -1120.00      -20.00
00812           -1160.00      -20.00
00813           -1200.00      -24.00
00814           -1240.00      -28.00
00815           -1280.00      -28.00
00816           -1280.00      -24.00
00817           -1280.00      -20.00
00818           -1280.00      -20.00
00819           -1240.00      -24.00
00820           -1240.00      -24.00
00821           -1200.00      -20.00
00822           -1120.00      -20.00
00823           -1040.00      -20.00
00824            -920.00      -20.00
00825            -760.00      -24.00
00826            -600.00      -20.00
00827            -440.00      -16.00
00828            -240.00      -16.00
00829             -80.00      -24.00
00830             120.00      -24.00
00831             320.00      -20.00
00832             440.00      -24.00
00833             600.00      -24.00
00834             720.00      -20.00
00835             840.00      -16.00
00836             920.00      -20.00
00837            1000.00      -24.00
00838            1040.00      -16.00
00839            1080.00      -16.00
00840            1120.00      -20.00
00841            1080.00      -20.00
00842            1040.00      -16.00
00843            1000.00      -16.00
00844             920.00      -12.00
00845             880.00      -20.00
00846             760.00      -16.00
00847             680.00      -16.00
00848             600.00       -8.00
00849             560.00      -16.00
00850             480.00      -16.00
00851             400.00      -20.00
00852             360.00      -20.00
00853             280.00      -20.00
00854             240.00      -20.00
00855             160.00      -20.00
00856              80.00      -16.00
00857               0.00      -20.00
00858             -80.00      -16.00
00859            -160.00      -20.00
00860            -240.00      -20.00
00861            -280.00      -20.00
00862            -360.00      -20.00
00863            -400.00      -20.00
00864            -520.00      -20.00
00865            -520.00      -16.00
00866            -600.00      -16.00
00867            -560.00      -20.00
00868            -520.00      -16.00
00869            -400.00      -16.00
00870            -280.00      -16.00
00871            -200.00      -20.00
00872            -120.00      -20.00
00873              40.00      -16.00
00874              80.00      -16.00
00875             120.00      -16.00
00876             200.00      -12.00
00877             240.00      -24.00
00878             280.00      -16.00
00879             360.00      -16.00
00880             400.00      -16.00
00881             480.00      -12.00
00882             520.00      -24.00
00883             560.00      -16.00
00884             560.00      -12.00
00885             520.00      -16.00
00886             480.00      -16.00
00887             400.00      -24.00
00888             320.00      -16.00
00889             320.00      -16.00
00890             240.00      -16.00
00891             200.00      -16.00
00892             120.00      -20.00
00893              80.00      -20.00
00894               0.00       -8.00
00895             -80.00      -12.00
00896            -160.00      -16.00
00897            -280.00      -20.00
00898            -360.00      -12.00
00899            -440.00      -12.00
00900            -520.00      -12.00
00901            -560.00      -16.00
00902            -600.00      -16.00
00903            -600.00      -20.00
00904            -600.00      -16.00
00905            -600.00      -16.00
00906            -640.00      -20.00
00907            -600.00      -20.00
00908            -600.00      -16.00
00909            -560.00      -16.00
00910            -520.00      -16.00
00911            -440.00      -16.00
00912            -320.00      -16.00
00913            -200.00      -16.00
00914             -80.00      -16.00
00915              40.00      -12.00
00916             120.00      -44.00
00917             200.00      -12.00
00918             320.00      -16.00
00919             360.00      -16.00
00920             400.00      -12.00
00921             480.00      -16.00
00922             560.00      -12.00
00923             640.00      -16.00
00924             680.00      -20.00
00925             720.00      -16.00
00926             760.00      -16.00
00927             800.00      -16.00
00928             800.00      -16.00
00929             760.00      -16.00
00930             760.00      -16.00
00931             760.00      -12.00
00932             720.00      -20.00
00933             720.00      -16.00
00934             720.00      -16.00
00935             680.00      -16.00
00936             640.00      -16.00
00937             640.00      -20.00
00938             560.00      -16.00
00939             480.00      -16.00
00940             360.00      -12.00
00941             280.00      -16.00
00942             200.00      -16.00
00943              40.00      -16.00
00944             -40.00      -20.00
00945            -160.00      -16.00
00946            -280.00      -16.00
00947            -400.00      -20.00
00948            -480.00      -16.00
00949            -600.00      -20.00
00950            -720.00      -12.00
00951            -720.00      -16.00
00952            -720.00      -16.00
00953            -680.00      -16.00
00954            -600.00      -16.00
00955            -520.00      -12.00
00956            -440.00      -16.00
00957            -320.00      -16.00
00958            -240.00      -16.00
00959            -120.00      -12.00
00960             -40.00      -16.00
00961              40.00      -12.00
00962             120.00      -12.00
00963             160.00      -20.00
00964             240.00      -12.00
00965             320.00      -16.00
00966             400.00      -16.00
00967             480.00      -16.00
00968             520.00      -16.00
00969             520.00      -20.00
00970             560.00      -12.00
00971             520.00      -20.00
00972             520.00      -12.00
00973             480.00      -16.00
00974             480.00      -12.00
00975             480.00      -16.00
00976             440.00      -12.00
00977             440.00      -20.00
00978             400.00      -16.00
00979             400.00      -20.00
00980             360.00      -16.00
00981             360.00      -20.00
00982             320.00      -20.00
00983             280.00      -12.00
00984             240.00      -20.00
00985             120.00      -20.00
00986              80.00      -20.00
00987               0.00      -16.00
00988             -80.00      -12.00
00989            -120.00      -16.00
00990            -240.00      -20.00
00991            -280.00      -20.00
00992            -280.00      -16.00
00993            -320.00      -16.00
00994            -320.00      -16.00
00995            -280.00      -16.00
00996            -280.00      -16.00
00997            -240.00      -16.00
00998            -200.00       -8.00
00999            -120.00      -20.00
01000             -80.00      -16.00
01001             -40.00      -16.00
01002               0.00      -16.00
01003              40.00      -20.00
01004              40.00      -16.00
01005              40.00      -20.00
01006              40.00      -16.00
01007               0.00      -12.00
01008             -80.00      -20.00
01009            -120.00      -20.00
01010            -200.00      -16.00
01011            -160.00      500.00
01012            -280.00      500.00
01013            -360.00      -32.00
01014            -400.00      -40.00
01015            -480.00      -40.00
01016            -520.00      -36.00
01017            -520.00      -32.00
01018            -480.00      -36.00
01019            -520.00      -36.00
01020            -440.00      -32.00
01021            -400.00      -36.00
01022            -320.00      -32.00
01023            -280.00      -36.00
01024            -200.00      -32.00
01025            -160.00      -28.00
01026             -80.00      -28.00
01027             -40.00      -28.00
01028               0.00      -36.00
01029              40.00      -28.00
01030              80.00      -32.00
01031             160.00      -28.00
01032             200.00      -28.00
01033             280.00      -28.00
01034             360.00      -28.00
01035             400.00      -28.00
01036             480.00      -24.00
01037             560.00      -28.00
01038             640.00      -28.00
01039             680.00      -32.00
01040             720.00      -24.00
01041             760.00      -28.00
01042             760.00      -24.00
01043             800.00      -28.00
01044             800.00      -28.00
01045             760.00      -28.00
01046             680.00      -24.00
01047             640.00      -24.00
01048             520.00      -24.00
01049             400.00      -28.00
01050             280.00      -24.00
01051             160.00      -28.00
01052              40.00      -28.00
01053            -160.00      -24.00
01054            -320.00      -28.00
01055            -480.00      -20.00
01056            -600.00      -28.00
01057            -720.00      -24.00
01058            -840.00      -24.00
01059            -960.00      -24.00
01060           -1080.00      -24.00
01061           -1120.00      -24.00
01062           -1200.00      -16.00
01063           -1200.00      -20.00
01064           -1200.00      -20.00
01065           -1280.00      -20.00
01066           -1280.00      -24.00
01067           -1280.00      -28.00
01068           -1280.00      -20.00
01069           -1280.00      -24.00
01070           -1240.00      -20.00
01071           -1200.00      -24.00
01072           -1120.00      -24.00
01073           -1040.00      -24.00
01074            -920.00      -20.00
01075            -720.00      -24.00
01076            -600.00      -20.00
01077            -400.00      -20.00
01078            -240.00      -24.00
01079             -40.00      -20.00
01080             120.00      -20.00
01081             320.00      -20.00
01082             480.00      -24.00
01083             600.00      -24.00
01084             720.00      -20.00
01085             840.00      -16.00
01086             920.00      -24.00
01087            1000.00      -24.00
01088            1040.00      -24.00
01089            1080.00      -20.00
01090            1080.00      -24.00
01091            1080.00      -20.00
01092            1040.00      -20.00
01093            1000.00      -20.00
01094             920.00      -20.00
01095             840.00      -28.00
01096             800.00      -24.00
01097             680.00      -24.00
01098             640.00      -20.00
01099             560.00      -28.00
01100             440.00      -20.00
01101             400.00      -20.00
01102             320.00      -24.00
01103             280.00      -28.00
01104             200.00      -24.00
01105             120.00      -20.00
01106              80.00      -20.00
01107               0.00      -20.00
01108             -80.00      -20.00
01109            -160.00      -20.00
01110            -200.00      -20.00
01111            -280.00      -16.00
01112            -400.00      -20.00
01113            -440.00      -20.00
01114            -480.00      -20.00
01115            -560.00      -20.00
01116            -560.00      -20.00
01117            -560.00      -20.00
01118            -520.00      -16.00
01119            -440.00      -20.00
01120            -280.00      -12.00
01121            -240.00      -20.00
01122             -80.00      -16.00
01123              40.00      -16.00
01124              80.00      -20.00
01125             160.00      -16.00
01126             200.00      -20.00
01127             200.00      -20.00
01128             280.00      -16.00
01129             360.00      -12.00
01130             400.00      -20.00
01131             480.00      -20.00
01132             520.00      -12.00
01133             520.00      -20.00
01134             560.00      -20.00
01135             520.00      -16.00
01136             480.00      -24.00
01137             400.00      -20.00
01138             320.00      -16.00
01139             280.00      -12.00
01140             200.00      -12.00
01141             160.00      -24.00
01142             120.00      -16.00
01143              80.00      -20.00
01144               0.00      -16.00
01145             -80.00      -20.00
01146            -160.00      -20.00
01147            -280.00      -16.00
01148            -360.00      -16.00
01149            -400.00      -20.00
01150            -520.00      -16.00
01151            -600.00      -20.00
01152            -600.00      -24.00
01153            -600.00      -24.00
01154            -600.00      -20.00
01155            -600.00      -20.00
01156            -640.00      -16.00
01157            -600.00      -16.00
01158            -600.00      -16.00
01159            -560.00      -20.00
01160            -480.00      -16.00
01161            -400.00      -20.00
01162            -320.00      -20.00
01163            -200.00      -16.00
01164             -80.00      -20.00
01165              40.00      -12.00
01166             120.00      -16.00
01167             240.00      -16.00
01168             280.00      -24.00
01169             360.00      -12.00
01170             440.00      -20.00
01171             520.00      -16.00
01172             560.00      -16.00
01173             640.00      -24.00
01174             680.00      -20.00
01175             720.00      -20.00
01176             760.00      -20.00
01177             800.00      -20.00
01178             800.00      -16.00
01179             760.00      -16.00
01180             720.00      -20.00
01181             720.00      -12.00
01182             720.00      -16.00
01183             720.00      -12.00
01184             720.00      -16.00
01185             680.00      -16.00
01186             640.00      -20.00
01187             600.00      -16.00
01188             560.00      -16.00
01189             480.00      -20.00
01190             360.00      -20.00
01191             240.00      -20.00
01192             160.00      -20.00
01193              80.00      -20.00
01194             -40.00      -16.00
01195            -200.00      -16.00
01196            -280.00      -20.00
01197            -400.00      -12.00
01198            -480.00      -20.00
01199            -600.00      -16.00
01200            -680.00      -20.00
01201            -720.00      -20.00
01202            -760.00      -16.00
01203            -680.00      -20.00
01204            -600.00      -16.00
01205            -560.00      -20.00
01206            -480.00      -20.00
01207            -320.00      -16.00
01208            -240.00      -24.00
01209            -120.00      -16.00
01210             -40.00      -16.00
01211              40.00      -16.00
01212             120.00      -12.00
01213             160.00      -20.00
01214             200.00      -16.00
01215             320.00      -12.00
01216             400.00      -16.00
01217             480.00      -16.00
01218             520.00      -20.00
01219             560.00      -20.00
01220             560.00      -20.00
01221             520.00      -16.00
01222             520.00      -20.00
01223             480.00      -12.00
01224             480.00      -20.00
01225             480.00      -16.00
01226             440.00      -16.00
01227             400.00      -16.00
01228             400.00      -16.00
01229             360.00      -20.00
01230             320.00      -12.00
01231             360.00      -16.00
01232             320.00      -20.00
01233             240.00      -16.00
01234             240.00      -20.00
01235             160.00      -16.00
01236              80.00      -20.00
01237             -40.00      -16.00
01238             -80.00      -16.00
01239            -120.00      -20.00
01240            -200.00      -12.00
01241            -280.00      -16.00
01242            -280.00      -16.00
01243            -360.00      -16.00
01244            -320.00      -20.00
01245            -280.00      -16.00
01246            -240.00      -28.00
01247            -240.00      -20.00
01248            -200.00      -20.00
01249            -160.00      -16.00
01250            -120.00      -16.00
01251             -40.00      -16.00
01252               0.00      -16.00
01253              40.00      -20.00
01254              40.00      -16.00
01255              40.00      -20.00
01256              40.00      -20.00
01257               0.00      -20.00
01258             -40.00      -16.00
01259            -120.00      -12.00
01260            -160.00      -12.00
01261            -160.00      500.00
01262            -280.00      500.00
01263            -360.00      -32.00
01264            -400.00      -36.00
01265            -480.00      -32.00
01266            -520.00      -36.00
01267            -520.00      -32.00
01268            -520.00      -36.00
01269            -480.00      -28.00
01270            -440.00      -28.00
01271            -400.00      -32.00
01272            -360.00      -28.00
01273            -280.00      -24.00
01274            -200.00      -28.00
01275            -160.00      -24.00
01276            -120.00      -28.00
01277             -40.00      -28.00
01278               0.00      -20.00
01279              40.00      -28.00
01280              80.00      -24.00
01281             160.00      -28.00
01282             240.00      -28.00
01283             280.00      -24.00
01284             360.00      -24.00
01285             400.00      -24.00
01286             480.00      -20.00
01287             560.00      -24.00
01288             600.00      -20.00
01289             680.00      -24.00
01290             680.00      -28.00
01291             760.00      -20.00
01292             800.00      -24.00
01293             800.00      -24.00
01294             760.00      -24.00
01295             760.00      -20.00
01296             680.00      -28.00
01297             600.00      -16.00
01298             560.00      -20.00
01299             400.00      -20.00
01300             280.00      -16.00
01301             200.00      -20.00
01302               0.00      -24.00
01303            -160.00      -16.00
01304            -280.00      -20.00
01305            -480.00      -20.00
01306            -640.00      -20.00
01307            -760.00      -16.00
01308            -880.00      -16.00
01309           -1000.00      -20.00
01310           -1040.00      -16.00
01311           -1080.00      -20.00
01312           -1160.00      -20.00
01313           -1200.00      -20.00
01314           -1240.00      -16.00
01315           -1240.00      -28.00
01316           -1280.00      -16.00
01317           -1280.00      -20.00
01318           -1280.00      -16.00
01319           -1280.00      -16.00
01320           -1240.00      -24.00
01321           -1200.00      -20.00
01322           -1120.00      -16.00
01323           -1040.00      -20.00
01324            -880.00      -20.00
01325            -760.00      -16.00
01326            -600.00      -16.00
01327            -400.00      -16.00
01328            -240.00      -28.00
01329             -40.00      -16.00
01330             120.00      -12.00
01331             320.00      -20.00
01332             480.00      -16.00
01333             600.00      -20.00
01334             680.00      -20.00
01335             800.00      -12.00
01336             920.00      -12.00
01337            1000.00      -12.00
01338            1040.00      -20.00
01339            1080.00      -20.00
01340            1080.00      -20.00
01341            1080.00      -20.00
01342            1040.00      -16.00
01343            1000.00      -20.00
01344             960.00      -16.00
01345             880.00      -20.00
01346             760.00      -16.00
01347             720.00      -12.00
01348             640.00      -20.00
01349             560.00      -16.00
01350             480.00      -16.00
01351             400.00       -8.00
01352             360.00      -16.00
01353             280.00      -12.00
01354             200.00      -12.00
01355             160.00      -12.00
01356              80.00      -16.00
01357               0.00      -16.00
01358             -80.00      -16.00
01359            -160.00      -16.00
01360            -200.00      -16.00
01361            -280.00      -20.00
01362            -360.00      -20.00
01363            -440.00      -20.00
01364            -480.00      -24.00
01365            -560.00      -20.00
01366            -560.00      -12.00
01367            -600.00      -16.00
01368            -520.00      -24.00
01369            -400.00      -12.00
01370            -320.00      -16.00
01371            -200.00      -20.00
01372             -80.00      -16.00
01373               0.00      -20.00
01374              80.00      -20.00
01375             120.00      -20.00
01376             200.00      -20.00
01377             240.00      -16.00
01378             240.00      -16.00
01379             360.00      -20.00
01380             400.00      -16.00
01381             480.00      -20.00
01382             520.00      -16.00
01383             520.00      -20.00
01384             560.00      -16.00
01385             520.00      -16.00
01386             440.00      -20.00
01387             400.00      -16.00
01388             360.00      -12.00
01389             280.00      -20.00
01390             200.00      -20.00
01391             200.00      -16.00
01392             120.00      -16.00
01393              80.00      -16.00
01394               0.00      -16.00
01395             -80.00      -16.00
01396            -160.00      -24.00
01397            -280.00      -20.00
01398            -360.00       -8.00
01399            -480.00      -16.00
01400            -520.00      -20.00
01401            -560.00      -16.00
01402            -600.00      -16.00
01403            -600.00      -16.00
01404            -560.00      -20.00
01405            -600.00      -20.00
01406            -600.00      -20.00
01407            -600.00      -16.00
01408            -600.00      -20.00
01409            -560.00      -16.00
01410            -520.00      -16.00
01411            -440.00      -20.00
01412            -320.00      -24.00
01413            -200.00      -16.00
01414             -40.00      -12.00
01415              80.00      -20.00
01416             160.00      -20.00
01417             240.00      -20.00
01418             280.00      -20.00
01419             400.00      -20.00
01420             440.00      -20.00
01421             480.00      -20.00
01422             560.00      -16.00
01423             640.00      -20.00
01424             680.00      -20.00
01425             760.00      -16.00
01426             760.00      -16.00
01427             800.00      -20.00
01428             800.00      -12.00
01429             760.00      -16.00
01430             760.00      -20.00
01431             720.00      -24.00
01432             760.00      -20.00
01433             680.00      -12.00
01434             680.00      -20.00
01435             680.00      -16.00
01436             680.00      -20.00
01437             640.00      -20.00
01438             560.00      -24.00
01439             480.00      -16.00
01440             360.00      -24.00
01441             280.00      -20.00
01442             160.00      -20.00
01443              80.00      -20.00
01444             -40.00      -20.00
01445            -200.00      -20.00
01446            -280.00      -20.00
01447            -400.00      -20.00
01448            -480.00      -16.00
01449            -600.00      -16.00
01450            -720.00      -28.00
01451            -720.00      -20.00
01452            -720.00      -20.00
01453            -720.00      -12.00
01454            -640.00      -20.00
01455            -560.00      -20.00
01456            -440.00      -20.00
01457            -320.00      -20.00
01458            -200.00      -16.00
01459            -120.00      -20.00
01460             -40.00      -20.00
01461              40.00      -24.00
01462             120.00      -20.00
01463             200.00      -20.00
01464             240.00      -20.00
01465             320.00      -20.00
01466             400.00      -24.00
01467             440.00      -16.00
01468             480.00      -16.00
01469             560.00      -20.00
01470             560.00      -28.00
01471             520.00      -20.00
01472             480.00      -16.00
01473             480.00      -20.00
01474             520.00      -20.00
01475             440.00      -20.00
01476             440.00      -16.00
01477             440.00      -16.00
01478             360.00      -16.00
01479             360.00      -20.00
01480             360.00      -16.00
01481             320.00      -16.00
01482             280.00      -20.00
01483             240.00      -16.00
01484             200.00      -20.00
01485             160.00      -16.00
01486              80.00      -16.00
01487               0.00      -24.00
01488             -80.00      -16.00
01489            -160.00      -20.00
01490            -200.00      -24.00
01491            -280.00      -16.00
01492            -280.00      -16.00
01493            -320.00      -20.00
01494            -360.00      -20.00
01495            -280.00      -20.00
01496            -280.00      -16.00
01497            -200.00      -20.00
01498            -200.00      -12.00
01499            -120.00      -24.00
01500             -80.00      -20.00
01501               0.00      -16.00
01502             -40.00      -12.00
01503               0.00      -20.00
01504              40.00      -16.00
01505              40.00      -16.00
01506              40.00      -20.00
01507               0.00      -16.00
01508             -80.00      -20.00
01509             -80.00      -20.00
01510            -200.00      -16.00
01511            -200.00      500.00
01512            -280.00      500.00
01513            -360.00      -28.00
01514            -400.00      -32.00
01515            -480.00      -32.00
01516            -560.00      -36.00
01517            -560.00      -40.00
01518            -520.00      -36.00
01519            -480.00      -36.00
01520            -440.00      -36.00
01521            -400.00      -32.00
01522            -320.00      -32.00
01523            -280.00      -32.00
01524            -200.00      -28.00
01525            -160.00      -36.00
01526            -120.00      -32.00
01527             -40.00      -24.00
01528               0.00      -28.00
01529              40.00      -28.00
01530              80.00      -28.00
01531             160.00      -24.00
01532             200.00      -28.00
01533             240.00      -24.00
01534             360.00      -32.00
01535             400.00      -24.00
01536             480.00      -28.00
01537             560.00      -24.00
01538             600.00      -32.00
01539             680.00      -28.00
01540             720.00      -24.00
01541             760.00      -24.00
01542             800.00      -20.00
01543             800.00      -24.00
01544             800.00      -32.00
01545             760.00      -24.00
01546             680.00      -28.00
01547             640.00      -24.00
01548             520.00      -24.00
01549             440.00      -24.00
01550             320.00      -20.00
01551             160.00      -20.00
01552              40.00      -24.00
01553            -160.00      -20.00
01554            -280.00      -24.00
01555            -480.00      -20.00
01556            -640.00      -24.00
01557            -720.00      -16.00
01558            -880.00      -24.00
01559            -960.00      -24.00
01560           -1040.00      -16.00
01561           -1120.00      -20.00
01562           -1160.00      -20.00
01563           -1200.00      -24.00
01564           -1240.00      -24.00
01565           -1240.00      -20.00
01566           -1240.00      -16.00
01567           -1280.00      -20.00
01568           -1280.00      -20.00
01569           -1280.00      -16.00
01570           -1240.00      -20.00
01571           -1200.00      -20.00
01572           -1120.00      -24.00
01573           -1040.00      -20.00
01574            -880.00      -20.00
01575            -760.00      -20.00
01576            -600.00      -16.00
01577            -400.00      -24.00
01578            -200.00      -20.00
01579             -40.00      -16.00
01580             120.00      -16.00
01581             240.00      -24.00
01582             480.00      -24.00
01583             600.00      -20.00
01584             720.00      -16.00
01585             840.00      -20.00
01586             920.00      -20.00
01587            1000.00      -16.00
01588            1040.00      -16.00
01589            1080.00      -12.00
01590            1120.00      -16.00
01591            1120.00      -20.00
01592            1040.00      -16.00
01593            1000.00      -20.00
01594             920.00      -20.00
01595             880.00      -16.00
01596             760.00      -16.00
01597             680.00      -16.00
01598             600.00      -12.00
01599             560.00      -20.00
01600             480.00      -20.00
01601             360.00      -16.00
01602             360.00      -16.00
01603             240.00      -16.00
01604             200.00      -16.00
01605             160.00      -20.00
01606              80.00      -20.00
01607               0.00      -12.00
01608             -80.00      -12.00
01609            -160.00      -16.00
01610            -240.00      -16.00
01611            -280.00      -16.00
01612            -360.00      -16.00
01613            -400.00      -12.00
01614            -480.00      -24.00
01615            -560.00      -20.00
01616            -560.00      -12.00
01617            -560.00      -16.00
01618            -520.00      -20.00
01619            -440.00      -20.00
01620            -320.00      -20.00
01621            -200.00      -16.00
01622             -80.00      -12.00
01623               0.00      -20.00
01624              40.00      -16.00
01625             160.00      -16.00
01626             160.00      -12.00
01627             240.00      -12.00
01628             240.00      -16.00
01629             360.00      -16.00
01630             400.00      -20.00
01631             480.00      -20.00
01632             480.00      -16.00
01633             560.00      -16.00
01634             520.00      -16.00
01635             520.00      -16.00
01636             480.00      -12.00
01637             400.00      -12.00
01638             320.00      -16.00
01639             240.00      -16.00
01640             240.00      -16.00
01641             160.00      -16.00
01642             160.00      -16.00
01643              80.00      -16.00
01644               0.00      -20.00
01645            -120.00      -16.00
01646            -200.00      -16.00
01647            -280.00      -20.00
01648            -360.00      -16.00
01649            -440.00      -16.00
01650            -560.00      -24.00
01651            -560.00      -16.00
01652            -600.00      -12.00
01653            -600.00      -12.00
01654            -600.00      -12.00
01655            -600.00      -12.00
01656            -600.00      -12.00
01657            -600.00      -12.00
01658            -600.00      -12.00
01659            -560.00      -16.00
01660            -520.00      -12.00
01661            -400.00      -12.00
01662            -320.00      -16.00
01663            -200.00      -12.00
01664             -40.00      -16.00
01665              80.00      -16.00
01666             160.00      -16.00
01667             240.00      -16.00
01668             320.00      -20.00
01669             360.00      -20.00
01670             440.00      -16.00
01671             520.00      -16.00
01672             560.00      -16.00
01673             640.00      -12.00
01674             680.00      -12.00
01675             720.00      -16.00
01676             760.00      -16.00
01677             800.00      -16.00
01678             800.00      -12.00
01679             800.00      -16.00
01680             760.00      -16.00
01681             720.00      -20.00
01682             720.00       -8.00
01683             680.00      -12.00
01684             680.00      -12.00
01685             680.00      -16.00
01686             680.00      -16.00
01687             600.00      -16.00
01688             560.00      -12.00
01689             520.00      -16.00
01690             360.00      -16.00
01691             320.00      -16.00
01692             160.00      -16.00
01693              40.00      -12.00
01694             -80.00      -12.00
01695            -160.00      -16.00
01696            -280.00      -16.00
01697            -400.00      -16.00
01698            -560.00      -16.00
01699            -600.00      -16.00
01700            -720.00      -16.00
01701            -720.00      -16.00
01702            -760.00      -12.00
01703            -680.00      -12.00
01704            -640.00      -16.00
01705            -560.00      -20.00
01706            -440.00      -20.00
01707            -320.00      -16.00
01708            -200.00      -16.00
01709            -160.00      -20.00
01710               0.00      -16.00
01711              40.00      -12.00
01712             160.00      -16.00
01713             120.00      -12.00
01714             240.00      -16.00
01715             280.00      -16.00
01716             400.00      -16.00
01717             440.00      -16.00
01718             520.00      -20.00
01719             560.00      -12.00
01720             560.00      -12.00
01721             520.00      -12.00
01722             520.00      -12.00
01723             480.00      -16.00
01724             480.00      -20.00
01725             440.00      -16.00
01726             440.00      -16.00
01727             440.00      -12.00
01728             400.00      -16.00
01729             360.00      -12.00
01730             360.00      -16.00
01731             360.00      -12.00
01732             360.00      -20.00
01733             320.00      -16.00
01734             200.00      -16.00
01735             120.00      -20.00
01736              80.00      -16.00
01737               0.00      -20.00
01738             -80.00      -16.00
01739            -160.00      -20.00
01740            -200.00      -16.00
01741            -240.00      -20.00
01742            -280.00      -16.00
01743            -320.00      -20.00
01744            -320.00      -20.00
01745            -280.00      -20.00
01746            -280.00      -16.00
01747            -280.00      -16.00
01748            -200.00      -20.00
01749            -120.00      -16.00
01750             -80.00      -20.00
01751             -80.00      -16.00
01752               0.00      -20.00
01753              40.00      -16.00
01754              40.00      -20.00
01755              40.00      -20.00
01756              40.00      -12.00
01757               0.00      -16.00
01758             -40.00      -20.00
01759             -80.00      -16.00
01760            -200.00      -20.00
01761            -160.00      500.00
01762            -280.00      500.00
01763            -360.00      -32.00
01764            -440.00      -36.00
01765            -480.00      -32.00
01766            -480.00      -32.00
01767            -520.00      -36.00
01768            -520.00      -32.00
01769            -480.00      -40.00
01770            -440.00      -36.00
01771            -400.00      -36.00
01772            -320.00      -28.00
01773            -240.00      -36.00
01774            -200.00      -32.00
01775            -160.00      -28.00
01776             -80.00      -32.00
01777             -80.00      -32.00
01778               0.00      -32.00
01779              40.00      -28.00
01780             120.00      -32.00
01781             160.00      -28.00
01782             200.00      -32.00
01783             240.00      -24.00
01784             320.00      -32.00
01785             400.00      -28.00
01786             480.00      -28.00
01787             560.00      -20.00
01788             600.00      -32.00
01789             680.00      -28.00
01790             680.00      -24.00
01791             760.00      -24.00
01792             800.00      -28.00
01793             800.00      -24.00
01794             800.00      -28.00
01795             720.00      -28.00
01796             680.00      -28.00
01797             640.00      -24.00
01798             520.00      -28.00
01799             440.00      -24.00
01800             320.00      -24.00
01801             160.00      -24.00
01802               0.00      -20.00
01803            -120.00      -28.00
01804            -280.00      -28.00
01805            -480.00      -24.00
01806            -640.00      -24.00
01807            -760.00      -20.00
01808            -880.00      -24.00
01809           -1000.00      -24.00
01810           -1080.00      -24.00
01811           -1080.00      -24.00
01812           -1160.00      -24.00
01813           -1200.00      -24.00
01814           -1240.00      -20.00
01815           -1280.00      -20.00
01816           -1280.00      -24.00
01817           -1280.00      -24.00
01818           -1240.00      -24.00
01819           -1280.00      -20.00
01820           -1240.00      -24.00
01821           -1200.00      -24.00
01822           -1120.00      -24.00
01823           -1000.00      -24.00
01824            -880.00      -40.00
01825            -720.00      -16.00
01826            -600.00      -28.00
01827            -400.00      -16.00
01828            -240.00      -28.00
01829             -40.00      -24.00
01830             120.00      -16.00
01831             280.00      -24.00
01832             440.00      -20.00
01833             600.00      -16.00
01834             720.00      -20.00
01835             800.00      -20.00
01836             920.00      -20.00
01837            1000.00      -24.00
01838            1040.00      -16.00
01839            1120.00      -20.00
01840            1120.00      -24.00
01841            1080.00      -20.00
01842            1040.00      -20.00
01843            1000.00      -16.00
01844             920.00      -16.00
01845             840.00      -20.00
01846             760.00      -20.00
01847             680.00      -20.00
01848             640.00      -24.00
01849             560.00      -20.00
01850             480.00      -24.00
01851             400.00      -20.00
01852             360.00      -24.00
01853             240.00      -16.00
01854             240.00      -16.00
01855             160.00      -20.00
01856              80.00      -16.00
01857             -40.00      -16.00
01858             -80.00      -20.00
01859            -160.00      -16.00
01860            -240.00      -20.00
01861            -280.00      -20.00
01862            -360.00      -16.00
01863            -440.00      -16.00
01864            -480.00      -20.00
01865            -560.00      -16.00
01866            -520.00      -20.00
01867            -560.00      -24.00
01868            -520.00      -24.00
01869            -440.00      -20.00
01870            -320.00      -20.00
01871            -200.00      -12.00
01872             -80.00      -20.00
01873              40.00      -16.00
01874              80.00      -20.00
01875             120.00      -20.00
01876             200.00      -20.00
01877             240.00      -20.00
01878             280.00      -24.00
01879             320.00      -20.00
01880             400.00      -20.00
01881             480.00      -16.00
01882             520.00      -12.00
01883             520.00      -20.00
01884             520.00      -20.00
01885             520.00      -20.00
01886             440.00      -20.00
01887             400.00      -20.00
01888             360.00      -16.00
01889             240.00      -20.00
01890             240.00      -12.00
01891             160.00      -16.00
01892             120.00      -16.00
01893              40.00      -20.00
01894               0.00      -20.00
01895             -80.00      -16.00
01896            -160.00      -16.00
01897            -280.00      -20.00
01898            -360.00      -20.00
01899            -480.00      -12.00
01900            -520.00      -16.00
01901            -560.00      -20.00
01902            -600.00      -12.00
01903            -600.00      -16.00
01904            -600.00      -12.00
01905            -600.00      -20.00
01906            -600.00      -20.00
01907            -600.00      -20.00
01908            -600.00      -16.00
01909            -560.00      -16.00
01910            -520.00      -12.00
01911            -400.00      -16.00
01912            -280.00      -16.00
01913            -200.00      -20.00
01914             -40.00      -16.00
01915              40.00      -20.00
01916             160.00      -16.00
01917             240.00      -16.00
01918             280.00      -16.00
01919             400.00      -20.00
01920             400.00      -20.00
01921             520.00      -16.00
01922             600.00      -16.00
01923             640.00      -20.00
01924             680.00      -16.00
01925             720.00      -12.00
01926             800.00      -20.00
01927             800.00      -20.00
01928             840.00      -12.00
01929             800.00      -16.00
01930             760.00      -16.00
01931             760.00      -16.00
01932             720.00      -16.00
01933             680.00      -20.00
01934             680.00      -20.00
01935             680.00      -20.00
01936             680.00      -20.00
01937             600.00      -20.00
01938             600.00      -16.00
01939             480.00      -12.00
01940             360.00      -12.00
01941             280.00      -20.00
01942             160.00      -20.00
01943               0.00      -20.00
01944             -40.00      -16.00
01945            -160.00      -20.00
01946            -280.00      -16.00
01947            -400.00      -16.00
01948            -520.00      -16.00
01949            -600.00      -12.00
01950            -720.00      -16.00
01951            -760.00      -16.00
01952            -720.00       -8.00
01953            -720.00      -16.00
01954            -640.00      -20.00
01955            -560.00      -16.00
01956            -400.00      -20.00
01957            -360.00      -12.00
01958            -240.00      -16.00
01959            -120.00      -16.00
01960               0.00      -16.00
01961              80.00      -12.00
01962             120.00      -20.00
01963             200.00      -16.00
01964             240.00      -16.00
01965             320.00      -20.00
01966             400.00      -16.00
01967             440.00      -16.00
01968             520.00      -12.00
01969             560.00      -12.00
01970             520.00      -16.00
01971             520.00      -16.00
01972             520.00      -16.00
01973             480.00      -20.00
01974             480.00      -16.00
01975             480.00      -16.00
01976             440.00      -16.00
01977             440.00      -12.00
01978             400.00      -16.00
01979             400.00      -20.00
01980             360.00      -16.00
01981             280.00      -16.00
01982             280.00      -20.00
01983             240.00      -12.00
01984             240.00      -16.00
01985             160.00      -16.00
01986              80.00      -12.00
01987               0.00      -12.00
01988             -80.00      -16.00
01989            -120.00      -20.00
01990            -200.00      -16.00
01991            -240.00      -12.00
01992            -280.00      -16.00
01993            -320.00      -20.00
01994            -320.00      -16.00
01995            -280.00      -16.00
01996            -280.00       -8.00
01997            -240.00      -16.00
01998            -200.00      -12.00
01999            -160.00      -16.00
02000             -80.00      -16.00
02001             -40.00      -16.00
02002              40.00      -20.00
02003              40.00      -20.00
02004              40.00      -12.00
02005              40.00      -16.00
02006              40.00      -16.00
02007               0.00      -16.00
02008             -80.00      -12.00
02009            -120.00      -12.00
02010            -160.00      -12.00
02011            -200.00      500.00
02012            -280.00      500.00
02013            -360.00      -28.00
02014            -400.00      -28.00
02015            -480.00      -28.00
02016            -520.00      -36.00
02017            -560.00      -36.00
02018            -520.00      -32.00
02019            -480.00      -32.00
02020            -440.00      -32.00
02021            -400.00      -32.00
02022            -280.00      -28.00
02023            -280.00      -24.00
02024            -200.00      -24.00
02025            -160.00      -28.00
02026             -80.00      -28.00
02027             -80.00      -28.00
02028               0.00      -16.00
02029              40.00      -20.00
02030              80.00      -28.00
02031             120.00      -28.00
02032             200.00      -24.00
02033             280.00      -24.00
02034             320.00      -20.00
02035             400.00      -20.00
02036             480.00      -20.00
02037             560.00      -24.00
02038             600.00      -28.00
02039             680.00      -20.00
02040             720.00      -24.00
02041             720.00      -24.00
02042             800.00      -20.00
02043             800.00      -16.00
02044             800.00      -20.00
02045             760.00      -24.00
02046             680.00      -16.00
02047             640.00      -20.00
02048             520.00      -20.00
02049             440.00      -24.00
02050             320.00      -24.00
02051             160.00      -16.00
02052               0.00      -20.00
02053            -120.00      -20.00
02054            -360.00      -24.00
02055            -440.00      -16.00
02056            -640.00      -20.00
02057            -720.00      -20.00
02058            -920.00      -24.00
02059           -1000.00      -24.00
02060           -1040.00      -16.00
02061           -1120.00      -16.00
02062           -1160.00      -16.00
02063           -1200.00      -20.00
02064           -1240.00      -20.00
02065           -1280.00      -20.00
02066           -1280.00      -24.00
02067           -1280.00      -20.00
02068           -1280.00      -20.00
02069           -1240.00      -20.00
02070           -1240.00      -12.00
02071           -1200.00      -12.00
02072           -1120.00      -20.00
02073           -1040.00      -24.00
02074            -880.00      -20.00
02075            -760.00      -16.00
02076            -560.00      -20.00
02077            -400.00      -16.00
02078            -240.00      -24.00
02079             -80.00      -20.00
02080             120.00      -16.00
02081             320.00      -12.00
02082             480.00      -16.00
02083             560.00      -20.00
02084             720.00      -16.00
02085             840.00      -24.00
02086             880.00      -16.00
02087            1000.00      -20.00
02088            1000.00      -20.00
02089            1080.00      -20.00
02090            1080.00      -16.00
02091            1080.00      -20.00
02092            1040.00      -16.00
02093            1000.00      -16.00
02094             920.00      -16.00
02095             840.00      -16.00
02096             760.00      -16.00
02097             680.00      -16.00
02098             640.00      -16.00
02099             520.00      -16.00
02100             480.00      -20.00
02101             400.00      -24.00
02102             360.00      -12.00
02103             280.00      -20.00
02104             200.00      -20.00
02105             160.00      -20.00
02106              80.00      -20.00
02107               0.00      -20.00
02108             -80.00      -24.00
02109            -160.00      -16.00
02110            -240.00      -20.00
02111            -320.00      -12.00
02112            -400.00      -16.00
02113            -400.00      -20.00
02114            -480.00      -16.00
02115            -560.00      -16.00
02116            -560.00      -20.00
02117            -560.00      -12.00
02118            -520.00      -20.00
02119            -440.00      -20.00
02120            -280.00      -20.00
02121            -200.00      -20.00
02122             -80.00      -24.00
02123               0.00      -20.00
02124              80.00      -20.00
02125             160.00      -20.00
02126             160.00      -20.00
02127             200.00      -20.00
02128             320.00      -20.00
02129             360.00      -20.00
02130             400.00      -24.00
02131             480.00      -20.00
02132             520.00      -20.00
02133             560.00      -20.00
02134             560.00      -16.00
02135             520.00      -16.00
02136             480.00      -16.00
02137             360.00      -20.00
02138             320.00      -20.00
02139             280.00      -24.00
02140             240.00      -20.00
02141             160.00      -12.00
02142              80.00      -16.00
02143              80.00      -20.00
02144               0.00      -20.00
02145             -80.00      -16.00
02146            -160.00      -12.00
02147            -280.00      -24.00
02148            -360.00      -16.00
02149            -440.00      -12.00
02150            -560.00      -24.00
02151            -560.00      -16.00
02152            -600.00      -20.00
02153            -600.00      -24.00
02154            -600.00      -24.00
02155            -600.00      -20.00
02156            -600.00      -16.00
02157            -640.00      -20.00
02158            -600.00      -20.00
02159            -600.00      -16.00
02160            -480.00      -16.00
02161            -440.00      -20.00
02162            -320.00      -20.00
02163            -240.00      -24.00
02164             -80.00      -20.00
02165              80.00      -12.00
02166             160.00      -20.00
02167             240.00      -24.00
02168             320.00      -20.00
02169             360.00      -16.00
02170             440.00      -20.00
02171             520.00      -12.00
02172             600.00      -20.00
02173             640.00      -20.00
02174             680.00      -20.00
02175             720.00      -20.00
02176             760.00      -24.00
02177             800.00      -12.00
02178             800.00      -20.00
02179             800.00      -16.00
02180             800.00      -16.00
02181             720.00      -24.00
02182             760.00      -16.00
02183             720.00      -16.00
02184             720.00      -16.00
02185             640.00      -20.00
02186             680.00      -20.00
02187             640.00      -20.00
02188             560.00      -16.00
02189             480.00      -20.00
02190             360.00      -16.00
02191             240.00      -20.00
02192             160.00      -16.00
02193              40.00      -24.00
02194             -80.00      -16.00
02195            -160.00      -20.00
02196            -280.00      -20.00
02197            -400.00      -16.00
02198            -520.00      -16.00
02199            -600.00      -20.00
02200            -720.00      -16.00
02201            -720.00      -16.00
02202            -720.00      -20.00
02203            -720.00      -12.00
02204            -640.00      -16.00
02205            -520.00      -16.00
02206            -480.00      -20.00
02207            -320.00      -16.00
02208            -240.00      -16.00
02209             -80.00      -20.00
02210               0.00      -28.00
02211              40.00      -16.00
02212             120.00      -20.00
02213             160.00      -20.00
02214             240.00      -20.00
02215             280.00      -16.00
02216             400.00      -20.00
02217             440.00      -20.00
02218             520.00      -16.00
02219             560.00      -20.00
02220             560.00      -16.00
02221             560.00      -16.00
02222             520.00      -20.00
02223             480.00      -20.00
02224             480.00      -16.00
02225             480.00      -12.00
02226             440.00      -20.00
02227             440.00      -20.00
02228             440.00      -16.00
02229             360.00      -16.00
02230             320.00      -20.00
02231             360.00      -20.00
02232             320.00      -20.00
02233             240.00      -16.00
02234             200.00      -16.00
02235             120.00      -20.00
02236              80.00      -16.00
02237             -40.00      -16.00
02238             -80.00      -16.00
02239            -120.00      -20.00
02240            -200.00      -20.00
02241            -280.00      -16.00
02242            -280.00      -16.00
02243            -320.00      -20.00
02244            -320.00      -20.00
02245            -320.00      -20.00
02246            -280.00      -16.00
02247            -280.00      -16.00
02248            -200.00      -16.00
02249            -160.00      -12.00
02250            -120.00      -12.00
02251             -80.00      -20.00
02252               0.00      -20.00
02253              40.00      -16.00
02254              40.00      -16.00
02255              40.00      -20.00
02256              40.00      -16.00
02257               0.00      -16.00
02258             -40.00      -20.00
02259            -160.00      -16.00
02260            -200.00      -12.00
02261            -200.00      500.00
02262            -280.00      500.00
02263            -360.00      -32.00
02264            -440.00      -32.00
02265            -480.00      -36.00
02266            -520.00      -36.00
02267            -560.00      -28.00
02268            -560.00      -32.00
02269            -480.00      -40.00
02270            -440.00      -28.00
02271            -400.00      -28.00
02272            -320.00      -36.00
02273            -280.00      -36.00
02274            -200.00      -28.00
02275            -160.00      -24.00
02276             -80.00      -24.00
02277             -40.00      -28.00
02278             -40.00      -28.00
02279              40.00      -32.00
02280              80.00      -32.00
02281             120.00      -24.00
02282             240.00      -28.00
02283             240.00      -28.00
02284             320.00      -28.00
02285             400.00      -28.00
02286             480.00      -24.00
02287             520.00      -20.00
02288             600.00      -28.00
02289             640.00      -28.00
02290             720.00      -24.00
02291             760.00      -28.00
02292             760.00      -24.00
02293             800.00      -20.00
02294             720.00      -24.00
02295             720.00      -20.00
02296             680.00      -24.00
02297             640.00      -20.00
02298             560.00      -16.00
02299             400.00      -28.00
02300             280.00      -20.00
02301             160.00      -24.00
02302              40.00      -20.00
02303            -160.00      -20.00
02304            -320.00      -20.00
02305            -480.00      -20.00
02306            -600.00      -20.00
02307            -760.00      -20.00
02308            -880.00      -24.00
02309            -960.00      -20.00
02310           -1080.00      -20.00
02311           -1120.00      -20.00
02312           -1200.00      -20.00
02313           -1200.00      -16.00
02314           -1240.00      -20.00
02315           -1280.00      -12.00
02316           -1280.00      -16.00
02317           -1280.00      -20.00
02318           -1280.00      -20.00
02319           -1240.00      -24.00
02320           -1240.00      -16.00
02321           -1200.00      -16.00
02322           -1120.00      -16.00
02323           -1040.00      -20.00
02324            -880.00      -20.00
02325            -720.00      -20.00
02326            -600.00      -16.00
02327            -400.00      -20.00
02328            -240.00      -16.00
02329             -80.00      -16.00
02330             160.00      -16.00
02331             320.00      -20.00
02332             440.00      -16.00
02333             600.00      -20.00
02334             720.00      -20.00
02335             800.00      -20.00
02336             880.00      -20.00
02337            1000.00      -16.00
02338            1040.00      -20.00
02339            1080.00      -20.00
02340            1120.00      -20.00
02341            1080.00      -16.00
02342            1000.00      -16.00
02343            1000.00      -16.00
02344             920.00      -16.00
02345             840.00      -20.00
02346             760.00      -16.00
02347             680.00      -12.00
02348             600.00      -12.00
02349             560.00      -20.00
02350             480.00      -16.00
02351             400.00      -20.00
02352             360.00      -16.00
02353             280.00      -20.00
02354             240.00      -20.00
02355             160.00      -16.00
02356              80.00      -12.00
02357              40.00      -16.00
02358             -40.00      -16.00
02359            -120.00      -12.00
02360            -240.00      -16.00
02361            -320.00      -20.00
02362            -400.00      -20.00
02363            -400.00      -16.00
02364            -480.00      -12.00
02365            -560.00      -16.00
02366            -560.00      -12.00
02367            -560.00      -20.00
02368            -520.00      -16.00
02369            -400.00      -16.00
02370            -320.00      -12.00
02371            -200.00      -16.00
02372             -80.00      -20.00
02373               0.00      -16.00
02374              80.00      -16.00
02375             160.00      -12.00
02376             200.00      -16.00
02377             240.00      -16.00
02378             280.00      -12.00
02379             360.00      -16.00
02380             400.00      -16.00
02381             480.00       -8.00
02382             520.00      -16.00
02383             520.00      -20.00
02384             520.00      -16.00
02385             480.00      -20.00
02386             440.00      -16.00
02387             400.00      -12.00
02388             360.00      -16.00
02389             280.00      -16.00
02390             240.00      -16.00
02391             160.00      -16.00
02392             120.00      -16.00
02393              80.00      -16.00
02394               0.00      -16.00
02395             -80.00      -16.00
02396            -160.00      -16.00
02397            -280.00      -16.00
02398            -400.00      -12.00
02399            -480.00      -16.00
02400            -520.00      -16.00
02401            -560.00      -16.00
02402            -600.00      -16.00
02403            -600.00      -12.00
02404            -600.00      -16.00
02405            -640.00      -12.00
02406            -600.00      -16.00
02407            -600.00      -20.00
02408            -600.00      -12.00
02409            -560.00      -16.00
02410            -520.00      -12.00
02411            -440.00      -16.00
02412            -280.00      -16.00
02413            -200.00      -12.00
02414             -80.00      -16.00
02415              40.00      -12.00
02416             160.00      -16.00
02417             240.00      -16.00
02418             320.00      -16.00
02419             360.00      -16.00
02420             440.00      -16.00
02421             520.00      -16.00
02422             560.00      -12.00
02423             640.00      -16.00
02424             680.00      -12.00
02425             760.00      -12.00
02426             760.00      -16.00
02427             760.00      -12.00
02428             800.00      -20.00
02429             800.00      -16.00
02430             760.00      -16.00
02431             760.00      -12.00
02432             720.00      -16.00
02433             720.00      -12.00
02434             680.00      -12.00
02435             680.00      -16.00
02436             640.00      -12.00
02437             640.00      -12.00
02438             560.00      -20.00
02439             480.00      -12.00
02440             360.00      -16.00
02441             280.00      -16.00
02442             160.00      -16.00
02443              40.00      -12.00
02444             -40.00      -16.00
02445            -200.00      -12.00
02446            -320.00      -16.00
02447            -400.00      -16.00
02448            -520.00      -16.00
02449            -600.00      -20.00
02450            -720.00      -16.00
02451            -760.00      -16.00
02452            -760.00      -12.00
02453            -720.00      -16.00
02454            -600.00      -16.00
02455            -560.00      -12.00
02456            -440.00      -16.00
02457            -360.00      -16.00
02458            -240.00      -20.00
02459            -120.00      -20.00
02460               0.00      -16.00
02461              40.00      -24.00
02462             160.00      -12.00
02463             160.00      -20.00
02464             240.00      -20.00
02465             320.00      -20.00
02466             360.00      -12.00
02467             480.00      -12.00
02468             520.00      -20.00
02469             520.00      -12.00
02470             560.00      -16.00
02471             560.00      -16.00
02472             480.00      -16.00
02473             480.00      -12.00
02474             440.00      -16.00
02475             480.00      -16.00
02476             440.00      -12.00
02477             400.00      -20.00
02478             440.00      -20.00
02479             360.00      -20.00
02480             360.00      -16.00
02481             320.00      -16.00
02482             280.00      -16.00
02483             280.00      -12.00
02484             200.00      -20.00
02485             160.00      -16.00
02486              80.00      -24.00
02487               0.00      -20.00
02488             -80.00      -16.00
02489            -160.00      -16.00
02490            -200.00      -16.00
02491            -240.00      -16.00
02492            -320.00      -20.00
02493            -320.00      -20.00
02494            -320.00      -16.00
02495            -280.00      -16.00
02496            -280.00      -20.00
02497            -240.00      -16.00
02498            -200.00      -16.00
02499            -160.00      -20.00
02500            -120.00      -16.00
02501             -40.00      -16.00
02502             -40.00      -16.00
02503              40.00      -20.00
02504              40.00      -20.00
02505              40.00      -20.00
02506              40.00       -4.00
02507              40.00      -20.00
02508             -40.00      -12.00
02509            -120.00      -16.00
02510            -160.00      -16.00
02511            -200.00      500.00
02512            -240.00      500.00
02513            -360.00      -28.00
02514            -400.00      -40.00
02515            -480.00      -36.00
02516            -560.00      -40.00
02517            -560.00      -40.00
02518            -520.00      -32.00
02519            -480.00      -32.00
02520            -440.00      -36.00
02521            -400.00      -36.00
02522            -320.00      -36.00
02523            -280.00      -28.00
02524            -200.00      -32.00
02525            -160.00      -36.00
02526             -80.00      -32.00
02527             -80.00      -28.00
02528             -40.00      -28.00
02529              40.00      -32.00
02530              80.00      -36.00
02531             120.00      -28.00
02532             200.00      -32.00
02533             240.00      -28.00
02534             320.00      -32.00
02535             400.00      -32.00
02536             440.00      -28.00
02537             560.00      -28.00
02538             600.00      -28.00
02539             680.00      -28.00
02540             720.00      -28.00
02541             760.00      -24.00
02542             760.00      -24.00
02543             760.00      -24.00
02544             760.00      -28.00
02545             760.00      -24.00
02546             680.00      -24.00
02547             640.00      -24.00
02548             520.00      -20.00
02549             440.00      -28.00
02550             320.00      -24.00
02551             160.00      -24.00
02552              40.00      -28.00
02553            -120.00      -28.00
02554            -280.00      -24.00
02555            -480.00      -24.00
02556            -600.00      -24.00
02557            -720.00      -24.00
02558            -880.00      -24.00
02559            -960.00      -24.00
02560           -1080.00      -28.00
02561           -1120.00      -24.00
02562           -1160.00      -24.00
02563           -1200.00      -24.00
02564           -1240.00      -24.00
02565           -1280.00      -24.00
02566           -1280.00      -20.00
02567           -1280.00      -24.00
02568           -1280.00      -24.00
02569           -1280.00      -20.00
02570           -1240.00      -24.00
02571           -1160.00      -24.00
02572           -1120.00      -20.00
02573           -1040.00      -20.00
02574            -920.00      -16.00
02575            -760.00      -20.00
02576            -560.00      -24.00
02577            -400.00      -20.00
02578            -240.00      -16.00
02579             -40.00      -20.00
02580             120.00      -20.00
02581             320.00      -20.00
02582             480.00      -20.00
02583             600.00      -16.00
02584             680.00      -20.00
02585             800.00      -20.00
02586             920.00      -24.00
02587             960.00      -20.00
02588            1040.00      -16.00
02589            1080.00      -20.00
02590            1120.00      -16.00
02591            1080.00      -20.00
02592            1040.00      -16.00
02593            1000.00      -20.00
02594             920.00      -24.00
02595             840.00      -20.00
02596             760.00      -20.00
02597             720.00      -20.00
02598             640.00      -20.00
02599             560.00      -20.00
02600             480.00      -24.00
02601             400.00      -16.00
02602             360.00      -12.00
02603             320.00      -20.00
02604             240.00      -24.00
02605             160.00      -20.00
02606              80.00      -16.00
02607               0.00      -16.00
02608             -80.00      -12.00
02609            -160.00      -20.00
02610            -240.00      -20.00
02611            -320.00      -16.00
02612            -360.00      -16.00
02613            -400.00      -16.00
02614            -480.00      -20.00
02615            -560.00      -20.00
02616            -520.00      -16.00
02617            -560.00      -16.00
02618            -480.00      -12.00
02619            -400.00      -20.00
02620            -320.00      -20.00
02621            -200.00      -20.00
02622             -80.00      -20.00
02623               0.00      -16.00
02624              80.00      -16.00
02625             160.00      -20.00
02626             160.00      -16.00
02627             240.00      -16.00
02628             280.00      -20.00
02629             320.00      -16.00
02630             400.00      -20.00
02631             480.00      -16.00
02632             480.00      -20.00
02633             520.00      -16.00
02634             560.00      -20.00
02635             480.00      -20.00
02636             440.00      -16.00
02637             400.00      -20.00
02638             280.00      -16.00
02639             280.00      -16.00
02640             200.00      -16.00
02641             160.00      -20.00
02642             160.00      -16.00
02643              40.00      -20.00
02644               0.00      -20.00
02645            -120.00      -20.00
02646            -200.00      -16.00
02647            -280.00      -16.00
02648            -360.00      -12.00
02649            -480.00      -20.00
02650            -480.00      -16.00
02651            -600.00      -20.00
02652            -600.00      -16.00
02653            -600.00      -24.00
02654            -600.00      -16.00
02655            -600.00      -20.00
02656            -600.00      -16.00
02657            -640.00      -16.00
02658            -600.00      -16.00
02659            -560.00      -20.00
02660            -520.00      -20.00
02661            -440.00      -16.00
02662            -320.00      -20.00
02663            -200.00      -20.00
02664             -80.00      -16.00
02665              40.00      -20.00
02666             120.00      -16.00
02667             200.00      -16.00
02668             280.00      -16.00
02669             360.00      -20.00
02670             400.00      -16.00
02671             520.00      -20.00
02672             560.00      -20.00
02673             680.00      -16.00
02674             680.00      -20.00
02675             720.00      -16.00
02676             800.00      -20.00
02677             800.00      -16.00
02678             800.00      -24.00
02679             800.00      -20.00
02680             760.00      -12.00
02681             760.00      -16.00
02682             720.00      -28.00
02683             720.00      -16.00
02684             680.00      -16.00
02685             680.00      -12.00
02686             640.00      -16.00
02687             640.00      -16.00
02688             560.00      -20.00
02689             440.00      -20.00
02690             400.00      -16.00
02691             240.00      -16.00
02692             160.00      -20.00
02693              40.00      -16.00
02694             -40.00      -12.00
02695            -200.00      -16.00
02696            -280.00      -16.00
02697            -440.00      -12.00
02698            -520.00      -16.00
02699            -640.00      -20.00
02700            -720.00      -16.00
02701            -720.00      -16.00
02702            -720.00      -16.00
02703            -720.00      -12.00
02704            -640.00      -12.00
02705            -560.00      -16.00
02706            -440.00      -20.00
02707            -320.00      -12.00
02708            -200.00      -16.00
02709            -120.00      -16.00
02710               0.00      -12.00
02711              40.00      -16.00
02712             120.00      -16.00
02713             200.00      -16.00
02714             240.00      -12.00
02715             320.00      -16.00
02716             400.00      -16.00
02717             440.00      -12.00
02718             520.00      -16.00
02719             560.00      -12.00
02720             560.00      -16.00
02721             560.00      -12.00
02722             520.00      -12.00
02723             520.00      -12.00
02724             480.00      -20.00
02725             480.00      -12.00
02726             480.00      -16.00
02727             440.00      -12.00
02728             400.00      -12.00
02729             400.00      -16.00
02730             360.00      -16.00
02731             320.00      -12.00
02732             280.00      -12.00
02733             280.00      -12.00
02734             200.00      -12.00
02735             160.00      -16.00
02736              80.00      -16.00
02737               0.00      -20.00
02738             -80.00      -12.00
02739            -120.00      -16.00
02740            -200.00      -12.00
02741            -240.00      -12.00
02742            -320.00      -12.00
02743            -360.00      -12.00
02744            -320.00      -12.00
02745            -320.00      -16.00
02746            -280.00      -16.00
02747            -240.00      -16.00
02748            -200.00      -16.00
02749            -160.00      -12.00
02750            -120.00      -12.00
02751             -40.00      -12.00
02752               0.00      -16.00
02753               0.00      -12.00
02754               0.00      -20.00
02755              40.00      -12.00
02756              40.00      -16.00
02757               0.00      -12.00
02758             -40.00      -16.00
02759             -80.00      -16.00
02760            -160.00      -20.00
02761            -160.00      500.00
02762            -240.00      500.00
02763            -360.00      -24.00
02764            -400.00      -32.00
02765            -480.00      -32.00
02766            -520.00      -32.00
02767            -560.00      -28.00
02768            -520.00      -32.00
02769            -480.00      -28.00
02770            -440.00      -28.00
02771            -400.00      -28.00
02772            -320.00      -32.00
02773            -280.00      -36.00
02774            -200.00      -32.00
02775            -160.00      -28.00
02776             -80.00      -32.00
02777             -80.00      -24.00
02778             -40.00      -28.00
02779              40.00      -28.00
02780              80.00      -24.00
02781             120.00      -24.00
02782             200.00      -24.00
02783             280.00      -24.00
02784             320.00      -24.00
02785             360.00      -24.00
02786             480.00      -24.00
02787             560.00      -28.00
02788             600.00      -24.00
02789             640.00      -24.00
02790             680.00      -24.00
02791             760.00      -24.00
02792             800.00      -28.00
02793             760.00      -28.00
02794             800.00      -20.00
02795             720.00      -16.00
02796             680.00      -24.00
02797             640.00      -24.00
02798             560.00      -24.00
02799             440.00      -20.00
02800             280.00      -20.00
02801             160.00      -24.00
02802               0.00      -24.00
02803            -160.00      -24.00
02804            -320.00      -24.00
02805            -480.00      -20.00
02806            -600.00      -20.00
02807            -760.00      -16.00
02808            -880.00      -20.00
02809            -960.00      -16.00
02810           -1040.00      -20.00
02811           -1120.00      -20.00
02812           -1200.00      -16.00
02813           -1240.00      -20.00
02814           -1280.00      -24.00
02815           -1240.00      -16.00
02816           -1280.00      -24.00
02817           -1280.00      -16.00
02818           -1280.00      -20.00
02819           -1240.00      -20.00
02820           -1240.00      -24.00
02821           -1200.00      -20.00
02822           -1120.00      -12.00
02823           -1040.00      -24.00
02824            -880.00      -20.00
02825            -760.00      -20.00
02826            -560.00      -20.00
02827            -440.00      -20.00
02828            -240.00      -20.00
02829             -40.00      -20.00
02830             160.00      -20.00
02831             320.00      -20.00
02832             440.00      -20.00
02833             560.00      -24.00
02834             720.00      -24.00
02835             800.00      -20.00
02836             880.00      -20.00
02837             960.00      -20.00
02838            1040.00      -28.00
02839            1080.00      -20.00
02840            1080.00      -20.00
02841            1080.00      -20.00
02842            1040.00      -16.00
02843            1000.00      -24.00
02844             920.00      -20.00
02845             840.00      -24.00
02846             800.00      -16.00
02847             680.00      -20.00
02848             600.00      -16.00
02849             560.00      -20.00
02850             480.00      -16.00
02851             400.00      -20.00
02852             360.00      -24.00
02853             320.00      -20.00
02854             240.00      -20.00
02855             160.00      -20.00
02856              80.00      -20.00
02857               0.00      -24.00
02858             -40.00      -20.00
02859            -160.00      -24.00
02860            -240.00      -24.00
02861            -280.00      -16.00
02862            -360.00      -20.00
02863            -440.00      -16.00
02864            -480.00      -24.00
02865            -560.00      -20.00
02866            -560.00      -16.00
02867            -560.00      -16.00
02868            -480.00      -20.00
02869            -400.00      -28.00
02870            -320.00      -16.00
02871            -200.00      -16.00
02872             -80.00      -20.00
02873               0.00      -20.00
02874              80.00      -24.00
02875             120.00      -20.00
02876             160.00      -16.00
02877             240.00      -20.00
02878             280.00      -20.00
02879             360.00      -20.00
02880             400.00      -16.00
02881             480.00      -24.00
02882             520.00      -20.00
02883             520.00      -20.00
02884             520.00      -20.00
02885             480.00      -24.00
02886             480.00      -20.00
02887             400.00      -20.00
02888             280.00      -20.00
02889             240.00      -20.00
02890             200.00      -20.00
02891             160.00      -16.00
02892             120.00      -16.00
02893              80.00      -20.00
02894               0.00      -20.00
02895             -80.00      -20.00
02896            -160.00      -20.00
02897            -280.00      -20.00
02898            -360.00      -20.00
02899            -440.00      -20.00
02900            -520.00      -16.00
02901            -560.00      -20.00
02902            -560.00      -20.00
02903            -600.00      -24.00
02904            -600.00      -16.00
02905            -640.00      -24.00
02906            -640.00      -16.00
02907            -640.00      -20.00
02908            -600.00      -20.00
02909            -560.00      -16.00
02910            -520.00      -16.00
02911            -440.00      -20.00
02912            -360.00      -20.00
02913            -200.00      -44.00
02914             -80.00      -24.00
02915              40.00      -20.00
02916             160.00      -16.00
02917             240.00      -20.00
02918             320.00      -20.00
02919             360.00      -16.00
02920             440.00      -12.00
02921             520.00      -24.00
02922             560.00      -24.00
02923             640.00      -16.00
02924             680.00      -20.00
02925             720.00      -16.00
02926             800.00      -20.00
02927             800.00      -20.00
02928             800.00      -12.00
02929             800.00      -20.00
02930             800.00      -12.00
02931             720.00      -16.00
02932             720.00      -20.00
02933             680.00      -24.00
02934             720.00      -16.00
02935             720.00      -16.00
02936             680.00      -20.00
02937             600.00      -16.00
02938             560.00      -20.00
02939             480.00      -20.00
02940             360.00      -24.00
02941             280.00      -20.00
02942             200.00      -24.00
02943              40.00      -20.00
02944             -80.00      -20.00
02945            -200.00      -16.00
02946            -320.00      -16.00
02947            -440.00      -20.00
02948            -520.00      -16.00
02949            -600.00      -20.00
02950            -720.00      -16.00
02951            -720.00      -20.00
02952            -760.00      -20.00
02953            -680.00      -16.00
02954            -640.00      -20.00
02955            -560.00      -20.00
02956            -400.00      -16.00
02957            -320.00      -16.00
02958            -240.00      -20.00
02959            -120.00      -20.00
02960             -40.00      -20.00
02961              40.00      -24.00
02962             160.00      -24.00
02963             200.00      -16.00
02964             240.00      -16.00
02965             320.00      -16.00
02966             400.00      -16.00
02967             440.00      -16.00
02968             520.00      -20.00
02969             560.00      -20.00
02970             560.00      -20.00
02971             520.00      -20.00
02972             520.00      -16.00
02973             480.00      -20.00
02974             480.00      -20.00
02975             480.00      -20.00
02976             440.00      -16.00
02977             400.00      -16.00
02978             400.00      -16.00
02979             360.00      -20.00
02980             360.00      -28.00
02981             360.00      -20.00
02982             320.00      -16.00
02983             280.00      -20.00
02984             240.00      -16.00
02985             120.00      -20.00
02986              40.00      -20.00
02987               0.00      -16.00
02988             -40.00      -20.00
02989            -120.00      -12.00
02990            -240.00      -20.00
02991            -280.00      -20.00
02992            -320.00      -16.00
02993            -320.00      -16.00
02994            -320.00      -20.00
02995            -320.00      -16.00
02996            -280.00      -20.00
02997            -240.00      -16.00
02998            -200.00      -16.00
02999            -160.00      -20.00
03000            -120.00      -12.00
03001             -80.00      -20.00
03002             -40.00      -20.00
03003              40.00      -16.00
03004               0.00      -16.00
03005              40.00      -12.00
03006              40.00      -16.00
03007              40.00      -24.00
03008             -80.00      -12.00
03009             -80.00      -16.00
03010            -160.00      -20.00
03011            -200.00      500.00
03012            -280.00      500.00
03013            -360.00      -28.00
03014            -440.00      -36.00
03015            -480.00      -32.00
03016            -520.00      -32.00
03017            -520.00      -32.00
03018            -560.00      -28.00
03019            -480.00      -40.00
03020            -440.00      -36.00
03021            -400.00      -32.00
03022            -320.00      -32.00
03023            -280.00      -32.00
03024            -200.00      -32.00
03025            -160.00      -24.00
03026             -80.00      -32.00
03027             -40.00      -24.00
03028               0.00      -28.00
03029              40.00      -24.00
03030              80.00      -32.00
03031             160.00      -28.00
03032             200.00      -24.00
03033             240.00      -28.00
03034             320.00      -24.00
03035             400.00      -32.00
03036             480.00      -28.00
03037             520.00      -20.00
03038             600.00      -24.00
03039             680.00      -24.00
03040             720.00      -20.00
03041             720.00      -24.00
03042             760.00      -32.00
03043             800.00      -20.00
03044             760.00      -24.00
03045             760.00      -24.00
03046             680.00      -24.00
03047             600.00      -24.00
03048             520.00      -28.00
03049             440.00      -20.00
03050             280.00      -12.00
03051             160.00      -20.00
03052              40.00      -24.00
03053            -120.00      -24.00
03054            -320.00      -24.00
03055            -440.00      -20.00
03056            -640.00      -12.00
03057            -720.00      -16.00
03058            -840.00      -20.00
03059           -1000.00      -20.00
03060           -1080.00      -12.00
03061           -1120.00      -20.00
03062           -1160.00      -16.00
03063           -1200.00      -20.00
03064           -1280.00      -20.00
03065           -1280.00      -16.00
03066           -1280.00      -16.00
03067           -1280.00      -16.00
03068           -1280.00      -16.00
03069           -1240.00      -20.00
03070           -1240.00      -20.00
03071           -1200.00      -16.00
03072           -1120.00      -20.00
03073           -1000.00      -20.00
03074            -920.00      -16.00
03075            -760.00      -16.00
03076            -600.00      -20.00
03077            -400.00      -24.00
03078            -240.00      -20.00
03079             -40.00      -12.00
03080             120.00      -12.00
03081             280.00      -20.00
03082             440.00      -16.00
03083             600.00      -16.00
03084             680.00      -16.00
03085             800.00      -16.00
03086             880.00      -20.00
03087             920.00      -16.00
03088            1040.00      -16.00
03089            1080.00      -12.00
03090            1120.00      -20.00
03091            1080.00      -12.00
03092            1040.00      -16.00
03093            1000.00      -16.00
03094             880.00      -16.00
03095             880.00      -16.00
03096             760.00      -16.00
03097             680.00      -12.00
03098             640.00       -8.00
03099             560.00      -16.00
03100             480.00      -16.00
03101             400.00      -16.00
03102             360.00      -16.00
03103             280.00      -12.00
03104             240.00      -16.00
03105             160.00      -20.00
03106              80.00      -16.00
03107               0.00      -16.00
03108             -40.00       -8.00
03109            -160.00      -16.00
03110            -200.00      -16.00
03111            -320.00      -12.00
03112            -400.00      -16.00
03113            -440.00      -12.00
03114            -480.00      -16.00
03115            -520.00      -20.00
03116            -560.00      -16.00
03117            -560.00      -16.00
03118            -520.00      -12.00
03119            -400.00      -16.00
03120            -320.00      -20.00
03121            -200.00      -16.00
03122            -120.00      -16.00
03123               0.00      -16.00
03124              80.00      -16.00
03125             160.00      -20.00
03126             200.00      -20.00
03127             200.00       -8.00
03128             280.00      -12.00
03129             360.00      -12.00
03130             400.00      -16.00
03131             480.00      -12.00
03132             520.00      -12.00
03133             520.00      -16.00
03134             560.00      -12.00
03135             480.00      -16.00
03136             440.00      -12.00
03137             360.00      -16.00
03138             320.00      -16.00
03139             280.00      -12.00
03140             240.00      -16.00
03141             160.00      -12.00
03142             120.00      -12.00
03143              40.00      -12.00
03144               0.00      -12.00
03145            -120.00      -16.00
03146            -160.00      -16.00
03147            -280.00      -20.00
03148            -400.00      -16.00
03149            -480.00      -20.00
03150            -520.00      -16.00
03151            -600.00      -12.00
03152            -600.00      -16.00
03153            -600.00      -16.00
03154            -600.00      -12.00
03155            -640.00      -16.00
03156            -640.00      -20.00
03157            -640.00      -24.00
03158            -600.00      -12.00
03159            -560.00      -16.00
03160            -520.00      -16.00
03161            -440.00      -12.00
03162            -320.00      -16.00
03163            -200.00      -16.00
03164             -80.00      -16.00
03165              80.00      -12.00
03166             160.00      -16.00
03167             240.00      -12.00
03168             280.00      -12.00
03169             360.00      -16.00
03170             440.00      -24.00
03171             520.00      -16.00
03172             560.00      -16.00
03173             680.00      -12.00
03174             680.00      -12.00
03175             760.00      -16.00
03176             760.00      -16.00
03177             840.00      -24.00
03178             800.00      -16.00
03179             800.00      -16.00
03180             760.00      -12.00
03181             720.00      -16.00
03182             760.00      -12.00
03183             720.00      -16.00
03184             720.00      -16.00
03185             680.00      -20.00
03186             680.00      -24.00
03187             640.00      -16.00
03188             560.00      -20.00
03189             480.00      -12.00
03190             400.00      -16.00
03191             280.00      -12.00
03192             160.00      -16.00
03193              40.00      -20.00
03194             -80.00      -16.00
03195            -200.00      -16.00
03196            -280.00      -20.00
03197            -400.00      -24.00
03198            -520.00      -20.00
03199            -640.00      -16.00
03200            -720.00      -20.00
03201            -760.00      -16.00
03202            -760.00      -24.00
03203            -680.00      -16.00
03204            -600.00      -16.00
03205            -560.00      -16.00
03206            -480.00      -20.00
03207            -360.00      -20.00
03208            -200.00      -12.00
03209            -120.00      -20.00
03210               0.00      -12.00
03211              40.00      -16.00
03212             120.00      -12.00
03213             160.00      -16.00
03214             240.00      -16.00
03215             320.00      -20.00
03216             360.00      -20.00
03217             480.00      -20.00
03218             520.00      -16.00
03219             560.00      -16.00
03220             560.00      -24.00
03221             560.00      -16.00
03222             520.00      -16.00
03223             520.00      -20.00
03224             480.00      -20.00
03225             480.00      -20.00
03226             440.00      -20.00
03227             440.00      -20.00
03228             440.00      -20.00
03229             360.00      -20.00
03230             360.00      -20.00
03231             360.00      -16.00
03232             280.00      -20.00
03233             280.00      -20.00
03234             240.00      -20.00
03235             160.00      -16.00
03236              40.00      -20.00
03237             -40.00      -20.00
03238             -80.00      -24.00
03239            -160.00      -20.00
03240            -200.00      -20.00
03241            -280.00      -16.00
03242            -280.00      -16.00
03243            -320.00      -20.00
03244            -360.00      -24.00
03245            -280.00      -20.00
03246            -280.00      -16.00
03247            -240.00      -20.00
03248            -200.00      -20.00
03249            -160.00      -20.00
03250            -120.00      -20.00
03251             -40.00      -20.00
03252               0.00      -20.00
03253              40.00      -20.00
03254              40.00      -20.00
03255              40.00      -20.00
03256              40.00      -24.00
03257               0.00      -24.00
03258             -40.00      -20.00
03259             -80.00      -16.00
03260            -200.00      -20.00
03261            -160.00      500.00
03262            -280.00      500.00
03263            -360.00      -36.00
03264            -440.00      -40.00
03265            -520.00      -36.00
03266            -520.00      -40.00
03267            -520.00      -40.00
03268            -520.00      -32.00
03269            -480.00      -36.00
03270            -440.00      -40.00
03271            -400.00      -36.00
03272            -280.00      -36.00
03273            -280.00      -36.00
03274            -200.00      -36.00
03275            -120.00      -32.00
03276            -120.00      -36.00
03277             -40.00      -32.00
03278               0.00      -32.00
03279              40.00      -32.00
03280              80.00      -28.00
03281             160.00      -28.00
03282             200.00      -32.00
03283             280.00      -36.00
03284             360.00      -32.00
03285             400.00      -28.00
03286             480.00      -32.00
03287             520.00      -28.00
03288             600.00      -28.00
03289             680.00      -28.00
03290             680.00      -24.00
03291             760.00      -28.00
03292             800.00      -28.00
03293             760.00      -24.00
03294             800.00      -24.00
03295             720.00      -24.00
03296             680.00      -24.00
03297             640.00      -24.00
03298             520.00      -20.00
03299             440.00      -24.00
03300             320.00      -28.00
03301             160.00      -24.00
03302              40.00      -24.00
03303            -120.00      -24.00
03304            -280.00      -24.00
03305            -480.00      -28.00
03306            -600.00      -28.00
03307            -720.00      -28.00
03308            -880.00      -24.00
03309            -960.00      -24.00
03310           -1040.00      -24.00
03311           -1120.00      -20.00
03312           -1200.00      -20.00
03313           -1200.00      -20.00
03314           -1240.00      -24.00
03315           -1280.00      -20.00
03316           -1280.00      -20.00
03317           -1280.00      -20.00
03318           -1280.00      -20.00
03319           -1280.00      -24.00
03320           -1240.00      -20.00
03321           -1200.00      -24.00
03322           -1120.00      -24.00
03323           -1000.00      -20.00
03324            -920.00      -20.00
03325            -760.00      -20.00
03326            -560.00      -24.00
03327            -400.00      -20.00
03328            -240.00      -20.00
03329             -40.00      -20.00
03330             120.00      -20.00
03331             280.00      -24.00
03332             480.00      -24.00
03333             560.00      -20.00
03334             720.00      -20.00
03335             800.00      -16.00
03336             880.00      -16.00
03337            1000.00      -24.00
03338            1040.00      -16.00
03339            1080.00      -20.00
03340            1080.00      -24.00
03341            1080.00      -20.00
03342            1040.00      -20.00
03343            1000.00      -20.00
03344             880.00      -16.00
03345             840.00      -16.00
03346             800.00      -24.00
03347             680.00      -20.00
03348             600.00      -20.00
03349             560.00      -20.00
03350             440.00      -24.00
03351             400.00      -20.00
03352             360.00      -16.00
03353             320.00      -20.00
03354             240.00      -12.00
03355             160.00      -16.00
03356              40.00      -20.00
03357               0.00      -24.00
03358             -80.00      -16.00
03359            -120.00      -16.00
03360            -240.00      -20.00
03361            -280.00      -20.00
03362            -360.00      -20.00
03363            -440.00      -12.00
03364            -480.00      -16.00
03365            -560.00      -24.00
03366            -560.00      -20.00
03367            -560.00      -20.00
03368            -520.00      -20.00
03369            -440.00      -16.00
03370            -320.00      -16.00
03371            -200.00      -16.00
03372             -80.00      -20.00
03373               0.00      -16.00
03374              80.00      -16.00
03375             120.00      -20.00
03376             160.00      -20.00
03377             200.00      -16.00
03378             240.00      -16.00
03379             320.00      -16.00
03380             400.00      -20.00
03381             480.00      -16.00
03382             520.00      -24.00
03383             560.00      -16.00
03384             520.00      -16.00
03385             520.00      -16.00
03386             440.00      -20.00
03387             360.00      -20.00
03388             320.00      -16.00
03389             280.00      -20.00
03390             240.00      -20.00
03391             200.00      -16.00
03392             120.00      -16.00
03393              80.00      -12.00
03394               0.00      -20.00
03395             -80.00      -20.00
03396            -160.00      -16.00
03397            -280.00      -16.00
03398            -400.00      -16.00
03399            -440.00      -20.00
03400            -520.00      -20.00
03401            -560.00      -16.00
03402            -600.00      -12.00
03403            -600.00      -12.00
03404            -600.00      -20.00
03405            -600.00      -12.00
03406            -640.00      -16.00
03407            -640.00      -16.00
03408            -640.00      -20.00
03409            -560.00      -16.00
03410            -480.00      -20.00
03411            -440.00      -16.00
03412            -280.00      -12.00
03413            -160.00      -16.00
03414             -40.00      -20.00
03415              40.00      -16.00
03416             200.00      -16.00
03417             240.00      -16.00
03418             280.00      -16.00
03419             360.00      -20.00
03420             440.00      -16.00
03421             520.00      -16.00
03422             600.00      -20.00
03423             640.00      -16.00
03424             680.00      -16.00
03425             720.00      -24.00
03426             760.00      -16.00
03427             800.00      -12.00
03428             800.00      -20.00
03429             800.00      -24.00
03430             800.00      -12.00
03431             720.00       -8.00
03432             720.00      -12.00
03433             720.00      -16.00
03434             720.00      -20.00
03435             680.00      -20.00
03436             680.00      -20.00
03437             640.00      -16.00
03438             560.00      -16.00
03439             480.00      -20.00
03440             400.00      -12.00
03441             240.00      -16.00
03442             160.00      -16.00
03443              40.00      -16.00
03444            -120.00      -16.00
03445            -160.00      -20.00
03446            -240.00      -16.00
03447            -400.00      -20.00
03448            -520.00      -20.00
03449            -600.00      -16.00
03450            -720.00      -20.00
03451            -760.00      -16.00
03452            -760.00      -12.00
03453            -720.00      -16.00
03454            -640.00      -20.00
03455            -560.00      -16.00
03456            -440.00      -16.00
03457            -360.00      -16.00
03458            -200.00      -20.00
03459             -80.00       -8.00
03460             -40.00      -12.00
03461              80.00      -16.00
03462             120.00      -20.00
03463             240.00      -12.00
03464             240.00      -16.00
03465             320.00      -12.00
03466             360.00      -16.00
03467             480.00      -12.00
03468             520.00      -12.00
03469             560.00      -12.00
03470             560.00      -16.00
03471             560.00      -16.00
03472             560.00      -16.00
03473             480.00      -12.00
03474             480.00      -16.00
03475             480.00      -12.00
03476             440.00      -16.00
03477             440.00      -16.00
03478             400.00      -12.00
03479             400.00      -12.00
03480             360.00      -16.00
03481             280.00      -16.00
03482             320.00      -16.00
03483             240.00      -16.00
03484             240.00      -16.00
03485             160.00      -12.00
03486              80.00      -16.00
03487               0.00      -16.00
03488             -80.00      -16.00
03489            -120.00      -16.00
03490            -200.00      -16.00
03491            -240.00      -12.00
03492            -280.00      -16.00
03493            -360.00      -16.00
03494            -320.00      -16.00
03495            -280.00      -16.00
03496            -280.00       -8.00
03497            -240.00      -12.00
03498            -200.00      -12.00
03499            -160.00      -20.00
03500             -80.00      -20.00
03501             -80.00      -16.00
03502               0.00      -12.00
03503               0.00      -12.00
03504               0.00      -16.00
03505              40.00      -16.00
03506              40.00      -12.00
03507               0.00      -12.00
03508             -40.00      -16.00
03509             -80.00      -16.00
03510            -200.00      -16.00
03511            -160.00      500.00
03512            -280.00      500.00
03513            -320.00      -28.00
03514            -440.00      -36.00
03515            -480.00      -28.00
03516            -520.00      -36.00
03517            -560.00      -32.00
03518            -520.00      -36.00
03519            -480.00      -28.00
03520            -440.00      -36.00
03521            -400.00      -28.00
03522            -360.00      -28.00
03523            -280.00      -32.00
03524            -240.00      -32.00
03525            -160.00      -28.00
03526             -80.00      -32.00
03527             -40.00      -20.00
03528               0.00      -24.00
03529              40.00      -32.00
03530              80.00      -28.00
03531             160.00      -28.00
03532             200.00      -28.00
03533             240.00      -28.00
03534             320.00      -28.00
03535             400.00      -28.00
03536             440.00      -28.00
03537             520.00      -28.00
03538             560.00      -28.00
03539             640.00      -28.00
03540             720.00      -24.00
03541             720.00      -24.00
03542             760.00      -24.00
03543             760.00      -28.00
03544             760.00      -32.00
03545             720.00      -28.00
03546             680.00      -24.00
03547             600.00      -24.00
03548             560.00      -28.00
03549             440.00      -24.00
03550             320.00      -24.00
03551             160.00      -24.00
03552              40.00      -24.00
03553            -120.00      -24.00
03554            -280.00      -24.00
03555            -480.00      -20.00
03556            -640.00      -20.00
03557            -720.00      -24.00
03558            -840.00      -24.00
03559           -1000.00      -24.00
03560           -1040.00      -24.00
03561           -1120.00      -24.00
03562           -1200.00      -20.00
03563           -1240.00      -20.00
03564           -1240.00      -16.00
03565           -1280.00      -24.00
03566           -1280.00      -24.00
03567           -1280.00      -20.00
03568           -1280.00      -16.00
03569           -1280.00      -24.00
03570           -1240.00      -24.00
03571           -1200.00      -20.00
03572           -1120.00      -28.00
03573           -1040.00      -20.00
03574            -880.00      -16.00
03575            -760.00      -24.00
03576            -600.00      -28.00
03577            -440.00      -16.00
03578            -240.00      -20.00
03579             -80.00      -20.00
03580             120.00      -24.00
03581             320.00      -20.00
03582             440.00      -24.00
03583             600.00      -20.00
03584             680.00      -12.00
03585             800.00      -16.00
03586             920.00      -24.00
03587             960.00      -28.00
03588            1040.00      -24.00
03589            1080.00      -20.00
03590            1080.00      -24.00
03591            1040.00      -24.00
03592            1000.00      -24.00
03593            1000.00      -16.00
03594             920.00      -24.00
03595             840.00      -20.00
03596             760.00      -16.00
03597             680.00      -20.00
03598             640.00      -20.00
03599             560.00      -24.00
03600             480.00      -20.00
03601             440.00      -24.00
03602             360.00      -20.00
03603             320.00      -20.00
03604             240.00      -24.00
03605             160.00      -24.00
03606              80.00      -24.00
03607               0.00      -16.00
03608             -80.00      -16.00
03609            -160.00      -24.00
03610            -240.00      -24.00
03611            -280.00      -24.00
03612            -400.00      -28.00
03613            -440.00      -20.00
03614            -520.00      -16.00
03615            -560.00      -20.00
03616            -560.00      -20.00
03617            -560.00      -20.00
03618            -520.00      -16.00
03619            -440.00      -20.00
03620            -320.00      -24.00
03621            -200.00      -16.00
03622             -80.00      -16.00
03623               0.00      -24.00
03624              80.00      -20.00
03625             160.00      -24.00
03626             160.00      -16.00
03627             240.00      -20.00
03628             280.00      -24.00
03629             320.00      -20.00
03630             400.00      -16.00
03631             480.00      -20.00
03632             520.00      -20.00
03633             520.00      -24.00
03634             520.00      -24.00
03635             480.00      -20.00
03636             440.00      -16.00
03637             400.00      -20.00
03638             320.00      -16.00
03639             240.00      -24.00
03640             200.00      -20.00
03641             160.00      -16.00
03642             160.00      -20.00
03643              40.00      -20.00
03644               0.00      -20.00
03645             -80.00      -16.00
03646            -200.00      -20.00
03647            -280.00      -20.00
03648            -400.00      -20.00
03649            -440.00      -20.00
03650            -520.00      -16.00
03651            -600.00      -16.00
03652            -600.00      -24.00
03653            -600.00      -20.00
03654            -600.00      -20.00
03655            -600.00      -20.00
03656            -600.00      -20.00
03657            -600.00      -20.00
03658            -600.00      -16.00
03659            -560.00      -20.00
03660            -520.00      -20.00
03661            -440.00      -20.00
03662            -320.00      -20.00
03663            -200.00      -20.00
03664             -40.00      -20.00
03665              40.00      -20.00
03666             160.00      -20.00
03667             200.00      -16.00
03668             280.00      -16.00
03669             360.00      -20.00
03670             440.00      -20.00
03671             480.00      -20.00
03672             560.00      -24.00
03673             640.00      -20.00
03674             680.00      -16.00
03675             760.00      -16.00
03676             760.00      -20.00
03677             800.00      -16.00
03678             800.00      -12.00
03679             800.00      -16.00
03680             800.00      -16.00
03681             760.00      -16.00
03682             760.00      -12.00
03683             720.00      -24.00
03684             720.00      -24.00
03685             680.00      -20.00
03686             680.00      -20.00
03687             640.00      -16.00
03688             560.00      -24.00
03689             480.00      -20.00
03690             360.00      -24.00
03691             280.00      -20.00
03692             160.00      -16.00
03693              40.00      -24.00
03694             -80.00      -20.00
03695            -160.00      -20.00
03696            -280.00      -20.00
03697            -400.00      -24.00
03698            -520.00      -12.00
03699            -640.00      -20.00
03700            -720.00      -20.00
03701            -760.00      -20.00
03702            -760.00      -20.00
03703            -720.00      -16.00
03704            -600.00      -20.00
03705            -560.00      -20.00
03706            -440.00      -20.00
03707            -320.00      -16.00
03708            -200.00      -20.00
03709            -160.00      -20.00
03710               0.00      -24.00
03711              40.00      -20.00
03712             120.00      -20.00
03713             160.00      -20.00
03714             240.00      -16.00
03715             280.00      -24.00
03716             400.00      -16.00
03717             480.00      -16.00
03718             560.00      -16.00
03719             560.00      -20.00
03720             560.00      -20.00
03721             520.00      -16.00
03722             520.00      -16.00
03723             520.00      -28.00
03724             480.00      -20.00
03725             440.00      -24.00
03726             440.00      -20.00
03727             400.00      -12.00
03728             400.00      -12.00
03729             360.00      -28.00
03730             360.00      -20.00
03731             320.00      -20.00
03732             360.00      -20.00
03733             280.00      -16.00
03734             200.00      -20.00
03735             120.00      -20.00
03736              40.00      -20.00
03737               0.00      -16.00
03738            -120.00      -20.00
03739            -160.00      -20.00
03740            -200.00      -16.00
03741            -280.00      -20.00
03742            -320.00      -20.00
03743            -320.00      -20.00
03744            -360.00      -20.00
03745            -320.00      -20.00
03746            -280.00      -16.00
03747            -280.00      -20.00
03748            -200.00      -16.00
03749            -160.00      -20.00
03750             -80.00      -20.00
03751             -40.00      -20.00
03752             -40.00      -16.00
03753               0.00      -12.00
03754               0.00      -24.00
03755              40.00      -12.00
03756              40.00      -16.00
03757               0.00      -20.00
03758             -40.00      -20.00
03759            -120.00      -20.00
03760            -160.00      -20.00
03761            -200.00      500.00
03762            -240.00      500.00
03763            -360.00      -40.00
03764            -440.00      -36.00
03765            -480.00      -32.00
03766            -520.00      -36.00
03767            -520.00      -36.00
03768            -520.00      -40.00
03769            -480.00      -32.00
03770            -440.00      -32.00
03771            -400.00      -32.00
03772            -360.00      -28.00
03773            -280.00      -28.00
03774            -200.00      -32.00
03775            -120.00      -28.00
03776            -120.00      -28.00
03777             -40.00      -32.00
03778               0.00      -28.00
03779              40.00      -32.00
03780              80.00      -28.00
03781             160.00      -32.00
03782             200.00      -28.00
03783             280.00      -24.00
03784             360.00      -28.00
03785             400.00      -28.00
03786             440.00      -24.00
03787             560.00      -28.00
03788             600.00      -20.00
03789             680.00      -24.00
03790             720.00      -16.00
03791             720.00      -28.00
03792             760.00      -20.00
03793             800.00      -24.00
03794             800.00      -16.00
03795             720.00      -28.00
03796             680.00      -24.00
03797             640.00      -24.00
03798             560.00      -20.00
03799             440.00      -24.00
03800             320.00      -20.00
03801             200.00      -20.00
03802              40.00      -16.00
03803            -120.00      -24.00
03804            -280.00      -16.00
03805            -440.00      -24.00
03806            -640.00      -16.00
03807            -720.00      -20.00
03808            -840.00      -20.00
03809            -960.00      -16.00
03810           -1040.00      -20.00
03811           -1120.00      -16.00
03812           -1160.00      -16.00
03813           -1200.00      -16.00
03814           -1240.00      -20.00
03815           -1280.00      -20.00
03816           -1280.00      -20.00
03817           -1280.00      -20.00
03818           -1240.00      -16.00
03819           -1280.00      -16.00
03820           -1240.00      -20.00
03821           -1200.00      -16.00
03822           -1120.00      -12.00
03823           -1040.00      -16.00
03824            -880.00      -20.00
03825            -760.00      -20.00
03826            -600.00      -16.00
03827            -400.00      -16.00
03828            -200.00      -20.00
03829             -40.00      -20.00
03830             120.00      -16.00
03831             240.00      -16.00
03832             440.00      -12.00
03833             560.00      -20.00
03834             720.00      -16.00
03835             800.00      -16.00
03836             880.00      -16.00
03837             960.00      -16.00
03838            1040.00      -20.00
03839            1040.00      -20.00
03840            1120.00      -16.00
03841            1080.00      -20.00
03842            1040.00      -20.00
03843             960.00      -16.00
03844             920.00      -16.00
03845             840.00      -16.00
03846             760.00      -20.00
03847             680.00      -16.00
03848             640.00      -16.00
03849             520.00      -16.00
03850             480.00      -12.00
03851             440.00      -12.00
03852             360.00      -16.00
03853             320.00      -20.00
03854             240.00      -20.00
03855             160.00      -16.00
03856              80.00      -16.00
03857              40.00      -20.00
03858             -80.00      -16.00
03859             -80.00      -16.00
03860            -240.00      -16.00
03861            -280.00      -16.00
03862            -360.00      -16.00
03863            -440.00      -16.00
03864            -480.00      -12.00
03865            -520.00      -16.00
03866            -560.00      -16.00
03867            -560.00      -20.00
03868            -520.00      -12.00
03869            -400.00      -20.00
03870            -280.00      -16.00
03871            -200.00      -20.00
03872             -80.00      -20.00
03873               0.00      -24.00
03874              80.00      -16.00
03875             120.00      -20.00
03876             160.00      -16.00
03877             200.00      -20.00
03878             240.00      -16.00
03879             320.00      -20.00
03880             440.00      -16.00
03881             480.00      -16.00
03882             520.00      -20.00
03883             520.00      -12.00
03884             520.00      -16.00
03885             520.00      -16.00
03886             440.00      -16.00
03887             400.00      -12.00
03888             320.00      -24.00
03889             280.00      -20.00
03890             200.00      -16.00
03891             160.00      -16.00
03892             160.00      -20.00
03893              80.00      -20.00
03894               0.00      -16.00
03895             -80.00      -16.00
03896            -200.00      -16.00
03897            -280.00      -16.00
03898            -400.00      -16.00
03899            -440.00      -16.00
03900            -520.00      -20.00
03901            -560.00      -20.00
03902            -600.00      -16.00
03903            -600.00      -12.00
03904            -600.00      -16.00
03905            -600.00      -16.00
03906            -600.00      -20.00
03907            -600.00      -16.00
03908            -600.00      -16.00
03909            -560.00      -24.00
03910            -480.00      -20.00
03911            -440.00      -16.00
03912            -360.00      -20.00
03913            -160.00      -16.00
03914             -80.00      -16.00
03915              80.00      -16.00
03916             160.00      -16.00
03917             240.00      -12.00
03918             280.00      -16.00
03919             360.00      -16.00
03920             440.00      -20.00
03921             480.00      -20.00
03922             560.00      -16.00
03923             640.00      -24.00
03924             680.00      -12.00
03925             720.00      -16.00
03926             800.00      -20.00
03927             800.00      -16.00
03928             840.00      -16.00
03929             800.00      -20.00
03930             760.00      -20.00
03931             760.00      -20.00
03932             720.00      -12.00
03933             720.00      -20.00
03934             720.00      -20.00
03935             680.00      -12.00
03936             640.00      -20.00
03937             600.00      -16.00
03938             560.00      -20.00
03939             480.00      -20.00
03940             360.00      -16.00
03941             240.00      -20.00
03942             120.00      -20.00
03943              40.00      -16.00
03944             -80.00      -20.00
03945            -160.00      -20.00
03946            -280.00      -16.00
03947            -400.00      -20.00
03948            -520.00      -12.00
03949            -640.00      -20.00
03950            -680.00      -20.00
03951            -720.00      -16.00
03952            -760.00      -20.00
03953            -720.00      -20.00
03954            -600.00      -20.00
03955            -560.00      -24.00
03956            -440.00      -20.00
03957            -360.00      -16.00
03958            -240.00      -20.00
03959            -160.00      -20.00
03960             -40.00      -24.00
03961              40.00      -16.00
03962              80.00      -20.00
03963             200.00      -20.00
03964             240.00      -20.00
03965             360.00      -16.00
03966             360.00      -24.00
03967             480.00      -12.00
03968             520.00      -20.00
03969             560.00      -16.00
03970             560.00      -20.00
03971             560.00       -8.00
03972             560.00      -20.00
03973             520.00      -20.00
03974             480.00      -20.00
03975             480.00      -16.00
03976             400.00      -20.00
03977             440.00      -20.00
03978             400.00      -16.00
03979             360.00      -20.00
03980             360.00      -16.00
03981             320.00      -16.00
03982             280.00      -20.00
03983             240.00      -20.00
03984             200.00      -16.00
03985             160.00      -20.00
03986              80.00      -20.00
03987               0.00      -20.00
03988             -80.00      -20.00
03989            -160.00      -16.00
03990            -240.00      -16.00
03991            -280.00      -20.00
03992            -280.00      -20.00
03993            -320.00      -20.00
03994            -360.00      -16.00
03995            -320.00      -16.00
03996            -240.00      -20.00
03997            -240.00      -20.00
03998            -200.00      -20.00
03999            -160.00      -20.00
04000            -120.00      -16.00
04001             -80.00      -24.00
04002             -40.00      -20.00
04003              40.00      -24.00
04004              40.00      -20.00
04005              40.00      -20.00
04006              40.00      -20.00
04007               0.00      -24.00
04008               0.00      -20.00
04009            -120.00      -20.00
04010            -160.00      -12.00
04011            -200.00      500.00
04012            -280.00      500.00
04013            -360.00      -32.00
04014            -440.00      -40.00
04015            -480.00      -36.00
04016            -520.00      -36.00
04017            -560.00      -32.00
04018            -520.00      -36.00
04019            -480.00      -32.00
04020            -480.00      -36.00
04021            -400.00      -36.00
04022            -320.00      -32.00
04023            -280.00      -32.00
04024            -240.00      -32.00
04025            -160.00      -36.00
04026             -80.00      -36.00
04027             -80.00      -28.00
04028               0.00      -28.00
04029              40.00      -32.00
04030              80.00      -28.00
04031             120.00      -32.00
04032             160.00      -32.00
04033             280.00      -32.00
04034             320.00      -24.00
04035             400.00      -32.00
04036             440.00      -28.00
04037             520.00      -28.00
04038             600.00      -28.00
04039             680.00      -24.00
04040             680.00      -28.00
04041             720.00      -28.00
04042             800.00      -24.00
04043             800.00      -28.00
04044             800.00      -28.00
04045             720.00      -24.00
04046             680.00      -24.00
04047             640.00      -28.00
04048             520.00      -28.00
04049             480.00      -24.00
04050             360.00      -28.00
04051             200.00      -20.00
04052              40.00      -28.00
04053            -120.00      -20.00
04054            -280.00      -24.00
04055            -440.00      -24.00
04056            -600.00      -24.00
04057            -760.00      -32.00
04058            -880.00      -20.00
04059           -1000.00      -16.00
04060           -1080.00      -24.00
04061           -1120.00      -24.00
04062           -1160.00      -20.00
04063           -1240.00      -24.00
04064           -1240.00      -24.00
04065           -1280.00      -20.00
04066           -1280.00      -12.00
04067           -1280.00      -20.00
04068           -1280.00      -24.00
04069           -1280.00      -24.00
04070           -1280.00      -24.00
04071           -1240.00      -20.00
04072           -1120.00      -24.00
04073           -1040.00      -20.00
04074            -920.00      -24.00
04075            -720.00      -24.00
04076            -600.00      -20.00
04077            -440.00      -24.00
04078            -240.00      -24.00
04079             -40.00      -24.00
04080             120.00      -20.00
04081             240.00      -16.00
04082             440.00      -20.00
04083             600.00      -20.00
04084             720.00      -20.00
04085             800.00      -12.00
04086             880.00      -20.00
04087             960.00      -20.00
04088            1040.00      -24.00
04089            1080.00      -20.00
04090            1080.00      -24.00
04091            1040.00      -16.00
04092            1040.00      -20.00
04093            1000.00      -16.00
04094             920.00      -20.00
04095             840.00      -16.00
04096             760.00      -16.00
04097             680.00      -16.00
04098             600.00      -24.00
04099             560.00      -12.00
04100             480.00      -20.00
04101             440.00      -20.00
04102             360.00      -20.00
04103             280.00      -24.00
04104             240.00      -20.00
04105             160.00      -20.00
04106              80.00      -24.00
04107              40.00      -24.00
04108             -80.00      -20.00
04109            -120.00      -16.00
04110            -200.00      -24.00
04111            -280.00      -20.00
04112            -400.00      -20.00
04113            -440.00      -20.00
04114            -480.00      -16.00
04115            -560.00      -16.00
04116            -560.00      -12.00
04117            -560.00      -20.00
04118            -520.00      -20.00
04119            -440.00      -20.00
04120            -320.00      -16.00
04121            -200.00      -16.00
04122             -80.00      -16.00
04123              40.00      -12.00
04124              80.00      -24.00
04125             160.00      -16.00
04126             200.00      -20.00
04127             240.00      -20.00
04128             280.00      -12.00
04129             320.00      -12.00
04130             400.00      -20.00
04131             480.00      -16.00
04132             480.00      -20.00
04133             520.00      -16.00
04134             480.00      -20.00
04135             480.00      -20.00
04136             440.00      -20.00
04137             360.00      -16.00
04138             320.00      -28.00
04139             240.00      -16.00
04140             240.00      -16.00
04141             160.00      -16.00
04142             120.00      -20.00
04143              80.00      -12.00
04144               0.00      -20.00
04145             -80.00      -16.00
04146            -160.00      -16.00
04147            -280.00      -20.00
04148            -360.00      -20.00
04149            -440.00      -16.00
04150            -520.00      -20.00
04151            -560.00      -16.00
04152            -560.00      -12.00
04153            -600.00      -16.00
04154            -600.00      -20.00
04155            -600.00      -20.00
04156            -640.00      -12.00
04157            -600.00      -20.00
04158            -600.00      -20.00
04159            -560.00      -16.00
04160            -480.00      -12.00
04161            -440.00      -16.00
04162            -360.00      -16.00
04163            -160.00      -20.00
04164             -80.00      -16.00
04165              40.00      -20.00
04166             160.00      -20.00
04167             240.00      -16.00
04168             320.00      -16.00
04169             360.00       -8.00
04170             440.00      -16.00
04171             480.00      -20.00
04172             600.00      -20.00
04173             640.00      -16.00
04174             720.00      -16.00
04175             760.00      -20.00
04176             800.00      -16.00
04177             800.00      -16.00
04178             800.00      -16.00
04179             800.00      -20.00
04180             760.00      -16.00
04181             720.00      -20.00
04182             760.00      -12.00
04183             680.00      -16.00
04184             680.00      -20.00
04185             680.00      -16.00
04186             640.00      -20.00
04187             640.00      -16.00
04188             560.00      -12.00
04189             480.00      -16.00
04190             400.00      -16.00
04191             280.00      -20.00
04192             160.00      -12.00
04193              40.00      -20.00
04194             -80.00      -16.00
04195            -160.00      -16.00
04196            -280.00      -16.00
04197            -400.00      -12.00
04198            -520.00      -16.00
04199            -600.00      -16.00
04200            -680.00      -16.00
04201            -720.00      -20.00
04202            -760.00      -20.00
04203            -720.00      -16.00
04204            -640.00      -20.00
04205            -560.00      -16.00
04206            -440.00      -16.00
04207            -320.00        0.00
04208            -240.00      -16.00
04209            -120.00      -16.00
04210             -40.00      -16.00
04211              80.00      -12.00
04212             160.00      -16.00
04213             160.00      -16.00
04214             240.00      -16.00
04215             320.00       -8.00
04216             400.00      -16.00
04217             480.00      -16.00
04218             520.00      -12.00
04219             560.00      -12.00
04220             520.00      -16.00
04221             560.00      -12.00
04222             560.00      -16.00
04223             480.00      -20.00
04224             480.00      -16.00
04225             480.00      -16.00
04226             440.00      -12.00
04227             440.00      -24.00
04228             400.00      -12.00
04229             400.00      -16.00
04230             360.00      -12.00
04231             320.00      -20.00
04232             320.00      -12.00
04233             240.00      -16.00
04234             160.00      -20.00
04235             160.00      -16.00
04236              80.00      -16.00
04237               0.00      -20.00
04238             -40.00      -12.00
04239            -200.00      -12.00
04240            -240.00      -16.00
04241            -280.00      -16.00
04242            -320.00      -12.00
04243            -320.00      -16.00
04244            -320.00      -16.00
04245            -280.00      -20.00
04246            -280.00      -16.00
04247            -240.00      -12.00
04248            -200.00      -12.00
04249            -200.00      -20.00
04250            -120.00      -16.00
04251             -40.00       -8.00
04252               0.00      -20.00
04253              40.00      -16.00
04254              40.00      -16.00
04255              40.00      -20.00
04256              40.00      -24.00
04257               0.00      -16.00
04258             -40.00      -16.00
04259            -120.00      -20.00
04260            -200.00      -24.00
04261            -200.00      500.00
04262            -280.00      500.00
04263            -400.00      -32.00
04264            -400.00      -32.00
04265            -480.00      -36.00
04266            -560.00      -36.00
04267            -520.00      -36.00
04268            -560.00      -32.00
04269            -480.00      -36.00
04270            -440.00      -40.00
04271            -400.00      -32.00
04272            -360.00      -32.00
04273            -280.00      -32.00
04274            -240.00      -28.00
04275            -160.00      -32.00
04276            -120.00      -36.00
04277             -80.00      -32.00
04278               0.00      -36.00
04279              40.00      -28.00
04280             120.00      -36.00
04281             160.00      -28.00
04282             200.00      -36.00
04283             240.00      -28.00
04284             360.00      -28.00
04285             400.00      -32.00
04286             480.00      -28.00
04287             520.00      -32.00
04288             600.00      -28.00
04289             640.00      -28.00
04290             680.00      -24.00
04291             760.00      -28.00
04292             760.00      -32.00
04293             800.00      -32.00
04294             760.00      -28.00
04295             720.00      -28.00
04296             680.00      -28.00
04297             640.00      -28.00
04298             560.00      -28.00
04299             440.00      -24.00
04300             320.00      -32.00
04301             160.00      -28.00
04302               0.00      -24.00
04303            -120.00      -28.00
04304            -280.00      -24.00
04305            -440.00      -28.00
04306            -600.00       -8.00
04307            -720.00      -28.00
04308            -840.00      -28.00
04309            -920.00      -28.00
04310           -1040.00      -20.00
04311           -1120.00      -20.00
04312           -1160.00      -32.00
04313           -1200.00      -28.00
04314           -1240.00      -24.00
04315           -1240.00      -24.00
04316           -1280.00      -20.00
04317           -1280.00      -28.00
04318           -1320.00      -24.00
04319           -1280.00      -20.00
04320           -1280.00      -24.00
04321           -1200.00      -28.00
04322           -1160.00      -24.00
04323           -1040.00      -24.00
04324            -880.00      -20.00
04325            -760.00      -24.00
04326            -600.00      -24.00
04327            -400.00      -20.00
04328            -240.00      -20.00
04329             -40.00      -16.00
04330             160.00      -24.00
04331             280.00      -28.00
04332             440.00      -24.00
04333             560.00      -20.00
04334             680.00      -28.00
04335             800.00      -28.00
04336             880.00      -16.00
04337             960.00      -24.00
04338            1040.00      -20.00
04339            1080.00      -16.00
04340            1040.00      -24.00
04341            1040.00      -20.00
04342            1040.00      -20.00
04343            1000.00      -28.00
04344             920.00      -20.00
04345             840.00      -20.00
04346             800.00      -24.00
04347             680.00      -20.00
04348             600.00      -20.00
04349             560.00      -20.00
04350             480.00      -20.00
04351             400.00      -28.00
04352             360.00      -20.00
04353             320.00      -16.00
04354             240.00      -20.00
04355             200.00      -20.00
04356             120.00      -24.00
04357              40.00      -20.00
04358             -40.00      -20.00
04359            -120.00      -24.00
04360            -200.00      -20.00
04361            -280.00      -28.00
04362            -360.00      -24.00
04363            -440.00      -20.00
04364            -480.00      -20.00
04365            -520.00      -24.00
04366            -560.00      -20.00
04367            -560.00      -20.00
04368            -480.00      -28.00
04369            -440.00      -20.00
04370            -320.00      -20.00
04371            -200.00      -20.00
04372             -80.00      -20.00
04373               0.00      -28.00
04374              80.00      -20.00
04375             120.00      -24.00
04376             160.00      -20.00
04377             240.00      -28.00
04378             280.00      -24.00
04379             320.00      -24.00
04380             400.00      -24.00
04381             480.00      -24.00
04382             520.00      -20.00
04383             520.00      -24.00
04384             520.00      -24.00
04385             520.00      -20.00
04386             440.00      -16.00
04387             360.00      -20.00
04388             320.00       -8.00
04389             240.00      -20.00
04390             240.00      -20.00
04391             160.00      -20.00
04392             120.00      -16.00
04393              40.00      -20.00
04394             -40.00      -20.00
04395             -80.00      -16.00
04396            -200.00      -20.00
04397            -280.00      -20.00
04398            -400.00      -24.00
04399            -440.00      -16.00
04400            -520.00      -20.00
04401            -560.00      -20.00
04402            -600.00      -20.00
04403            -600.00      -16.00
04404            -600.00      -20.00
04405            -560.00      -12.00
04406            -600.00      -16.00
04407            -600.00      -20.00
04408            -600.00      -24.00
04409            -600.00      -16.00
04410            -480.00      -16.00
04411            -440.00      -20.00
04412            -360.00      -20.00
04413            -200.00      -24.00
04414             -40.00      -16.00
04415              40.00      -16.00
04416             160.00      -20.00
04417             200.00      -24.00
04418             280.00      -28.00
04419             360.00      -20.00
04420             440.00      -20.00
04421             520.00      -16.00
04422             560.00      -28.00
04423             640.00      -20.00
04424             680.00      -16.00
04425             720.00      -20.00
04426             800.00      -16.00
04427             840.00      -16.00
04428             800.00      -24.00
04429             800.00      -20.00
04430             760.00      -16.00
04431             760.00      -20.00
04432             760.00      -16.00
04433             720.00      -20.00
04434             680.00      -20.00
04435             720.00      -20.00
04436             680.00      -16.00
04437             600.00      -16.00
04438             560.00      -20.00
04439             440.00      -20.00
04440             400.00      -20.00
04441             240.00      -20.00
04442             160.00      -20.00
04443              40.00      -16.00
04444             -40.00      -24.00
04445            -200.00      -24.00
04446            -280.00      -20.00
04447            -440.00      -20.00
04448            -520.00      -28.00
04449            -640.00      -20.00
04450            -720.00      -20.00
04451            -760.00      -16.00
04452            -760.00      -16.00
04453            -720.00      -20.00
04454            -640.00      -24.00
04455            -520.00      -16.00
04456            -480.00      -16.00
04457            -360.00      -24.00
04458            -200.00      -24.00
04459            -120.00      -24.00
04460             -40.00      -12.00
04461              80.00      -24.00
04462             120.00      -20.00
04463             200.00      -20.00
04464             240.00      -24.00
04465             320.00      -20.00
04466             400.00      -16.00
04467             440.00      -24.00
04468             520.00      -20.00
04469             560.00      -24.00
04470             600.00      -24.00
04471             560.00      -16.00
04472             520.00      -20.00
04473             480.00      -12.00
04474             520.00      -20.00
04475             440.00      -20.00
04476             440.00      -16.00
04477             440.00      -12.00
04478             360.00      -20.00
04479             400.00      -20.00
04480             360.00      -20.00
04481             360.00      -24.00
04482             320.00      -20.00
04483             280.00      -24.00
04484             200.00      -16.00
04485             160.00      -20.00
04486              40.00      -16.00
04487               0.00      -16.00
04488             -80.00      -20.00
04489            -120.00      -12.00
04490            -200.00      -20.00
04491            -280.00      -20.00
04492            -320.00      -20.00
04493            -320.00      -20.00
04494            -360.00      -20.00
04495            -320.00      -16.00
04496            -280.00      -16.00
04497            -280.00      -16.00
04498            -200.00      -24.00
04499            -160.00      -20.00
04500            -120.00      -16.00
04501             -40.00      -24.00
04502               0.00      -20.00
04503              40.00      -16.00
04504              40.00      -16.00
04505              40.00      -16.00
04506              80.00      -16.00
04507               0.00      -16.00
04508             -80.00      -20.00
04509            -120.00      -20.00
04510            -160.00      -16.00
04511            -200.00      500.00
04512            -280.00      500.00
04513            -360.00      -32.00
04514            -440.00      -28.00
04515            -480.00      -32.00
04516            -560.00      -32.00
04517            -520.00      -28.00
04518            -560.00      -36.00
04519            -520.00      -32.00
04520            -440.00      -36.00
04521            -400.00      -32.00
04522            -360.00      -28.00
04523            -280.00      -28.00
04524            -200.00      -36.00
04525            -160.00      -28.00
04526            -120.00      -24.00
04527             -80.00      -28.00
04528             -40.00      -28.00
04529              40.00      -32.00
04530              80.00      -28.00
04531             160.00      -20.00
04532             200.00      -28.00
04533             240.00      -28.00
04534             280.00      -28.00
04535             400.00      -28.00
04536             480.00      -20.00
04537             520.00      -24.00
04538             600.00      -28.00
04539             640.00      -28.00
04540             680.00      -24.00
04541             760.00      -24.00
04542             760.00      -24.00
04543             760.00      -24.00
04544             760.00      -24.00
04545             720.00      -24.00
04546             720.00      -16.00
04547             640.00      -24.00
04548             520.00      -24.00
04549             440.00      -20.00
04550             320.00      -20.00
04551             160.00      -24.00
04552              40.00      -20.00
04553            -120.00      -20.00
04554            -280.00      -20.00
04555            -440.00      -20.00
04556            -600.00      -20.00
04557            -760.00      -24.00
04558            -880.00      -20.00
04559            -960.00      -16.00
04560           -1040.00      -20.00
04561           -1120.00      -28.00
04562           -1160.00      -20.00
04563           -1200.00      -20.00
04564           -1240.00      -16.00
04565           -1280.00      -20.00
04566           -1280.00      -24.00
04567           -1320.00      -20.00
04568           -1280.00      -16.00
04569           -1280.00      -24.00
04570           -1240.00      -20.00
04571           -1240.00      -24.00
04572           -1160.00      -20.00
04573           -1040.00      -12.00
04574            -920.00      -16.00
04575            -760.00      -12.00
04576            -600.00      -16.00
04577            -400.00      -20.00
04578            -200.00      -16.00
04579             -40.00      -20.00
04580             120.00      -20.00
04581             320.00      -20.00
04582             480.00      -20.00
04583             600.00      -16.00
04584             680.00      -12.00
04585             800.00      -20.00
04586             880.00      -16.00
04587            1000.00      -24.00
04588            1040.00      -20.00
04589            1080.00      -24.00
04590            1080.00      -28.00
04591            1080.00      -16.00
04592            1040.00      -16.00
04593            1000.00      -16.00
04594             920.00      -24.00
04595             840.00      -20.00
04596             760.00      -20.00
04597             680.00      -20.00
04598             600.00      -20.00
04599             560.00      -16.00
04600             480.00      -24.00
04601             400.00      -20.00
04602             360.00      -16.00
04603             320.00      -12.00
04604             280.00      -20.00
04605             160.00      -16.00
04606             120.00      -20.00
04607              40.00      -20.00
04608             -40.00      -16.00
04609            -120.00      -24.00
04610            -200.00      -20.00
04611            -280.00      -20.00
04612            -360.00      -20.00
04613            -400.00      -20.00
04614            -480.00      -20.00
04615            -560.00      -20.00
04616            -600.00      -24.00
04617            -560.00      -12.00
04618            -520.00      -20.00
04619            -400.00      -20.00
04620            -320.00      -28.00
04621            -160.00      -20.00
04622             -80.00      -12.00
04623              40.00      -24.00
04624              80.00      -20.00
04625             120.00      -24.00
04626             160.00      -20.00
04627             240.00      -16.00
04628             240.00      -20.00
04629             360.00      -20.00
04630             400.00      -16.00
04631             480.00      -16.00
04632             520.00      -20.00
04633             520.00      -20.00
04634             520.00      -20.00
04635             480.00      -20.00
04636             440.00      -24.00
04637             400.00      -28.00
04638             320.00      -20.00
04639             280.00      -20.00
04640             240.00      -20.00
04641             160.00      -24.00
04642             120.00      -20.00
04643              80.00      -16.00
04644               0.00      -24.00
04645             -80.00      -20.00
04646            -200.00      -20.00
04647            -280.00      -20.00
04648            -360.00      -24.00
04649            -480.00      -20.00
04650            -520.00      -20.00
04651            -560.00      -20.00
04652            -600.00      -24.00
04653            -600.00      -24.00
04654            -600.00      -20.00
04655            -600.00      -16.00
04656            -640.00      -20.00
04657            -640.00      -20.00
04658            -600.00      -20.00
04659            -600.00      -20.00
04660            -520.00      -20.00
04661            -440.00      -20.00
04662            -320.00      -24.00
04663            -200.00      -24.00
04664             -80.00      -24.00
04665               0.00      -20.00
04666             160.00      -20.00
04667             240.00      -24.00
04668             280.00      -20.00
04669             360.00      -20.00
04670             440.00      -16.00
04671             520.00      -24.00
04672             560.00      -20.00
04673             640.00      -20.00
04674             720.00      -24.00
04675             720.00      -24.00
04676             800.00      -28.00
04677             800.00      -20.00
04678             800.00      -16.00
04679             800.00      -24.00
04680             720.00      -20.00
04681             760.00      -20.00
04682             720.00      -20.00
04683             720.00      -24.00
04684             680.00      -20.00
04685             680.00      -20.00
04686             680.00      -20.00
04687             640.00      -20.00
04688             560.00      -20.00
04689             480.00      -20.00
04690             360.00      -20.00
04691             240.00      -20.00
04692             160.00      -20.00
04693              40.00      -16.00
04694             -80.00      -20.00
04695            -160.00      -24.00
04696            -280.00      -24.00
04697            -400.00      -20.00
04698            -520.00      -20.00
04699            -640.00      -20.00
04700            -720.00      -16.00
04701            -760.00      -24.00
04702            -760.00      -20.00
04703            -720.00      -24.00
04704            -640.00      -28.00
04705            -560.00      -20.00
04706            -440.00      -24.00
04707            -320.00      -20.00
04708            -200.00      -20.00
04709            -120.00      -20.00
04710               0.00      -24.00
04711              40.00      -24.00
04712             120.00      -20.00
04713             160.00      -20.00
04714             240.00      -24.00
04715             320.00      -16.00
04716             360.00      -20.00
04717             440.00      -20.00
04718             560.00      -16.00
04719             560.00      -20.00
04720             560.00      -24.00
04721             560.00      -20.00
04722             520.00      -16.00
04723             520.00      -28.00
04724             480.00      -24.00
04725             480.00      -20.00
04726             440.00      -20.00
04727             400.00      -24.00
04728             400.00      -16.00
04729             400.00      -20.00
04730             360.00      -20.00
04731             320.00      -20.00
04732             280.00      -20.00
04733             240.00      -24.00
04734             200.00      -24.00
04735             120.00      -16.00
04736              80.00      -20.00
04737             -40.00      -24.00
04738             -80.00      -20.00
04739            -160.00      -20.00
04740            -240.00      -20.00
04741            -280.00      -20.00
04742            -280.00      -24.00
04743            -320.00      -20.00
04744            -320.00      -16.00
04745            -320.00      -20.00
04746            -280.00      -20.00
04747            -240.00      -20.00
04748            -200.00       -8.00
04749            -160.00      -20.00
04750            -120.00      -20.00
04751             -80.00      -20.00
04752               0.00      -20.00
04753               0.00      -20.00
04754              40.00      -20.00
04755              40.00      -16.00
04756              40.00      -20.00
04757               0.00      -24.00
04758             -40.00      -20.00
04759            -120.00      -28.00
04760            -200.00      -24.00
04761            -200.00      500.00
04762            -280.00      500.00
04763            -400.00      -40.00
04764            -440.00      -40.00
04765            -480.00      -36.00
04766            -560.00      -28.00
04767            -560.00      -44.00
04768            -560.00      -36.00
04769            -520.00      -32.00
04770            -480.00      -32.00
04771            -400.00      -40.00
04772            -320.00      -40.00
04773            -280.00      -32.00
04774            -200.00      -32.00
04775            -160.00      -32.00
04776            -120.00      -32.00
04777             -40.00      -32.00
04778               0.00      -32.00
04779              40.00      -32.00
04780              80.00      -32.00
04781             160.00      -28.00
04782             200.00      -28.00
04783             280.00      -28.00
04784             320.00      -28.00
04785             400.00      -36.00
04786             480.00      -24.00
04787             560.00      -32.00
04788             600.00      -28.00
04789             640.00      -32.00
04790             680.00      -32.00
04791             720.00      -28.00
04792             760.00      -24.00
04793             760.00      -24.00
04794             760.00      -24.00
04795             720.00      -28.00
04796             680.00      -28.00
04797             640.00      -28.00
04798             560.00      -24.00
04799             440.00      -24.00
04800             320.00      -28.00
04801             160.00      -24.00
04802              40.00      -28.00
04803            -120.00      -28.00
04804            -280.00      -24.00
04805            -440.00      -24.00
04806            -600.00      -20.00
04807            -760.00      -28.00
04808            -880.00      -24.00
04809           -1000.00      -20.00
04810           -1040.00      -20.00
04811           -1120.00      -20.00
04812           -1160.00      -24.00
04813           -1240.00      -24.00
04814           -1240.00      -20.00
04815           -1240.00      -32.00
04816           -1280.00      -20.00
04817           -1280.00      -20.00
04818           -1280.00      -24.00
04819           -1240.00      -16.00
04820           -1280.00      -20.00
04821           -1200.00      -24.00
04822           -1160.00      -20.00
04823           -1040.00      -24.00
04824            -920.00      -20.00
04825            -760.00      -20.00
04826            -560.00      -24.00
04827            -440.00      -16.00
04828            -240.00      -20.00
04829             -40.00      -24.00
04830             120.00      -20.00
04831             320.00      -20.00
04832             440.00      -16.00
04833             560.00      -20.00
04834             680.00      -20.00
04835             800.00      -16.00
04836             920.00      -24.00
04837            1000.00      -16.00
04838            1040.00      -16.00
04839            1040.00      -20.00
04840            1080.00      -20.00
04841            1080.00      -24.00
04842            1040.00      -24.00
04843            1000.00      -24.00
04844             880.00      -16.00
04845             840.00      -20.00
04846             800.00      -24.00
04847             680.00      -16.00
04848             640.00      -20.00
04849             560.00      -16.00
04850             480.00      -16.00
04851             400.00      -20.00
04852             360.00      -20.00
04853             320.00      -20.00
04854             280.00      -20.00
04855             160.00      -16.00
04856              80.00      -20.00
04857               0.00      -20.00
04858             -40.00      -16.00
04859            -120.00      -20.00
04860            -200.00      -24.00
04861            -280.00      -16.00
04862            -360.00      -20.00
04863            -440.00      -16.00
04864            -480.00      -20.00
04865            -560.00      -16.00
04866            -560.00      -16.00
04867            -560.00      -20.00
04868            -520.00      -20.00
04869            -400.00      -16.00
04870            -320.00      -20.00
04871            -200.00      -16.00
04872             -80.00      -24.00
04873             -40.00       -8.00
04874              80.00      -16.00
04875             120.00      -16.00
04876             200.00      -20.00
04877             240.00      -16.00
04878             240.00      -16.00
04879             320.00      -20.00
04880             400.00      -20.00
04881             480.00      -20.00
04882             520.00      -12.00
04883             520.00      -20.00
04884             520.00      -20.00
04885             480.00      -20.00
04886             440.00      -12.00
04887             360.00      -20.00
04888             320.00      -16.00
04889             240.00      -20.00
04890             200.00      -20.00
04891             160.00       -8.00
04892             120.00      -20.00
04893              80.00      -20.00
04894             -40.00      -16.00
04895            -120.00      -16.00
04896            -160.00      -16.00
04897            -280.00      -16.00
04898            -400.00      -12.00
04899            -440.00      -16.00
04900            -520.00      -24.00
04901            -560.00      -20.00
04902            -600.00      -16.00
04903            -560.00      -12.00
04904            -600.00      -20.00
04905            -600.00      -20.00
04906            -600.00      -20.00
04907            -600.00      -20.00
04908            -600.00      -16.00
04909            -600.00      -16.00
04910            -520.00      -20.00
04911            -440.00      -12.00
04912            -320.00      -16.00
04913            -200.00      -16.00
04914             -80.00      -12.00
04915              40.00      -20.00
04916             120.00      -12.00
04917             240.00      -12.00
04918             320.00      -12.00
04919             360.00      -16.00
04920             400.00      -12.00
04921             480.00      -20.00
04922             560.00      -12.00
04923             640.00      -20.00
04924             680.00      -20.00
04925             720.00      -12.00
04926             800.00      -20.00
04927             800.00      -16.00
04928             800.00      -12.00
04929             800.00      -16.00
04930             760.00      -16.00
04931             760.00      -16.00
04932             720.00      -16.00
04933             720.00      -16.00
04934             720.00      -20.00
04935             680.00      -16.00
04936             640.00      -12.00
04937             640.00      -16.00
04938             560.00      -20.00
04939             480.00      -12.00
04940             360.00      -12.00
04941             280.00      -20.00
04942             160.00      -12.00
04943              40.00      -20.00
04944             -40.00      -20.00
04945            -160.00      -20.00
04946            -280.00      -20.00
04947            -440.00      -20.00
04948            -520.00      -20.00
04949            -600.00      -20.00
04950            -720.00      -12.00
04951            -760.00      -16.00
04952            -760.00      -20.00
04953            -680.00      -24.00
04954            -640.00      -16.00
04955            -560.00      -16.00
04956            -440.00      -20.00
04957            -320.00      -20.00
04958            -200.00      -16.00
04959            -120.00      -16.00
04960               0.00      -12.00
04961              40.00      -20.00
04962             120.00      -20.00
04963             200.00      -12.00
04964             240.00      -16.00
04965             320.00      -12.00
04966             400.00      -20.00
04967             480.00      -20.00
04968             520.00      -20.00
04969             560.00      -12.00
04970             560.00      -20.00
04971             560.00      -16.00
04972             560.00      -16.00
04973             520.00      -20.00
04974             480.00      -20.00
04975             480.00      -16.00
04976             440.00      -16.00
04977             440.00      -16.00
04978             400.00      -12.00
04979             400.00      -16.00
04980             360.00      -12.00
04981             320.00      -20.00
04982             320.00      -20.00
04983             280.00      -16.00
04984             200.00      -20.00
04985             160.00      -16.00
04986              80.00      -16.00
04987               0.00      -20.00
04988             -80.00      -16.00
04989            -160.00      -16.00
04990            -240.00      -16.00
04991            -280.00      -16.00
04992            -280.00      -16.00
04993            -280.00      -20.00
04994            -320.00      -16.00
04995            -280.00      -16.00
04996            -280.00      -24.00
04997            -280.00      -24.00
04998            -160.00      -16.00
04999            -160.00      -16.00
05000            -120.00      -20.00
