Unit:(mV)
                     CH1         CH2
Frequency              ?   1.238 kHz
Period                 ?  807.754 us
00001            -400.00      -16.00
00002            -320.00      -16.00
00003            -240.00      -16.00
00004            -120.00      -16.00
00005             -40.00      -20.00
00006              40.00      -24.00
00007              80.00      -16.00
00008             120.00      -12.00
00009             120.00      -20.00
00010             160.00      -12.00
00011              80.00      500.00
00012             -80.00      500.00
00013            -160.00      -28.00
00014            -280.00      -32.00
00015            -360.00      -44.00
00016            -440.00      -36.00
00017            -560.00      -32.00
00018            -600.00      -36.00
00019            -600.00      -28.00
00020            -640.00      -36.00
00021            -640.00      -28.00
00022            -640.00      -32.00
00023            -600.00      -32.00
00024            -600.00      -32.00
00025            -560.00      -36.00
00026            -480.00      -32.00
00027            -440.00      -28.00
00028            -360.00      -24.00
00029            -240.00      -28.00
00030            -160.00      -24.00
00031             -80.00      -28.00
00032              40.00      -28.00
00033             120.00      -28.00
00034             240.00      -24.00
00035             360.00      -32.00
00036             440.00      -28.00
00037             560.00      -16.00
00038             600.00      -24.00
00039             680.00      -28.00
00040             760.00      -28.00
00041             800.00      -28.00
00042             840.00      -24.00
00043             840.00      -24.00
00044             800.00      -28.00
00045             760.00      -28.00
00046             680.00      -20.00
00047             560.00      -20.00
00048             440.00      -24.00
00049             320.00      -20.00
00050             160.00      -24.00
00051               0.00      -24.00
00052            -160.00      -24.00
00053            -360.00      -20.00
00054            -480.00      -20.00
00055            -640.00      -24.00
00056            -760.00      -20.00
00057            -920.00      -16.00
00058           -1040.00      -20.00
00059           -1160.00      -20.00
00060           -1240.00      -20.00
00061           -1320.00      -20.00
00062           -1320.00      -20.00
00063           -1360.00      -24.00
00064           -1400.00      -24.00
00065           -1400.00      -20.00
00066           -1400.00      -24.00
00067           -1360.00      -20.00
00068           -1360.00      -24.00
00069           -1280.00      -24.00
00070           -1200.00      -24.00
00071           -1160.00      -20.00
00072           -1000.00      -24.00
00073            -880.00      -24.00
00074            -680.00      -20.00
00075            -480.00      -24.00
00076            -320.00      -24.00
00077             -80.00      -16.00
00078             120.00      -20.00
00079             280.00      -16.00
00080             480.00      -20.00
00081             640.00      -20.00
00082             800.00      -20.00
00083             960.00      -16.00
00084            1040.00      -20.00
00085            1120.00      -16.00
00086            1200.00      -20.00
00087            1240.00      -24.00
00088            1240.00      -20.00
00089            1240.00      -20.00
00090            1200.00      -16.00
00091            1160.00      -24.00
00092            1080.00      -16.00
00093            1040.00      -20.00
00094             920.00      -20.00
00095             880.00      -20.00
00096             760.00      -20.00
00097             680.00      -24.00
00098             600.00      -20.00
00099             520.00      -16.00
00100             400.00      -20.00
00101             280.00      -28.00
00102             160.00      -28.00
00103              80.00      -16.00
00104               0.00      -24.00
00105            -120.00      -20.00
00106            -240.00      -24.00
00107            -280.00      -20.00
00108            -440.00      -20.00
00109            -520.00      -16.00
00110            -600.00      -24.00
00111            -680.00      -20.00
00112            -720.00      -20.00
00113            -760.00      -24.00
00114            -800.00      -24.00
00115            -800.00      -20.00
00116            -720.00      -24.00
00117            -640.00      -20.00
00118            -560.00      -20.00
00119            -440.00      -20.00
00120            -280.00      -20.00
00121            -120.00      -28.00
00122              80.00      -24.00
00123             200.00      -24.00
00124             320.00      -24.00
00125             360.00      -20.00
00126             480.00      -20.00
00127             560.00      -20.00
00128             600.00      -20.00
00129             640.00      -20.00
00130             680.00      -20.00
00131             680.00      -20.00
00132             720.00      -20.00
00133             720.00      -20.00
00134             680.00      -20.00
00135             640.00      -24.00
00136             600.00      -24.00
00137             520.00      -20.00
00138             480.00      -20.00
00139             400.00      -20.00
00140             400.00      -20.00
00141             320.00      -16.00
00142             320.00      -20.00
00143             240.00      -16.00
00144             200.00      -24.00
00145              80.00      -16.00
00146             -40.00      -24.00
00147            -120.00      -24.00
00148            -200.00      -16.00
00149            -320.00      -16.00
00150            -400.00      -24.00
00151            -480.00      -20.00
00152            -520.00      -16.00
00153            -520.00      -24.00
00154            -600.00      -20.00
00155            -600.00      -20.00
00156            -640.00      -24.00
00157            -640.00      -16.00
00158            -640.00      -16.00
00159            -600.00      -24.00
00160            -520.00      -28.00
00161            -440.00      -20.00
00162            -280.00      -20.00
00163             -80.00      -16.00
00164              80.00      -28.00
00165             240.00      -20.00
00166             400.00      -20.00
00167             520.00      -20.00
00168             640.00      -20.00
00169             680.00      -24.00
00170             760.00      -16.00
00171             800.00      -24.00
00172             840.00      -20.00
00173             880.00      -20.00
00174             880.00      -24.00
00175             840.00      -20.00
00176             840.00      -20.00
00177             840.00      -16.00
00178             800.00      -16.00
00179             720.00      -16.00
00180             640.00      -20.00
00181             640.00      -24.00
00182             560.00      -16.00
00183             520.00      -16.00
00184             520.00      -20.00
00185             440.00      -20.00
00186             440.00      -20.00
00187             360.00      -24.00
00188             280.00      -20.00
00189             200.00      -20.00
00190              80.00      -24.00
00191               0.00      -20.00
00192            -120.00      -20.00
00193            -240.00      -24.00
00194            -280.00      -24.00
00195            -440.00      -16.00
00196            -520.00      -20.00
00197            -640.00      -24.00
00198            -720.00      -20.00
00199            -800.00      -16.00
00200            -800.00      -20.00
00201            -840.00      -24.00
00202            -800.00      -20.00
00203            -720.00      -20.00
00204            -600.00      -20.00
00205            -480.00      -20.00
00206            -320.00      -20.00
00207            -160.00      -20.00
00208              40.00      -20.00
00209             200.00      -20.00
00210             360.00      -20.00
00211             520.00      -16.00
00212             640.00      -20.00
00213             800.00      -20.00
00214             880.00      -16.00
00215            1000.00      -24.00
00216            1080.00      -20.00
00217            1080.00      -20.00
00218            1160.00      -20.00
00219            1160.00      -16.00
00220            1080.00      -24.00
00221            1000.00      -24.00
00222             880.00      -16.00
00223             760.00      -20.00
00224             640.00      -24.00
00225             520.00      -20.00
00226             400.00      -24.00
00227             320.00      -16.00
00228             200.00      -20.00
00229             120.00       -8.00
00230              80.00      -24.00
00231               0.00      -20.00
00232             -40.00      -16.00
00233             -80.00      -20.00
00234            -160.00      -16.00
00235            -200.00      -20.00
00236            -240.00      -20.00
00237            -320.00      -20.00
00238            -360.00      -20.00
00239            -440.00      -16.00
00240            -520.00      -20.00
00241            -600.00      -16.00
00242            -640.00      -20.00
00243            -680.00      -16.00
00244            -720.00      -20.00
00245            -720.00      -20.00
00246            -720.00      -20.00
00247            -720.00      -24.00
00248            -680.00      -16.00
00249            -640.00      -20.00
00250            -560.00      -20.00
00251            -480.00      -16.00
00252            -360.00      -20.00
00253            -280.00      -20.00
00254            -160.00      -20.00
00255            -120.00      -20.00
00256               0.00      -16.00
00257              40.00      -20.00
00258              80.00      -20.00
00259              80.00      -20.00
00260              80.00      -12.00
00261              80.00      500.00
00262             -40.00      500.00
00263            -160.00      -32.00
00264            -280.00      -28.00
00265            -360.00      -40.00
00266            -440.00      -40.00
00267            -520.00      -36.00
00268            -560.00      -28.00
00269            -600.00      -32.00
00270            -600.00      -32.00
00271            -600.00      -32.00
00272            -640.00      -28.00
00273            -600.00      -32.00
00274            -560.00      -36.00
00275            -480.00      -32.00
00276            -440.00      -32.00
00277            -360.00      -32.00
00278            -280.00      -28.00
00279            -200.00      -32.00
00280            -120.00      -32.00
00281             -40.00      -32.00
00282              40.00      -32.00
00283             200.00      -32.00
00284             320.00      -28.00
00285             400.00      -32.00
00286             520.00      -24.00
00287             600.00      -24.00
00288             680.00      -32.00
00289             720.00      -32.00
00290             840.00      -24.00
00291             840.00      -24.00
00292             880.00      -28.00
00293             880.00      -28.00
00294             840.00      -24.00
00295             800.00      -28.00
00296             720.00      -24.00
00297             640.00      -24.00
00298             480.00      -32.00
00299             360.00      -20.00
00300             200.00      -24.00
00301              40.00      -16.00
00302            -120.00      -20.00
00303            -280.00      -28.00
00304            -440.00      -20.00
00305            -600.00      -24.00
00306            -760.00      -24.00
00307            -880.00      -20.00
00308           -1000.00      -24.00
00309           -1120.00      -24.00
00310           -1240.00      -24.00
00311           -1280.00      -24.00
00312           -1280.00      -24.00
00313           -1320.00      -24.00
00314           -1360.00      -20.00
00315           -1400.00      -16.00
00316           -1360.00      -20.00
00317           -1360.00      -16.00
00318           -1320.00      -20.00
00319           -1280.00      -20.00
00320           -1200.00      -20.00
00321           -1120.00      -24.00
00322           -1000.00      -20.00
00323            -880.00      -20.00
00324            -680.00      -20.00
00325            -560.00      -20.00
00326            -320.00      -24.00
00327            -120.00      -20.00
00328             120.00      -20.00
00329             280.00      -20.00
00330             480.00      -20.00
00331             640.00      -16.00
00332             800.00      -20.00
00333             920.00      -24.00
00334            1040.00      -24.00
00335            1120.00      -20.00
00336            1200.00      -20.00
00337            1200.00      -20.00
00338            1240.00      -20.00
00339            1240.00      -20.00
00340            1240.00      -20.00
00341            1160.00      -16.00
00342            1120.00      -20.00
00343            1040.00      -16.00
00344             920.00      -16.00
00345             840.00      -16.00
00346             760.00      -20.00
00347             640.00      -12.00
00348             560.00      -24.00
00349             480.00      -20.00
00350             400.00      -16.00
00351             240.00      -24.00
00352             160.00      -16.00
00353              80.00      -16.00
00354             -40.00      -20.00
00355            -120.00      -20.00
00356            -240.00      -16.00
00357            -360.00      -20.00
00358            -440.00      -16.00
00359            -560.00      -16.00
00360            -640.00      -20.00
00361            -720.00      -16.00
00362            -760.00      -12.00
00363            -800.00      -16.00
00364            -800.00      -16.00
00365            -760.00      -20.00
00366            -760.00      -16.00
00367            -680.00      -16.00
00368            -600.00      -16.00
00369            -440.00      -16.00
00370            -320.00      -16.00
00371            -120.00      -16.00
00372              40.00      -20.00
00373             160.00      -20.00
00374             240.00      -16.00
00375             320.00      -16.00
00376             440.00      -20.00
00377             520.00      -20.00
00378             520.00      -20.00
00379             600.00      -16.00
00380             640.00      -16.00
00381             640.00      -16.00
00382             640.00      -16.00
00383             640.00      -16.00
00384             600.00      -16.00
00385             600.00      -12.00
00386             560.00      -20.00
00387             480.00      -20.00
00388             400.00      -16.00
00389             400.00      -12.00
00390             360.00      -12.00
00391             280.00      -20.00
00392             240.00      -16.00
00393             200.00      -12.00
00394             120.00      -12.00
00395              40.00      -16.00
00396             -80.00      -20.00
00397            -160.00      -16.00
00398            -240.00      -12.00
00399            -320.00      -16.00
00400            -440.00      -16.00
00401            -480.00      -24.00
00402            -560.00      -16.00
00403            -600.00      -12.00
00404            -640.00      -16.00
00405            -640.00      -16.00
00406            -640.00      -12.00
00407            -680.00      -12.00
00408            -680.00      -12.00
00409            -600.00      -12.00
00410            -520.00      -20.00
00411            -440.00      -20.00
00412            -280.00      -16.00
00413            -120.00      -20.00
00414             120.00      -20.00
00415             240.00      -12.00
00416             400.00      -16.00
00417             520.00      -12.00
00418             640.00      -12.00
00419             720.00      -16.00
00420             760.00      -20.00
00421             840.00      -16.00
00422             880.00      -16.00
00423             880.00      -12.00
00424             880.00      -20.00
00425             880.00      -12.00
00426             880.00      -16.00
00427             840.00      -16.00
00428             840.00      -16.00
00429             760.00       -8.00
00430             720.00      -16.00
00431             680.00      -20.00
00432             640.00      -16.00
00433             600.00      -16.00
00434             560.00      -12.00
00435             520.00      -16.00
00436             480.00      -20.00
00437             440.00      -16.00
00438             360.00      -16.00
00439             240.00      -20.00
00440             160.00      -16.00
00441              80.00      -24.00
00442             -80.00      -16.00
00443            -200.00      -16.00
00444            -280.00      -16.00
00445            -400.00      -16.00
00446            -480.00      -20.00
00447            -600.00       -8.00
00448            -640.00      -20.00
00449            -720.00      -16.00
00450            -760.00      -20.00
00451            -800.00      -16.00
00452            -720.00      -16.00
00453            -640.00      -20.00
00454            -560.00      -20.00
00455            -400.00      -20.00
00456            -280.00      -16.00
00457            -120.00      -20.00
00458              40.00      -20.00
00459             280.00      -20.00
00460             440.00      -16.00
00461             560.00      -16.00
00462             720.00      -16.00
00463             800.00      -20.00
00464             880.00      -16.00
00465            1040.00      -24.00
00466            1080.00      -16.00
00467            1120.00      -16.00
00468            1160.00      -16.00
00469            1160.00      -16.00
00470            1120.00      -16.00
00471            1040.00      -16.00
00472             920.00      -16.00
00473             840.00      -20.00
00474             680.00      -20.00
00475             520.00      -12.00
00476             440.00      -20.00
00477             320.00      -16.00
00478             240.00      -16.00
00479             160.00      -24.00
00480              40.00      -24.00
00481               0.00      -16.00
00482               0.00      -20.00
00483             -80.00      -20.00
00484            -120.00       -8.00
00485            -200.00      -20.00
00486            -240.00      -12.00
00487            -320.00      -16.00
00488            -360.00      -24.00
00489            -440.00      -16.00
00490            -480.00      -12.00
00491            -600.00      -16.00
00492            -640.00      -20.00
00493            -720.00      -16.00
00494            -720.00      -20.00
00495            -720.00      -16.00
00496            -720.00      -12.00
00497            -720.00      -20.00
00498            -680.00      -24.00
00499            -640.00      -20.00
00500            -600.00      -20.00
00501            -520.00      -16.00
00502            -400.00      -16.00
00503            -320.00      -16.00
00504            -200.00      -24.00
00505            -160.00      -20.00
00506             -40.00      -20.00
00507              40.00      -20.00
00508              80.00      -24.00
00509              80.00      -20.00
00510              40.00      -20.00
00511              40.00      500.00
00512             -80.00      500.00
00513            -200.00      -32.00
00514            -280.00      -36.00
00515            -400.00      -44.00
00516            -440.00      -40.00
00517            -480.00      -40.00
00518            -600.00      -36.00
00519            -600.00      -32.00
00520            -600.00      -40.00
00521            -640.00      -44.00
00522            -600.00      -32.00
00523            -560.00      -36.00
00524            -560.00      -32.00
00525            -480.00      -36.00
00526            -440.00      -32.00
00527            -360.00      -32.00
00528            -280.00      -28.00
00529            -200.00      -36.00
00530            -120.00      -32.00
00531               0.00      -28.00
00532             120.00      -28.00
00533             240.00      -32.00
00534             360.00      -28.00
00535             440.00      -28.00
00536             560.00      -28.00
00537             640.00      -24.00
00538             720.00      -32.00
00539             800.00      -32.00
00540             880.00      -32.00
00541             920.00      -32.00
00542             960.00      -28.00
00543             960.00      -28.00
00544             880.00      -28.00
00545             840.00      -28.00
00546             800.00      -28.00
00547             680.00      -24.00
00548             520.00      -28.00
00549             360.00      -32.00
00550             200.00      -28.00
00551              80.00      -24.00
00552             -80.00      -28.00
00553            -200.00      -28.00
00554            -360.00      -28.00
00555            -520.00      -24.00
00556            -680.00      -28.00
00557            -840.00      -28.00
00558            -960.00      -24.00
00559           -1040.00      -24.00
00560           -1160.00      -28.00
00561           -1200.00      -24.00
00562           -1240.00      -24.00
00563           -1320.00      -32.00
00564           -1320.00      -20.00
00565           -1320.00      -24.00
00566           -1360.00      -20.00
00567           -1360.00      -24.00
00568           -1320.00      -20.00
00569           -1240.00      -16.00
00570           -1160.00      -24.00
00571           -1080.00      -20.00
00572            -960.00      -24.00
00573            -800.00      -20.00
00574            -680.00      -20.00
00575            -480.00      -20.00
00576            -280.00      -28.00
00577             -80.00      -20.00
00578              80.00      -20.00
00579             320.00      -20.00
00580             520.00      -20.00
00581             680.00      -24.00
00582             840.00      -20.00
00583             960.00      -20.00
00584            1040.00      -28.00
00585            1120.00      -24.00
00586            1200.00      -20.00
00587            1240.00      -24.00
00588            1280.00      -20.00
00589            1280.00      -20.00
00590            1240.00      -24.00
00591            1200.00      -24.00
00592            1120.00      -24.00
00593            1040.00      -20.00
00594            1000.00      -16.00
00595             840.00      -20.00
00596             760.00      -20.00
00597             680.00      -24.00
00598             560.00      -24.00
00599             520.00      -24.00
00600             400.00      -20.00
00601             280.00      -20.00
00602             160.00      -16.00
00603              40.00      -16.00
00604             -40.00      -16.00
00605            -120.00      -20.00
00606            -240.00      -24.00
00607            -360.00      -16.00
00608            -480.00      -24.00
00609            -520.00      -24.00
00610            -640.00      -16.00
00611            -720.00      -24.00
00612            -760.00      -20.00
00613            -760.00      -12.00
00614            -800.00      -20.00
00615            -800.00      -16.00
00616            -760.00      -16.00
00617            -680.00      -20.00
00618            -600.00      -12.00
00619            -480.00      -16.00
00620            -320.00      -20.00
00621            -160.00      -24.00
00622               0.00      -24.00
00623             120.00      -16.00
00624             240.00      -16.00
00625             320.00      -20.00
00626             400.00      -20.00
00627             440.00      -12.00
00628             520.00      -20.00
00629             560.00      -16.00
00630             560.00      -20.00
00631             600.00      -16.00
00632             600.00      -16.00
00633             600.00      -16.00
00634             560.00      -20.00
00635             560.00      -20.00
00636             480.00      -20.00
00637             400.00      -16.00
00638             360.00      -20.00
00639             320.00      -20.00
00640             240.00      -16.00
00641             200.00      -20.00
00642             160.00      -20.00
00643             160.00      -16.00
00644              40.00      -20.00
00645             -40.00      -24.00
00646            -160.00      -16.00
00647            -240.00      -20.00
00648            -360.00      -16.00
00649            -440.00      -20.00
00650            -520.00      -20.00
00651            -600.00      -20.00
00652            -640.00      -20.00
00653            -680.00      -16.00
00654            -640.00      -16.00
00655            -720.00      -16.00
00656            -720.00      -16.00
00657            -720.00      -24.00
00658            -720.00      -16.00
00659            -640.00      -24.00
00660            -600.00      -16.00
00661            -480.00      -20.00
00662            -360.00      -16.00
00663            -160.00      -20.00
00664              40.00      -16.00
00665             200.00      -20.00
00666             360.00      -24.00
00667             480.00      -16.00
00668             600.00      -20.00
00669             640.00      -20.00
00670             760.00      -20.00
00671             800.00      -28.00
00672             840.00      -20.00
00673             880.00      -16.00
00674             920.00      -12.00
00675             880.00      -20.00
00676             880.00      -20.00
00677             880.00      -16.00
00678             840.00      -16.00
00679             800.00      -24.00
00680             720.00      -16.00
00681             680.00      -16.00
00682             680.00      -16.00
00683             600.00      -16.00
00684             600.00      -20.00
00685             560.00      -16.00
00686             480.00      -20.00
00687             440.00      -16.00
00688             400.00      -16.00
00689             280.00      -16.00
00690             200.00      -16.00
00691             120.00      -16.00
00692               0.00      -16.00
00693            -120.00      -16.00
00694            -240.00      -24.00
00695            -320.00      -20.00
00696            -400.00      -20.00
00697            -560.00      -20.00
00698            -600.00      -16.00
00699            -640.00      -24.00
00700            -720.00      -20.00
00701            -720.00      -20.00
00702            -720.00      -16.00
00703            -640.00      -16.00
00704            -480.00      -16.00
00705            -360.00      -20.00
00706            -200.00      -24.00
00707             -40.00      -16.00
00708              80.00      -12.00
00709             320.00      -16.00
00710             480.00      -12.00
00711             600.00      -12.00
00712             760.00      -12.00
00713             880.00      -20.00
00714             960.00      -12.00
00715            1080.00      -24.00
00716            1120.00      -16.00
00717            1200.00      -24.00
00718            1200.00      -16.00
00719            1200.00      -12.00
00720            1160.00      -20.00
00721            1040.00      -20.00
00722             960.00      -20.00
00723             840.00      -12.00
00724             720.00      -16.00
00725             600.00      -12.00
00726             480.00      -12.00
00727             360.00      -20.00
00728             240.00      -16.00
00729             200.00      -16.00
00730             120.00      -20.00
00731              80.00      -16.00
00732              40.00      -16.00
00733               0.00      -16.00
00734             -80.00      -12.00
00735            -160.00      -16.00
00736            -240.00      -16.00
00737            -280.00      -12.00
00738            -360.00       -8.00
00739            -440.00      -16.00
00740            -480.00      -16.00
00741            -560.00      -20.00
00742            -600.00      -16.00
00743            -680.00      -16.00
00744            -680.00      -20.00
00745            -720.00      -20.00
00746            -720.00      -20.00
00747            -680.00      -16.00
00748            -680.00      -16.00
00749            -640.00      -20.00
00750            -560.00      -16.00
00751            -480.00      -20.00
00752            -400.00      -12.00
00753            -280.00      -12.00
00754            -200.00      -16.00
00755            -120.00      -12.00
00756               0.00      -12.00
00757              40.00      -12.00
00758              40.00      -16.00
00759              40.00      -16.00
00760              40.00      -16.00
00761             -80.00      500.00
00762            -120.00      500.00
00763            -240.00      -32.00
00764            -360.00      -32.00
00765            -440.00      -32.00
00766            -520.00      -32.00
00767            -560.00      -28.00
00768            -640.00      -32.00
00769            -680.00      -32.00
00770            -680.00      -36.00
00771            -680.00      -32.00
00772            -640.00      -28.00
00773            -640.00      -36.00
00774            -560.00      -28.00
00775            -560.00      -32.00
00776            -480.00      -28.00
00777            -400.00      -28.00
00778            -320.00      -28.00
00779            -240.00      -24.00
00780             -80.00      -28.00
00781             -40.00      -28.00
00782              80.00      -28.00
00783             200.00      -28.00
00784             360.00      -28.00
00785             440.00      -28.00
00786             560.00      -32.00
00787             640.00      -28.00
00788             720.00      -28.00
00789             800.00      -20.00
00790             880.00      -28.00
00791             920.00      -28.00
00792             960.00      -24.00
00793             960.00      -28.00
00794             960.00      -28.00
00795             880.00      -24.00
00796             800.00      -24.00
00797             720.00      -24.00
00798             520.00      -24.00
00799             440.00      -24.00
00800             280.00      -20.00
00801              80.00      -16.00
00802             -80.00      -20.00
00803            -200.00      -20.00
00804            -320.00      -20.00
00805            -480.00      -20.00
00806            -640.00      -24.00
00807            -800.00      -28.00
00808            -920.00      -24.00
00809           -1000.00      -24.00
00810           -1120.00      -20.00
00811           -1200.00      -24.00
00812           -1240.00      -24.00
00813           -1280.00      -20.00
00814           -1280.00      -20.00
00815           -1280.00      -20.00
00816           -1280.00      -24.00
00817           -1280.00      -20.00
00818           -1240.00      -20.00
00819           -1200.00      -20.00
00820           -1160.00      -24.00
00821           -1040.00      -20.00
00822            -920.00      -20.00
00823            -800.00      -20.00
00824            -600.00      -24.00
00825            -440.00      -20.00
00826            -240.00      -20.00
00827               0.00      -20.00
00828             160.00      -20.00
00829             360.00      -20.00
00830             560.00      -20.00
00831             720.00      -16.00
00832             880.00      -28.00
00833            1000.00      -24.00
00834            1120.00      -20.00
00835            1200.00      -24.00
00836            1240.00      -16.00
00837            1280.00      -20.00
00838            1280.00      -20.00
00839            1320.00      -16.00
00840            1280.00      -20.00
00841            1200.00      -20.00
00842            1160.00      -24.00
00843            1080.00      -24.00
00844            1000.00      -20.00
00845             920.00      -24.00
00846             840.00      -20.00
00847             720.00      -16.00
00848             600.00      -16.00
00849             520.00      -16.00
00850             440.00      -20.00
00851             320.00      -20.00
00852             240.00      -12.00
00853             120.00      -28.00
00854               0.00      -20.00
00855             -80.00      -20.00
00856            -200.00      -24.00
00857            -320.00      -16.00
00858            -440.00      -20.00
00859            -520.00      -20.00
00860            -600.00      -20.00
00861            -680.00      -16.00
00862            -760.00      -16.00
00863            -760.00      -16.00
00864            -760.00      -24.00
00865            -760.00      -16.00
00866            -720.00      -24.00
00867            -680.00      -24.00
00868            -560.00      -20.00
00869            -440.00      -24.00
00870            -280.00      -20.00
00871            -160.00      -16.00
00872               0.00      -20.00
00873             120.00      -24.00
00874             240.00      -24.00
00875             360.00      -16.00
00876             400.00      -24.00
00877             480.00      -24.00
00878             480.00      -20.00
00879             560.00      -28.00
00880             560.00      -20.00
00881             600.00      -24.00
00882             600.00      -24.00
00883             560.00      -20.00
00884             560.00      -20.00
00885             480.00      -20.00
00886             440.00      -16.00
00887             360.00      -24.00
00888             320.00      -20.00
00889             240.00      -16.00
00890             200.00      -20.00
00891             120.00      -24.00
00892              80.00      -24.00
00893              40.00      -16.00
00894             -40.00      -16.00
00895            -120.00      -24.00
00896            -240.00      -24.00
00897            -320.00      -24.00
00898            -440.00      -20.00
00899            -560.00      -20.00
00900            -600.00      -20.00
00901            -680.00      -16.00
00902            -720.00      -20.00
00903            -720.00      -20.00
00904            -800.00      -24.00
00905            -800.00      -20.00
00906            -800.00      -20.00
00907            -840.00      -20.00
00908            -800.00      -20.00
00909            -760.00      -16.00
00910            -680.00      -24.00
00911            -560.00      -20.00
00912            -440.00      -16.00
00913            -240.00      -20.00
00914             -80.00      -20.00
00915              80.00      -20.00
00916             280.00      -20.00
00917             440.00      -20.00
00918             480.00      -16.00
00919             600.00      -16.00
00920             680.00      -20.00
00921             760.00      -20.00
00922             800.00      -20.00
00923             840.00      -12.00
00924             840.00      -20.00
00925             840.00      -24.00
00926             880.00      -16.00
00927             840.00      -28.00
00928             800.00      -20.00
00929             760.00      -20.00
00930             720.00      -20.00
00931             680.00      -20.00
00932             640.00      -20.00
00933             560.00      -20.00
00934             600.00      -16.00
00935             520.00      -20.00
00936             480.00      -20.00
00937             440.00      -20.00
00938             360.00      -16.00
00939             320.00      -16.00
00940             200.00      -20.00
00941              80.00      -20.00
00942               0.00      -20.00
00943             -80.00      -20.00
00944            -200.00      -20.00
00945            -280.00      -20.00
00946            -400.00      -20.00
00947            -480.00      -20.00
00948            -560.00      -12.00
00949            -640.00      -20.00
00950            -720.00      -20.00
00951            -720.00      -16.00
00952            -640.00      -20.00
00953            -600.00      -16.00
00954            -440.00      -20.00
00955            -320.00      -20.00
00956            -160.00      -20.00
00957             -40.00      -16.00
00958             160.00      -16.00
00959             360.00      -20.00
00960             520.00      -24.00
00961             680.00      -20.00
00962             800.00      -20.00
00963             920.00      -16.00
00964            1040.00      -16.00
00965            1120.00      -24.00
00966            1200.00      -16.00
00967            1280.00      -16.00
00968            1240.00      -24.00
00969            1240.00      -16.00
00970            1200.00      -20.00
00971            1080.00      -16.00
00972            1000.00      -16.00
00973             920.00      -20.00
00974             760.00      -20.00
00975             640.00      -16.00
00976             560.00      -12.00
00977             440.00      -12.00
00978             360.00      -20.00
00979             200.00      -20.00
00980             200.00      -20.00
00981             120.00      -20.00
00982              80.00      -20.00
00983              40.00      -20.00
00984             -80.00      -20.00
00985             -80.00      -20.00
00986            -160.00      -16.00
00987            -200.00      -20.00
00988            -240.00      -16.00
00989            -320.00      -20.00
00990            -400.00      -16.00
00991            -480.00      -24.00
00992            -560.00      -20.00
00993            -600.00      -16.00
00994            -640.00      -20.00
00995            -640.00      -20.00
00996            -640.00      -20.00
00997            -640.00      -16.00
00998            -600.00      -20.00
00999            -560.00      -20.00
01000            -520.00      -16.00
01001            -400.00      -16.00
01002            -360.00      -20.00
01003            -240.00      -20.00
01004            -160.00      -16.00
01005             -40.00      -16.00
01006               0.00      -12.00
01007              80.00      -20.00
01008             120.00      -20.00
01009             120.00      -16.00
01010              80.00      -20.00
01011             -80.00      500.00
01012            -160.00      500.00
01013            -280.00      -28.00
01014            -400.00      -36.00
01015            -520.00      -28.00
01016            -600.00      -40.00
01017            -640.00      -40.00
01018            -720.00      -32.00
01019            -720.00      -44.00
01020            -760.00      -28.00
01021            -760.00      -36.00
01022            -720.00      -24.00
01023            -720.00      -32.00
01024            -680.00      -36.00
01025            -600.00      -28.00
01026            -560.00      -32.00
01027            -440.00      -28.00
01028            -400.00      -32.00
01029            -280.00      -32.00
01030            -200.00      -28.00
01031             -40.00      -28.00
01032              40.00      -20.00
01033             160.00      -28.00
01034             280.00      -24.00
01035             400.00      -28.00
01036             520.00      -24.00
01037             600.00      -28.00
01038             680.00      -24.00
01039             760.00      -28.00
01040             840.00      -24.00
01041             880.00      -28.00
01042             920.00      -24.00
01043             920.00      -20.00
01044             920.00      -24.00
01045             840.00      -20.00
01046             720.00      -28.00
01047             680.00      -24.00
01048             520.00      -24.00
01049             440.00      -20.00
01050             240.00      -20.00
01051              80.00      -20.00
01052             -40.00      -16.00
01053            -200.00      -24.00
01054            -360.00      -20.00
01055            -480.00      -24.00
01056            -640.00      -24.00
01057            -760.00      -24.00
01058            -880.00      -16.00
01059           -1040.00      -24.00
01060           -1120.00      -16.00
01061           -1160.00      -24.00
01062           -1200.00      -12.00
01063           -1280.00      -16.00
01064           -1280.00      -24.00
01065           -1280.00      -20.00
01066           -1280.00      -20.00
01067           -1280.00      -20.00
01068           -1240.00      -20.00
01069           -1200.00      -24.00
01070           -1120.00      -20.00
01071           -1000.00      -20.00
01072            -920.00      -16.00
01073            -760.00      -20.00
01074            -600.00      -16.00
01075            -400.00      -20.00
01076            -200.00      -16.00
01077               0.00      -16.00
01078             200.00      -16.00
01079             400.00      -16.00
01080             600.00      -20.00
01081             800.00      -20.00
01082             880.00      -20.00
01083            1040.00      -16.00
01084            1120.00      -20.00
01085            1200.00      -16.00
01086            1240.00      -16.00
01087            1360.00      -16.00
01088            1360.00      -20.00
01089            1320.00      -20.00
01090            1320.00      -20.00
01091            1280.00      -16.00
01092            1200.00      -20.00
01093            1120.00      -12.00
01094            1080.00      -20.00
01095             960.00      -16.00
01096             880.00      -20.00
01097             760.00      -16.00
01098             680.00      -16.00
01099             600.00      -16.00
01100             480.00      -12.00
01101             360.00      -20.00
01102             280.00      -16.00
01103             160.00      -20.00
01104              40.00      -20.00
01105             -40.00      -16.00
01106            -160.00      -16.00
01107            -280.00      -16.00
01108            -400.00      -20.00
01109            -480.00      -12.00
01110            -560.00      -16.00
01111            -600.00      -16.00
01112            -640.00      -20.00
01113            -720.00      -16.00
01114            -720.00      -16.00
01115            -720.00      -16.00
01116            -680.00      -16.00
01117            -600.00      -12.00
01118            -520.00      -20.00
01119            -400.00      -16.00
01120            -280.00      -12.00
01121             -80.00      -16.00
01122              80.00      -16.00
01123             200.00      -16.00
01124             280.00      -16.00
01125             400.00      -20.00
01126             480.00      -16.00
01127             520.00      -20.00
01128             600.00      -16.00
01129             600.00      -20.00
01130             600.00      -16.00
01131             640.00      -20.00
01132             640.00      -16.00
01133             640.00      -16.00
01134             600.00      -16.00
01135             520.00      -20.00
01136             440.00      -20.00
01137             400.00      -12.00
01138             320.00      -16.00
01139             240.00      -20.00
01140             200.00      -20.00
01141             120.00      -20.00
01142              80.00      -16.00
01143              40.00      -16.00
01144             -80.00      -20.00
01145            -200.00      -20.00
01146            -280.00      -16.00
01147            -360.00      -12.00
01148            -440.00      -12.00
01149            -560.00      -16.00
01150            -640.00      -16.00
01151            -720.00      -20.00
01152            -800.00      -12.00
01153            -840.00      -20.00
01154            -880.00      -20.00
01155            -880.00      -12.00
01156            -920.00      -16.00
01157            -920.00      -16.00
01158            -920.00      -16.00
01159            -880.00      -16.00
01160            -720.00      -16.00
01161            -680.00      -20.00
01162            -520.00      -20.00
01163            -320.00      -16.00
01164            -120.00      -24.00
01165               0.00      -12.00
01166             160.00      -16.00
01167             280.00      -16.00
01168             400.00      -16.00
01169             520.00      -12.00
01170             560.00      -20.00
01171             640.00      -20.00
01172             720.00      -24.00
01173             760.00      -20.00
01174             720.00      -16.00
01175             800.00      -12.00
01176             760.00      -16.00
01177             760.00      -20.00
01178             720.00      -16.00
01179             680.00      -16.00
01180             600.00      -20.00
01181             600.00      -16.00
01182             560.00      -16.00
01183             520.00      -16.00
01184             520.00      -12.00
01185             480.00      -24.00
01186             480.00      -24.00
01187             400.00      -20.00
01188             360.00      -12.00
01189             240.00      -12.00
01190             160.00      -20.00
01191              40.00      -20.00
01192             -40.00      -16.00
01193            -120.00      -12.00
01194            -200.00      -24.00
01195            -320.00      -16.00
01196            -440.00      -16.00
01197            -480.00      -16.00
01198            -560.00      -16.00
01199            -640.00      -20.00
01200            -680.00      -16.00
01201            -720.00      -24.00
01202            -680.00      -16.00
01203            -600.00      -20.00
01204            -520.00      -24.00
01205            -360.00      -12.00
01206            -200.00      -16.00
01207               0.00      -16.00
01208             200.00      -16.00
01209             360.00      -16.00
01210             560.00      -16.00
01211             680.00      -24.00
01212             800.00      -16.00
01213             880.00      -20.00
01214            1000.00      -16.00
01215            1120.00      -20.00
01216            1200.00      -12.00
01217            1280.00      -24.00
01218            1240.00      -28.00
01219            1240.00      -20.00
01220            1200.00      -20.00
01221            1120.00      -20.00
01222            1040.00      -24.00
01223             920.00      -16.00
01224             800.00      -16.00
01225             680.00      -16.00
01226             560.00      -16.00
01227             440.00      -20.00
01228             360.00      -16.00
01229             240.00      -20.00
01230             240.00      -16.00
01231             160.00      -20.00
01232              80.00      -16.00
01233              80.00      -20.00
01234               0.00      -16.00
01235             -40.00      -12.00
01236             -80.00      -24.00
01237            -160.00      -24.00
01238            -240.00      -20.00
01239            -280.00      -20.00
01240            -360.00      -16.00
01241            -440.00      -24.00
01242            -480.00      -20.00
01243            -520.00      -16.00
01244            -560.00      -24.00
01245            -560.00      -20.00
01246            -560.00      -20.00
01247            -560.00      -16.00
01248            -560.00      -16.00
01249            -480.00      -20.00
01250            -440.00      -16.00
01251            -360.00      -20.00
01252            -280.00      -20.00
01253            -120.00      -20.00
01254             -80.00      -20.00
01255               0.00      -20.00
01256              80.00      -20.00
01257             160.00      -24.00
01258             160.00      -20.00
01259             200.00      -20.00
01260             160.00      -20.00
01261            -160.00      500.00
01262            -240.00      500.00
01263            -360.00      -36.00
01264            -480.00      -40.00
01265            -560.00      -36.00
01266            -640.00      -36.00
01267            -720.00      -32.00
01268            -760.00      -36.00
01269            -800.00      -40.00
01270            -800.00      -36.00
01271            -840.00      -32.00
01272            -760.00      -32.00
01273            -760.00      -32.00
01274            -720.00      -32.00
01275            -720.00      -32.00
01276            -600.00      -36.00
01277            -520.00      -32.00
01278            -440.00      -32.00
01279            -360.00      -36.00
01280            -240.00      -28.00
01281            -120.00      -28.00
01282             -80.00      -36.00
01283              80.00      -28.00
01284             200.00      -36.00
01285             320.00      -32.00
01286             400.00      -36.00
01287             560.00      -32.00
01288             640.00      -24.00
01289             720.00      -32.00
01290             800.00      -24.00
01291             840.00      -24.00
01292             880.00      -32.00
01293             880.00      -28.00
01294             880.00      -28.00
01295             800.00      -24.00
01296             720.00      -28.00
01297             640.00      -24.00
01298             520.00      -28.00
01299             360.00      -24.00
01300             200.00      -20.00
01301              40.00      -28.00
01302             -80.00      -24.00
01303            -240.00      -24.00
01304            -400.00      -28.00
01305            -560.00      -28.00
01306            -720.00      -24.00
01307            -840.00      -28.00
01308            -960.00      -24.00
01309           -1040.00      -20.00
01310           -1120.00      -28.00
01311           -1200.00      -28.00
01312           -1280.00      -28.00
01313           -1280.00      -24.00
01314           -1320.00      -20.00
01315           -1320.00      -24.00
01316           -1320.00      -24.00
01317           -1320.00      -20.00
01318           -1240.00      -16.00
01319           -1200.00      -24.00
01320           -1120.00      -24.00
01321           -1040.00      -20.00
01322            -920.00      -24.00
01323            -800.00      -20.00
01324            -640.00      -24.00
01325            -440.00      -20.00
01326            -240.00      -24.00
01327             -40.00      -16.00
01328             200.00      -20.00
01329             400.00      -20.00
01330             560.00      -20.00
01331             800.00      -20.00
01332             920.00      -20.00
01333            1040.00      -20.00
01334            1160.00      -24.00
01335            1240.00      -16.00
01336            1280.00      -20.00
01337            1320.00      -24.00
01338            1360.00      -28.00
01339            1360.00      -20.00
01340            1320.00      -20.00
01341            1280.00      -20.00
01342            1240.00      -24.00
01343            1200.00      -20.00
01344            1080.00      -24.00
01345            1000.00      -16.00
01346             880.00      -20.00
01347             800.00      -24.00
01348             680.00      -24.00
01349             600.00      -20.00
01350             520.00      -20.00
01351             400.00      -16.00
01352             280.00      -16.00
01353             200.00      -24.00
01354             160.00      -16.00
01355               0.00      -20.00
01356             -80.00      -24.00
01357            -200.00      -24.00
01358            -280.00      -20.00
01359            -400.00      -20.00
01360            -480.00      -16.00
01361            -520.00      -12.00
01362            -600.00      -24.00
01363            -640.00      -20.00
01364            -640.00      -20.00
01365            -640.00      -16.00
01366            -600.00      -20.00
01367            -560.00      -16.00
01368            -440.00      -20.00
01369            -280.00      -20.00
01370            -160.00      -20.00
01371               0.00      -24.00
01372             160.00      -20.00
01373             280.00      -16.00
01374             400.00      -16.00
01375             480.00      -20.00
01376             560.00      -16.00
01377             640.00      -24.00
01378             680.00      -24.00
01379             720.00      -20.00
01380             720.00      -20.00
01381             720.00      -20.00
01382             720.00      -20.00
01383             720.00      -20.00
01384             680.00      -16.00
01385             600.00      -20.00
01386             520.00      -16.00
01387             480.00      -20.00
01388             400.00      -20.00
01389             360.00      -24.00
01390             240.00      -20.00
01391             200.00      -16.00
01392             160.00      -16.00
01393              40.00      -16.00
01394               0.00      -20.00
01395            -120.00      -20.00
01396            -240.00      -16.00
01397            -400.00      -16.00
01398            -480.00      -12.00
01399            -600.00      -20.00
01400            -680.00      -16.00
01401            -760.00      -12.00
01402            -800.00      -20.00
01403            -840.00      -20.00
01404            -880.00      -16.00
01405            -920.00      -20.00
01406            -960.00      -20.00
01407            -960.00      -20.00
01408            -920.00      -16.00
01409            -880.00      -16.00
01410            -800.00      -12.00
01411            -720.00      -16.00
01412            -560.00      -20.00
01413            -400.00      -20.00
01414            -200.00      -20.00
01415             -40.00      -20.00
01416             120.00       -8.00
01417             240.00      -20.00
01418             360.00      -12.00
01419             480.00      -16.00
01420             520.00      -16.00
01421             560.00      -16.00
01422             600.00      -20.00
01423             640.00      -16.00
01424             680.00      -12.00
01425             680.00      -20.00
01426             680.00      -16.00
01427             680.00      -20.00
01428             640.00      -20.00
01429             600.00      -16.00
01430             560.00      -20.00
01431             520.00      -20.00
01432             440.00      -20.00
01433             480.00      -12.00
01434             440.00      -16.00
01435             400.00      -20.00
01436             360.00      -12.00
01437             360.00      -12.00
01438             280.00      -16.00
01439             160.00      -20.00
01440             120.00      -16.00
01441               0.00      -20.00
01442             -80.00      -16.00
01443            -160.00      -16.00
01444            -280.00      -12.00
01445            -360.00      -16.00
01446            -480.00      -16.00
01447            -520.00      -16.00
01448            -640.00      -16.00
01449            -680.00      -12.00
01450            -720.00      -20.00
01451            -720.00      -16.00
01452            -720.00      -16.00
01453            -640.00      -16.00
01454            -520.00      -20.00
01455            -400.00      -16.00
01456            -200.00      -16.00
01457             -80.00      -16.00
01458             120.00      -16.00
01459             320.00      -16.00
01460             520.00      -16.00
01461             640.00      -16.00
01462             760.00      -16.00
01463             880.00      -20.00
01464             960.00      -12.00
01465            1080.00      -16.00
01466            1160.00      -16.00
01467            1200.00      -16.00
01468            1280.00      -16.00
01469            1240.00      -16.00
01470            1200.00      -16.00
01471            1080.00      -20.00
01472            1000.00      -16.00
01473             920.00       -8.00
01474             760.00      -16.00
01475             680.00      -12.00
01476             560.00      -12.00
01477             440.00      -12.00
01478             360.00      -12.00
01479             280.00      -12.00
01480             200.00      -20.00
01481             160.00      -20.00
01482              80.00      -12.00
01483              80.00      -12.00
01484               0.00      -12.00
01485             -40.00      -12.00
01486             -80.00      -20.00
01487            -160.00      -12.00
01488            -200.00      -12.00
01489            -280.00      -20.00
01490            -320.00      -16.00
01491            -400.00      -16.00
01492            -480.00      -16.00
01493            -520.00      -24.00
01494            -520.00      -16.00
01495            -560.00      -16.00
01496            -560.00      -16.00
01497            -560.00      -16.00
01498            -480.00      -16.00
01499            -480.00      -16.00
01500            -360.00      -12.00
01501            -280.00      -16.00
01502            -200.00      -16.00
01503            -120.00      -12.00
01504               0.00      -16.00
01505              80.00      -20.00
01506             160.00      -16.00
01507             200.00      -16.00
01508             280.00      -12.00
01509             240.00      -20.00
01510             240.00      -12.00
01511             -80.00      500.00
01512            -200.00      500.00
01513            -320.00      -32.00
01514            -440.00      -28.00
01515            -520.00      -36.00
01516            -600.00      -36.00
01517            -720.00      -32.00
01518            -760.00      -36.00
01519            -800.00      -32.00
01520            -840.00      -28.00
01521            -840.00      -32.00
01522            -800.00      -32.00
01523            -760.00      -32.00
01524            -720.00      -32.00
01525            -680.00      -28.00
01526            -640.00      -32.00
01527            -560.00      -32.00
01528            -480.00      -28.00
01529            -400.00      -28.00
01530            -280.00      -32.00
01531            -160.00      -32.00
01532             -80.00      -32.00
01533              40.00      -20.00
01534             200.00      -28.00
01535             240.00      -28.00
01536             400.00      -32.00
01537             480.00      -20.00
01538             600.00      -24.00
01539             680.00      -20.00
01540             760.00      -32.00
01541             760.00      -24.00
01542             840.00      -24.00
01543             800.00      -24.00
01544             800.00      -24.00
01545             760.00      -28.00
01546             680.00      -28.00
01547             560.00      -24.00
01548             440.00      -20.00
01549             320.00      -24.00
01550             120.00      -20.00
01551               0.00      -24.00
01552            -160.00      -20.00
01553            -320.00      -32.00
01554            -480.00      -16.00
01555            -640.00      -20.00
01556            -760.00      -24.00
01557            -920.00      -24.00
01558           -1000.00      -24.00
01559           -1120.00      -24.00
01560           -1200.00      -20.00
01561           -1240.00      -32.00
01562           -1320.00      -24.00
01563           -1360.00      -24.00
01564           -1360.00      -16.00
01565           -1360.00      -24.00
01566           -1360.00      -24.00
01567           -1360.00      -24.00
01568           -1280.00      -16.00
01569           -1280.00      -20.00
01570           -1200.00      -24.00
01571           -1120.00      -24.00
01572            -960.00      -24.00
01573            -840.00      -24.00
01574            -640.00      -20.00
01575            -480.00      -24.00
01576            -280.00      -24.00
01577             -40.00      -24.00
01578             120.00      -16.00
01579             320.00      -24.00
01580             520.00      -20.00
01581             680.00      -24.00
01582             840.00      -20.00
01583             960.00      -20.00
01584            1120.00      -16.00
01585            1160.00      -24.00
01586            1240.00      -20.00
01587            1280.00      -24.00
01588            1320.00      -20.00
01589            1320.00      -20.00
01590            1320.00      -20.00
01591            1240.00      -20.00
01592            1200.00      -24.00
01593            1160.00      -12.00
01594            1080.00      -16.00
01595             960.00      -24.00
01596             880.00      -24.00
01597             800.00      -20.00
01598             720.00      -20.00
01599             560.00      -24.00
01600             520.00      -20.00
01601             400.00      -28.00
01602             320.00      -20.00
01603             200.00      -20.00
01604             120.00      -20.00
01605              40.00      -20.00
01606             -80.00      -20.00
01607            -200.00      -24.00
01608            -280.00      -16.00
01609            -400.00      -24.00
01610            -480.00      -24.00
01611            -520.00      -20.00
01612            -560.00      -24.00
01613            -600.00      -20.00
01614            -600.00      -20.00
01615            -560.00      -16.00
01616            -560.00      -20.00
01617            -480.00      -20.00
01618            -400.00      -20.00
01619            -240.00      -24.00
01620             -80.00      -20.00
01621              80.00      -16.00
01622             240.00      -20.00
01623             360.00      -20.00
01624             520.00      -24.00
01625             600.00      -24.00
01626             640.00      -24.00
01627             720.00      -20.00
01628             760.00      -20.00
01629             840.00      -20.00
01630             840.00      -24.00
01631             880.00      -20.00
01632             840.00      -20.00
01633             840.00      -20.00
01634             800.00      -16.00
01635             720.00      -20.00
01636             680.00      -16.00
01637             600.00      -20.00
01638             520.00      -12.00
01639             440.00      -20.00
01640             400.00      -20.00
01641             320.00      -16.00
01642             240.00      -16.00
01643             160.00      -20.00
01644              80.00      -20.00
01645             -40.00      -20.00
01646            -120.00      -20.00
01647            -280.00      -20.00
01648            -400.00      -20.00
01649            -520.00      -20.00
01650            -600.00      -20.00
01651            -680.00      -24.00
01652            -720.00      -20.00
01653            -800.00      -20.00
01654            -800.00      -20.00
01655            -880.00      -20.00
01656            -880.00      -16.00
01657            -920.00      -12.00
01658            -920.00      -20.00
01659            -880.00      -20.00
01660            -760.00      -16.00
01661            -680.00      -20.00
01662            -560.00      -20.00
01663            -400.00      -20.00
01664            -200.00      -20.00
01665             -40.00      -20.00
01666             120.00      -16.00
01667             280.00      -16.00
01668             360.00      -16.00
01669             440.00      -24.00
01670             480.00      -20.00
01671             560.00      -16.00
01672             600.00      -20.00
01673             640.00      -16.00
01674             640.00      -20.00
01675             640.00      -20.00
01676             640.00      -24.00
01677             640.00      -16.00
01678             600.00      -20.00
01679             560.00      -20.00
01680             480.00      -20.00
01681             440.00      -20.00
01682             400.00      -20.00
01683             400.00      -20.00
01684             360.00      -16.00
01685             360.00      -16.00
01686             320.00      -20.00
01687             240.00      -16.00
01688             240.00      -24.00
01689             160.00      -12.00
01690              40.00      -20.00
01691             -40.00      -16.00
01692            -160.00      -20.00
01693            -200.00      -12.00
01694            -320.00      -16.00
01695            -400.00      -20.00
01696            -480.00      -20.00
01697            -600.00      -16.00
01698            -640.00      -16.00
01699            -720.00      -20.00
01700            -760.00      -24.00
01701            -800.00      -16.00
01702            -760.00      -12.00
01703            -680.00      -16.00
01704            -600.00      -20.00
01705            -440.00      -16.00
01706            -280.00       -8.00
01707            -120.00      -20.00
01708              80.00      -16.00
01709             280.00      -20.00
01710             400.00      -20.00
01711             560.00      -16.00
01712             680.00      -16.00
01713             800.00      -24.00
01714             920.00      -16.00
01715            1040.00      -20.00
01716            1080.00      -20.00
01717            1160.00      -24.00
01718            1160.00      -20.00
01719            1160.00      -16.00
01720            1120.00      -16.00
01721            1040.00      -16.00
01722             960.00      -16.00
01723             840.00      -20.00
01724             720.00      -20.00
01725             600.00      -20.00
01726             480.00      -16.00
01727             400.00      -16.00
01728             320.00      -16.00
01729             240.00      -20.00
01730             160.00      -16.00
01731              80.00      -12.00
01732              40.00      -16.00
01733               0.00      -24.00
01734             -80.00      -12.00
01735             -80.00      -20.00
01736            -160.00      -16.00
01737            -200.00      -20.00
01738            -240.00      -16.00
01739            -320.00      -16.00
01740            -400.00      -16.00
01741            -440.00      -16.00
01742            -480.00      -16.00
01743            -520.00      -20.00
01744            -600.00      -24.00
01745            -600.00      -16.00
01746            -560.00      -16.00
01747            -560.00      -20.00
01748            -520.00      -16.00
01749            -480.00      -20.00
01750            -400.00      -24.00
01751            -320.00      -16.00
01752            -200.00      -16.00
01753            -120.00      -20.00
01754             -40.00      -16.00
01755              80.00      -16.00
01756             160.00      -20.00
01757             200.00       -8.00
01758             280.00      -16.00
01759             280.00      -16.00
01760             280.00      -16.00
01761               0.00      500.00
01762            -160.00      500.00
01763            -240.00      -32.00
01764            -400.00      -28.00
01765            -480.00      -28.00
01766            -600.00      -32.00
01767            -640.00      -28.00
01768            -720.00      -36.00
01769            -760.00      -28.00
01770            -760.00      -32.00
01771            -760.00      -28.00
01772            -760.00      -32.00
01773            -760.00      -36.00
01774            -680.00      -32.00
01775            -640.00      -24.00
01776            -600.00      -24.00
01777            -560.00      -28.00
01778            -440.00      -32.00
01779            -360.00      -28.00
01780            -280.00      -28.00
01781            -160.00      -28.00
01782             -40.00      -28.00
01783              80.00      -24.00
01784             200.00      -28.00
01785             320.00      -28.00
01786             400.00      -24.00
01787             480.00      -24.00
01788             560.00      -24.00
01789             680.00      -20.00
01790             760.00      -32.00
01791             800.00      -28.00
01792             800.00      -28.00
01793             800.00      -24.00
01794             800.00      -24.00
01795             760.00      -20.00
01796             640.00      -28.00
01797             520.00      -24.00
01798             400.00      -24.00
01799             280.00      -24.00
01800             120.00      -20.00
01801             -40.00      -20.00
01802            -200.00      -20.00
01803            -360.00      -20.00
01804            -520.00      -20.00
01805            -640.00      -16.00
01806            -800.00      -24.00
01807            -920.00      -20.00
01808           -1040.00      -20.00
01809           -1120.00      -16.00
01810           -1240.00      -20.00
01811           -1280.00      -20.00
01812           -1360.00      -20.00
01813           -1400.00      -16.00
01814           -1400.00      -20.00
01815           -1400.00      -16.00
01816           -1400.00      -16.00
01817           -1400.00      -20.00
01818           -1360.00      -16.00
01819           -1320.00      -16.00
01820           -1240.00      -20.00
01821           -1160.00      -16.00
01822           -1040.00      -12.00
01823            -920.00      -16.00
01824            -760.00      -16.00
01825            -560.00      -20.00
01826            -360.00      -20.00
01827            -160.00      -12.00
01828              80.00      -16.00
01829             240.00      -20.00
01830             480.00      -20.00
01831             640.00      -16.00
01832             760.00      -16.00
01833             920.00      -16.00
01834            1040.00      -16.00
01835            1120.00      -20.00
01836            1200.00      -20.00
01837            1240.00      -20.00
01838            1280.00      -16.00
01839            1240.00      -12.00
01840            1240.00      -16.00
01841            1200.00      -16.00
01842            1120.00      -12.00
01843            1040.00      -12.00
01844            1000.00      -16.00
01845             920.00      -16.00
01846             800.00      -16.00
01847             720.00      -16.00
01848             640.00      -20.00
01849             520.00      -16.00
01850             440.00      -16.00
01851             360.00      -16.00
01852             240.00      -16.00
01853             160.00      -12.00
01854              40.00      -16.00
01855             -40.00      -20.00
01856            -160.00      -20.00
01857            -240.00      -12.00
01858            -400.00      -16.00
01859            -440.00      -12.00
01860            -520.00      -20.00
01861            -560.00      -16.00
01862            -640.00      -12.00
01863            -640.00      -16.00
01864            -680.00      -16.00
01865            -640.00      -12.00
01866            -600.00      -20.00
01867            -520.00      -24.00
01868            -400.00       -8.00
01869            -240.00      -16.00
01870            -120.00      -16.00
01871              80.00      -16.00
01872             240.00      -20.00
01873             360.00      -20.00
01874             480.00      -12.00
01875             600.00      -16.00
01876             680.00      -16.00
01877             760.00      -20.00
01878             840.00      -16.00
01879             880.00      -20.00
01880             920.00      -20.00
01881             920.00      -20.00
01882             960.00      -16.00
01883             920.00      -20.00
01884             880.00      -12.00
01885             840.00      -20.00
01886             760.00      -16.00
01887             680.00      -12.00
01888             640.00      -12.00
01889             560.00      -20.00
01890             480.00      -12.00
01891             400.00      -16.00
01892             360.00      -16.00
01893             240.00      -16.00
01894             200.00      -20.00
01895              80.00      -20.00
01896             -40.00      -12.00
01897            -160.00      -16.00
01898            -280.00      -16.00
01899            -400.00      -16.00
01900            -480.00      -16.00
01901            -600.00      -20.00
01902            -680.00      -16.00
01903            -680.00      -20.00
01904            -720.00      -16.00
01905            -760.00      -12.00
01906            -800.00      -20.00
01907            -840.00      -20.00
01908            -800.00      -16.00
01909            -800.00      -12.00
01910            -720.00      -16.00
01911            -640.00      -12.00
01912            -480.00      -20.00
01913            -320.00      -20.00
01914            -160.00      -20.00
01915              40.00      -16.00
01916             160.00      -24.00
01917             280.00      -16.00
01918             360.00      -20.00
01919             440.00      -16.00
01920             520.00      -16.00
01921             560.00      -20.00
01922             600.00      -20.00
01923             600.00      -16.00
01924             640.00      -16.00
01925             640.00      -20.00
01926             640.00      -20.00
01927             600.00      -16.00
01928             560.00      -16.00
01929             520.00      -12.00
01930             480.00      -16.00
01931             400.00      -16.00
01932             400.00      -20.00
01933             360.00      -16.00
01934             360.00      -20.00
01935             320.00      -16.00
01936             280.00      -20.00
01937             240.00      -20.00
01938             200.00      -16.00
01939             120.00      -20.00
01940              40.00      -16.00
01941             -40.00      -24.00
01942            -160.00      -20.00
01943            -240.00      -12.00
01944            -320.00      -20.00
01945            -440.00      -12.00
01946            -480.00      -24.00
01947            -600.00      -16.00
01948            -680.00      -16.00
01949            -760.00      -20.00
01950            -800.00      -16.00
01951            -800.00      -16.00
01952            -760.00      -16.00
01953            -720.00      -20.00
01954            -600.00      -24.00
01955            -480.00      -20.00
01956            -280.00       -8.00
01957            -120.00      -20.00
01958              40.00      -20.00
01959             240.00      -24.00
01960             360.00      -24.00
01961             560.00      -16.00
01962             680.00      -16.00
01963             800.00      -16.00
01964             880.00      -20.00
01965            1000.00      -20.00
01966            1080.00      -16.00
01967            1120.00      -20.00
01968            1160.00      -16.00
01969            1120.00      -20.00
01970            1080.00      -16.00
01971            1000.00      -20.00
01972             880.00      -16.00
01973             800.00      -16.00
01974             640.00      -16.00
01975             560.00      -20.00
01976             440.00      -20.00
01977             360.00      -16.00
01978             240.00      -16.00
01979             160.00      -12.00
01980             120.00      -20.00
01981              40.00      -24.00
01982               0.00      -12.00
01983             -40.00      -12.00
01984            -120.00      -24.00
01985            -120.00      -24.00
01986            -200.00      -20.00
01987            -280.00      -16.00
01988            -360.00      -12.00
01989            -360.00      -16.00
01990            -480.00      -16.00
01991            -520.00      -20.00
01992            -560.00      -16.00
01993            -640.00      -16.00
01994            -640.00      -20.00
01995            -640.00      -24.00
01996            -600.00      -20.00
01997            -600.00      -16.00
01998            -560.00      -16.00
01999            -520.00      -16.00
02000            -480.00      -16.00
02001            -400.00      -12.00
02002            -280.00      -20.00
02003            -160.00      -20.00
02004             -40.00      -20.00
02005               0.00      -20.00
02006              80.00      -20.00
02007             200.00      -24.00
02008             200.00      -20.00
02009             240.00      -20.00
02010             240.00      -16.00
02011              40.00      500.00
02012             -80.00      500.00
02013            -200.00      -32.00
02014            -320.00      -36.00
02015            -400.00      -40.00
02016            -520.00      -36.00
02017            -560.00      -32.00
02018            -640.00      -32.00
02019            -680.00      -36.00
02020            -720.00      -40.00
02021            -720.00      -32.00
02022            -720.00      -40.00
02023            -680.00      -32.00
02024            -640.00      -32.00
02025            -600.00      -28.00
02026            -560.00      -32.00
02027            -480.00      -28.00
02028            -400.00      -32.00
02029            -320.00      -36.00
02030            -200.00      -32.00
02031            -120.00      -28.00
02032              40.00      -28.00
02033             120.00      -28.00
02034             240.00      -32.00
02035             360.00      -28.00
02036             480.00      -28.00
02037             520.00      -32.00
02038             640.00      -28.00
02039             720.00      -32.00
02040             760.00      -28.00
02041             800.00      -28.00
02042             840.00      -24.00
02043             840.00      -28.00
02044             840.00      -24.00
02045             760.00      -28.00
02046             680.00      -28.00
02047             560.00      -28.00
02048             440.00      -28.00
02049             240.00      -28.00
02050             120.00      -28.00
02051               0.00      -20.00
02052            -160.00       -8.00
02053            -360.00      -24.00
02054            -520.00      -16.00
02055            -640.00      -28.00
02056            -760.00      -24.00
02057            -920.00      -20.00
02058           -1040.00      -24.00
02059           -1160.00      -24.00
02060           -1240.00      -20.00
02061           -1280.00      -20.00
02062           -1360.00      -24.00
02063           -1400.00      -20.00
02064           -1440.00      -20.00
02065           -1440.00      -12.00
02066           -1440.00      -28.00
02067           -1400.00      -20.00
02068           -1360.00      -24.00
02069           -1320.00      -24.00
02070           -1280.00      -20.00
02071           -1200.00      -20.00
02072           -1080.00      -20.00
02073            -920.00      -20.00
02074            -760.00      -20.00
02075            -600.00      -24.00
02076            -360.00      -20.00
02077            -120.00      -20.00
02078              40.00      -24.00
02079             240.00      -24.00
02080             400.00      -24.00
02081             600.00      -16.00
02082             760.00      -20.00
02083             880.00      -24.00
02084            1000.00      -20.00
02085            1080.00      -24.00
02086            1160.00      -20.00
02087            1200.00      -16.00
02088            1200.00      -20.00
02089            1200.00      -24.00
02090            1200.00      -16.00
02091            1120.00      -16.00
02092            1120.00      -16.00
02093            1040.00      -20.00
02094             960.00      -16.00
02095             840.00      -20.00
02096             760.00      -20.00
02097             680.00      -20.00
02098             560.00      -20.00
02099             480.00      -16.00
02100             360.00      -12.00
02101             280.00      -20.00
02102             200.00      -20.00
02103              40.00      -16.00
02104               0.00      -20.00
02105            -120.00      -20.00
02106            -240.00      -28.00
02107            -320.00      -20.00
02108            -440.00      -16.00
02109            -520.00      -16.00
02110            -600.00      -20.00
02111            -640.00      -20.00
02112            -720.00      -20.00
02113            -720.00      -20.00
02114            -760.00      -16.00
02115            -760.00      -20.00
02116            -680.00      -20.00
02117            -600.00      -12.00
02118            -440.00      -16.00
02119            -320.00      -16.00
02120            -160.00      -20.00
02121               0.00      -16.00
02122             160.00      -16.00
02123             320.00      -20.00
02124             440.00      -20.00
02125             560.00      -20.00
02126             640.00      -16.00
02127             720.00      -12.00
02128             800.00      -20.00
02129             880.00      -20.00
02130             880.00      -16.00
02131             920.00      -12.00
02132             920.00      -16.00
02133             880.00      -16.00
02134             880.00      -20.00
02135             840.00      -12.00
02136             800.00      -12.00
02137             720.00      -16.00
02138             680.00      -16.00
02139             600.00      -16.00
02140             560.00      -16.00
02141             480.00      -20.00
02142             400.00      -20.00
02143             360.00      -16.00
02144             240.00      -16.00
02145             120.00      -24.00
02146              40.00      -12.00
02147             -80.00      -16.00
02148            -240.00      -16.00
02149            -320.00      -12.00
02150            -400.00      -16.00
02151            -480.00      -16.00
02152            -560.00      -20.00
02153            -600.00      -16.00
02154            -640.00      -16.00
02155            -720.00      -16.00
02156            -720.00      -12.00
02157            -720.00      -20.00
02158            -720.00      -16.00
02159            -720.00      -16.00
02160            -600.00      -20.00
02161            -520.00      -12.00
02162            -400.00      -16.00
02163            -240.00      -20.00
02164             -80.00      -12.00
02165              80.00      -16.00
02166             240.00      -16.00
02167             400.00      -12.00
02168             440.00      -16.00
02169             560.00      -16.00
02170             560.00      -16.00
02171             640.00      -16.00
02172             640.00      -12.00
02173             680.00      -12.00
02174             680.00      -20.00
02175             680.00      -12.00
02176             680.00      -20.00
02177             640.00      -20.00
02178             600.00      -16.00
02179             520.00      -12.00
02180             480.00      -16.00
02181             440.00      -16.00
02182             400.00      -20.00
02183             360.00      -12.00
02184             360.00      -12.00
02185             320.00      -20.00
02186             320.00      -16.00
02187             280.00      -20.00
02188             200.00      -20.00
02189             120.00      -12.00
02190              40.00      -16.00
02191             -40.00      -12.00
02192            -120.00      -16.00
02193            -200.00      -12.00
02194            -400.00      -12.00
02195            -440.00      -16.00
02196            -560.00      -16.00
02197            -600.00      -20.00
02198            -720.00      -16.00
02199            -760.00      -16.00
02200            -800.00      -12.00
02201            -800.00       -8.00
02202            -800.00      -12.00
02203            -720.00      -16.00
02204            -600.00      -12.00
02205            -480.00      -12.00
02206            -280.00      -16.00
02207            -120.00      -16.00
02208              40.00      -20.00
02209             240.00      -16.00
02210             400.00       -8.00
02211             560.00      -12.00
02212             720.00      -12.00
02213             800.00      -16.00
02214             920.00      -16.00
02215            1000.00      -12.00
02216            1080.00      -16.00
02217            1080.00      -16.00
02218            1160.00      -16.00
02219            1120.00      -12.00
02220            1080.00      -12.00
02221            1000.00      -16.00
02222             920.00      -20.00
02223             760.00      -16.00
02224             680.00      -16.00
02225             560.00      -12.00
02226             440.00      -12.00
02227             360.00      -16.00
02228             200.00      -16.00
02229             160.00      -20.00
02230              80.00      -12.00
02231              40.00      -16.00
02232             -40.00      -16.00
02233             -80.00      -16.00
02234            -120.00      -12.00
02235            -200.00      -20.00
02236            -240.00      -12.00
02237            -280.00      -16.00
02238            -360.00      -16.00
02239            -400.00      -12.00
02240            -560.00      -20.00
02241            -560.00      -16.00
02242            -640.00      -16.00
02243            -680.00      -16.00
02244            -720.00      -12.00
02245            -720.00      -16.00
02246            -720.00      -12.00
02247            -640.00      -16.00
02248            -640.00      -12.00
02249            -600.00      -20.00
02250            -520.00      -16.00
02251            -400.00      -20.00
02252            -360.00      -16.00
02253            -240.00      -20.00
02254            -160.00      -20.00
02255             -80.00      -12.00
02256              80.00      -16.00
02257             120.00      -16.00
02258             160.00      -12.00
02259             160.00      -16.00
02260             160.00      -28.00
02261              80.00      500.00
02262               0.00      500.00
02263            -120.00      -28.00
02264            -240.00      -32.00
02265            -360.00      -36.00
02266            -480.00      -36.00
02267            -520.00      -28.00
02268            -600.00      -32.00
02269            -640.00      -32.00
02270            -640.00      -28.00
02271            -680.00      -32.00
02272            -640.00      -32.00
02273            -640.00      -32.00
02274            -600.00      -32.00
02275            -560.00      -32.00
02276            -480.00      -32.00
02277            -440.00      -28.00
02278            -360.00      -28.00
02279            -240.00      -36.00
02280            -160.00      -32.00
02281             -40.00      -28.00
02282              40.00      -32.00
02283             160.00      -24.00
02284             320.00      -32.00
02285             400.00      -28.00
02286             480.00      -28.00
02287             600.00      -28.00
02288             680.00      -28.00
02289             760.00      -32.00
02290             840.00      -28.00
02291             880.00      -28.00
02292             880.00      -24.00
02293             880.00      -24.00
02294             880.00      -24.00
02295             800.00      -28.00
02296             680.00      -20.00
02297             640.00      -28.00
02298             480.00      -24.00
02299             320.00      -20.00
02300             160.00      -28.00
02301              40.00      -28.00
02302            -120.00      -24.00
02303            -280.00      -28.00
02304            -440.00      -16.00
02305            -600.00      -24.00
02306            -760.00      -24.00
02307            -920.00      -24.00
02308           -1040.00      -20.00
02309           -1120.00      -28.00
02310           -1200.00      -24.00
02311           -1280.00      -24.00
02312           -1320.00      -20.00
02313           -1360.00      -28.00
02314           -1400.00      -20.00
02315           -1400.00      -16.00
02316           -1360.00      -24.00
02317           -1400.00      -20.00
02318           -1360.00      -24.00
02319           -1320.00      -20.00
02320           -1240.00      -20.00
02321           -1160.00      -24.00
02322           -1080.00      -12.00
02323            -920.00      -20.00
02324            -760.00      -20.00
02325            -560.00      -24.00
02326            -360.00      -24.00
02327            -160.00      -20.00
02328              40.00      -24.00
02329             240.00      -16.00
02330             400.00      -24.00
02331             640.00      -24.00
02332             720.00      -16.00
02333             880.00      -28.00
02334            1000.00      -12.00
02335            1080.00      -20.00
02336            1160.00      -24.00
02337            1200.00      -20.00
02338            1200.00      -20.00
02339            1200.00      -24.00
02340            1160.00      -20.00
02341            1120.00      -20.00
02342            1080.00      -20.00
02343            1000.00      -16.00
02344             920.00      -24.00
02345             840.00      -24.00
02346             760.00      -16.00
02347             640.00      -24.00
02348             520.00      -24.00
02349             440.00      -20.00
02350             320.00      -16.00
02351             240.00      -20.00
02352             160.00      -16.00
02353              40.00      -20.00
02354            -120.00      -16.00
02355            -200.00      -24.00
02356            -280.00      -24.00
02357            -400.00      -24.00
02358            -520.00      -20.00
02359            -560.00      -16.00
02360            -680.00      -16.00
02361            -760.00      -24.00
02362            -800.00      -20.00
02363            -840.00      -20.00
02364            -840.00      -16.00
02365            -800.00      -16.00
02366            -760.00      -16.00
02367            -680.00      -20.00
02368            -560.00      -20.00
02369            -440.00      -16.00
02370            -280.00      -16.00
02371             -80.00      -20.00
02372              80.00      -20.00
02373             200.00      -20.00
02374             360.00      -20.00
02375             480.00      -16.00
02376             560.00      -12.00
02377             640.00      -16.00
02378             720.00      -20.00
02379             800.00      -20.00
02380             840.00      -16.00
02381             880.00      -20.00
02382             880.00      -16.00
02383             880.00      -16.00
02384             880.00      -16.00
02385             800.00      -16.00
02386             760.00      -16.00
02387             720.00      -20.00
02388             640.00      -16.00
02389             560.00      -16.00
02390             520.00      -16.00
02391             440.00      -20.00
02392             400.00      -20.00
02393             360.00      -24.00
02394             240.00      -20.00
02395             160.00      -24.00
02396              80.00      -20.00
02397             -80.00      -20.00
02398            -200.00      -20.00
02399            -280.00      -16.00
02400            -400.00      -16.00
02401            -480.00      -12.00
02402            -520.00      -16.00
02403            -560.00      -16.00
02404            -600.00      -20.00
02405            -640.00      -20.00
02406            -640.00      -12.00
02407            -680.00      -16.00
02408            -680.00      -16.00
02409            -640.00      -16.00
02410            -560.00      -16.00
02411            -480.00      -16.00
02412            -360.00      -16.00
02413            -200.00      -20.00
02414               0.00      -16.00
02415             160.00      -16.00
02416             320.00      -16.00
02417             440.00      -20.00
02418             560.00      -16.00
02419             600.00      -16.00
02420             640.00      -20.00
02421             680.00      -16.00
02422             720.00      -16.00
02423             720.00      -20.00
02424             760.00      -20.00
02425             720.00      -20.00
02426             680.00      -16.00
02427             720.00      -20.00
02428             680.00      -20.00
02429             600.00      -20.00
02430             560.00      -16.00
02431             480.00      -12.00
02432             440.00      -20.00
02433             440.00      -16.00
02434             400.00      -12.00
02435             360.00      -20.00
02436             320.00      -16.00
02437             280.00      -20.00
02438             240.00      -16.00
02439             120.00      -20.00
02440              80.00      -20.00
02441             -40.00      -16.00
02442            -160.00      -12.00
02443            -240.00      -20.00
02444            -360.00      -16.00
02445            -440.00      -16.00
02446            -520.00      -24.00
02447            -640.00      -16.00
02448            -720.00      -20.00
02449            -760.00      -16.00
02450            -800.00      -12.00
02451            -800.00      -16.00
02452            -760.00      -24.00
02453            -680.00      -20.00
02454            -560.00      -16.00
02455            -440.00      -16.00
02456            -280.00      -20.00
02457             -80.00      -16.00
02458              40.00      -20.00
02459             280.00      -16.00
02460             400.00      -12.00
02461             560.00      -20.00
02462             680.00      -16.00
02463             800.00      -20.00
02464             920.00      -16.00
02465            1000.00      -20.00
02466            1080.00      -16.00
02467            1120.00      -20.00
02468            1160.00      -12.00
02469            1120.00      -20.00
02470            1080.00      -16.00
02471            1000.00      -20.00
02472             880.00      -16.00
02473             800.00      -16.00
02474             680.00      -12.00
02475             600.00      -20.00
02476             480.00      -20.00
02477             320.00      -20.00
02478             240.00      -16.00
02479             160.00      -16.00
02480              80.00      -20.00
02481              40.00      -20.00
02482             -40.00      -16.00
02483             -80.00      -12.00
02484            -120.00      -16.00
02485            -200.00      -20.00
02486            -280.00      -20.00
02487            -280.00      -16.00
02488            -400.00      -20.00
02489            -440.00      -12.00
02490            -520.00      -20.00
02491            -600.00      -20.00
02492            -640.00      -16.00
02493            -720.00      -12.00
02494            -720.00      -16.00
02495            -720.00      -20.00
02496            -720.00      -12.00
02497            -720.00      -16.00
02498            -720.00      -16.00
02499            -640.00      -20.00
02500            -560.00      -16.00
02501            -480.00      -12.00
02502            -360.00      -16.00
02503            -280.00      -16.00
02504            -200.00      -16.00
02505             -80.00       -8.00
02506             -40.00      -16.00
02507              40.00      -16.00
02508              80.00      -16.00
02509             120.00      -20.00
02510             120.00      -12.00
02511              80.00      500.00
02512             -40.00      500.00
02513            -160.00      -28.00
02514            -280.00      -32.00
02515            -360.00      -28.00
02516            -400.00      -40.00
02517            -520.00      -36.00
02518            -560.00      -32.00
02519            -640.00      -32.00
02520            -640.00      -32.00
02521            -640.00      -32.00
02522            -600.00      -28.00
02523            -640.00      -28.00
02524            -560.00      -28.00
02525            -520.00      -32.00
02526            -440.00      -28.00
02527            -400.00      -28.00
02528            -320.00      -28.00
02529            -240.00      -24.00
02530            -120.00      -28.00
02531             -40.00      -28.00
02532              80.00      -28.00
02533             240.00      -24.00
02534             320.00      -24.00
02535             440.00      -20.00
02536             520.00      -24.00
02537             640.00      -20.00
02538             720.00      -24.00
02539             800.00      -20.00
02540             840.00      -24.00
02541             880.00      -24.00
02542             920.00      -24.00
02543             920.00      -20.00
02544             880.00      -20.00
02545             880.00      -20.00
02546             760.00      -24.00
02547             680.00      -16.00
02548             520.00      -20.00
02549             400.00      -20.00
02550             200.00      -20.00
02551              40.00      -28.00
02552            -120.00      -20.00
02553            -280.00      -20.00
02554            -400.00      -16.00
02555            -600.00      -20.00
02556            -720.00      -12.00
02557            -840.00      -20.00
02558            -960.00      -20.00
02559           -1080.00      -16.00
02560           -1160.00      -16.00
02561           -1240.00      -24.00
02562           -1240.00      -20.00
02563           -1360.00      -20.00
02564           -1360.00      -12.00
02565           -1360.00      -16.00
02566           -1360.00      -16.00
02567           -1360.00      -16.00
02568           -1280.00      -12.00
02569           -1280.00      -20.00
02570           -1200.00      -16.00
02571           -1120.00      -16.00
02572           -1040.00      -20.00
02573            -840.00      -16.00
02574            -720.00      -16.00
02575            -560.00      -16.00
02576            -320.00      -16.00
02577            -120.00      -20.00
02578              80.00      -16.00
02579             240.00      -16.00
02580             440.00      -16.00
02581             640.00      -20.00
02582             800.00      -16.00
02583             880.00      -16.00
02584            1000.00      -12.00
02585            1120.00      -16.00
02586            1200.00      -16.00
02587            1200.00      -20.00
02588            1240.00      -20.00
02589            1240.00      -12.00
02590            1200.00      -16.00
02591            1120.00      -20.00
02592            1080.00      -12.00
02593            1000.00      -12.00
02594             920.00      -12.00
02595             800.00      -16.00
02596             720.00      -16.00
02597             640.00      -12.00
02598             520.00      -16.00
02599             440.00      -16.00
02600             320.00      -24.00
02601             240.00      -16.00
02602             120.00      -16.00
02603               0.00      -16.00
02604             -80.00      -12.00
02605            -200.00      -16.00
02606            -280.00      -20.00
02607            -400.00      -16.00
02608            -520.00      -16.00
02609            -600.00      -16.00
02610            -720.00      -12.00
02611            -800.00      -12.00
02612            -840.00      -12.00
02613            -880.00      -16.00
02614            -880.00      -16.00
02615            -840.00      -16.00
02616            -840.00      -16.00
02617            -760.00      -20.00
02618            -640.00       -8.00
02619            -520.00      -16.00
02620            -360.00      -20.00
02621            -200.00      -16.00
02622               0.00      -20.00
02623             120.00      -20.00
02624             280.00      -16.00
02625             400.00      -16.00
02626             520.00      -16.00
02627             560.00      -20.00
02628             640.00      -20.00
02629             680.00      -16.00
02630             720.00      -20.00
02631             760.00      -16.00
02632             800.00      -16.00
02633             800.00      -20.00
02634             760.00      -16.00
02635             720.00      -24.00
02636             640.00      -16.00
02637             640.00      -20.00
02638             560.00      -16.00
02639             520.00      -16.00
02640             440.00      -16.00
02641             400.00      -16.00
02642             360.00      -20.00
02643             320.00      -16.00
02644             240.00      -20.00
02645             120.00      -16.00
02646              40.00      -16.00
02647             -80.00      -16.00
02648            -240.00      -12.00
02649            -320.00      -12.00
02650            -400.00      -20.00
02651            -480.00      -24.00
02652            -520.00      -24.00
02653            -560.00      -20.00
02654            -600.00      -16.00
02655            -600.00      -24.00
02656            -680.00      -16.00
02657            -680.00      -16.00
02658            -680.00      -12.00
02659            -640.00      -16.00
02660            -560.00      -16.00
02661            -440.00      -16.00
02662            -320.00      -16.00
02663            -160.00      -20.00
02664              40.00      -16.00
02665             200.00      -20.00
02666             360.00      -20.00
02667             480.00      -12.00
02668             560.00      -20.00
02669             640.00      -20.00
02670             720.00      -16.00
02671             760.00      -16.00
02672             760.00      -20.00
02673             800.00      -16.00
02674             760.00      -16.00
02675             800.00      -24.00
02676             800.00      -20.00
02677             760.00      -20.00
02678             720.00      -24.00
02679             640.00      -12.00
02680             600.00      -20.00
02681             560.00      -20.00
02682             520.00      -16.00
02683             480.00      -20.00
02684             440.00      -20.00
02685             360.00      -16.00
02686             360.00      -16.00
02687             320.00      -20.00
02688             280.00      -16.00
02689             200.00      -16.00
02690              80.00      -20.00
02691               0.00      -20.00
02692             -80.00      -20.00
02693            -200.00      -24.00
02694            -320.00      -16.00
02695            -400.00      -20.00
02696            -480.00      -20.00
02697            -600.00      -20.00
02698            -640.00      -20.00
02699            -760.00      -24.00
02700            -800.00      -20.00
02701            -840.00      -24.00
02702            -760.00      -16.00
02703            -680.00      -16.00
02704            -560.00      -20.00
02705            -400.00      -12.00
02706            -280.00      -20.00
02707             -80.00      -16.00
02708              80.00      -16.00
02709             240.00      -16.00
02710             400.00      -12.00
02711             600.00      -16.00
02712             720.00      -20.00
02713             800.00      -16.00
02714             920.00      -28.00
02715            1040.00      -16.00
02716            1120.00      -20.00
02717            1160.00      -16.00
02718            1200.00      -16.00
02719            1200.00      -16.00
02720            1120.00      -20.00
02721            1040.00      -16.00
02722             920.00      -20.00
02723             800.00      -20.00
02724             720.00      -20.00
02725             560.00      -16.00
02726             480.00      -16.00
02727             360.00      -20.00
02728             280.00      -20.00
02729             160.00      -24.00
02730              80.00      -16.00
02731              40.00      -16.00
02732               0.00      -16.00
02733             -40.00      -16.00
02734            -120.00      -20.00
02735            -160.00      -12.00
02736            -240.00      -20.00
02737            -320.00      -20.00
02738            -360.00      -20.00
02739            -440.00      -20.00
02740            -480.00      -16.00
02741            -560.00      -16.00
02742            -640.00      -16.00
02743            -680.00      -20.00
02744            -720.00      -20.00
02745            -720.00      -16.00
02746            -680.00      -16.00
02747            -720.00      -20.00
02748            -680.00      -20.00
02749            -640.00      -16.00
02750            -560.00      -16.00
02751            -480.00      -16.00
02752            -400.00      -20.00
02753            -280.00      -16.00
02754            -200.00      -24.00
02755             -80.00      -20.00
02756             -40.00      -12.00
02757              40.00      -20.00
02758              80.00      -20.00
02759             120.00      -20.00
02760              80.00      -12.00
02761              40.00      500.00
02762             -40.00      500.00
02763            -160.00      -32.00
02764            -280.00      -32.00
02765            -400.00      -40.00
02766            -440.00      -32.00
02767            -520.00      -36.00
02768            -600.00      -36.00
02769            -600.00      -20.00
02770            -640.00      -36.00
02771            -640.00      -32.00
02772            -640.00      -32.00
02773            -600.00      -28.00
02774            -560.00      -32.00
02775            -520.00      -32.00
02776            -440.00      -28.00
02777            -400.00      -28.00
02778            -320.00      -32.00
02779            -200.00      -28.00
02780            -120.00      -32.00
02781               0.00      -28.00
02782             120.00      -28.00
02783             200.00      -32.00
02784             320.00      -32.00
02785             440.00      -28.00
02786             560.00      -28.00
02787             640.00      -24.00
02788             720.00      -24.00
02789             800.00      -28.00
02790             880.00      -20.00
02791             920.00      -24.00
02792             920.00      -28.00
02793             920.00      -16.00
02794             920.00      -24.00
02795             840.00      -28.00
02796             800.00      -20.00
02797             680.00      -20.00
02798             560.00      -24.00
02799             400.00      -20.00
02800             240.00      -24.00
02801              80.00      -28.00
02802             -40.00      -24.00
02803            -200.00      -20.00
02804            -400.00      -28.00
02805            -520.00      -20.00
02806            -680.00      -20.00
02807            -800.00      -24.00
02808            -960.00      -16.00
02809           -1040.00      -24.00
02810           -1160.00      -20.00
02811           -1200.00      -20.00
02812           -1240.00      -24.00
02813           -1280.00      -20.00
02814           -1320.00      -24.00
02815           -1360.00      -20.00
02816           -1360.00      -20.00
02817           -1280.00      -24.00
02818           -1280.00      -20.00
02819           -1240.00      -20.00
02820           -1160.00      -20.00
02821           -1080.00      -16.00
02822            -960.00      -24.00
02823            -800.00      -16.00
02824            -640.00      -20.00
02825            -480.00      -16.00
02826            -280.00      -20.00
02827             -80.00      -24.00
02828             120.00      -16.00
02829             320.00      -16.00
02830             480.00      -16.00
02831             680.00      -20.00
02832             840.00      -16.00
02833             920.00      -12.00
02834            1040.00      -16.00
02835            1160.00      -16.00
02836            1200.00      -20.00
02837            1240.00      -20.00
02838            1240.00      -20.00
02839            1280.00      -16.00
02840            1200.00      -20.00
02841            1200.00      -20.00
02842            1080.00      -12.00
02843            1040.00      -20.00
02844             960.00      -20.00
02845             880.00      -20.00
02846             760.00      -20.00
02847             640.00      -16.00
02848             560.00      -16.00
02849             480.00      -20.00
02850             360.00      -12.00
02851             240.00      -16.00
02852             160.00      -16.00
02853              40.00      -16.00
02854             -80.00      -16.00
02855            -200.00      -16.00
02856            -280.00      -16.00
02857            -400.00      -16.00
02858            -480.00      -20.00
02859            -600.00      -20.00
02860            -680.00      -16.00
02861            -760.00      -16.00
02862            -840.00      -12.00
02863            -880.00      -16.00
02864            -880.00      -16.00
02865            -880.00      -20.00
02866            -840.00      -20.00
02867            -800.00      -20.00
02868            -640.00      -20.00
02869            -560.00      -16.00
02870            -400.00      -16.00
02871            -200.00      -20.00
02872             -40.00      -16.00
02873              80.00      -16.00
02874             240.00      -20.00
02875             320.00      -16.00
02876             440.00      -20.00
02877             480.00      -16.00
02878             560.00      -16.00
02879             600.00      -20.00
02880             640.00      -16.00
02881             680.00      -16.00
02882             720.00      -12.00
02883             720.00      -16.00
02884             720.00      -16.00
02885             680.00      -20.00
02886             600.00      -12.00
02887             560.00      -12.00
02888             480.00      -16.00
02889             440.00      -12.00
02890             400.00      -12.00
02891             360.00      -16.00
02892             320.00      -16.00
02893             240.00      -16.00
02894             160.00      -16.00
02895              80.00      -16.00
02896             -40.00      -12.00
02897            -160.00      -12.00
02898            -280.00      -16.00
02899            -360.00      -12.00
02900            -440.00      -12.00
02901            -520.00      -16.00
02902            -600.00      -12.00
02903            -600.00      -20.00
02904            -600.00      -16.00
02905            -680.00      -16.00
02906            -680.00      -12.00
02907            -680.00      -16.00
02908            -680.00      -16.00
02909            -640.00      -12.00
02910            -560.00      -12.00
02911            -480.00      -12.00
02912            -360.00      -16.00
02913            -160.00      -16.00
02914              40.00      -16.00
02915             200.00      -16.00
02916             360.00      -16.00
02917             480.00      -12.00
02918             560.00      -12.00
02919             640.00      -20.00
02920             720.00      -12.00
02921             760.00      -16.00
02922             760.00      -20.00
02923             800.00      -20.00
02924             800.00      -12.00
02925             840.00      -16.00
02926             800.00      -20.00
02927             800.00      -12.00
02928             760.00      -12.00
02929             680.00      -12.00
02930             600.00      -12.00
02931             560.00      -20.00
02932             560.00      -12.00
02933             520.00      -16.00
02934             440.00      -16.00
02935             440.00      -20.00
02936             400.00      -16.00
02937             360.00      -12.00
02938             320.00      -16.00
02939             240.00      -12.00
02940             120.00      -12.00
02941               0.00      -16.00
02942             -80.00      -16.00
02943            -160.00      -20.00
02944            -280.00      -16.00
02945            -400.00      -12.00
02946            -480.00      -16.00
02947            -600.00      -20.00
02948            -680.00      -20.00
02949            -720.00      -16.00
02950            -760.00      -12.00
02951            -800.00      -16.00
02952            -760.00      -16.00
02953            -640.00      -16.00
02954            -560.00      -16.00
02955            -440.00      -12.00
02956            -240.00      -16.00
02957             -80.00      -16.00
02958              80.00      -16.00
02959             280.00      -16.00
02960             440.00      -16.00
02961             600.00      -20.00
02962             720.00      -12.00
02963             840.00      -16.00
02964             960.00      -12.00
02965            1040.00      -12.00
02966            1160.00      -20.00
02967            1200.00       -4.00
02968            1200.00      -12.00
02969            1200.00      -16.00
02970            1160.00      -16.00
02971            1080.00      -16.00
02972             920.00      -16.00
02973             840.00      -12.00
02974             720.00      -16.00
02975             600.00      -20.00
02976             480.00      -16.00
02977             360.00      -20.00
02978             280.00      -12.00
02979             200.00      -20.00
02980             120.00      -12.00
02981             120.00      -16.00
02982               0.00      -16.00
02983               0.00      -12.00
02984             -80.00      -16.00
02985            -120.00      -16.00
02986            -200.00      -16.00
02987            -280.00      -16.00
02988            -320.00      -12.00
02989            -400.00      -16.00
02990            -440.00      -16.00
02991            -560.00      -16.00
02992            -640.00      -12.00
02993            -640.00      -12.00
02994            -680.00      -20.00
02995            -680.00      -20.00
02996            -640.00      -16.00
02997            -680.00      -16.00
02998            -680.00      -16.00
02999            -600.00      -24.00
03000            -520.00      -20.00
03001            -440.00      -16.00
03002            -360.00      -16.00
03003            -280.00      -12.00
03004            -160.00      -16.00
03005             -80.00      -16.00
03006             -40.00      -20.00
03007              80.00      -16.00
03008              80.00      -20.00
03009              80.00      -16.00
03010              80.00      -20.00
03011             -40.00      500.00
03012            -120.00      500.00
03013            -200.00      -28.00
03014            -320.00      -36.00
03015            -400.00      -32.00
03016            -520.00      -36.00
03017            -560.00      -28.00
03018            -600.00      -32.00
03019            -640.00      -36.00
03020            -640.00      -40.00
03021            -640.00      -28.00
03022            -640.00      -32.00
03023            -640.00      -28.00
03024            -600.00      -36.00
03025            -520.00      -32.00
03026            -480.00      -32.00
03027            -440.00      -36.00
03028            -280.00      -32.00
03029            -240.00      -32.00
03030            -120.00      -28.00
03031               0.00      -20.00
03032              80.00      -32.00
03033             200.00      -32.00
03034             320.00      -32.00
03035             440.00      -32.00
03036             520.00      -28.00
03037             640.00      -28.00
03038             680.00      -28.00
03039             800.00      -28.00
03040             880.00      -24.00
03041             920.00      -28.00
03042             960.00      -28.00
03043             920.00      -28.00
03044             920.00      -24.00
03045             880.00      -24.00
03046             800.00      -28.00
03047             720.00      -28.00
03048             560.00      -28.00
03049             440.00      -28.00
03050             280.00      -24.00
03051             120.00      -20.00
03052             -40.00      -24.00
03053            -200.00      -24.00
03054            -360.00      -28.00
03055            -480.00      -28.00
03056            -680.00      -28.00
03057            -800.00      -28.00
03058            -920.00      -20.00
03059           -1040.00      -24.00
03060           -1120.00      -28.00
03061           -1200.00      -24.00
03062           -1240.00      -24.00
03063           -1280.00      -24.00
03064           -1320.00      -24.00
03065           -1280.00      -28.00
03066           -1320.00      -28.00
03067           -1320.00      -20.00
03068           -1280.00      -24.00
03069           -1200.00      -24.00
03070           -1120.00      -28.00
03071           -1040.00      -24.00
03072            -960.00      -20.00
03073            -800.00      -20.00
03074            -640.00      -24.00
03075            -480.00      -20.00
03076            -240.00      -20.00
03077             -40.00      -24.00
03078             160.00      -24.00
03079             320.00      -20.00
03080             560.00      -28.00
03081             680.00      -24.00
03082             880.00      -24.00
03083            1000.00      -24.00
03084            1080.00      -16.00
03085            1160.00      -20.00
03086            1240.00      -20.00
03087            1320.00      -24.00
03088            1320.00      -20.00
03089            1280.00      -20.00
03090            1280.00      -24.00
03091            1200.00      -20.00
03092            1160.00      -20.00
03093            1080.00      -24.00
03094            1000.00      -24.00
03095             920.00      -20.00
03096             840.00      -20.00
03097             680.00      -24.00
03098             600.00      -24.00
03099             520.00      -20.00
03100             400.00      -20.00
03101             320.00      -20.00
03102             160.00      -20.00
03103              80.00      -20.00
03104               0.00      -20.00
03105            -120.00      -16.00
03106            -240.00      -20.00
03107            -360.00      -20.00
03108            -440.00      -24.00
03109            -560.00      -24.00
03110            -680.00      -20.00
03111            -760.00      -16.00
03112            -800.00      -28.00
03113            -840.00      -16.00
03114            -840.00      -16.00
03115            -880.00      -20.00
03116            -800.00      -24.00
03117            -760.00      -16.00
03118            -640.00      -20.00
03119            -520.00      -20.00
03120            -360.00      -20.00
03121            -200.00      -16.00
03122             -40.00      -16.00
03123              80.00      -16.00
03124             240.00      -16.00
03125             320.00      -20.00
03126             400.00      -16.00
03127             480.00      -24.00
03128             520.00      -16.00
03129             600.00      -12.00
03130             600.00      -16.00
03131             680.00      -24.00
03132             680.00      -20.00
03133             680.00      -20.00
03134             640.00      -16.00
03135             640.00      -16.00
03136             560.00      -20.00
03137             520.00      -16.00
03138             440.00      -20.00
03139             400.00      -16.00
03140             360.00      -20.00
03141             280.00      -20.00
03142             240.00      -20.00
03143             200.00      -16.00
03144             120.00      -20.00
03145               0.00      -20.00
03146             -80.00      -20.00
03147            -200.00      -24.00
03148            -280.00      -24.00
03149            -360.00      -20.00
03150            -480.00      -16.00
03151            -560.00      -20.00
03152            -600.00      -16.00
03153            -640.00      -16.00
03154            -680.00      -16.00
03155            -720.00      -20.00
03156            -720.00      -24.00
03157            -720.00      -16.00
03158            -680.00      -24.00
03159            -680.00      -16.00
03160            -600.00      -20.00
03161            -520.00      -16.00
03162            -360.00      -16.00
03163            -200.00      -16.00
03164             -40.00      -20.00
03165             160.00      -16.00
03166             320.00      -16.00
03167             400.00      -20.00
03168             560.00      -16.00
03169             600.00      -16.00
03170             680.00      -20.00
03171             720.00      -12.00
03172             800.00      -16.00
03173             800.00      -16.00
03174             800.00      -20.00
03175             840.00      -24.00
03176             800.00      -20.00
03177             800.00      -16.00
03178             760.00      -16.00
03179             680.00      -20.00
03180             640.00      -16.00
03181             600.00      -16.00
03182             560.00      -16.00
03183             520.00      -16.00
03184             440.00      -20.00
03185             440.00      -20.00
03186             440.00      -16.00
03187             360.00      -24.00
03188             360.00      -16.00
03189             240.00      -12.00
03190             120.00      -16.00
03191              40.00      -12.00
03192             -80.00      -16.00
03193            -160.00      -20.00
03194            -320.00      -20.00
03195            -400.00      -20.00
03196            -480.00      -20.00
03197            -560.00      -12.00
03198            -640.00      -16.00
03199            -720.00      -20.00
03200            -760.00      -16.00
03201            -760.00      -20.00
03202            -720.00      -16.00
03203            -640.00      -12.00
03204            -560.00      -16.00
03205            -440.00      -16.00
03206            -240.00      -16.00
03207             -80.00      -24.00
03208             120.00      -16.00
03209             320.00      -12.00
03210             480.00      -24.00
03211             600.00      -20.00
03212             720.00      -20.00
03213             880.00      -20.00
03214             960.00      -20.00
03215            1040.00      -16.00
03216            1120.00      -20.00
03217            1200.00      -20.00
03218            1200.00      -20.00
03219            1200.00      -16.00
03220            1160.00      -16.00
03221            1080.00      -16.00
03222            1000.00      -16.00
03223             840.00      -16.00
03224             720.00      -24.00
03225             640.00      -24.00
03226             480.00      -16.00
03227             400.00      -16.00
03228             280.00      -16.00
03229             240.00      -16.00
03230             160.00      -16.00
03231              80.00      -20.00
03232              40.00      -20.00
03233               0.00      -16.00
03234             -80.00      -16.00
03235            -120.00      -20.00
03236            -200.00      -16.00
03237            -280.00      -16.00
03238            -320.00      -16.00
03239            -400.00      -20.00
03240            -440.00      -16.00
03241            -480.00      -16.00
03242            -560.00      -16.00
03243            -640.00      -12.00
03244            -640.00      -16.00
03245            -640.00      -16.00
03246            -680.00      -16.00
03247            -640.00      -16.00
03248            -600.00      -20.00
03249            -600.00      -16.00
03250            -520.00      -16.00
03251            -440.00      -16.00
03252            -400.00      -12.00
03253            -240.00      -16.00
03254            -160.00      -12.00
03255             -80.00      -12.00
03256               0.00      -16.00
03257              80.00      -16.00
03258              80.00      -16.00
03259             120.00      -16.00
03260             120.00      -16.00
03261             -40.00      500.00
03262            -160.00      500.00
03263            -280.00      -28.00
03264            -360.00      -40.00
03265            -480.00      -32.00
03266            -560.00      -32.00
03267            -640.00      -36.00
03268            -680.00      -36.00
03269            -720.00      -32.00
03270            -720.00      -28.00
03271            -720.00      -36.00
03272            -720.00      -32.00
03273            -680.00      -32.00
03274            -600.00      -24.00
03275            -560.00      -28.00
03276            -520.00      -28.00
03277            -440.00      -28.00
03278            -360.00      -32.00
03279            -240.00      -32.00
03280            -200.00      -24.00
03281             -80.00      -28.00
03282              80.00      -24.00
03283             200.00      -24.00
03284             240.00      -24.00
03285             400.00      -24.00
03286             520.00      -28.00
03287             560.00      -24.00
03288             720.00      -24.00
03289             760.00      -28.00
03290             840.00      -28.00
03291             880.00      -20.00
03292             920.00      -24.00
03293             920.00      -20.00
03294             880.00      -16.00
03295             840.00      -24.00
03296             760.00      -24.00
03297             680.00      -20.00
03298             560.00      -28.00
03299             400.00      -20.00
03300             280.00      -20.00
03301             120.00      -16.00
03302             -40.00      -24.00
03303            -200.00      -20.00
03304            -360.00      -20.00
03305            -520.00      -24.00
03306            -640.00      -24.00
03307            -800.00      -20.00
03308            -920.00      -16.00
03309           -1040.00      -20.00
03310           -1120.00      -20.00
03311           -1200.00      -16.00
03312           -1240.00      -16.00
03313           -1280.00      -16.00
03314           -1320.00      -20.00
03315           -1320.00      -20.00
03316           -1320.00      -24.00
03317           -1240.00      -20.00
03318           -1240.00      -16.00
03319           -1200.00      -20.00
03320           -1160.00      -20.00
03321           -1040.00      -20.00
03322            -920.00      -16.00
03323            -800.00      -16.00
03324            -640.00      -20.00
03325            -400.00      -16.00
03326            -280.00      -24.00
03327             -40.00      -16.00
03328             160.00      -20.00
03329             360.00      -16.00
03330             560.00      -20.00
03331             720.00      -20.00
03332             880.00      -20.00
03333            1000.00      -16.00
03334            1120.00      -16.00
03335            1200.00      -20.00
03336            1280.00      -20.00
03337            1360.00      -16.00
03338            1320.00      -16.00
03339            1360.00      -20.00
03340            1280.00      -16.00
03341            1240.00      -20.00
03342            1200.00      -20.00
03343            1120.00      -12.00
03344            1040.00      -20.00
03345             920.00      -24.00
03346             840.00      -16.00
03347             720.00      -16.00
03348             640.00      -20.00
03349             560.00      -20.00
03350             440.00      -16.00
03351             360.00      -12.00
03352             240.00      -20.00
03353             120.00      -16.00
03354               0.00      -24.00
03355             -80.00      -20.00
03356            -200.00      -24.00
03357            -320.00      -12.00
03358            -400.00      -24.00
03359            -520.00      -16.00
03360            -640.00      -20.00
03361            -680.00      -24.00
03362            -760.00      -16.00
03363            -760.00      -20.00
03364            -800.00      -24.00
03365            -800.00      -20.00
03366            -800.00      -20.00
03367            -720.00      -24.00
03368            -640.00      -16.00
03369            -480.00      -20.00
03370            -360.00      -16.00
03371            -160.00      -16.00
03372               0.00      -16.00
03373             120.00      -20.00
03374             240.00      -16.00
03375             360.00      -16.00
03376             400.00      -16.00
03377             480.00      -20.00
03378             560.00      -20.00
03379             600.00      -20.00
03380             640.00      -12.00
03381             640.00      -20.00
03382             680.00      -20.00
03383             680.00      -20.00
03384             640.00      -24.00
03385             600.00      -16.00
03386             560.00      -16.00
03387             480.00      -20.00
03388             440.00      -16.00
03389             400.00      -16.00
03390             320.00      -20.00
03391             240.00      -16.00
03392             240.00      -24.00
03393             160.00      -16.00
03394              80.00      -20.00
03395               0.00      -20.00
03396            -120.00      -20.00
03397            -240.00      -20.00
03398            -360.00      -20.00
03399            -440.00      -24.00
03400            -520.00      -20.00
03401            -600.00      -12.00
03402            -640.00      -16.00
03403            -720.00      -20.00
03404            -720.00      -20.00
03405            -760.00      -20.00
03406            -760.00      -16.00
03407            -800.00      -16.00
03408            -800.00      -20.00
03409            -720.00      -20.00
03410            -640.00      -20.00
03411            -560.00      -24.00
03412            -400.00      -20.00
03413            -240.00      -20.00
03414             -80.00      -20.00
03415             160.00      -24.00
03416             240.00      -20.00
03417             400.00      -16.00
03418             520.00      -24.00
03419             560.00      -24.00
03420             640.00      -16.00
03421             680.00      -16.00
03422             720.00      -20.00
03423             800.00      -12.00
03424             800.00      -20.00
03425             800.00      -16.00
03426             760.00      -20.00
03427             760.00      -20.00
03428             720.00      -16.00
03429             680.00      -20.00
03430             640.00      -20.00
03431             560.00      -20.00
03432             560.00      -20.00
03433             520.00      -16.00
03434             480.00      -20.00
03435             440.00      -20.00
03436             440.00      -16.00
03437             400.00      -20.00
03438             320.00      -16.00
03439             240.00      -20.00
03440             120.00      -20.00
03441              40.00      -20.00
03442             -80.00      -24.00
03443            -160.00      -24.00
03444            -280.00      -20.00
03445            -400.00      -20.00
03446            -480.00      -16.00
03447            -600.00      -16.00
03448            -640.00      -24.00
03449            -720.00      -20.00
03450            -760.00      -20.00
03451            -760.00      -24.00
03452            -720.00      -12.00
03453            -640.00      -16.00
03454            -520.00      -24.00
03455            -400.00      -24.00
03456            -240.00      -16.00
03457             -80.00      -20.00
03458              80.00      -24.00
03459             280.00      -28.00
03460             480.00      -24.00
03461             600.00      -20.00
03462             720.00      -16.00
03463             840.00      -16.00
03464             920.00      -24.00
03465            1040.00      -20.00
03466            1120.00      -24.00
03467            1160.00      -20.00
03468            1200.00      -16.00
03469            1200.00      -16.00
03470            1120.00      -20.00
03471            1080.00      -20.00
03472             960.00      -20.00
03473             840.00      -16.00
03474             720.00      -20.00
03475             640.00      -24.00
03476             520.00      -20.00
03477             400.00      -20.00
03478             280.00      -12.00
03479             200.00      -12.00
03480             160.00      -16.00
03481              80.00      -24.00
03482              40.00      -20.00
03483             -40.00      -16.00
03484             -80.00      -16.00
03485            -120.00      -20.00
03486            -200.00      -16.00
03487            -240.00      -16.00
03488            -320.00      -20.00
03489            -400.00      -20.00
03490            -400.00      -20.00
03491            -480.00      -20.00
03492            -600.00      -24.00
03493            -600.00      -16.00
03494            -640.00      -16.00
03495            -640.00      -24.00
03496            -640.00      -20.00
03497            -640.00      -16.00
03498            -600.00      -20.00
03499            -560.00      -20.00
03500            -480.00      -16.00
03501            -400.00      -24.00
03502            -360.00      -20.00
03503            -200.00      -20.00
03504            -120.00      -20.00
03505             -40.00      -20.00
03506              40.00      -24.00
03507              80.00      -16.00
03508             160.00      -16.00
03509             160.00      -16.00
03510             160.00      -20.00
03511             -80.00      500.00
03512            -200.00      500.00
03513            -280.00      -28.00
03514            -400.00      -40.00
03515            -480.00      -40.00
03516            -600.00      -36.00
03517            -680.00      -36.00
03518            -720.00      -40.00
03519            -760.00      -32.00
03520            -760.00      -40.00
03521            -760.00      -36.00
03522            -720.00      -36.00
03523            -720.00      -36.00
03524            -680.00      -32.00
03525            -600.00      -32.00
03526            -560.00      -32.00
03527            -520.00      -32.00
03528            -400.00      -28.00
03529            -320.00      -32.00
03530            -200.00      -28.00
03531            -120.00      -28.00
03532               0.00      -32.00
03533             120.00      -28.00
03534             240.00      -28.00
03535             360.00      -28.00
03536             440.00      -32.00
03537             560.00      -28.00
03538             640.00      -32.00
03539             760.00      -24.00
03540             800.00      -24.00
03541             840.00      -24.00
03542             880.00      -28.00
03543             840.00      -28.00
03544             840.00      -24.00
03545             800.00      -28.00
03546             760.00      -24.00
03547             680.00      -20.00
03548             520.00      -28.00
03549             400.00      -24.00
03550             240.00      -24.00
03551              80.00      -24.00
03552             -40.00      -28.00
03553            -240.00      -20.00
03554            -400.00      -24.00
03555            -480.00      -20.00
03556            -680.00      -28.00
03557            -840.00      -20.00
03558            -960.00      -20.00
03559           -1040.00      -20.00
03560           -1120.00      -20.00
03561           -1240.00      -20.00
03562           -1240.00      -24.00
03563           -1280.00      -16.00
03564           -1320.00      -24.00
03565           -1320.00      -24.00
03566           -1320.00      -16.00
03567           -1280.00      -20.00
03568           -1240.00      -20.00
03569           -1200.00      -20.00
03570           -1160.00      -20.00
03571           -1080.00      -20.00
03572            -920.00      -20.00
03573            -800.00      -20.00
03574            -600.00      -24.00
03575            -440.00      -16.00
03576            -240.00      -12.00
03577             -80.00      -20.00
03578             160.00      -16.00
03579             360.00      -20.00
03580             520.00      -16.00
03581             720.00      -20.00
03582             840.00      -16.00
03583            1000.00      -16.00
03584            1080.00      -16.00
03585            1200.00      -20.00
03586            1280.00      -16.00
03587            1320.00      -16.00
03588            1320.00      -16.00
03589            1320.00      -24.00
03590            1320.00      -16.00
03591            1280.00      -16.00
03592            1200.00      -16.00
03593            1120.00      -16.00
03594            1040.00      -12.00
03595             920.00      -16.00
03596             840.00      -12.00
03597             760.00      -16.00
03598             640.00      -16.00
03599             560.00      -24.00
03600             480.00      -20.00
03601             360.00      -20.00
03602             280.00      -12.00
03603             160.00      -16.00
03604              40.00      -20.00
03605             -80.00      -20.00
03606            -160.00      -12.00
03607            -280.00      -20.00
03608            -360.00      -16.00
03609            -440.00      -16.00
03610            -600.00      -20.00
03611            -640.00      -24.00
03612            -720.00      -12.00
03613            -760.00      -12.00
03614            -760.00      -12.00
03615            -760.00      -20.00
03616            -680.00      -20.00
03617            -680.00      -16.00
03618            -560.00      -24.00
03619            -440.00      -20.00
03620            -280.00      -16.00
03621            -120.00      -16.00
03622              40.00      -16.00
03623             160.00      -12.00
03624             280.00      -16.00
03625             400.00      -16.00
03626             440.00      -16.00
03627             520.00      -16.00
03628             560.00      -12.00
03629             600.00      -20.00
03630             680.00      -20.00
03631             680.00      -20.00
03632             680.00      -16.00
03633             680.00      -12.00
03634             680.00      -16.00
03635             640.00      -16.00
03636             560.00      -16.00
03637             520.00      -12.00
03638             440.00      -16.00
03639             360.00      -20.00
03640             320.00      -12.00
03641             280.00      -16.00
03642             200.00      -12.00
03643             160.00      -16.00
03644              80.00      -16.00
03645             -40.00      -20.00
03646            -120.00      -16.00
03647            -240.00      -16.00
03648            -320.00      -12.00
03649            -440.00      -16.00
03650            -560.00      -20.00
03651            -600.00      -12.00
03652            -640.00      -12.00
03653            -720.00      -16.00
03654            -720.00      -20.00
03655            -760.00      -12.00
03656            -800.00      -16.00
03657            -800.00      -16.00
03658            -800.00      -16.00
03659            -720.00      -12.00
03660            -680.00      -16.00
03661            -600.00      -12.00
03662            -440.00      -20.00
03663            -280.00      -16.00
03664            -120.00      -20.00
03665              80.00      -20.00
03666             200.00      -20.00
03667             320.00      -16.00
03668             480.00      -16.00
03669             520.00      -16.00
03670             640.00      -12.00
03671             640.00      -20.00
03672             720.00       -8.00
03673             720.00      -12.00
03674             720.00      -12.00
03675             760.00      -16.00
03676             760.00      -20.00
03677             760.00      -12.00
03678             680.00      -12.00
03679             640.00      -20.00
03680             600.00      -20.00
03681             560.00      -16.00
03682             520.00      -16.00
03683             480.00      -16.00
03684             480.00      -20.00
03685             440.00      -20.00
03686             400.00      -16.00
03687             360.00      -16.00
03688             280.00      -12.00
03689             240.00      -20.00
03690             120.00      -16.00
03691              40.00      -20.00
03692             -80.00      -16.00
03693            -160.00      -12.00
03694            -280.00      -12.00
03695            -400.00      -16.00
03696            -480.00      -12.00
03697            -560.00      -16.00
03698            -640.00      -16.00
03699            -720.00      -12.00
03700            -760.00      -12.00
03701            -760.00      -16.00
03702            -760.00      -12.00
03703            -640.00      -16.00
03704            -520.00      -16.00
03705            -400.00      -16.00
03706            -240.00      -16.00
03707             -80.00      -16.00
03708              80.00      -16.00
03709             280.00      -16.00
03710             480.00      -16.00
03711             600.00      -16.00
03712             720.00      -24.00
03713             840.00      -16.00
03714             920.00      -20.00
03715            1000.00      -16.00
03716            1080.00      -20.00
03717            1160.00      -20.00
03718            1200.00      -20.00
03719            1200.00      -16.00
03720            1120.00      -20.00
03721            1040.00      -16.00
03722             920.00      -16.00
03723             800.00      -20.00
03724             720.00      -16.00
03725             600.00      -16.00
03726             480.00      -20.00
03727             360.00      -16.00
03728             320.00      -20.00
03729             200.00      -20.00
03730             120.00      -20.00
03731              80.00      -20.00
03732              40.00      -20.00
03733             -40.00      -20.00
03734             -80.00      -20.00
03735            -120.00      -20.00
03736            -200.00      -16.00
03737            -200.00      -12.00
03738            -280.00      -12.00
03739            -360.00      -20.00
03740            -400.00      -20.00
03741            -480.00      -12.00
03742            -560.00      -20.00
03743            -600.00      -20.00
03744            -640.00      -16.00
03745            -640.00      -16.00
03746            -640.00      -16.00
03747            -600.00      -20.00
03748            -600.00      -20.00
03749            -520.00      -20.00
03750            -480.00      -16.00
03751            -360.00      -20.00
03752            -280.00      -20.00
03753            -240.00      -20.00
03754            -120.00      -16.00
03755               0.00      -24.00
03756              80.00      -12.00
03757             160.00      -20.00
03758             160.00      -20.00
03759             160.00      -20.00
03760             160.00      -20.00
03761             -80.00      500.00
03762            -200.00      500.00
03763            -320.00      -28.00
03764            -400.00      -36.00
03765            -520.00      -44.00
03766            -600.00      -36.00
03767            -640.00      -40.00
03768            -720.00      -36.00
03769            -760.00      -36.00
03770            -760.00      -32.00
03771            -760.00      -32.00
03772            -760.00      -40.00
03773            -720.00      -36.00
03774            -680.00      -12.00
03775            -640.00      -36.00
03776            -560.00      -36.00
03777            -480.00      -28.00
03778            -440.00      -32.00
03779            -320.00      -36.00
03780            -240.00      -28.00
03781            -120.00      -28.00
03782             -40.00      -36.00
03783             120.00      -32.00
03784             200.00      -28.00
03785             320.00      -36.00
03786             440.00      -36.00
03787             520.00      -28.00
03788             600.00      -28.00
03789             680.00      -28.00
03790             760.00      -24.00
03791             800.00      -32.00
03792             840.00      -24.00
03793             840.00      -24.00
03794             840.00      -28.00
03795             800.00      -28.00
03796             720.00      -24.00
03797             640.00      -28.00
03798             480.00      -20.00
03799             360.00      -24.00
03800             200.00      -28.00
03801              40.00      -24.00
03802             -80.00      -24.00
03803            -240.00      -28.00
03804            -400.00      -24.00
03805            -560.00      -24.00
03806            -720.00      -28.00
03807            -800.00      -28.00
03808            -960.00      -24.00
03809           -1080.00      -28.00
03810           -1160.00      -32.00
03811           -1240.00      -24.00
03812           -1280.00      -20.00
03813           -1280.00      -28.00
03814           -1360.00      -28.00
03815           -1320.00      -28.00
03816           -1320.00      -24.00
03817           -1320.00      -24.00
03818           -1320.00      -16.00
03819           -1240.00      -24.00
03820           -1160.00      -24.00
03821           -1120.00      -24.00
03822           -1000.00      -24.00
03823            -800.00      -24.00
03824            -640.00      -28.00
03825            -440.00      -24.00
03826            -280.00      -24.00
03827             -40.00      -28.00
03828             120.00      -20.00
03829             360.00      -20.00
03830             520.00      -20.00
03831             680.00      -20.00
03832             840.00      -28.00
03833            1000.00      -24.00
03834            1120.00      -24.00
03835            1200.00      -20.00
03836            1280.00      -24.00
03837            1320.00      -20.00
03838            1320.00      -20.00
03839            1320.00      -20.00
03840            1320.00      -24.00
03841            1240.00      -20.00
03842            1160.00      -20.00
03843            1120.00      -20.00
03844            1000.00      -24.00
03845             960.00      -24.00
03846             880.00      -20.00
03847             720.00      -20.00
03848             680.00      -20.00
03849             560.00      -20.00
03850             480.00      -20.00
03851             400.00      -20.00
03852             240.00      -20.00
03853             200.00      -20.00
03854              80.00      -20.00
03855             -40.00       -8.00
03856            -120.00      -20.00
03857            -240.00      -16.00
03858            -360.00      -12.00
03859            -440.00      -20.00
03860            -560.00      -16.00
03861            -600.00      -24.00
03862            -680.00      -16.00
03863            -720.00      -20.00
03864            -720.00      -24.00
03865            -720.00      -24.00
03866            -680.00      -20.00
03867            -600.00      -20.00
03868            -480.00      -20.00
03869            -400.00      -20.00
03870            -240.00      -20.00
03871             -80.00      -20.00
03872              80.00      -20.00
03873             200.00      -24.00
03874             360.00      -20.00
03875             440.00      -20.00
03876             520.00      -24.00
03877             600.00      -12.00
03878             640.00      -12.00
03879             680.00      -20.00
03880             680.00      -16.00
03881             720.00      -20.00
03882             720.00      -16.00
03883             720.00      -16.00
03884             680.00      -20.00
03885             680.00      -16.00
03886             600.00      -16.00
03887             520.00      -20.00
03888             480.00      -20.00
03889             440.00      -24.00
03890             360.00      -20.00
03891             360.00      -20.00
03892             240.00      -16.00
03893             200.00      -20.00
03894             120.00      -20.00
03895               0.00      -16.00
03896             -80.00      -20.00
03897            -200.00      -16.00
03898            -360.00      -20.00
03899            -400.00      -20.00
03900            -520.00      -24.00
03901            -600.00      -20.00
03902            -640.00      -20.00
03903            -680.00      -20.00
03904            -720.00      -16.00
03905            -760.00      -16.00
03906            -800.00      -24.00
03907            -800.00      -20.00
03908            -800.00      -20.00
03909            -760.00      -20.00
03910            -720.00      -16.00
03911            -560.00      -20.00
03912            -440.00      -24.00
03913            -320.00      -16.00
03914            -120.00      -12.00
03915              40.00      -16.00
03916             240.00      -20.00
03917             320.00      -20.00
03918             480.00      -20.00
03919             520.00      -12.00
03920             560.00      -16.00
03921             640.00      -16.00
03922             720.00      -20.00
03923             720.00      -16.00
03924             720.00      -20.00
03925             720.00      -20.00
03926             720.00      -20.00
03927             720.00      -16.00
03928             680.00      -16.00
03929             640.00      -16.00
03930             560.00      -16.00
03931             560.00      -16.00
03932             520.00      -20.00
03933             480.00      -16.00
03934             440.00      -20.00
03935             400.00      -24.00
03936             400.00      -16.00
03937             360.00      -16.00
03938             280.00      -20.00
03939             240.00      -24.00
03940             120.00      -20.00
03941              40.00      -20.00
03942             -80.00      -20.00
03943            -200.00      -16.00
03944            -320.00      -16.00
03945            -400.00      -20.00
03946            -480.00      -20.00
03947            -600.00      -20.00
03948            -640.00      -16.00
03949            -720.00      -16.00
03950            -760.00      -12.00
03951            -800.00      -16.00
03952            -760.00      -16.00
03953            -680.00      -20.00
03954            -560.00      -16.00
03955            -440.00      -16.00
03956            -240.00      -16.00
03957             -80.00      -16.00
03958              80.00      -16.00
03959             280.00      -16.00
03960             400.00      -16.00
03961             600.00      -20.00
03962             680.00      -20.00
03963             800.00      -20.00
03964             920.00      -16.00
03965            1040.00      -16.00
03966            1080.00      -20.00
03967            1160.00      -20.00
03968            1160.00      -20.00
03969            1120.00      -16.00
03970            1080.00      -16.00
03971            1000.00      -16.00
03972             920.00      -20.00
03973             800.00      -20.00
03974             680.00      -20.00
03975             560.00      -24.00
03976             480.00      -12.00
03977             360.00      -16.00
03978             280.00      -16.00
03979             200.00      -16.00
03980             160.00      -16.00
03981              40.00      -24.00
03982               0.00      -20.00
03983             -40.00      -20.00
03984             -80.00      -16.00
03985            -160.00      -12.00
03986            -200.00      -20.00
03987            -240.00      -12.00
03988            -320.00      -24.00
03989            -360.00      -12.00
03990            -400.00      -16.00
03991            -520.00      -20.00
03992            -560.00      -20.00
03993            -600.00      -20.00
03994            -640.00      -16.00
03995            -640.00      -16.00
03996            -600.00      -16.00
03997            -640.00      -20.00
03998            -600.00      -12.00
03999            -560.00      -12.00
04000            -480.00      -12.00
04001            -400.00      -16.00
04002            -280.00      -12.00
04003            -200.00      -16.00
04004            -120.00      -16.00
04005               0.00      -16.00
04006              80.00      -16.00
04007             120.00      -12.00
04008             160.00      -16.00
04009             200.00      -16.00
04010             200.00      -12.00
04011             -40.00      500.00
04012            -200.00      500.00
04013            -280.00      -24.00
04014            -360.00      -32.00
04015            -480.00      -36.00
04016            -560.00      -36.00
04017            -640.00      -32.00
04018            -680.00      -32.00
04019            -720.00      -32.00
04020            -760.00      -28.00
04021            -760.00      -32.00
04022            -720.00      -32.00
04023            -720.00      -28.00
04024            -640.00      -28.00
04025            -640.00      -28.00
04026            -560.00      -16.00
04027            -480.00      -24.00
04028            -440.00      -24.00
04029            -360.00      -28.00
04030            -240.00      -32.00
04031            -160.00      -24.00
04032             -40.00      -28.00
04033              80.00      -28.00
04034             200.00      -28.00
04035             320.00      -24.00
04036             440.00      -24.00
04037             520.00      -24.00
04038             600.00      -28.00
04039             680.00      -24.00
04040             760.00      -24.00
04041             800.00      -24.00
04042             800.00      -20.00
04043             840.00      -28.00
04044             800.00      -24.00
04045             760.00      -24.00
04046             680.00      -20.00
04047             600.00      -16.00
04048             480.00      -24.00
04049             360.00      -24.00
04050             200.00      -24.00
04051              40.00      -20.00
04052            -120.00      -28.00
04053            -280.00      -24.00
04054            -400.00      -24.00
04055            -560.00      -20.00
04056            -720.00      -20.00
04057            -880.00      -24.00
04058           -1040.00      -24.00
04059           -1080.00      -20.00
04060           -1200.00      -24.00
04061           -1240.00      -24.00
04062           -1320.00      -24.00
04063           -1320.00      -20.00
04064           -1360.00      -20.00
04065           -1360.00      -20.00
04066           -1360.00      -20.00
04067           -1320.00      -24.00
04068           -1320.00      -28.00
04069           -1280.00      -20.00
04070           -1200.00      -20.00
04071           -1120.00      -16.00
04072           -1000.00      -24.00
04073            -800.00      -16.00
04074            -720.00      -20.00
04075            -480.00      -20.00
04076            -320.00      -16.00
04077            -120.00      -20.00
04078              80.00      -20.00
04079             280.00      -20.00
04080             520.00      -20.00
04081             680.00      -16.00
04082             800.00      -20.00
04083             960.00      -16.00
04084            1080.00      -16.00
04085            1160.00      -16.00
04086            1200.00      -20.00
04087            1280.00      -20.00
04088            1280.00      -20.00
04089            1280.00      -16.00
04090            1280.00      -20.00
04091            1200.00      -24.00
04092            1160.00      -16.00
04093            1080.00      -20.00
04094            1000.00      -16.00
04095             920.00      -24.00
04096             840.00      -24.00
04097             720.00      -24.00
04098             640.00      -24.00
04099             560.00      -20.00
04100             440.00      -20.00
04101             360.00      -20.00
04102             280.00      -20.00
04103             160.00      -20.00
04104              40.00      -28.00
04105             -40.00      -20.00
04106            -160.00      -20.00
04107            -240.00      -20.00
04108            -360.00      -24.00
04109            -480.00      -20.00
04110            -520.00      -16.00
04111            -600.00      -20.00
04112            -680.00      -16.00
04113            -720.00      -20.00
04114            -720.00      -20.00
04115            -720.00      -20.00
04116            -680.00      -20.00
04117            -600.00      -20.00
04118            -520.00      -20.00
04119            -360.00      -24.00
04120            -200.00      -20.00
04121             -40.00      -16.00
04122             120.00      -24.00
04123             240.00      -20.00
04124             400.00      -20.00
04125             480.00      -20.00
04126             560.00      -20.00
04127             560.00      -20.00
04128             640.00      -20.00
04129             680.00      -20.00
04130             720.00      -20.00
04131             760.00      -20.00
04132             760.00      -20.00
04133             720.00      -20.00
04134             720.00      -24.00
04135             680.00      -16.00
04136             640.00      -24.00
04137             560.00      -16.00
04138             520.00      -20.00
04139             440.00      -20.00
04140             400.00      -20.00
04141             360.00      -20.00
04142             280.00      -24.00
04143             200.00      -20.00
04144             120.00      -24.00
04145              40.00      -12.00
04146             -80.00      -20.00
04147            -160.00      -20.00
04148            -320.00      -28.00
04149            -400.00      -20.00
04150            -520.00      -16.00
04151            -560.00      -16.00
04152            -600.00      -24.00
04153            -680.00      -20.00
04154            -720.00      -20.00
04155            -720.00      -16.00
04156            -760.00      -16.00
04157            -760.00      -16.00
04158            -760.00      -20.00
04159            -720.00      -16.00
04160            -640.00      -24.00
04161            -600.00      -20.00
04162            -400.00      -16.00
04163            -280.00      -16.00
04164             -80.00      -20.00
04165              80.00      -16.00
04166             240.00      -20.00
04167             320.00      -16.00
04168             480.00      -16.00
04169             560.00      -20.00
04170             600.00      -20.00
04171             640.00      -20.00
04172             680.00      -16.00
04173             720.00      -12.00
04174             760.00      -20.00
04175             760.00      -24.00
04176             720.00      -20.00
04177             720.00      -16.00
04178             680.00      -16.00
04179             640.00      -24.00
04180             600.00      -16.00
04181             560.00      -20.00
04182             520.00      -16.00
04183             480.00      -20.00
04184             440.00      -24.00
04185             440.00      -20.00
04186             400.00      -16.00
04187             360.00      -20.00
04188             280.00      -20.00
04189             200.00      -20.00
04190             120.00      -24.00
04191               0.00      -20.00
04192             -80.00      -16.00
04193            -240.00      -16.00
04194            -320.00      -20.00
04195            -400.00      -20.00
04196            -480.00      -16.00
04197            -600.00      -12.00
04198            -680.00      -16.00
04199            -720.00      -20.00
04200            -760.00      -16.00
04201            -800.00      -24.00
04202            -760.00      -20.00
04203            -720.00      -20.00
04204            -560.00      -24.00
04205            -400.00      -16.00
04206            -240.00      -20.00
04207             -80.00      -16.00
04208              80.00      -20.00
04209             240.00      -20.00
04210             400.00      -24.00
04211             560.00      -20.00
04212             680.00      -20.00
04213             800.00      -20.00
04214             880.00      -16.00
04215            1000.00      -16.00
04216            1040.00      -16.00
04217            1120.00      -20.00
04218            1120.00      -20.00
04219            1120.00      -24.00
04220            1080.00      -20.00
04221            1000.00      -20.00
04222             880.00      -28.00
04223             800.00      -20.00
04224             680.00      -20.00
04225             560.00      -20.00
04226             440.00      -20.00
04227             320.00      -20.00
04228             240.00      -16.00
04229             160.00      -20.00
04230              80.00      -20.00
04231              40.00      -16.00
04232               0.00      -20.00
04233             -40.00      -16.00
04234             -80.00      -20.00
04235            -200.00      -20.00
04236            -240.00      -16.00
04237            -280.00      -20.00
04238            -320.00      -16.00
04239            -360.00      -20.00
04240            -480.00      -20.00
04241            -520.00      -20.00
04242            -600.00      -24.00
04243            -600.00      -24.00
04244            -680.00      -16.00
04245            -680.00      -20.00
04246            -640.00      -16.00
04247            -640.00      -16.00
04248            -640.00      -16.00
04249            -600.00      -20.00
04250            -480.00      -16.00
04251            -440.00      -20.00
04252            -320.00      -16.00
04253            -200.00      -16.00
04254            -120.00      -24.00
04255               0.00      -20.00
04256              40.00      -24.00
04257             120.00      -12.00
04258             200.00      -16.00
04259             200.00      -20.00
04260             160.00      -16.00
04261               0.00      500.00
04262            -120.00      500.00
04263            -240.00      -32.00
04264            -360.00      -40.00
04265            -440.00      -36.00
04266            -560.00      -36.00
04267            -600.00      -36.00
04268            -680.00      -40.00
04269            -720.00      -44.00
04270            -720.00      -32.00
04271            -720.00      -36.00
04272            -720.00      -24.00
04273            -680.00      -28.00
04274            -640.00      -32.00
04275            -600.00      -32.00
04276            -560.00      -32.00
04277            -480.00      -32.00
04278            -400.00      -24.00
04279            -320.00      -28.00
04280            -240.00      -28.00
04281            -120.00      -32.00
04282               0.00      -28.00
04283             120.00      -28.00
04284             240.00      -28.00
04285             280.00      -24.00
04286             440.00      -28.00
04287             560.00      -24.00
04288             640.00      -28.00
04289             680.00      -32.00
04290             760.00      -24.00
04291             840.00      -20.00
04292             880.00      -24.00
04293             880.00      -24.00
04294             840.00      -24.00
04295             800.00      -24.00
04296             720.00      -20.00
04297             600.00      -20.00
04298             480.00      -24.00
04299             360.00      -20.00
04300             200.00      -24.00
04301              40.00      -24.00
04302             -80.00      -20.00
04303            -280.00      -20.00
04304            -400.00      -20.00
04305            -560.00      -24.00
04306            -720.00      -24.00
04307            -880.00      -24.00
04308            -960.00      -24.00
04309           -1120.00      -20.00
04310           -1200.00      -24.00
04311           -1280.00      -20.00
04312           -1320.00      -16.00
04313           -1320.00      -20.00
04314           -1360.00      -20.00
04315           -1400.00      -20.00
04316           -1360.00      -28.00
04317           -1360.00      -20.00
04318           -1360.00      -16.00
04319           -1320.00      -12.00
04320           -1240.00      -16.00
04321           -1120.00      -24.00
04322           -1040.00      -20.00
04323            -840.00      -20.00
04324            -720.00      -20.00
04325            -520.00      -20.00
04326            -320.00      -20.00
04327            -120.00      -24.00
04328              80.00      -16.00
04329             240.00      -20.00
04330             480.00      -20.00
04331             600.00      -12.00
04332             800.00      -20.00
04333             920.00       -4.00
04334            1000.00      -16.00
04335            1080.00      -16.00
04336            1160.00      -20.00
04337            1200.00      -20.00
04338            1240.00      -16.00
04339            1280.00      -16.00
04340            1200.00      -20.00
04341            1160.00      -20.00
04342            1120.00      -16.00
04343            1040.00      -20.00
04344            1000.00      -20.00
04345             880.00      -20.00
04346             800.00      -16.00
04347             680.00      -20.00
04348             600.00      -20.00
04349             520.00      -24.00
04350             400.00      -24.00
04351             320.00      -20.00
04352             240.00      -16.00
04353             120.00      -16.00
04354              40.00      -12.00
04355             -80.00      -20.00
04356            -200.00      -20.00
04357            -280.00      -16.00
04358            -360.00      -16.00
04359            -480.00      -20.00
04360            -600.00      -20.00
04361            -640.00      -20.00
04362            -680.00      -16.00
04363            -720.00      -16.00
04364            -720.00      -16.00
04365            -720.00      -16.00
04366            -680.00      -16.00
04367            -600.00      -16.00
04368            -520.00      -20.00
04369            -400.00      -16.00
04370            -200.00      -16.00
04371             -80.00      -20.00
04372              80.00      -16.00
04373             240.00      -16.00
04374             360.00      -16.00
04375             440.00      -20.00
04376             560.00      -12.00
04377             600.00      -20.00
04378             640.00      -16.00
04379             680.00      -20.00
04380             720.00      -16.00
04381             760.00      -12.00
04382             760.00      -16.00
04383             760.00      -20.00
04384             720.00      -16.00
04385             720.00      -20.00
04386             640.00      -12.00
04387             600.00      -12.00
04388             520.00      -16.00
04389             480.00      -20.00
04390             400.00      -16.00
04391             360.00      -16.00
04392             320.00      -16.00
04393             200.00      -20.00
04394             160.00      -12.00
04395              40.00      -20.00
04396             -40.00      -16.00
04397            -160.00      -20.00
04398            -280.00      -20.00
04399            -360.00      -24.00
04400            -480.00      -20.00
04401            -560.00      -20.00
04402            -640.00      -12.00
04403            -640.00      -20.00
04404            -720.00      -16.00
04405            -720.00      -20.00
04406            -720.00      -20.00
04407            -760.00      -12.00
04408            -760.00      -20.00
04409            -720.00      -16.00
04410            -640.00      -16.00
04411            -560.00      -20.00
04412            -400.00      -16.00
04413            -240.00      -16.00
04414             -40.00      -20.00
04415              80.00      -20.00
04416             240.00      -20.00
04417             360.00      -16.00
04418             520.00      -16.00
04419             600.00      -16.00
04420             640.00      -20.00
04421             680.00      -16.00
04422             720.00      -12.00
04423             760.00      -16.00
04424             760.00      -24.00
04425             800.00      -20.00
04426             720.00      -16.00
04427             760.00      -16.00
04428             680.00      -20.00
04429             680.00      -16.00
04430             640.00      -16.00
04431             560.00      -16.00
04432             560.00      -20.00
04433             560.00      -16.00
04434             480.00      -20.00
04435             480.00      -16.00
04436             440.00      -16.00
04437             400.00      -12.00
04438             280.00      -20.00
04439             240.00      -24.00
04440             160.00      -20.00
04441              40.00      -12.00
04442             -80.00      -20.00
04443            -200.00      -12.00
04444            -280.00      -20.00
04445            -360.00      -16.00
04446            -480.00      -16.00
04447            -560.00      -20.00
04448            -640.00      -20.00
04449            -720.00      -24.00
04450            -760.00      -16.00
04451            -800.00      -16.00
04452            -760.00      -12.00
04453            -680.00      -20.00
04454            -560.00      -16.00
04455            -400.00      -24.00
04456            -280.00      -16.00
04457             -80.00      -16.00
04458              80.00      -20.00
04459             240.00      -20.00
04460             440.00      -12.00
04461             600.00      -16.00
04462             640.00      -20.00
04463             760.00      -20.00
04464             880.00      -20.00
04465             960.00      -24.00
04466            1040.00      -20.00
04467            1080.00      -20.00
04468            1120.00      -16.00
04469            1120.00      -16.00
04470            1080.00      -16.00
04471             960.00      -16.00
04472             880.00      -20.00
04473             760.00      -16.00
04474             640.00      -20.00
04475             520.00      -20.00
04476             400.00      -20.00
04477             320.00      -28.00
04478             240.00      -20.00
04479             160.00      -16.00
04480              80.00      -20.00
04481               0.00      -20.00
04482               0.00      -16.00
04483             -80.00      -16.00
04484            -120.00      -16.00
04485            -200.00      -20.00
04486            -240.00      -20.00
04487            -280.00      -16.00
04488            -400.00      -20.00
04489            -400.00      -20.00
04490            -480.00      -12.00
04491            -560.00      -20.00
04492            -600.00      -16.00
04493            -680.00      -24.00
04494            -720.00      -20.00
04495            -720.00      -24.00
04496            -720.00      -20.00
04497            -720.00      -24.00
04498            -640.00      -20.00
04499            -600.00      -16.00
04500            -560.00      -16.00
04501            -440.00      -20.00
04502            -400.00      -16.00
04503            -240.00      -20.00
04504            -160.00      -20.00
04505             -80.00      -16.00
04506               0.00      -16.00
04507              80.00      -20.00
04508             120.00      -16.00
04509             160.00      -24.00
04510             160.00      -20.00
04511              40.00      500.00
04512             -80.00      500.00
04513            -240.00      -32.00
04514            -320.00      -32.00
04515            -400.00      -40.00
04516            -480.00      -32.00
04517            -560.00      -36.00
04518            -640.00      -44.00
04519            -680.00      -36.00
04520            -720.00      -40.00
04521            -680.00      -32.00
04522            -680.00      -40.00
04523            -640.00      -32.00
04524            -600.00      -36.00
04525            -560.00      -32.00
04526            -480.00      -32.00
04527            -440.00      -28.00
04528            -360.00      -32.00
04529            -280.00      -36.00
04530            -200.00      -24.00
04531             -80.00      -32.00
04532              40.00      -32.00
04533             120.00      -32.00
04534             240.00      -32.00
04535             360.00      -28.00
04536             480.00      -28.00
04537             560.00      -32.00
04538             640.00      -36.00
04539             720.00      -32.00
04540             800.00      -28.00
04541             840.00      -28.00
04542             880.00      -32.00
04543             880.00      -28.00
04544             840.00      -24.00
04545             800.00      -24.00
04546             720.00      -28.00
04547             600.00      -28.00
04548             520.00      -28.00
04549             400.00      -24.00
04550             240.00      -28.00
04551              80.00      -24.00
04552             -80.00      -28.00
04553            -240.00      -28.00
04554            -400.00      -28.00
04555            -520.00      -20.00
04556            -720.00      -20.00
04557            -800.00      -24.00
04558            -960.00      -28.00
04559           -1040.00      -28.00
04560           -1160.00      -28.00
04561           -1240.00      -24.00
04562           -1240.00      -24.00
04563           -1320.00      -24.00
04564           -1320.00      -24.00
04565           -1360.00      -24.00
04566           -1360.00      -16.00
04567           -1360.00      -20.00
04568           -1320.00      -20.00
04569           -1280.00      -28.00
04570           -1240.00      -20.00
04571           -1120.00      -16.00
04572           -1040.00      -24.00
04573            -880.00      -20.00
04574            -720.00      -24.00
04575            -520.00      -20.00
04576            -320.00      -20.00
04577            -120.00      -24.00
04578              80.00      -24.00
04579             240.00      -24.00
04580             480.00      -20.00
04581             600.00      -16.00
04582             720.00      -20.00
04583             880.00      -20.00
04584            1040.00      -24.00
04585            1080.00      -20.00
04586            1160.00      -20.00
04587            1200.00      -20.00
04588            1200.00      -20.00
04589            1240.00      -20.00
04590            1200.00      -16.00
04591            1160.00      -20.00
04592            1080.00      -20.00
04593            1000.00      -20.00
04594             960.00      -20.00
04595             840.00      -24.00
04596             760.00      -16.00
04597             680.00      -20.00
04598             560.00      -20.00
04599             480.00      -24.00
04600             400.00      -24.00
04601             280.00      -16.00
04602             200.00      -16.00
04603              40.00      -24.00
04604               0.00      -20.00
04605            -120.00      -16.00
04606            -240.00      -16.00
04607            -320.00      -16.00
04608            -400.00      -20.00
04609            -520.00      -16.00
04610            -600.00      -16.00
04611            -680.00      -16.00
04612            -720.00      -28.00
04613            -800.00      -16.00
04614            -800.00      -20.00
04615            -760.00      -16.00
04616            -720.00      -20.00
04617            -640.00      -16.00
04618            -520.00      -16.00
04619            -440.00      -16.00
04620            -240.00      -16.00
04621             -80.00      -20.00
04622              80.00      -20.00
04623             200.00      -20.00
04624             360.00      -24.00
04625             440.00      -20.00
04626             520.00      -20.00
04627             560.00      -12.00
04628             640.00      -20.00
04629             640.00      -16.00
04630             720.00      -16.00
04631             720.00      -24.00
04632             760.00      -16.00
04633             720.00      -20.00
04634             720.00      -16.00
04635             680.00      -16.00
04636             640.00      -24.00
04637             560.00      -20.00
04638             520.00      -12.00
04639             440.00      -28.00
04640             360.00      -20.00
04641             320.00      -20.00
04642             280.00      -16.00
04643             200.00      -20.00
04644             160.00      -20.00
04645              40.00      -20.00
04646             -80.00      -16.00
04647            -200.00      -16.00
04648            -280.00      -16.00
04649            -400.00      -12.00
04650            -480.00      -20.00
04651            -560.00      -16.00
04652            -640.00      -16.00
04653            -680.00      -20.00
04654            -680.00      -20.00
04655            -720.00      -16.00
04656            -760.00      -20.00
04657            -760.00      -16.00
04658            -760.00      -20.00
04659            -680.00      -16.00
04660            -640.00      -16.00
04661            -560.00      -20.00
04662            -400.00      -16.00
04663            -200.00      -16.00
04664             -80.00      -20.00
04665              80.00      -16.00
04666             240.00      -16.00
04667             360.00      -12.00
04668             520.00      -20.00
04669             560.00      -16.00
04670             640.00      -20.00
04671             720.00      -16.00
04672             720.00      -16.00
04673             760.00      -20.00
04674             800.00      -16.00
04675             760.00      -16.00
04676             760.00      -20.00
04677             760.00      -16.00
04678             720.00      -20.00
04679             680.00      -20.00
04680             640.00      -16.00
04681             640.00      -24.00
04682             560.00      -16.00
04683             560.00      -20.00
04684             520.00      -16.00
04685             520.00      -16.00
04686             480.00      -16.00
04687             440.00      -12.00
04688             360.00      -24.00
04689             280.00      -20.00
04690             200.00      -16.00
04691              80.00      -16.00
04692             -40.00      -16.00
04693            -120.00      -24.00
04694            -240.00      -24.00
04695            -320.00      -20.00
04696            -400.00      -16.00
04697            -480.00      -20.00
04698            -600.00      -20.00
04699            -680.00      -16.00
04700            -720.00      -16.00
04701            -720.00      -20.00
04702            -720.00      -16.00
04703            -640.00      -16.00
04704            -520.00      -16.00
04705            -400.00      -20.00
04706            -240.00      -16.00
04707             -80.00      -16.00
04708              80.00      -24.00
04709             280.00      -16.00
04710             440.00      -16.00
04711             600.00      -24.00
04712             680.00      -16.00
04713             800.00      -20.00
04714             920.00      -16.00
04715            1000.00      -16.00
04716            1080.00      -20.00
04717            1120.00      -24.00
04718            1160.00      -24.00
04719            1120.00      -20.00
04720            1080.00      -12.00
04721            1000.00      -16.00
04722             880.00      -16.00
04723             800.00      -12.00
04724             640.00      -16.00
04725             560.00      -16.00
04726             440.00      -20.00
04727             360.00      -12.00
04728             240.00      -20.00
04729             160.00      -16.00
04730              80.00      -12.00
04731              40.00      -24.00
04732             -40.00      -16.00
04733             -80.00      -12.00
04734            -120.00      -16.00
04735            -160.00      -20.00
04736            -240.00      -16.00
04737            -280.00      -20.00
04738            -360.00      -16.00
04739            -440.00      -16.00
04740            -480.00      -20.00
04741            -560.00      -16.00
04742            -640.00      -12.00
04743            -680.00      -16.00
04744            -720.00      -12.00
04745            -720.00      -16.00
04746            -760.00      -16.00
04747            -720.00      -16.00
04748            -680.00      -16.00
04749            -640.00      -20.00
04750            -600.00      -16.00
04751            -480.00      -24.00
04752            -400.00      -12.00
04753            -280.00      -16.00
04754            -200.00      -16.00
04755             -80.00      -12.00
04756               0.00      -12.00
04757              40.00      -16.00
04758              80.00      -20.00
04759             120.00      -20.00
04760             120.00      -16.00
04761              40.00      500.00
04762             -80.00      500.00
04763            -200.00      -28.00
04764            -320.00      -36.00
04765            -400.00      -36.00
04766            -520.00      -32.00
04767            -560.00      -32.00
04768            -640.00      -32.00
04769            -640.00      -36.00
04770            -680.00      -36.00
04771            -680.00      -32.00
04772            -680.00      -32.00
04773            -640.00      -36.00
04774            -640.00      -32.00
04775            -560.00      -32.00
04776            -520.00      -32.00
04777            -480.00      -32.00
04778            -360.00      -28.00
04779            -280.00      -24.00
04780            -160.00      -28.00
04781             -80.00      -20.00
04782              40.00      -28.00
04783             120.00      -28.00
04784             280.00      -28.00
04785             360.00      -28.00
04786             520.00      -28.00
04787             600.00      -28.00
04788             680.00      -24.00
04789             720.00      -28.00
04790             800.00      -24.00
04791             840.00      -28.00
04792             880.00      -28.00
04793             920.00      -24.00
04794             880.00      -28.00
04795             840.00      -24.00
04796             760.00      -24.00
04797             640.00      -24.00
04798             560.00      -24.00
04799             400.00      -24.00
04800             240.00      -20.00
04801              80.00      -24.00
04802             -40.00      -20.00
04803            -240.00      -28.00
04804            -360.00      -24.00
04805            -480.00      -20.00
04806            -640.00      -24.00
04807            -800.00      -24.00
04808            -920.00      -20.00
04809           -1040.00      -20.00
04810           -1120.00      -28.00
04811           -1200.00      -24.00
04812           -1240.00      -20.00
04813           -1280.00      -20.00
04814           -1360.00      -24.00
04815           -1320.00      -20.00
04816           -1320.00      -24.00
04817           -1280.00      -24.00
04818           -1320.00      -24.00
04819           -1240.00      -28.00
04820           -1200.00      -28.00
04821           -1080.00      -24.00
04822           -1000.00      -24.00
04823            -880.00      -16.00
04824            -680.00      -20.00
04825            -520.00      -24.00
04826            -280.00      -16.00
04827             -80.00      -20.00
04828              80.00      -24.00
04829             280.00      -16.00
04830             480.00      -20.00
04831             640.00      -24.00
04832             800.00      -24.00
04833             920.00      -16.00
04834            1040.00      -28.00
04835            1120.00      -24.00
04836            1200.00      -24.00
04837            1200.00      -20.00
04838            1240.00      -20.00
04839            1240.00      -20.00
04840            1200.00      -28.00
04841            1160.00      -20.00
04842            1120.00      -24.00
04843            1040.00      -24.00
04844             960.00      -28.00
04845             880.00      -24.00
04846             800.00      -20.00
04847             680.00      -24.00
04848             560.00      -20.00
04849             480.00      -24.00
04850             400.00      -24.00
04851             280.00      -20.00
04852             200.00      -28.00
04853              40.00      -28.00
04854             -40.00      -20.00
04855            -120.00      -24.00
04856            -240.00      -20.00
04857            -360.00      -20.00
04858            -440.00      -20.00
04859            -560.00      -24.00
04860            -640.00      -24.00
04861            -720.00      -24.00
04862            -760.00      -16.00
04863            -800.00      -24.00
04864            -840.00      -24.00
04865            -800.00      -20.00
04866            -720.00      -24.00
04867            -680.00      -24.00
04868            -560.00      -24.00
04869            -480.00      -20.00
04870            -280.00      -24.00
04871            -120.00      -20.00
04872              40.00      -24.00
04873             200.00      -24.00
04874             280.00      -24.00
04875             400.00      -24.00
04876             480.00      -20.00
04877             560.00      -24.00
04878             560.00      -28.00
04879             640.00      -24.00
04880             680.00      -20.00
04881             720.00      -20.00
04882             720.00      -20.00
04883             720.00      -20.00
04884             720.00      -20.00
04885             640.00      -24.00
04886             600.00      -16.00
04887             560.00      -20.00
04888             480.00      -20.00
04889             440.00      -20.00
04890             320.00      -20.00
04891             280.00      -20.00
04892             240.00      -16.00
04893             160.00      -20.00
04894             120.00      -20.00
04895               0.00      -20.00
04896             -80.00      -16.00
04897            -200.00      -20.00
04898            -320.00      -24.00
04899            -400.00      -20.00
04900            -520.00      -20.00
04901            -600.00      -16.00
04902            -640.00      -20.00
04903            -680.00      -20.00
04904            -720.00      -24.00
04905            -720.00      -16.00
04906            -760.00      -20.00
04907            -800.00      -24.00
04908            -800.00      -20.00
04909            -720.00      -20.00
04910            -680.00      -20.00
04911            -560.00      -20.00
04912            -440.00      -20.00
04913            -280.00      -24.00
04914             -80.00      -12.00
04915             120.00      -16.00
04916             240.00      -24.00
04917             360.00      -20.00
04918             480.00      -20.00
04919             560.00      -20.00
04920             640.00      -20.00
04921             680.00      -20.00
04922             680.00      -24.00
04923             760.00      -20.00
04924             800.00      -16.00
04925             800.00      -20.00
04926             800.00      -20.00
04927             800.00      -20.00
04928             720.00      -20.00
04929             720.00      -20.00
04930             640.00      -16.00
04931             600.00      -20.00
04932             560.00      -20.00
04933             560.00      -20.00
04934             560.00      -20.00
04935             520.00      -24.00
04936             480.00      -24.00
04937             440.00      -20.00
04938             400.00      -20.00
04939             320.00      -24.00
04940             200.00      -24.00
04941             160.00      -16.00
04942              40.00      -16.00
04943             -80.00      -20.00
04944            -160.00      -28.00
04945            -280.00      -20.00
04946            -400.00      -20.00
04947            -440.00      -20.00
04948            -520.00      -20.00
04949            -600.00      -20.00
04950            -680.00      -20.00
04951            -680.00      -20.00
04952            -680.00      -24.00
04953            -600.00      -20.00
04954            -480.00      -16.00
04955            -360.00      -20.00
04956            -200.00      -16.00
04957               0.00      -16.00
04958             120.00      -20.00
04959             320.00      -20.00
04960             480.00      -20.00
04961             600.00      -24.00
04962             720.00      -24.00
04963             840.00      -16.00
04964             960.00      -20.00
04965            1040.00      -20.00
04966            1120.00      -44.00
04967            1160.00      -20.00
04968            1200.00      -16.00
04969            1200.00      -20.00
04970            1080.00      -20.00
04971            1040.00      -12.00
04972             880.00      -16.00
04973             800.00      -16.00
04974             680.00      -20.00
04975             560.00      -20.00
04976             480.00      -20.00
04977             400.00      -16.00
04978             240.00      -20.00
04979             200.00      -20.00
04980              80.00      -16.00
04981              80.00      -20.00
04982               0.00      -16.00
04983             -80.00      -12.00
04984            -120.00      -20.00
04985            -160.00      -16.00
04986            -240.00      -16.00
04987            -280.00      -16.00
04988            -360.00      -20.00
04989            -400.00      -20.00
04990            -480.00      -20.00
04991            -560.00      -20.00
04992            -640.00      -20.00
04993            -680.00      -24.00
04994            -720.00      -20.00
04995            -760.00      -20.00
04996            -760.00      -16.00
04997            -720.00      -24.00
04998            -720.00      -16.00
04999            -680.00      -20.00
05000            -600.00      -20.00
