Unit:(mV)
                     CH1         CH2
Frequency              ?   1.220 kHz
Period                 ?  819.672 us
00001             440.00      -20.00
00002             480.00      -20.00
00003             520.00      -20.00
00004             520.00      -20.00
00005             520.00      -20.00
00006             480.00      -16.00
00007             440.00      -16.00
00008             400.00      -20.00
00009             320.00      -20.00
00010             200.00      -16.00
00011            -480.00      500.00
00012            -600.00      500.00
00013            -680.00      -32.00
00014            -760.00      -40.00
00015            -800.00      -44.00
00016            -840.00      -36.00
00017            -880.00      -36.00
00018            -800.00      -40.00
00019            -800.00      -44.00
00020            -720.00      -44.00
00021            -680.00      -32.00
00022            -600.00      -28.00
00023            -520.00      -36.00
00024            -440.00      -36.00
00025            -400.00      -32.00
00026            -280.00      -32.00
00027            -200.00      -36.00
00028            -160.00      -28.00
00029             -40.00      -32.00
00030               0.00      -32.00
00031             120.00      -32.00
00032             200.00      -28.00
00033             280.00      -28.00
00034             400.00      -32.00
00035             480.00      -32.00
00036             560.00      -36.00
00037             640.00      -36.00
00038             720.00      -32.00
00039             800.00      -28.00
00040             880.00      -32.00
00041             880.00      -28.00
00042             920.00      -28.00
00043             920.00      -28.00
00044             920.00      -28.00
00045             880.00      -28.00
00046             800.00      -32.00
00047             680.00      -28.00
00048             600.00      -28.00
00049             440.00      -28.00
00050             320.00      -32.00
00051             160.00      -20.00
00052               0.00      -24.00
00053            -160.00      -24.00
00054            -320.00      -20.00
00055            -520.00      -20.00
00056            -680.00      -28.00
00057            -760.00      -20.00
00058            -880.00      -24.00
00059           -1000.00      -16.00
00060           -1040.00      -20.00
00061           -1120.00      -28.00
00062           -1160.00      -24.00
00063           -1200.00      -24.00
00064           -1200.00      -20.00
00065           -1160.00      -20.00
00066           -1160.00      -20.00
00067           -1160.00      -24.00
00068           -1120.00      -24.00
00069           -1120.00      -28.00
00070           -1080.00      -28.00
00071           -1000.00      -20.00
00072            -920.00      -20.00
00073            -840.00      -16.00
00074            -720.00      -20.00
00075            -560.00      -24.00
00076            -400.00      -24.00
00077            -200.00      -24.00
00078             -40.00      -16.00
00079             120.00      -20.00
00080             320.00      -16.00
00081             440.00      -20.00
00082             640.00      -20.00
00083             760.00      -20.00
00084             840.00      -20.00
00085             920.00      -20.00
00086            1000.00      -24.00
00087            1040.00      -20.00
00088            1120.00      -20.00
00089            1120.00      -12.00
00090            1080.00      -16.00
00091            1000.00      -20.00
00092             960.00      -12.00
00093             880.00      -24.00
00094             800.00      -20.00
00095             680.00      -20.00
00096             560.00      -24.00
00097             440.00      -20.00
00098             360.00      -16.00
00099             280.00      -20.00
00100             200.00      -12.00
00101             120.00      -12.00
00102              40.00      -12.00
00103               0.00      -20.00
00104             -80.00      -24.00
00105            -160.00      -20.00
00106            -200.00      -24.00
00107            -280.00      -20.00
00108            -360.00      -20.00
00109            -440.00      -20.00
00110            -440.00      -12.00
00111            -480.00      -16.00
00112            -560.00      -20.00
00113            -560.00      -20.00
00114            -600.00      -16.00
00115            -600.00      -20.00
00116            -560.00      -24.00
00117            -560.00      -20.00
00118            -520.00      -24.00
00119            -440.00      -16.00
00120            -320.00      -20.00
00121            -200.00      -20.00
00122             -80.00      -16.00
00123              40.00      -20.00
00124              80.00      -24.00
00125             160.00      -16.00
00126             240.00      -20.00
00127             240.00      -24.00
00128             320.00      -16.00
00129             400.00      -16.00
00130             440.00      -20.00
00131             480.00      -16.00
00132             520.00      -16.00
00133             520.00      -20.00
00134             520.00      -20.00
00135             440.00      -20.00
00136             400.00      -16.00
00137             360.00      -20.00
00138             320.00      -20.00
00139             240.00      -12.00
00140             200.00      -20.00
00141             200.00      -20.00
00142             160.00      -16.00
00143             120.00      -16.00
00144              40.00      -16.00
00145               0.00      -24.00
00146             -40.00      -16.00
00147            -120.00      -12.00
00148            -160.00      -16.00
00149            -240.00      -16.00
00150            -280.00      -20.00
00151            -360.00      -16.00
00152            -360.00      -20.00
00153            -360.00      -20.00
00154            -400.00      -20.00
00155            -400.00      -16.00
00156            -400.00      -12.00
00157            -400.00      -24.00
00158            -400.00      -16.00
00159            -360.00      -16.00
00160            -320.00      -16.00
00161            -240.00      -20.00
00162            -120.00      -16.00
00163             -40.00      -20.00
00164              80.00      -20.00
00165             200.00      -20.00
00166             280.00      -20.00
00167             320.00      -20.00
00168             400.00      -20.00
00169             440.00      -16.00
00170             520.00      -16.00
00171             560.00      -24.00
00172             600.00      -16.00
00173             680.00      -20.00
00174             640.00      -20.00
00175             680.00      -20.00
00176             720.00      -12.00
00177             720.00      -20.00
00178             680.00      -16.00
00179             640.00      -16.00
00180             640.00      -16.00
00181             600.00      -12.00
00182             560.00      -12.00
00183             520.00      -28.00
00184             480.00      -20.00
00185             440.00      -16.00
00186             440.00      -16.00
00187             360.00      -16.00
00188             320.00      -20.00
00189             240.00      -20.00
00190             160.00      -16.00
00191              80.00      -16.00
00192             -80.00      -16.00
00193            -200.00      -20.00
00194            -240.00      -20.00
00195            -400.00      -12.00
00196            -520.00      -20.00
00197            -640.00      -20.00
00198            -720.00      -16.00
00199            -840.00      -12.00
00200            -880.00      -16.00
00201            -920.00      -16.00
00202            -920.00      -12.00
00203            -840.00      -16.00
00204            -800.00      -16.00
00205            -640.00      -20.00
00206            -600.00      -20.00
00207            -480.00      -16.00
00208            -320.00      -16.00
00209            -200.00      -20.00
00210             -80.00      -16.00
00211               0.00      -20.00
00212              40.00      -16.00
00213              80.00      -12.00
00214             160.00      -12.00
00215             240.00      -12.00
00216             320.00      -16.00
00217             360.00      -16.00
00218             400.00      -16.00
00219             440.00      -12.00
00220             440.00      -16.00
00221             440.00      -16.00
00222             400.00      -16.00
00223             360.00      -16.00
00224             320.00      -16.00
00225             320.00      -20.00
00226             320.00      -16.00
00227             320.00      -12.00
00228             280.00      -24.00
00229             280.00      -12.00
00230             280.00      -12.00
00231             320.00      -12.00
00232             280.00      -16.00
00233             320.00      -20.00
00234             240.00      -16.00
00235             240.00      -16.00
00236             200.00      -16.00
00237             160.00      -16.00
00238             120.00      -16.00
00239              80.00      -24.00
00240              80.00      -16.00
00241              40.00      -12.00
00242              40.00      -16.00
00243              40.00      -16.00
00244              40.00      -20.00
00245             120.00      -20.00
00246             160.00      -16.00
00247             200.00      -16.00
00248             240.00      -12.00
00249             320.00      -20.00
00250             360.00      -16.00
00251             400.00      -20.00
00252             440.00      -12.00
00253             520.00      -16.00
00254             520.00      -16.00
00255             520.00      -20.00
00256             520.00      -16.00
00257             480.00      -16.00
00258             360.00      -16.00
00259             280.00      -16.00
00260             160.00      -16.00
00261            -560.00      500.00
00262            -600.00      500.00
00263            -720.00      -28.00
00264            -760.00      -40.00
00265            -840.00      -40.00
00266            -840.00      -36.00
00267            -880.00      -32.00
00268            -840.00      -36.00
00269            -800.00      -32.00
00270            -760.00      -32.00
00271            -720.00      -32.00
00272            -640.00      -36.00
00273            -560.00      -36.00
00274            -440.00      -28.00
00275            -400.00      -36.00
00276            -320.00      -28.00
00277            -200.00      -32.00
00278            -160.00      -36.00
00279             -80.00      -28.00
00280               0.00      -32.00
00281             120.00      -28.00
00282             200.00      -28.00
00283             280.00      -52.00
00284             360.00      -28.00
00285             480.00      -24.00
00286             560.00      -28.00
00287             640.00      -24.00
00288             720.00      -24.00
00289             800.00      -28.00
00290             840.00      -28.00
00291             920.00      -32.00
00292             920.00      -28.00
00293             920.00      -28.00
00294             880.00      -28.00
00295             840.00      -24.00
00296             760.00      -28.00
00297             680.00      -24.00
00298             600.00      -20.00
00299             480.00      -24.00
00300             320.00      -28.00
00301             160.00      -28.00
00302               0.00      -28.00
00303            -160.00      -24.00
00304            -360.00      -20.00
00305            -480.00      -24.00
00306            -640.00      -24.00
00307            -760.00      -24.00
00308            -920.00      -24.00
00309           -1000.00      -24.00
00310           -1040.00      -24.00
00311           -1120.00      -24.00
00312           -1120.00      -24.00
00313           -1160.00      -24.00
00314           -1200.00      -24.00
00315           -1160.00      -24.00
00316           -1160.00      -20.00
00317           -1120.00      -16.00
00318           -1160.00      -20.00
00319           -1120.00      -20.00
00320           -1080.00      -24.00
00321           -1000.00      -28.00
00322            -920.00      -24.00
00323            -800.00      -28.00
00324            -680.00      -20.00
00325            -520.00      -20.00
00326            -360.00      -28.00
00327            -200.00      -20.00
00328             -80.00      -20.00
00329             120.00      -20.00
00330             320.00      -28.00
00331             480.00      -16.00
00332             600.00      -20.00
00333             720.00      -20.00
00334             840.00      -16.00
00335             960.00      -20.00
00336            1000.00      -24.00
00337            1040.00      -20.00
00338            1120.00      -24.00
00339            1080.00      -24.00
00340            1080.00      -16.00
00341            1040.00      -20.00
00342             960.00      -24.00
00343             880.00      -20.00
00344             800.00      -16.00
00345             680.00      -24.00
00346             560.00      -24.00
00347             480.00      -20.00
00348             360.00      -24.00
00349             280.00      -20.00
00350             200.00      -20.00
00351             120.00      -24.00
00352              80.00      -28.00
00353               0.00      -28.00
00354             -80.00      -20.00
00355            -120.00      -24.00
00356            -240.00      -24.00
00357            -280.00      -20.00
00358            -320.00      -20.00
00359            -400.00      -20.00
00360            -480.00      -20.00
00361            -480.00      -24.00
00362            -520.00      -24.00
00363            -560.00      -20.00
00364            -600.00      -24.00
00365            -600.00      -16.00
00366            -600.00      -16.00
00367            -560.00      -20.00
00368            -520.00      -16.00
00369            -440.00      -20.00
00370            -320.00      -20.00
00371            -200.00      -24.00
00372             -80.00      -12.00
00373               0.00      -20.00
00374              80.00      -20.00
00375             160.00      -20.00
00376             240.00      -24.00
00377             280.00      -20.00
00378             320.00      -16.00
00379             360.00      -20.00
00380             400.00      -28.00
00381             480.00      -24.00
00382             480.00      -20.00
00383             520.00      -20.00
00384             480.00      -24.00
00385             440.00      -20.00
00386             400.00      -24.00
00387             320.00      -20.00
00388             280.00      -20.00
00389             240.00      -16.00
00390             200.00      -16.00
00391             160.00      -20.00
00392              80.00      -20.00
00393              80.00      -20.00
00394              40.00      -20.00
00395             -40.00      -20.00
00396             -40.00      -24.00
00397            -120.00      -24.00
00398            -200.00      -20.00
00399            -240.00      -16.00
00400            -320.00      -20.00
00401            -360.00      -20.00
00402            -360.00      -24.00
00403            -400.00      -20.00
00404            -400.00      -20.00
00405            -400.00      -20.00
00406            -400.00      -16.00
00407            -400.00      -20.00
00408            -400.00      -24.00
00409            -400.00      -20.00
00410            -320.00      -12.00
00411            -280.00      -20.00
00412            -160.00      -24.00
00413             -40.00      -16.00
00414              40.00      -16.00
00415             200.00      -20.00
00416             280.00      -16.00
00417             320.00      -20.00
00418             360.00      -20.00
00419             440.00      -24.00
00420             520.00      -24.00
00421             560.00      -20.00
00422             600.00      -24.00
00423             640.00      -20.00
00424             680.00      -16.00
00425             680.00      -24.00
00426             680.00      -16.00
00427             680.00      -24.00
00428             680.00      -16.00
00429             680.00      -16.00
00430             640.00      -16.00
00431             600.00      -20.00
00432             560.00      -24.00
00433             560.00      -20.00
00434             520.00      -20.00
00435             480.00      -20.00
00436             440.00      -20.00
00437             440.00      -20.00
00438             360.00      -16.00
00439             240.00      -20.00
00440             160.00      -20.00
00441              80.00      -20.00
00442             -40.00      -24.00
00443            -160.00      -20.00
00444            -280.00      -24.00
00445            -400.00      -16.00
00446            -480.00      -16.00
00447            -600.00      -20.00
00448            -720.00      -20.00
00449            -840.00      -16.00
00450            -880.00      -12.00
00451            -880.00      -16.00
00452            -920.00      -20.00
00453            -840.00      -20.00
00454            -760.00      -20.00
00455            -640.00      -20.00
00456            -560.00      -12.00
00457            -440.00      -16.00
00458            -280.00      -20.00
00459            -200.00      -20.00
00460            -120.00      -12.00
00461               0.00      -20.00
00462              40.00      -20.00
00463             160.00      -20.00
00464             160.00      -16.00
00465             240.00      -20.00
00466             280.00      -20.00
00467             400.00      -24.00
00468             440.00      -20.00
00469             440.00      -20.00
00470             440.00      -16.00
00471             440.00      -16.00
00472             400.00      -20.00
00473             360.00      -20.00
00474             360.00      -20.00
00475             360.00      -20.00
00476             320.00      -16.00
00477             320.00      -20.00
00478             320.00      -20.00
00479             240.00      -16.00
00480             280.00      -20.00
00481             320.00      -20.00
00482             320.00      -16.00
00483             280.00      -20.00
00484             240.00      -16.00
00485             240.00      -20.00
00486             200.00      -20.00
00487             160.00      -16.00
00488             120.00      -16.00
00489              80.00      -20.00
00490              40.00      -20.00
00491               0.00      -20.00
00492               0.00      -16.00
00493              40.00      -20.00
00494              40.00      -20.00
00495              80.00      -24.00
00496             120.00      -16.00
00497             160.00      -16.00
00498             200.00      -24.00
00499             280.00      -16.00
00500             360.00      -16.00
00501             400.00      -20.00
00502             440.00      -12.00
00503             480.00      -16.00
00504             520.00      -20.00
00505             520.00      -20.00
00506             480.00      -24.00
00507             440.00      -24.00
00508             360.00      -20.00
00509             280.00      -20.00
00510             160.00      -28.00
00511            -520.00      500.00
00512            -600.00      500.00
00513            -720.00      -32.00
00514            -760.00      -36.00
00515            -840.00      -36.00
00516            -840.00      -36.00
00517            -880.00      -36.00
00518            -840.00      -32.00
00519            -800.00      -36.00
00520            -760.00      -32.00
00521            -720.00      -32.00
00522            -640.00      -32.00
00523            -560.00      -36.00
00524            -480.00      -32.00
00525            -400.00      -28.00
00526            -320.00      -28.00
00527            -240.00      -24.00
00528            -160.00      -32.00
00529             -80.00      -28.00
00530               0.00      -32.00
00531              80.00      -24.00
00532             160.00      -32.00
00533             280.00      -28.00
00534             360.00      -28.00
00535             440.00      -28.00
00536             520.00      -28.00
00537             640.00      -24.00
00538             720.00      -24.00
00539             800.00      -28.00
00540             840.00      -20.00
00541             840.00      -24.00
00542             920.00      -20.00
00543             920.00      -24.00
00544             880.00      -24.00
00545             840.00      -24.00
00546             800.00      -24.00
00547             680.00      -24.00
00548             560.00      -24.00
00549             440.00      -20.00
00550             280.00      -24.00
00551             160.00      -28.00
00552               0.00      -20.00
00553            -160.00      -24.00
00554            -320.00      -20.00
00555            -480.00      -20.00
00556            -640.00      -20.00
00557            -760.00      -16.00
00558            -880.00      -16.00
00559            -960.00      -20.00
00560           -1040.00      -16.00
00561           -1080.00      -24.00
00562           -1160.00      -24.00
00563           -1160.00      -16.00
00564           -1160.00      -24.00
00565           -1160.00      -20.00
00566           -1160.00      -24.00
00567           -1160.00      -20.00
00568           -1120.00      -20.00
00569           -1120.00      -20.00
00570           -1040.00      -24.00
00571           -1000.00      -20.00
00572            -920.00      -16.00
00573            -800.00      -24.00
00574            -640.00      -20.00
00575            -520.00      -20.00
00576            -320.00      -12.00
00577            -200.00      -20.00
00578               0.00      -20.00
00579             160.00      -12.00
00580             360.00      -20.00
00581             520.00      -12.00
00582             640.00      -24.00
00583             800.00      -16.00
00584             840.00      -16.00
00585             920.00      -24.00
00586            1000.00      -16.00
00587            1040.00      -16.00
00588            1080.00      -16.00
00589            1120.00      -24.00
00590            1080.00      -16.00
00591            1040.00      -24.00
00592            1000.00      -20.00
00593             880.00      -20.00
00594             800.00      -16.00
00595             680.00      -16.00
00596             600.00      -16.00
00597             480.00      -20.00
00598             400.00      -16.00
00599             280.00      -12.00
00600             200.00      -16.00
00601             160.00      -24.00
00602              80.00      -20.00
00603             -40.00      -20.00
00604             -80.00      -12.00
00605            -120.00      -16.00
00606            -200.00      -12.00
00607            -280.00      -20.00
00608            -400.00      -20.00
00609            -400.00      -12.00
00610            -440.00      -16.00
00611            -480.00      -20.00
00612            -520.00      -20.00
00613            -560.00      -12.00
00614            -600.00      -12.00
00615            -600.00      -16.00
00616            -600.00      -20.00
00617            -560.00      -16.00
00618            -520.00       -8.00
00619            -480.00       -4.00
00620            -360.00      -20.00
00621            -240.00      -20.00
00622            -120.00      -16.00
00623               0.00      -16.00
00624              40.00      -16.00
00625             120.00      -20.00
00626             200.00      -16.00
00627             280.00      -20.00
00628             320.00      -12.00
00629             360.00      -20.00
00630             400.00      -20.00
00631             480.00      -16.00
00632             480.00      -12.00
00633             480.00      -16.00
00634             480.00      -12.00
00635             440.00      -16.00
00636             360.00      -16.00
00637             320.00      -16.00
00638             280.00      -20.00
00639             200.00      -20.00
00640             160.00      -20.00
00641             120.00      -16.00
00642             120.00      -20.00
00643              40.00      -24.00
00644              40.00      -16.00
00645             -40.00      -16.00
00646            -120.00      -20.00
00647            -160.00      -16.00
00648            -160.00      -12.00
00649            -280.00      -20.00
00650            -280.00      -12.00
00651            -360.00      -20.00
00652            -400.00      -12.00
00653            -400.00      -20.00
00654            -400.00      -24.00
00655            -400.00      -16.00
00656            -400.00      -20.00
00657            -400.00      -20.00
00658            -400.00      -20.00
00659            -400.00      -20.00
00660            -360.00      -16.00
00661            -240.00      -16.00
00662            -160.00      -16.00
00663             -40.00      -16.00
00664              40.00      -24.00
00665             160.00      -16.00
00666             240.00      -20.00
00667             320.00      -16.00
00668             400.00      -16.00
00669             400.00      -20.00
00670             480.00      -16.00
00671             560.00      -16.00
00672             600.00      -20.00
00673             680.00      -24.00
00674             640.00      -20.00
00675             680.00      -16.00
00676             720.00      -20.00
00677             680.00      -20.00
00678             680.00      -16.00
00679             680.00      -16.00
00680             640.00      -16.00
00681             600.00      -16.00
00682             600.00      -20.00
00683             520.00      -24.00
00684             520.00      -20.00
00685             480.00      -20.00
00686             480.00      -28.00
00687             440.00      -20.00
00688             360.00      -20.00
00689             280.00      -16.00
00690             200.00      -20.00
00691              80.00      -16.00
00692             -40.00      -20.00
00693            -120.00      -16.00
00694            -280.00      -24.00
00695            -360.00      -20.00
00696            -480.00      -24.00
00697            -600.00      -24.00
00698            -680.00      -16.00
00699            -800.00      -16.00
00700            -840.00      -24.00
00701            -880.00      -16.00
00702            -880.00      -24.00
00703            -840.00      -24.00
00704            -760.00      -20.00
00705            -640.00      -20.00
00706            -560.00      -20.00
00707            -400.00      -16.00
00708            -320.00      -20.00
00709            -160.00      -12.00
00710             -80.00      -16.00
00711               0.00      -16.00
00712              80.00      -20.00
00713             120.00      -20.00
00714             160.00      -24.00
00715             240.00      -20.00
00716             360.00      -20.00
00717             400.00      -20.00
00718             440.00      -16.00
00719             440.00      -20.00
00720             480.00      -20.00
00721             440.00      -20.00
00722             400.00      -24.00
00723             400.00      -16.00
00724             360.00      -20.00
00725             320.00      -20.00
00726             320.00      -24.00
00727             280.00      -20.00
00728             320.00      -16.00
00729             280.00      -16.00
00730             280.00      -20.00
00731             320.00      -24.00
00732             320.00      -16.00
00733             280.00      -16.00
00734             240.00      -20.00
00735             240.00      -20.00
00736             160.00      -16.00
00737             160.00      -16.00
00738              80.00      -20.00
00739              80.00      -12.00
00740              40.00      -16.00
00741               0.00      -20.00
00742               0.00      -20.00
00743               0.00      -16.00
00744               0.00      -16.00
00745              40.00      -16.00
00746             120.00      -16.00
00747             160.00      -20.00
00748             200.00      -20.00
00749             240.00      -24.00
00750             320.00      -20.00
00751             360.00      -20.00
00752             440.00      -24.00
00753             480.00      -16.00
00754             480.00      -20.00
00755             480.00      -12.00
00756             480.00      -16.00
00757             440.00      -20.00
00758             360.00      -24.00
00759             280.00      -16.00
00760             120.00      -20.00
00761            -560.00      500.00
00762            -640.00      500.00
00763            -720.00      -36.00
00764            -800.00      -44.00
00765            -880.00      -36.00
00766            -880.00      -36.00
00767            -880.00      -36.00
00768            -880.00      -40.00
00769            -840.00      -36.00
00770            -800.00      -36.00
00771            -720.00      -32.00
00772            -640.00      -28.00
00773            -600.00      -40.00
00774            -480.00      -32.00
00775            -440.00      -32.00
00776            -320.00      -32.00
00777            -280.00      -28.00
00778            -200.00      -32.00
00779             -80.00      -28.00
00780               0.00      -32.00
00781              40.00      -32.00
00782             160.00      -24.00
00783             240.00      -32.00
00784             360.00      -28.00
00785             480.00      -28.00
00786             520.00      -32.00
00787             640.00      -28.00
00788             720.00      -28.00
00789             760.00      -28.00
00790             840.00      -28.00
00791             880.00      -28.00
00792             880.00      -24.00
00793             920.00      -32.00
00794             880.00      -28.00
00795             840.00      -24.00
00796             760.00      -32.00
00797             720.00      -24.00
00798             560.00      -24.00
00799             440.00      -24.00
00800             320.00      -24.00
00801             160.00      -20.00
00802               0.00      -24.00
00803            -160.00      -20.00
00804            -320.00      -28.00
00805            -480.00      -24.00
00806            -640.00      -20.00
00807            -760.00      -28.00
00808            -880.00      -20.00
00809            -960.00      -20.00
00810           -1000.00      -24.00
00811           -1080.00      -20.00
00812           -1120.00      -24.00
00813           -1080.00      -24.00
00814           -1120.00      -24.00
00815           -1120.00      -20.00
00816           -1160.00      -20.00
00817           -1120.00      -20.00
00818           -1080.00      -24.00
00819           -1040.00      -20.00
00820           -1040.00      -20.00
00821            -960.00      -20.00
00822            -880.00      -20.00
00823            -760.00      -20.00
00824            -640.00      -24.00
00825            -520.00      -20.00
00826            -320.00      -20.00
00827            -200.00      -20.00
00828              40.00      -16.00
00829             200.00      -20.00
00830             360.00      -24.00
00831             520.00      -20.00
00832             640.00      -24.00
00833             800.00      -24.00
00834             880.00      -20.00
00835             960.00      -24.00
00836            1000.00      -20.00
00837            1080.00      -20.00
00838            1120.00      -20.00
00839            1160.00      -12.00
00840            1080.00      -16.00
00841            1040.00      -20.00
00842            1000.00      -24.00
00843             880.00      -16.00
00844             800.00      -20.00
00845             680.00      -20.00
00846             600.00      -20.00
00847             480.00      -12.00
00848             400.00      -16.00
00849             280.00      -16.00
00850             200.00      -16.00
00851             120.00      -24.00
00852              80.00      -20.00
00853               0.00      -24.00
00854             -80.00      -20.00
00855            -160.00      -16.00
00856            -200.00      -20.00
00857            -280.00      -16.00
00858            -360.00      -16.00
00859            -400.00      -20.00
00860            -480.00      -24.00
00861            -520.00      -12.00
00862            -560.00      -20.00
00863            -600.00      -20.00
00864            -600.00      -16.00
00865            -600.00      -16.00
00866            -600.00      -16.00
00867            -600.00      -20.00
00868            -560.00      -12.00
00869            -440.00      -20.00
00870            -360.00      -20.00
00871            -240.00      -16.00
00872            -120.00      -16.00
00873             -40.00      -16.00
00874              80.00      -20.00
00875             120.00      -16.00
00876             200.00      -16.00
00877             240.00      -20.00
00878             320.00      -20.00
00879             360.00      -16.00
00880             400.00      -20.00
00881             440.00      -16.00
00882             480.00      -20.00
00883             480.00      -16.00
00884             440.00      -16.00
00885             440.00      -20.00
00886             360.00      -16.00
00887             280.00      -20.00
00888             240.00      -16.00
00889             200.00      -16.00
00890             160.00      -20.00
00891             120.00      -16.00
00892              80.00      -16.00
00893              40.00      -20.00
00894              40.00      -16.00
00895             -40.00      -16.00
00896             -80.00      -16.00
00897            -200.00      -16.00
00898            -240.00      -20.00
00899            -280.00      -20.00
00900            -320.00      -16.00
00901            -360.00      -20.00
00902            -400.00      -16.00
00903            -400.00      -16.00
00904            -400.00      -16.00
00905            -400.00      -20.00
00906            -440.00      -12.00
00907            -440.00      -20.00
00908            -400.00      -16.00
00909            -400.00      -20.00
00910            -360.00      -16.00
00911            -280.00      -20.00
00912            -160.00      -12.00
00913             -80.00       -8.00
00914              80.00      -12.00
00915             200.00      -20.00
00916             240.00      -16.00
00917             320.00      -20.00
00918             400.00      -16.00
00919             440.00      -12.00
00920             520.00      -16.00
00921             560.00      -16.00
00922             600.00      -16.00
00923             680.00      -12.00
00924             680.00      -20.00
00925             720.00      -16.00
00926             680.00      -12.00
00927             720.00      -16.00
00928             680.00      -16.00
00929             680.00      -16.00
00930             640.00      -12.00
00931             600.00       -8.00
00932             560.00      -12.00
00933             560.00      -12.00
00934             520.00      -16.00
00935             480.00      -12.00
00936             480.00      -16.00
00937             440.00      -16.00
00938             360.00      -20.00
00939             320.00      -20.00
00940             200.00      -12.00
00941              80.00      -12.00
00942               0.00      -16.00
00943            -120.00      -12.00
00944            -240.00      -20.00
00945            -360.00      -16.00
00946            -480.00      -16.00
00947            -560.00      -20.00
00948            -680.00      -12.00
00949            -800.00      -12.00
00950            -880.00      -12.00
00951            -880.00      -20.00
00952            -880.00      -16.00
00953            -800.00      -16.00
00954            -760.00      -16.00
00955            -640.00      -20.00
00956            -560.00      -20.00
00957            -400.00      -20.00
00958            -280.00      -20.00
00959            -160.00      -12.00
00960             -80.00      -20.00
00961               0.00      -16.00
00962              80.00      -16.00
00963             120.00      -20.00
00964             200.00      -16.00
00965             240.00      -20.00
00966             360.00      -12.00
00967             400.00      -20.00
00968             480.00      -12.00
00969             440.00      -12.00
00970             480.00      -16.00
00971             440.00      -24.00
00972             440.00      -16.00
00973             360.00      -16.00
00974             360.00      -20.00
00975             360.00      -16.00
00976             320.00      -20.00
00977             280.00      -16.00
00978             280.00      -12.00
00979             320.00      -16.00
00980             280.00      -20.00
00981             280.00      -12.00
00982             280.00      -12.00
00983             240.00      -20.00
00984             240.00      -16.00
00985             200.00      -16.00
00986             160.00      -16.00
00987             120.00      -12.00
00988              80.00      -12.00
00989              40.00      -20.00
00990              40.00      -20.00
00991             -40.00      -16.00
00992             -40.00      -20.00
00993               0.00      -12.00
00994              40.00      -24.00
00995              40.00      -12.00
00996              80.00      -12.00
00997              80.00      -16.00
00998             200.00      -12.00
00999             240.00      -12.00
01000             320.00      -20.00
01001             360.00      -20.00
01002             440.00      -12.00
01003             440.00      -20.00
01004             480.00      -12.00
01005             480.00      -16.00
01006             440.00      -16.00
01007             400.00      -20.00
01008             360.00      -20.00
01009             240.00      -16.00
01010             120.00      -12.00
01011            -560.00      500.00
01012            -640.00      500.00
01013            -760.00      -28.00
01014            -840.00      -36.00
01015            -880.00      -28.00
01016            -880.00      -36.00
01017            -880.00      -36.00
01018            -880.00      -32.00
01019            -840.00      -36.00
01020            -800.00      -28.00
01021            -720.00      -32.00
01022            -640.00      -28.00
01023            -560.00      -36.00
01024            -480.00      -28.00
01025            -400.00      -32.00
01026            -360.00      -32.00
01027            -280.00      -32.00
01028            -160.00      -28.00
01029             -80.00      -32.00
01030               0.00      -32.00
01031              80.00      -24.00
01032             160.00      -28.00
01033             240.00      -28.00
01034             360.00      -28.00
01035             440.00      -24.00
01036             560.00      -32.00
01037             640.00      -28.00
01038             720.00      -24.00
01039             760.00      -24.00
01040             840.00      -28.00
01041             880.00      -32.00
01042             920.00      -28.00
01043             920.00      -28.00
01044             880.00      -24.00
01045             840.00      -24.00
01046             800.00      -28.00
01047             720.00      -28.00
01048             600.00      -24.00
01049             480.00      -20.00
01050             320.00      -24.00
01051             120.00      -24.00
01052               0.00      -28.00
01053            -160.00      -28.00
01054            -320.00      -24.00
01055            -440.00      -24.00
01056            -640.00      -24.00
01057            -720.00      -24.00
01058            -840.00      -20.00
01059            -920.00      -20.00
01060           -1000.00      -20.00
01061           -1080.00      -20.00
01062           -1080.00      -24.00
01063           -1080.00      -28.00
01064           -1120.00      -20.00
01065           -1120.00      -20.00
01066           -1120.00      -24.00
01067           -1120.00      -24.00
01068           -1080.00      -28.00
01069           -1040.00      -20.00
01070           -1000.00      -20.00
01071            -960.00      -20.00
01072            -840.00      -28.00
01073            -720.00      -28.00
01074            -600.00      -24.00
01075            -480.00      -24.00
01076            -320.00      -20.00
01077            -160.00      -24.00
01078              40.00      -20.00
01079             200.00      -20.00
01080             360.00      -16.00
01081             520.00      -24.00
01082             640.00      -24.00
01083             800.00      -24.00
01084             880.00      -24.00
01085             960.00      -24.00
01086            1040.00      -16.00
01087            1080.00      -24.00
01088            1120.00      -20.00
01089            1080.00      -24.00
01090            1080.00      -16.00
01091            1040.00      -20.00
01092             960.00      -24.00
01093             880.00      -16.00
01094             800.00      -20.00
01095             680.00      -24.00
01096             600.00      -24.00
01097             480.00      -20.00
01098             360.00      -20.00
01099             280.00      -20.00
01100             200.00      -16.00
01101              80.00      -16.00
01102              40.00      -24.00
01103               0.00      -16.00
01104             -80.00      -20.00
01105            -160.00      -20.00
01106            -240.00      -24.00
01107            -280.00      -16.00
01108            -360.00      -20.00
01109            -440.00       -8.00
01110            -480.00      -20.00
01111            -520.00      -24.00
01112            -560.00      -20.00
01113            -600.00      -20.00
01114            -600.00      -20.00
01115            -600.00      -16.00
01116            -640.00      -16.00
01117            -600.00      -20.00
01118            -560.00      -16.00
01119            -480.00      -16.00
01120            -400.00      -20.00
01121            -240.00      -20.00
01122            -160.00      -24.00
01123             -40.00      -20.00
01124              40.00      -20.00
01125             120.00      -20.00
01126             160.00      -20.00
01127             200.00      -28.00
01128             320.00      -20.00
01129             360.00      -20.00
01130             400.00      -24.00
01131             440.00      -20.00
01132             480.00      -20.00
01133             480.00      -24.00
01134             440.00      -24.00
01135             400.00      -20.00
01136             360.00      -16.00
01137             280.00      -20.00
01138             240.00      -24.00
01139             200.00      -20.00
01140             120.00      -16.00
01141             120.00      -20.00
01142              80.00      -24.00
01143              40.00      -16.00
01144               0.00      -16.00
01145             -40.00      -20.00
01146             -80.00      -16.00
01147            -160.00      -20.00
01148            -240.00      -16.00
01149            -240.00      -28.00
01150            -320.00      -20.00
01151            -360.00      -20.00
01152            -400.00      -20.00
01153            -400.00      -20.00
01154            -400.00      -12.00
01155            -400.00      -16.00
01156            -440.00      -20.00
01157            -400.00      -16.00
01158            -400.00      -24.00
01159            -400.00      -16.00
01160            -360.00      -24.00
01161            -240.00      -20.00
01162            -160.00      -20.00
01163             -80.00      -12.00
01164              80.00      -12.00
01165             160.00      -24.00
01166             240.00      -20.00
01167             320.00      -24.00
01168             360.00      -16.00
01169             440.00      -16.00
01170             520.00      -20.00
01171             560.00      -20.00
01172             640.00      -20.00
01173             680.00      -16.00
01174             720.00      -20.00
01175             680.00      -16.00
01176             720.00      -20.00
01177             720.00      -12.00
01178             720.00      -16.00
01179             680.00      -16.00
01180             680.00      -24.00
01181             600.00      -16.00
01182             600.00      -24.00
01183             560.00      -12.00
01184             560.00      -20.00
01185             520.00      -16.00
01186             520.00      -16.00
01187             480.00      -20.00
01188             400.00      -20.00
01189             320.00      -16.00
01190             240.00      -20.00
01191             120.00      -16.00
01192               0.00      -16.00
01193            -120.00      -16.00
01194            -240.00      -20.00
01195            -360.00      -24.00
01196            -440.00      -16.00
01197            -600.00      -20.00
01198            -680.00      -20.00
01199            -720.00      -28.00
01200            -840.00      -20.00
01201            -880.00      -12.00
01202            -880.00      -20.00
01203            -800.00      -20.00
01204            -720.00      -20.00
01205            -640.00      -20.00
01206            -560.00      -16.00
01207            -400.00      -20.00
01208            -280.00      -20.00
01209            -200.00      -16.00
01210             -80.00      -16.00
01211              40.00      -16.00
01212              80.00      -16.00
01213             160.00      -20.00
01214             200.00      -16.00
01215             280.00      -24.00
01216             360.00      -16.00
01217             400.00      -24.00
01218             440.00      -16.00
01219             440.00      -20.00
01220             480.00      -12.00
01221             440.00      -16.00
01222             440.00      -20.00
01223             400.00      -24.00
01224             360.00      -16.00
01225             360.00      -16.00
01226             280.00      -16.00
01227             280.00      -16.00
01228             240.00      -20.00
01229             240.00      -16.00
01230             240.00      -12.00
01231             320.00      -20.00
01232             280.00      -16.00
01233             280.00      -20.00
01234             240.00      -16.00
01235             200.00      -20.00
01236             160.00      -20.00
01237              80.00      -20.00
01238              80.00      -16.00
01239              40.00      -16.00
01240               0.00      -16.00
01241             -80.00      -16.00
01242             -40.00      -20.00
01243             -40.00      -20.00
01244               0.00      -12.00
01245               0.00      -20.00
01246              80.00      -16.00
01247             120.00      -20.00
01248             160.00      -16.00
01249             200.00      -16.00
01250             280.00      -12.00
01251             360.00      -16.00
01252             400.00      -16.00
01253             440.00      -20.00
01254             480.00      -16.00
01255             480.00      -20.00
01256             440.00      -16.00
01257             400.00      -20.00
01258             360.00      -16.00
01259             240.00      -20.00
01260             160.00      -16.00
01261            -560.00      500.00
01262            -680.00      500.00
01263            -720.00      -36.00
01264            -800.00      -36.00
01265            -880.00      -36.00
01266            -840.00      -36.00
01267            -880.00      -28.00
01268            -920.00      -32.00
01269            -840.00      -32.00
01270            -800.00      -36.00
01271            -720.00      -28.00
01272            -680.00      -32.00
01273            -600.00      -28.00
01274            -520.00      -32.00
01275            -440.00      -28.00
01276            -320.00      -28.00
01277            -280.00      -24.00
01278            -160.00      -28.00
01279             -80.00      -28.00
01280             -40.00      -28.00
01281              80.00      -28.00
01282             160.00      -24.00
01283             240.00      -24.00
01284             360.00      -24.00
01285             480.00      -24.00
01286             560.00      -24.00
01287             640.00      -24.00
01288             720.00      -20.00
01289             800.00      -32.00
01290             840.00      -20.00
01291             880.00      -24.00
01292             920.00      -20.00
01293             920.00      -24.00
01294             920.00      -24.00
01295             840.00      -20.00
01296             800.00      -24.00
01297             720.00      -20.00
01298             560.00      -20.00
01299             480.00      -24.00
01300             360.00      -20.00
01301             160.00      -20.00
01302              40.00      -12.00
01303            -160.00      -20.00
01304            -280.00      -16.00
01305            -440.00      -16.00
01306            -600.00      -24.00
01307            -720.00      -20.00
01308            -840.00      -20.00
01309            -920.00      -16.00
01310           -1000.00      -16.00
01311           -1040.00      -16.00
01312           -1080.00      -20.00
01313           -1080.00      -16.00
01314           -1120.00      -20.00
01315           -1120.00      -20.00
01316           -1080.00      -16.00
01317           -1080.00      -20.00
01318           -1040.00      -16.00
01319           -1040.00      -20.00
01320           -1000.00      -16.00
01321            -920.00      -20.00
01322            -880.00      -20.00
01323            -720.00      -20.00
01324            -640.00      -16.00
01325            -480.00      -24.00
01326            -280.00      -20.00
01327            -160.00      -24.00
01328              40.00      -20.00
01329             160.00      -20.00
01330             360.00      -16.00
01331             520.00      -20.00
01332             640.00      -12.00
01333             800.00      -16.00
01334             880.00      -12.00
01335             920.00      -20.00
01336            1000.00      -20.00
01337            1080.00      -16.00
01338            1080.00      -20.00
01339            1120.00      -16.00
01340            1080.00      -16.00
01341            1040.00      -16.00
01342             960.00      -16.00
01343             880.00      -16.00
01344             800.00      -20.00
01345             680.00      -24.00
01346             560.00      -16.00
01347             480.00      -20.00
01348             360.00      -24.00
01349             280.00      -20.00
01350             200.00      -16.00
01351              80.00      -20.00
01352              40.00      -16.00
01353               0.00       -4.00
01354             -80.00      -20.00
01355            -160.00      -20.00
01356            -240.00      -20.00
01357            -280.00      -16.00
01358            -400.00      -20.00
01359            -440.00      -16.00
01360            -480.00      -16.00
01361            -520.00      -20.00
01362            -560.00      -20.00
01363            -600.00      -20.00
01364            -640.00      -20.00
01365            -680.00      -12.00
01366            -640.00      -16.00
01367            -640.00      -16.00
01368            -600.00      -12.00
01369            -480.00      -16.00
01370            -400.00      -20.00
01371            -280.00      -16.00
01372            -160.00      -12.00
01373             -80.00      -20.00
01374              40.00      -20.00
01375             120.00      -20.00
01376             160.00      -16.00
01377             200.00      -20.00
01378             280.00      -20.00
01379             320.00      -16.00
01380             360.00      -16.00
01381             440.00      -12.00
01382             440.00      -20.00
01383             480.00      -20.00
01384             440.00      -16.00
01385             400.00      -20.00
01386             320.00      -20.00
01387             280.00      -20.00
01388             240.00      -24.00
01389             160.00      -16.00
01390             120.00      -20.00
01391             120.00      -16.00
01392              80.00      -16.00
01393              40.00      -20.00
01394               0.00      -20.00
01395             -40.00      -20.00
01396             -80.00      -20.00
01397            -160.00      -20.00
01398            -200.00      -24.00
01399            -240.00      -20.00
01400            -320.00      -16.00
01401            -360.00      -20.00
01402            -400.00      -20.00
01403            -400.00      -16.00
01404            -400.00      -16.00
01405            -400.00      -24.00
01406            -400.00      -20.00
01407            -400.00      -20.00
01408            -400.00      -20.00
01409            -400.00      -20.00
01410            -280.00      -12.00
01411            -240.00      -20.00
01412            -160.00      -16.00
01413             -40.00      -24.00
01414              80.00      -16.00
01415             160.00      -20.00
01416             280.00      -16.00
01417             360.00      -16.00
01418             360.00      -16.00
01419             440.00      -20.00
01420             480.00      -16.00
01421             600.00      -20.00
01422             680.00      -24.00
01423             680.00      -20.00
01424             680.00      -20.00
01425             720.00      -20.00
01426             760.00      -20.00
01427             720.00      -20.00
01428             720.00      -20.00
01429             680.00      -20.00
01430             680.00      -16.00
01431             640.00      -16.00
01432             600.00      -24.00
01433             560.00      -20.00
01434             560.00      -20.00
01435             520.00      -20.00
01436             520.00      -20.00
01437             440.00      -24.00
01438             400.00      -20.00
01439             320.00      -20.00
01440             240.00      -16.00
01441             120.00      -16.00
01442              40.00      -16.00
01443            -120.00      -20.00
01444            -200.00      -24.00
01445            -360.00      -24.00
01446            -440.00      -20.00
01447            -560.00      -20.00
01448            -640.00      -16.00
01449            -760.00      -20.00
01450            -840.00      -20.00
01451            -880.00      -16.00
01452            -880.00      -20.00
01453            -800.00      -16.00
01454            -800.00      -20.00
01455            -640.00      -16.00
01456            -520.00      -20.00
01457            -400.00      -20.00
01458            -280.00      -20.00
01459            -160.00      -20.00
01460             -40.00      -16.00
01461               0.00      -20.00
01462              80.00      -20.00
01463             120.00      -20.00
01464             160.00      -24.00
01465             240.00      -24.00
01466             320.00      -16.00
01467             360.00      -20.00
01468             400.00      -16.00
01469             480.00      -20.00
01470             480.00      -16.00
01471             440.00      -20.00
01472             400.00      -20.00
01473             360.00      -24.00
01474             320.00      -20.00
01475             320.00      -16.00
01476             320.00      -20.00
01477             280.00      -12.00
01478             280.00      -16.00
01479             240.00      -16.00
01480             240.00      -16.00
01481             240.00      -12.00
01482             240.00      -20.00
01483             240.00      -20.00
01484             200.00      -16.00
01485             160.00      -16.00
01486             120.00      -20.00
01487              80.00      -20.00
01488              40.00      -20.00
01489               0.00      -24.00
01490               0.00      -16.00
01491             -40.00      -16.00
01492             -80.00      -16.00
01493             -40.00      -20.00
01494               0.00      -20.00
01495               0.00      -20.00
01496              80.00      -16.00
01497             120.00      -16.00
01498             160.00      -20.00
01499             200.00      -20.00
01500             280.00      -20.00
01501             360.00      -20.00
01502             400.00      -20.00
01503             400.00      -16.00
01504             440.00      -12.00
01505             480.00      -20.00
01506             440.00      -20.00
01507             400.00      -20.00
01508             360.00      -24.00
01509             240.00      -16.00
01510             160.00      -20.00
01511            -520.00      500.00
01512            -680.00      500.00
01513            -720.00      -28.00
01514            -800.00      -32.00
01515            -880.00      -32.00
01516            -880.00      -36.00
01517            -880.00      -36.00
01518            -880.00      -40.00
01519            -840.00      -36.00
01520            -800.00      -36.00
01521            -720.00      -32.00
01522            -640.00      -40.00
01523            -600.00      -36.00
01524            -520.00      -32.00
01525            -400.00      -36.00
01526            -320.00      -36.00
01527            -240.00      -28.00
01528            -160.00      -28.00
01529             -80.00      -32.00
01530               0.00      -32.00
01531              80.00      -28.00
01532             160.00      -28.00
01533             240.00      -32.00
01534             360.00      -28.00
01535             440.00      -32.00
01536             560.00      -28.00
01537             640.00      -28.00
01538             720.00      -24.00
01539             800.00      -32.00
01540             880.00      -24.00
01541             880.00      -24.00
01542             920.00      -28.00
01543             920.00      -24.00
01544             880.00      -28.00
01545             880.00      -28.00
01546             800.00      -20.00
01547             680.00      -28.00
01548             600.00      -24.00
01549             480.00      -20.00
01550             360.00      -24.00
01551             200.00      -28.00
01552              80.00      -24.00
01553             -80.00      -24.00
01554            -280.00      -20.00
01555            -440.00      -28.00
01556            -600.00      -20.00
01557            -720.00      -28.00
01558            -840.00      -24.00
01559            -920.00      -20.00
01560            -960.00      -24.00
01561           -1040.00      -24.00
01562           -1080.00      -16.00
01563           -1080.00      -20.00
01564           -1080.00      -24.00
01565           -1080.00      -24.00
01566           -1120.00      -24.00
01567           -1080.00      -24.00
01568           -1040.00      -20.00
01569           -1080.00      -20.00
01570            -960.00      -20.00
01571            -960.00      -20.00
01572            -840.00      -24.00
01573            -720.00      -20.00
01574            -600.00      -24.00
01575            -440.00      -20.00
01576            -320.00      -20.00
01577            -120.00      -20.00
01578               0.00      -24.00
01579             200.00      -20.00
01580             360.00      -20.00
01581             520.00      -20.00
01582             640.00      -24.00
01583             760.00      -16.00
01584             840.00      -20.00
01585             920.00      -20.00
01586            1000.00      -16.00
01587            1040.00      -28.00
01588            1080.00      -16.00
01589            1080.00      -20.00
01590            1080.00      -16.00
01591            1040.00      -20.00
01592             960.00      -20.00
01593             880.00      -24.00
01594             760.00      -20.00
01595             680.00      -16.00
01596             560.00      -20.00
01597             440.00      -24.00
01598             360.00      -16.00
01599             240.00      -16.00
01600             160.00      -16.00
01601             120.00      -20.00
01602               0.00      -20.00
01603               0.00      -20.00
01604            -120.00      -20.00
01605            -160.00      -12.00
01606            -240.00      -20.00
01607            -320.00      -16.00
01608            -400.00      -20.00
01609            -400.00      -20.00
01610            -480.00      -16.00
01611            -560.00      -16.00
01612            -600.00      -16.00
01613            -600.00      -20.00
01614            -640.00      -20.00
01615            -640.00      -20.00
01616            -640.00      -16.00
01617            -640.00      -12.00
01618            -600.00      -20.00
01619            -480.00      -20.00
01620            -400.00      -12.00
01621            -280.00      -20.00
01622            -160.00      -20.00
01623             -40.00      -16.00
01624              40.00      -16.00
01625             120.00      -20.00
01626             160.00      -12.00
01627             240.00      -20.00
01628             280.00      -20.00
01629             360.00      -20.00
01630             400.00      -24.00
01631             440.00      -12.00
01632             480.00      -16.00
01633             480.00      -12.00
01634             480.00      -20.00
01635             440.00      -16.00
01636             360.00      -20.00
01637             280.00      -20.00
01638             200.00      -16.00
01639             200.00      -12.00
01640             160.00      -16.00
01641             160.00      -16.00
01642              80.00      -16.00
01643              40.00      -16.00
01644               0.00      -16.00
01645             -40.00      -16.00
01646             -80.00      -12.00
01647            -160.00      -16.00
01648            -200.00      -16.00
01649            -280.00      -24.00
01650            -360.00      -16.00
01651            -320.00      -16.00
01652            -360.00      -12.00
01653            -400.00      -20.00
01654            -400.00      -16.00
01655            -400.00      -16.00
01656            -360.00      -16.00
01657            -400.00      -16.00
01658            -400.00      -16.00
01659            -360.00      -16.00
01660            -280.00      -16.00
01661            -240.00      -16.00
01662            -160.00      -12.00
01663               0.00      -16.00
01664              80.00      -12.00
01665             200.00      -12.00
01666             320.00      -20.00
01667             400.00      -16.00
01668             400.00      -16.00
01669             480.00      -16.00
01670             560.00      -20.00
01671             600.00      -12.00
01672             640.00      -12.00
01673             680.00      -16.00
01674             720.00      -16.00
01675             720.00      -16.00
01676             720.00      -20.00
01677             760.00      -12.00
01678             760.00      -16.00
01679             720.00      -16.00
01680             680.00      -16.00
01681             640.00      -16.00
01682             640.00      -12.00
01683             560.00      -16.00
01684             560.00      -12.00
01685             560.00      -16.00
01686             520.00      -20.00
01687             480.00      -16.00
01688             400.00      -16.00
01689             360.00      -20.00
01690             240.00      -16.00
01691             120.00      -12.00
01692               0.00      -12.00
01693             -80.00      -20.00
01694            -240.00      -12.00
01695            -360.00      -16.00
01696            -440.00      -16.00
01697            -560.00      -20.00
01698            -680.00      -12.00
01699            -760.00      -12.00
01700            -840.00      -12.00
01701            -880.00      -16.00
01702            -880.00      -20.00
01703            -840.00      -16.00
01704            -720.00      -16.00
01705            -640.00      -12.00
01706            -560.00      -16.00
01707            -440.00      -12.00
01708            -280.00      -16.00
01709            -200.00      -12.00
01710             -80.00      -12.00
01711               0.00      -12.00
01712              40.00      -20.00
01713             120.00      -16.00
01714             160.00      -20.00
01715             240.00      -20.00
01716             280.00      -16.00
01717             360.00      -16.00
01718             400.00      -12.00
01719             440.00      -12.00
01720             480.00      -12.00
01721             440.00      -16.00
01722             400.00      -16.00
01723             360.00      -16.00
01724             320.00      -16.00
01725             320.00      -16.00
01726             240.00      -20.00
01727             280.00      -20.00
01728             240.00      -16.00
01729             240.00      -12.00
01730             240.00      -20.00
01731             240.00      -20.00
01732             240.00      -12.00
01733             240.00      -24.00
01734             200.00      -16.00
01735             160.00      -16.00
01736             160.00      -16.00
01737              80.00      -12.00
01738              80.00      -16.00
01739               0.00      -16.00
01740               0.00      -16.00
01741             -40.00      -12.00
01742             -40.00      -16.00
01743             -80.00      -16.00
01744               0.00      -16.00
01745              40.00      -16.00
01746              80.00      -20.00
01747             120.00      -20.00
01748             160.00      -16.00
01749             200.00      -20.00
01750             280.00      -20.00
01751             360.00      -16.00
01752             400.00      -20.00
01753             440.00      -12.00
01754             440.00      -20.00
01755             480.00      -24.00
01756             480.00      -16.00
01757             440.00       -8.00
01758             360.00      -16.00
01759             240.00      -20.00
01760             200.00      -16.00
01761            -600.00      500.00
01762            -640.00      500.00
01763            -720.00      -28.00
01764            -800.00      -40.00
01765            -800.00      -36.00
01766            -880.00      -32.00
01767            -880.00      -36.00
01768            -880.00      -36.00
01769            -800.00      -36.00
01770            -760.00      -36.00
01771            -720.00      -40.00
01772            -640.00      -36.00
01773            -560.00      -36.00
01774            -480.00      -32.00
01775            -400.00      -32.00
01776            -320.00      -28.00
01777            -240.00      -32.00
01778            -160.00      -32.00
01779            -120.00      -32.00
01780               0.00      -32.00
01781              80.00      -28.00
01782             200.00      -28.00
01783             240.00      -32.00
01784             360.00      -24.00
01785             440.00      -32.00
01786             560.00      -32.00
01787             680.00      -32.00
01788             720.00      -28.00
01789             800.00      -24.00
01790             880.00      -28.00
01791             880.00      -28.00
01792             920.00      -36.00
01793             920.00      -32.00
01794             920.00      -28.00
01795             880.00      -20.00
01796             840.00      -28.00
01797             720.00      -28.00
01798             600.00      -28.00
01799             480.00      -28.00
01800             320.00      -28.00
01801             200.00      -28.00
01802              40.00      -20.00
01803             -80.00      -16.00
01804            -280.00      -20.00
01805            -440.00      -28.00
01806            -600.00      -20.00
01807            -720.00      -28.00
01808            -840.00      -28.00
01809            -920.00      -28.00
01810            -960.00      -20.00
01811           -1040.00      -24.00
01812           -1040.00      -28.00
01813           -1080.00      -20.00
01814           -1080.00      -20.00
01815           -1120.00      -24.00
01816           -1120.00      -20.00
01817           -1080.00      -24.00
01818           -1040.00      -20.00
01819           -1000.00      -20.00
01820           -1000.00      -24.00
01821            -920.00      -24.00
01822            -840.00      -20.00
01823            -720.00      -24.00
01824            -560.00      -24.00
01825            -440.00      -24.00
01826            -280.00      -28.00
01827            -120.00      -20.00
01828              40.00      -24.00
01829             200.00      -20.00
01830             360.00      -20.00
01831             520.00      -16.00
01832             640.00      -24.00
01833             760.00      -20.00
01834             880.00      -24.00
01835             920.00      -16.00
01836            1000.00      -20.00
01837            1040.00      -24.00
01838            1080.00      -24.00
01839            1040.00      -16.00
01840            1080.00      -24.00
01841            1000.00      -20.00
01842             920.00      -20.00
01843             880.00      -24.00
01844             800.00      -24.00
01845             640.00      -20.00
01846             560.00      -16.00
01847             440.00      -20.00
01848             360.00      -24.00
01849             240.00      -24.00
01850             200.00      -16.00
01851             120.00      -28.00
01852               0.00      -20.00
01853             -40.00      -24.00
01854            -120.00      -16.00
01855            -160.00      -16.00
01856            -240.00      -24.00
01857            -320.00      -20.00
01858            -400.00      -20.00
01859            -440.00      -20.00
01860            -480.00      -16.00
01861            -560.00      -16.00
01862            -560.00      -20.00
01863            -640.00      -16.00
01864            -600.00      -24.00
01865            -640.00      -20.00
01866            -680.00      -24.00
01867            -600.00      -20.00
01868            -560.00      -16.00
01869            -480.00      -20.00
01870            -400.00      -20.00
01871            -280.00      -24.00
01872            -160.00      -16.00
01873             -80.00      -20.00
01874              40.00      -16.00
01875             120.00      -24.00
01876             160.00      -24.00
01877             240.00      -16.00
01878             280.00      -16.00
01879             320.00      -20.00
01880             400.00      -16.00
01881             440.00      -20.00
01882             480.00      -20.00
01883             440.00      -20.00
01884             440.00      -24.00
01885             400.00      -16.00
01886             360.00      -20.00
01887             280.00      -16.00
01888             240.00      -20.00
01889             200.00      -16.00
01890             160.00      -20.00
01891             160.00      -24.00
01892             120.00      -16.00
01893              80.00      -20.00
01894              40.00      -20.00
01895             -40.00      -24.00
01896            -120.00      -16.00
01897            -160.00      -20.00
01898            -200.00      -16.00
01899            -280.00      -20.00
01900            -360.00      -16.00
01901            -360.00      -24.00
01902            -400.00      -20.00
01903            -400.00      -20.00
01904            -360.00      -16.00
01905            -360.00      -12.00
01906            -400.00      -12.00
01907            -400.00      -20.00
01908            -360.00      -16.00
01909            -360.00      -20.00
01910            -280.00      -20.00
01911            -240.00      -16.00
01912            -120.00      -16.00
01913             -40.00      -16.00
01914              80.00      -20.00
01915             200.00      -24.00
01916             280.00      -16.00
01917             360.00      -20.00
01918             400.00      -16.00
01919             480.00      -20.00
01920             560.00      -12.00
01921             600.00      -12.00
01922             640.00      -20.00
01923             720.00      -20.00
01924             720.00      -16.00
01925             760.00      -20.00
01926             720.00      -24.00
01927             760.00      -20.00
01928             760.00      -20.00
01929             680.00      -16.00
01930             680.00      -16.00
01931             640.00      -20.00
01932             640.00      -16.00
01933             600.00      -20.00
01934             560.00      -12.00
01935             560.00      -20.00
01936             520.00      -20.00
01937             480.00      -20.00
01938             400.00      -24.00
01939             360.00      -16.00
01940             240.00      -16.00
01941             120.00      -16.00
01942               0.00      -20.00
01943            -120.00      -20.00
01944            -240.00      -12.00
01945            -360.00      -16.00
01946            -440.00      -20.00
01947            -560.00      -20.00
01948            -680.00      -24.00
01949            -800.00      -20.00
01950            -840.00      -16.00
01951            -880.00      -16.00
01952            -880.00      -12.00
01953            -840.00      -16.00
01954            -760.00      -16.00
01955            -680.00      -20.00
01956            -560.00      -28.00
01957            -440.00      -20.00
01958            -320.00      -20.00
01959            -200.00      -12.00
01960            -120.00      -16.00
01961               0.00      -20.00
01962              40.00      -20.00
01963              80.00      -16.00
01964             160.00      -20.00
01965             240.00      -16.00
01966             320.00      -16.00
01967             360.00      -16.00
01968             400.00      -12.00
01969             440.00      -20.00
01970             440.00      -16.00
01971             440.00      -16.00
01972             400.00      -12.00
01973             360.00      -16.00
01974             320.00      -20.00
01975             280.00      -16.00
01976             280.00      -20.00
01977             240.00      -20.00
01978             240.00      -12.00
01979             240.00      -16.00
01980             240.00      -16.00
01981             240.00      -16.00
01982             240.00      -16.00
01983             240.00      -16.00
01984             200.00      -20.00
01985             200.00      -20.00
01986             120.00      -20.00
01987              80.00      -16.00
01988              40.00      -20.00
01989               0.00      -20.00
01990               0.00      -16.00
01991             -40.00      -12.00
01992             -40.00      -16.00
01993             -40.00      -16.00
01994             -40.00      -12.00
01995              40.00      -20.00
01996              80.00      -16.00
01997             120.00      -16.00
01998             200.00      -16.00
01999             240.00      -16.00
02000             280.00      -12.00
02001             360.00      -16.00
02002             400.00      -16.00
02003             440.00      -16.00
02004             480.00      -16.00
02005             480.00      -16.00
02006             480.00      -16.00
02007             440.00      -16.00
02008             360.00      -16.00
02009             240.00      -16.00
02010             160.00       -8.00
02011            -560.00      500.00
02012            -680.00      500.00
02013            -720.00      -32.00
02014            -760.00      -36.00
02015            -840.00      -32.00
02016            -880.00      -36.00
02017            -880.00      -32.00
02018            -800.00      -28.00
02019            -840.00      -28.00
02020            -760.00      -28.00
02021            -720.00      -32.00
02022            -640.00      -36.00
02023            -560.00      -28.00
02024            -440.00      -32.00
02025            -400.00      -32.00
02026            -280.00      -28.00
02027            -240.00      -28.00
02028            -160.00      -28.00
02029             -80.00      -24.00
02030               0.00      -24.00
02031              80.00      -28.00
02032             200.00      -24.00
02033             280.00      -28.00
02034             360.00      -24.00
02035             440.00      -20.00
02036             560.00      -20.00
02037             640.00      -24.00
02038             720.00      -24.00
02039             840.00      -16.00
02040             880.00      -24.00
02041             880.00      -28.00
02042             920.00      -16.00
02043             920.00      -24.00
02044             960.00      -24.00
02045             880.00      -24.00
02046             800.00      -24.00
02047             720.00      -24.00
02048             560.00      -20.00
02049             480.00      -20.00
02050             360.00      -24.00
02051             200.00      -16.00
02052               0.00      -24.00
02053            -120.00      -20.00
02054            -280.00      -20.00
02055            -440.00      -24.00
02056            -600.00      -24.00
02057            -720.00      -16.00
02058            -800.00      -20.00
02059            -920.00      -16.00
02060           -1000.00      -20.00
02061           -1040.00      -12.00
02062           -1080.00      -20.00
02063           -1080.00      -20.00
02064           -1080.00      -24.00
02065           -1080.00      -20.00
02066           -1080.00      -16.00
02067           -1080.00      -16.00
02068           -1040.00      -20.00
02069           -1040.00      -20.00
02070           -1040.00      -16.00
02071            -920.00      -20.00
02072            -840.00      -20.00
02073            -760.00      -20.00
02074            -600.00      -20.00
02075            -440.00      -24.00
02076            -320.00      -20.00
02077            -160.00      -16.00
02078               0.00      -20.00
02079             200.00      -20.00
02080             360.00      -16.00
02081             480.00      -24.00
02082             640.00      -24.00
02083             760.00      -20.00
02084             840.00      -16.00
02085             920.00      -20.00
02086             960.00      -16.00
02087            1040.00      -16.00
02088            1040.00      -24.00
02089            1080.00      -20.00
02090            1080.00      -20.00
02091            1000.00      -20.00
02092             920.00      -16.00
02093             840.00      -20.00
02094             760.00      -20.00
02095             640.00      -16.00
02096             520.00      -16.00
02097             440.00      -20.00
02098             360.00      -16.00
02099             240.00      -20.00
02100             160.00      -20.00
02101              40.00      -16.00
02102               0.00      -12.00
02103             -40.00      -24.00
02104             -80.00      -20.00
02105            -160.00      -16.00
02106            -240.00      -20.00
02107            -280.00      -16.00
02108            -400.00      -16.00
02109            -480.00      -20.00
02110            -480.00      -24.00
02111            -560.00      -12.00
02112            -560.00      -24.00
02113            -600.00      -16.00
02114            -640.00      -20.00
02115            -640.00      -20.00
02116            -600.00      -20.00
02117            -600.00      -20.00
02118            -560.00      -20.00
02119            -480.00      -24.00
02120            -400.00      -24.00
02121            -280.00      -20.00
02122            -160.00      -20.00
02123             -40.00      -12.00
02124              40.00      -16.00
02125             120.00      -20.00
02126             200.00      -20.00
02127             240.00      -28.00
02128             280.00      -16.00
02129             360.00      -16.00
02130             400.00      -24.00
02131             440.00      -16.00
02132             480.00      -20.00
02133             440.00      -16.00
02134             480.00      -20.00
02135             400.00      -24.00
02136             360.00      -20.00
02137             320.00      -16.00
02138             240.00      -24.00
02139             200.00      -24.00
02140             160.00      -20.00
02141             120.00      -12.00
02142              80.00      -20.00
02143              40.00      -20.00
02144              40.00      -24.00
02145               0.00      -16.00
02146             -80.00      -20.00
02147            -160.00      -24.00
02148            -200.00      -24.00
02149            -280.00      -20.00
02150            -280.00      -16.00
02151            -320.00      -16.00
02152            -360.00      -16.00
02153            -400.00      -20.00
02154            -400.00      -16.00
02155            -400.00      -20.00
02156            -400.00      -20.00
02157            -400.00      -16.00
02158            -400.00      -20.00
02159            -360.00      -16.00
02160            -280.00      -20.00
02161            -240.00      -20.00
02162            -120.00      -20.00
02163               0.00      -20.00
02164             120.00      -20.00
02165             200.00      -20.00
02166             280.00      -28.00
02167             360.00      -16.00
02168             400.00      -16.00
02169             480.00      -20.00
02170             560.00      -24.00
02171             600.00      -16.00
02172             680.00      -20.00
02173             680.00      -20.00
02174             720.00      -28.00
02175             720.00      -20.00
02176             800.00      -24.00
02177             760.00      -12.00
02178             720.00      -20.00
02179             680.00      -20.00
02180             680.00      -12.00
02181             640.00      -16.00
02182             600.00      -24.00
02183             600.00      -20.00
02184             560.00      -16.00
02185             520.00      -20.00
02186             480.00      -24.00
02187             440.00      -16.00
02188             400.00      -20.00
02189             320.00      -20.00
02190             240.00      -16.00
02191              80.00      -24.00
02192             -40.00      -20.00
02193            -120.00      -20.00
02194            -240.00      -20.00
02195            -320.00      -24.00
02196            -440.00      -20.00
02197            -560.00      -16.00
02198            -720.00      -12.00
02199            -760.00      -24.00
02200            -840.00      -20.00
02201            -880.00      -20.00
02202            -880.00      -16.00
02203            -840.00      -16.00
02204            -760.00      -16.00
02205            -640.00      -20.00
02206            -520.00      -24.00
02207            -440.00      -12.00
02208            -320.00      -20.00
02209            -200.00      -20.00
02210             -80.00      -16.00
02211             -40.00      -20.00
02212              40.00      -16.00
02213              80.00      -16.00
02214             160.00      -16.00
02215             240.00      -16.00
02216             280.00      -20.00
02217             360.00      -20.00
02218             400.00      -20.00
02219             440.00      -24.00
02220             440.00      -20.00
02221             440.00      -20.00
02222             360.00      -20.00
02223             360.00      -20.00
02224             320.00      -16.00
02225             320.00      -16.00
02226             280.00      -20.00
02227             240.00      -16.00
02228             240.00      -16.00
02229             240.00      -16.00
02230             240.00      -16.00
02231             240.00      -16.00
02232             240.00      -16.00
02233             240.00      -20.00
02234             200.00      -20.00
02235             200.00      -16.00
02236             160.00      -20.00
02237              80.00      -16.00
02238              80.00      -20.00
02239              40.00      -16.00
02240               0.00      -20.00
02241             -40.00      -16.00
02242             -40.00      -20.00
02243             -80.00      -24.00
02244               0.00      -20.00
02245              40.00      -16.00
02246              40.00       -8.00
02247             120.00      -20.00
02248             160.00      -16.00
02249             240.00      -20.00
02250             320.00      -20.00
02251             360.00      -16.00
02252             400.00      -28.00
02253             440.00      -20.00
02254             480.00      -20.00
02255             480.00      -16.00
02256             480.00      -16.00
02257             440.00      -16.00
02258             360.00      -20.00
02259             280.00      -16.00
02260             160.00      -20.00
02261            -560.00      500.00
02262            -640.00      500.00
02263            -720.00      -36.00
02264            -760.00      -28.00
02265            -840.00      -32.00
02266            -880.00      -28.00
02267            -920.00      -36.00
02268            -840.00      -36.00
02269            -840.00      -36.00
02270            -760.00      -32.00
02271            -680.00      -36.00
02272            -640.00      -28.00
02273            -560.00      -28.00
02274            -480.00      -36.00
02275            -400.00      -32.00
02276            -320.00      -32.00
02277            -240.00      -28.00
02278            -160.00      -28.00
02279             -80.00      -28.00
02280               0.00      -28.00
02281             120.00      -32.00
02282             200.00      -28.00
02283             280.00      -32.00
02284             360.00      -24.00
02285             440.00      -28.00
02286             520.00      -24.00
02287             640.00      -28.00
02288             720.00      -20.00
02289             760.00      -32.00
02290             840.00      -24.00
02291             880.00      -28.00
02292             920.00      -24.00
02293             920.00      -20.00
02294             920.00      -24.00
02295             880.00      -24.00
02296             800.00      -24.00
02297             680.00      -24.00
02298             600.00      -20.00
02299             480.00      -24.00
02300             320.00      -28.00
02301             200.00      -20.00
02302              40.00      -16.00
02303            -120.00      -12.00
02304            -320.00      -24.00
02305            -480.00      -24.00
02306            -600.00      -16.00
02307            -720.00      -24.00
02308            -840.00      -20.00
02309            -920.00      -20.00
02310           -1000.00      -20.00
02311           -1040.00      -20.00
02312           -1080.00      -20.00
02313           -1080.00      -24.00
02314           -1080.00      -20.00
02315           -1120.00      -16.00
02316           -1080.00      -20.00
02317           -1040.00      -12.00
02318           -1040.00      -20.00
02319           -1040.00      -16.00
02320           -1000.00      -16.00
02321            -920.00      -16.00
02322            -840.00      -20.00
02323            -760.00      -16.00
02324            -640.00      -16.00
02325            -480.00      -20.00
02326            -320.00      -16.00
02327            -120.00      -20.00
02328              40.00      -20.00
02329             200.00      -16.00
02330             320.00      -16.00
02331             520.00      -12.00
02332             640.00      -20.00
02333             720.00      -16.00
02334             840.00      -16.00
02335             920.00      -20.00
02336             960.00      -16.00
02337            1040.00      -20.00
02338            1040.00      -20.00
02339            1080.00      -16.00
02340            1080.00      -12.00
02341            1040.00      -20.00
02342             920.00      -20.00
02343             840.00      -16.00
02344             760.00      -16.00
02345             680.00      -16.00
02346             560.00      -20.00
02347             440.00      -12.00
02348             360.00      -20.00
02349             240.00      -12.00
02350             160.00      -20.00
02351              80.00      -16.00
02352              40.00      -20.00
02353             -40.00      -12.00
02354             -80.00      -20.00
02355            -160.00      -16.00
02356            -240.00      -16.00
02357            -320.00      -20.00
02358            -400.00      -12.00
02359            -440.00      -20.00
02360            -520.00      -20.00
02361            -520.00      -16.00
02362            -560.00      -12.00
02363            -600.00      -16.00
02364            -600.00      -16.00
02365            -640.00      -20.00
02366            -640.00      -16.00
02367            -600.00      -16.00
02368            -560.00      -16.00
02369            -520.00      -16.00
02370            -400.00      -16.00
02371            -280.00      -16.00
02372            -120.00      -16.00
02373             -40.00      -16.00
02374              40.00      -20.00
02375              80.00      -20.00
02376             200.00      -12.00
02377             240.00      -16.00
02378             280.00      -12.00
02379             360.00      -16.00
02380             400.00      -16.00
02381             440.00      -12.00
02382             480.00      -16.00
02383             480.00      -20.00
02384             480.00      -16.00
02385             440.00      -20.00
02386             400.00      -20.00
02387             320.00      -16.00
02388             240.00      -12.00
02389             240.00      -16.00
02390             200.00      -20.00
02391             160.00      -16.00
02392             120.00      -16.00
02393              80.00      -16.00
02394              40.00      -16.00
02395             -40.00      -12.00
02396            -120.00      -12.00
02397            -160.00      -16.00
02398            -240.00      -12.00
02399            -280.00      -16.00
02400            -320.00      -20.00
02401            -360.00      -12.00
02402            -360.00      -16.00
02403            -400.00      -16.00
02404            -400.00      -16.00
02405            -400.00      -20.00
02406            -400.00      -12.00
02407            -400.00      -16.00
02408            -360.00      -16.00
02409            -360.00      -16.00
02410            -280.00      -12.00
02411            -240.00      -12.00
02412            -160.00      -16.00
02413               0.00      -12.00
02414              80.00      -16.00
02415             200.00      -12.00
02416             280.00      -12.00
02417             360.00      -16.00
02418             440.00      -12.00
02419             440.00      -16.00
02420             560.00      -16.00
02421             600.00      -16.00
02422             680.00      -20.00
02423             680.00      -20.00
02424             720.00      -12.00
02425             760.00      -16.00
02426             720.00      -12.00
02427             760.00      -16.00
02428             720.00      -12.00
02429             720.00      -16.00
02430             680.00      -20.00
02431             640.00      -12.00
02432             600.00      -12.00
02433             560.00      -16.00
02434             520.00      -20.00
02435             520.00       -8.00
02436             480.00      -12.00
02437             440.00      -16.00
02438             400.00      -12.00
02439             320.00      -12.00
02440             200.00      -20.00
02441              80.00      -16.00
02442               0.00      -20.00
02443            -120.00      -16.00
02444            -240.00       -8.00
02445            -360.00      -20.00
02446            -440.00      -12.00
02447            -560.00      -12.00
02448            -680.00      -28.00
02449            -760.00      -16.00
02450            -880.00      -12.00
02451            -880.00      -16.00
02452            -880.00      -16.00
02453            -800.00      -16.00
02454            -760.00      -16.00
02455            -640.00      -12.00
02456            -520.00      -16.00
02457            -440.00      -20.00
02458            -320.00      -16.00
02459            -160.00      -16.00
02460             -80.00      -20.00
02461               0.00      -20.00
02462              40.00      -16.00
02463             120.00      -12.00
02464             160.00      -12.00
02465             240.00      -16.00
02466             320.00      -20.00
02467             360.00      -16.00
02468             400.00      -12.00
02469             400.00      -20.00
02470             440.00      -16.00
02471             440.00      -16.00
02472             400.00      -16.00
02473             360.00      -16.00
02474             320.00      -20.00
02475             320.00      -16.00
02476             280.00      -16.00
02477             240.00      -12.00
02478             240.00      -20.00
02479             240.00      -20.00
02480             240.00      -12.00
02481             240.00      -16.00
02482             240.00      -16.00
02483             240.00      -20.00
02484             240.00      -16.00
02485             200.00      -16.00
02486             160.00      -24.00
02487             120.00      -12.00
02488              40.00      -16.00
02489              40.00      -20.00
02490               0.00      -24.00
02491             -40.00      -12.00
02492             -40.00      -16.00
02493               0.00      -20.00
02494               0.00      -12.00
02495              40.00      -20.00
02496              80.00      -20.00
02497             120.00      -16.00
02498             160.00      -16.00
02499             240.00      -16.00
02500             320.00      -16.00
02501             360.00      -16.00
02502             400.00      -16.00
02503             480.00      -20.00
02504             480.00      -20.00
02505             480.00      -20.00
02506             480.00      -20.00
02507             440.00      -16.00
02508             360.00      -20.00
02509             280.00      -16.00
02510             160.00      -12.00
02511            -560.00      500.00
02512            -600.00      500.00
02513            -720.00      -32.00
02514            -800.00      -32.00
02515            -800.00      -40.00
02516            -880.00      -40.00
02517            -880.00      -40.00
02518            -840.00      -32.00
02519            -800.00      -36.00
02520            -760.00      -28.00
02521            -720.00      -32.00
02522            -600.00      -28.00
02523            -560.00      -32.00
02524            -480.00      -36.00
02525            -400.00      -32.00
02526            -320.00      -36.00
02527            -240.00      -28.00
02528            -160.00      -32.00
02529             -80.00      -32.00
02530               0.00      -32.00
02531              80.00      -28.00
02532             160.00      -32.00
02533             240.00      -28.00
02534             360.00      -32.00
02535             440.00      -28.00
02536             520.00      -24.00
02537             600.00      -24.00
02538             680.00      -28.00
02539             760.00      -40.00
02540             840.00      -28.00
02541             880.00      -28.00
02542             880.00      -28.00
02543             920.00      -28.00
02544             920.00      -32.00
02545             840.00      -24.00
02546             760.00      -28.00
02547             720.00      -28.00
02548             560.00      -24.00
02549             440.00      -28.00
02550             320.00      -24.00
02551             160.00      -28.00
02552               0.00      -28.00
02553            -120.00      -24.00
02554            -280.00      -32.00
02555            -440.00      -24.00
02556            -600.00      -24.00
02557            -720.00      -24.00
02558            -840.00      -24.00
02559            -920.00      -24.00
02560            -960.00      -28.00
02561           -1040.00      -24.00
02562           -1080.00      -16.00
02563           -1080.00      -24.00
02564           -1080.00      -20.00
02565           -1080.00      -20.00
02566           -1120.00      -24.00
02567           -1080.00      -20.00
02568           -1040.00      -20.00
02569           -1040.00      -20.00
02570           -1000.00      -24.00
02571            -920.00      -20.00
02572            -840.00      -24.00
02573            -720.00      -20.00
02574            -600.00      -20.00
02575            -480.00      -24.00
02576            -320.00      -16.00
02577            -120.00      -20.00
02578               0.00      -20.00
02579             160.00      -16.00
02580             360.00      -20.00
02581             520.00      -20.00
02582             640.00      -28.00
02583             760.00      -20.00
02584             840.00      -16.00
02585             880.00      -20.00
02586            1000.00      -20.00
02587            1040.00      -12.00
02588            1080.00      -16.00
02589            1040.00      -20.00
02590            1040.00      -20.00
02591            1000.00      -16.00
02592             920.00      -20.00
02593             840.00      -24.00
02594             720.00      -16.00
02595             640.00      -16.00
02596             560.00      -16.00
02597             480.00      -16.00
02598             360.00      -20.00
02599             280.00      -20.00
02600             200.00      -20.00
02601              80.00      -20.00
02602              40.00      -20.00
02603             -40.00      -20.00
02604             -80.00      -16.00
02605            -160.00      -12.00
02606            -240.00      -16.00
02607            -280.00      -24.00
02608            -360.00      -20.00
02609            -440.00      -16.00
02610            -480.00      -20.00
02611            -560.00      -20.00
02612            -600.00      -20.00
02613            -600.00      -16.00
02614            -600.00      -16.00
02615            -600.00      -20.00
02616            -640.00      -20.00
02617            -600.00      -24.00
02618            -520.00      -28.00
02619            -480.00      -16.00
02620            -360.00      -16.00
02621            -240.00      -20.00
02622            -160.00      -20.00
02623             -80.00      -20.00
02624              40.00      -20.00
02625              80.00      -20.00
02626             200.00      -16.00
02627             240.00      -24.00
02628             280.00      -16.00
02629             360.00      -20.00
02630             400.00      -16.00
02631             440.00      -20.00
02632             480.00      -20.00
02633             480.00      -20.00
02634             440.00      -20.00
02635             440.00      -16.00
02636             400.00      -20.00
02637             280.00      -20.00
02638             240.00      -12.00
02639             200.00      -12.00
02640             160.00      -16.00
02641             120.00      -16.00
02642             120.00      -16.00
02643              80.00      -20.00
02644              40.00      -12.00
02645             -40.00      -20.00
02646            -120.00      -16.00
02647            -160.00      -20.00
02648            -240.00      -24.00
02649            -280.00      -20.00
02650            -360.00      -20.00
02651            -360.00      -16.00
02652            -400.00      -20.00
02653            -400.00      -16.00
02654            -400.00      -16.00
02655            -400.00      -16.00
02656            -400.00      -20.00
02657            -400.00      -20.00
02658            -400.00      -16.00
02659            -360.00      -20.00
02660            -320.00      -20.00
02661            -240.00      -16.00
02662            -160.00      -12.00
02663               0.00      -20.00
02664             120.00      -16.00
02665             200.00      -20.00
02666             280.00      -20.00
02667             360.00      -20.00
02668             400.00      -12.00
02669             440.00      -16.00
02670             520.00      -20.00
02671             600.00      -16.00
02672             640.00      -16.00
02673             680.00      -12.00
02674             720.00      -20.00
02675             720.00      -16.00
02676             760.00      -20.00
02677             720.00      -16.00
02678             720.00      -16.00
02679             680.00      -20.00
02680             680.00      -20.00
02681             640.00      -12.00
02682             560.00      -16.00
02683             560.00      -16.00
02684             560.00      -16.00
02685             520.00      -16.00
02686             480.00      -20.00
02687             440.00      -12.00
02688             400.00      -16.00
02689             320.00      -16.00
02690             200.00      -16.00
02691              80.00      -16.00
02692             -40.00      -16.00
02693            -120.00      -16.00
02694            -240.00      -12.00
02695            -360.00      -12.00
02696            -480.00      -16.00
02697            -560.00      -12.00
02698            -680.00      -12.00
02699            -760.00      -16.00
02700            -880.00       -8.00
02701            -840.00      -20.00
02702            -880.00      -16.00
02703            -800.00      -16.00
02704            -720.00      -16.00
02705            -640.00      -20.00
02706            -560.00      -16.00
02707            -440.00      -16.00
02708            -320.00      -16.00
02709            -200.00      -16.00
02710             -80.00      -12.00
02711               0.00      -12.00
02712              40.00      -16.00
02713              80.00      -20.00
02714             160.00      -20.00
02715             240.00      -12.00
02716             360.00      -16.00
02717             360.00      -20.00
02718             400.00      -16.00
02719             440.00      -16.00
02720             440.00      -20.00
02721             400.00      -20.00
02722             400.00      -16.00
02723             360.00      -16.00
02724             320.00      -16.00
02725             320.00      -16.00
02726             280.00      -12.00
02727             280.00      -16.00
02728             240.00      -16.00
02729             240.00      -12.00
02730             240.00      -12.00
02731             240.00      -12.00
02732             280.00      -12.00
02733             240.00      -12.00
02734             240.00      -12.00
02735             200.00      -12.00
02736             160.00      -12.00
02737              80.00      -16.00
02738              80.00      -16.00
02739              40.00       -8.00
02740              40.00      -12.00
02741               0.00      -16.00
02742             -40.00      -16.00
02743               0.00      -12.00
02744               0.00      -20.00
02745               0.00      -12.00
02746              80.00      -16.00
02747             160.00      -16.00
02748             200.00      -12.00
02749             240.00      -20.00
02750             280.00      -12.00
02751             320.00      -12.00
02752             400.00      -12.00
02753             440.00      -12.00
02754             480.00      -12.00
02755             480.00      -16.00
02756             440.00      -12.00
02757             400.00      -12.00
02758             360.00      -16.00
02759             280.00      -20.00
02760             160.00      -16.00
02761            -560.00      500.00
02762            -640.00      500.00
02763            -720.00      -32.00
02764            -760.00      -28.00
02765            -840.00      -28.00
02766            -880.00      -36.00
02767            -880.00      -28.00
02768            -880.00      -32.00
02769            -800.00      -28.00
02770            -760.00      -32.00
02771            -680.00      -28.00
02772            -640.00      -32.00
02773            -560.00      -24.00
02774            -480.00      -28.00
02775            -400.00      -32.00
02776            -320.00      -24.00
02777            -240.00      -28.00
02778            -160.00      -28.00
02779             -80.00      -28.00
02780             -40.00      -24.00
02781              80.00      -28.00
02782             160.00      -28.00
02783             240.00      -28.00
02784             320.00      -28.00
02785             400.00      -28.00
02786             520.00      -24.00
02787             560.00      -24.00
02788             680.00      -24.00
02789             800.00      -24.00
02790             800.00      -24.00
02791             880.00      -20.00
02792             880.00      -20.00
02793             920.00      -28.00
02794             880.00      -24.00
02795             840.00      -16.00
02796             760.00      -24.00
02797             680.00      -24.00
02798             560.00      -20.00
02799             480.00      -24.00
02800             360.00      -24.00
02801             200.00      -24.00
02802               0.00      -20.00
02803            -120.00      -24.00
02804            -280.00      -20.00
02805            -440.00      -20.00
02806            -600.00      -16.00
02807            -720.00      -24.00
02808            -840.00      -24.00
02809            -920.00      -20.00
02810            -960.00      -24.00
02811           -1040.00      -24.00
02812           -1080.00      -20.00
02813           -1120.00      -20.00
02814           -1080.00      -16.00
02815           -1080.00      -20.00
02816           -1080.00      -16.00
02817           -1040.00      -24.00
02818           -1040.00      -24.00
02819           -1000.00      -20.00
02820           -1000.00      -20.00
02821            -920.00      -16.00
02822            -800.00      -20.00
02823            -720.00      -20.00
02824            -600.00      -16.00
02825            -480.00      -16.00
02826            -280.00      -24.00
02827            -120.00      -20.00
02828              40.00      -12.00
02829             200.00      -20.00
02830             360.00      -16.00
02831             520.00      -20.00
02832             640.00      -20.00
02833             760.00      -24.00
02834             840.00      -16.00
02835             960.00      -20.00
02836            1000.00      -20.00
02837            1040.00      -16.00
02838            1080.00      -20.00
02839            1080.00      -20.00
02840            1040.00      -20.00
02841            1040.00      -20.00
02842             960.00      -16.00
02843             880.00      -24.00
02844             760.00      -16.00
02845             640.00      -20.00
02846             560.00      -20.00
02847             480.00      -20.00
02848             360.00      -20.00
02849             240.00      -16.00
02850             160.00      -24.00
02851              80.00      -20.00
02852              40.00      -16.00
02853             -40.00      -20.00
02854            -120.00      -16.00
02855            -160.00      -24.00
02856            -200.00      -20.00
02857            -280.00      -20.00
02858            -360.00      -20.00
02859            -440.00      -20.00
02860            -480.00      -20.00
02861            -520.00      -20.00
02862            -560.00      -16.00
02863            -600.00      -20.00
02864            -600.00      -16.00
02865            -600.00      -16.00
02866            -640.00      -16.00
02867            -600.00      -20.00
02868            -560.00      -16.00
02869            -480.00      -24.00
02870            -360.00      -20.00
02871            -280.00      -20.00
02872            -120.00      -16.00
02873             -80.00      -20.00
02874              40.00      -20.00
02875             120.00      -24.00
02876             160.00      -24.00
02877             240.00      -28.00
02878             240.00      -24.00
02879             320.00      -20.00
02880             400.00      -24.00
02881             440.00      -16.00
02882             480.00      -20.00
02883             480.00      -20.00
02884             440.00      -20.00
02885             400.00      -16.00
02886             360.00      -12.00
02887             280.00      -20.00
02888             240.00      -20.00
02889             240.00      -20.00
02890             160.00      -20.00
02891              80.00      -16.00
02892              80.00      -16.00
02893              40.00      -16.00
02894               0.00      -16.00
02895             -80.00      -20.00
02896             -80.00      -20.00
02897            -160.00      -20.00
02898            -240.00      -28.00
02899            -280.00      -20.00
02900            -320.00      -16.00
02901            -400.00      -16.00
02902            -400.00      -16.00
02903            -400.00      -20.00
02904            -400.00      -20.00
02905            -400.00      -20.00
02906            -400.00      -20.00
02907            -400.00      -20.00
02908            -400.00      -20.00
02909            -360.00      -16.00
02910            -320.00      -12.00
02911            -240.00      -16.00
02912            -160.00      -20.00
02913             -40.00      -20.00
02914              80.00      -20.00
02915             200.00      -16.00
02916             240.00      -24.00
02917             360.00      -20.00
02918             440.00      -20.00
02919             480.00      -24.00
02920             520.00      -20.00
02921             600.00      -20.00
02922             640.00      -16.00
02923             680.00      -16.00
02924             680.00      -24.00
02925             720.00      -16.00
02926             760.00      -20.00
02927             760.00      -20.00
02928             720.00      -20.00
02929             720.00      -16.00
02930             640.00      -24.00
02931             640.00      -24.00
02932             600.00      -16.00
02933             560.00      -24.00
02934             560.00      -20.00
02935             520.00      -20.00
02936             480.00      -20.00
02937             440.00      -16.00
02938             400.00      -16.00
02939             280.00      -16.00
02940             240.00      -16.00
02941              80.00      -20.00
02942               0.00      -20.00
02943            -120.00      -20.00
02944            -200.00      -16.00
02945            -360.00      -20.00
02946            -440.00      -20.00
02947            -560.00      -20.00
02948            -680.00      -20.00
02949            -760.00      -12.00
02950            -840.00      -20.00
02951            -880.00      -20.00
02952            -840.00      -20.00
02953            -800.00      -20.00
02954            -720.00      -20.00
02955            -640.00      -16.00
02956            -560.00      -16.00
02957            -400.00      -12.00
02958            -280.00      -20.00
02959            -160.00      -20.00
02960             -80.00      -16.00
02961               0.00      -20.00
02962              40.00      -16.00
02963             120.00      -24.00
02964             160.00      -16.00
02965             240.00      -20.00
02966             320.00      -20.00
02967             360.00      -16.00
02968             400.00      -16.00
02969             440.00      -16.00
02970             480.00      -24.00
02971             440.00      -20.00
02972             400.00      -20.00
02973             360.00      -16.00
02974             320.00      -20.00
02975             320.00      -24.00
02976             280.00      -16.00
02977             280.00      -12.00
02978             280.00      -20.00
02979             240.00      -20.00
02980             280.00      -16.00
02981             240.00      -16.00
02982             280.00      -20.00
02983             240.00      -16.00
02984             240.00      -16.00
02985             200.00      -16.00
02986             160.00      -16.00
02987             120.00      -12.00
02988              40.00      -20.00
02989              40.00      -20.00
02990               0.00      -20.00
02991             -40.00      -16.00
02992             -40.00      -20.00
02993             -40.00      -20.00
02994               0.00      -12.00
02995              40.00      -24.00
02996              40.00      -16.00
02997             120.00      -20.00
02998             160.00      -20.00
02999             200.00      -24.00
03000             280.00      -20.00
03001             360.00      -20.00
03002             400.00      -12.00
03003             440.00      -16.00
03004             480.00      -16.00
03005             480.00      -12.00
03006             400.00      -16.00
03007             440.00      -16.00
03008             360.00      -16.00
03009             240.00      -16.00
03010             120.00      -16.00
03011            -560.00      500.00
03012            -640.00      500.00
03013            -720.00      -32.00
03014            -800.00      -36.00
03015            -840.00      -36.00
03016            -880.00      -28.00
03017            -920.00      -32.00
03018            -840.00      -36.00
03019            -840.00      -28.00
03020            -800.00      -32.00
03021            -720.00      -32.00
03022            -640.00      -36.00
03023            -560.00      -28.00
03024            -480.00      -32.00
03025            -440.00      -28.00
03026            -360.00      -32.00
03027            -280.00      -32.00
03028            -200.00      -28.00
03029            -120.00      -28.00
03030             -40.00      -28.00
03031              40.00      -28.00
03032             120.00      -28.00
03033             240.00      -24.00
03034             280.00      -28.00
03035             400.00      -24.00
03036             480.00      -24.00
03037             600.00      -24.00
03038             680.00      -28.00
03039             720.00      -28.00
03040             800.00      -24.00
03041             840.00      -24.00
03042             880.00      -24.00
03043             920.00      -28.00
03044             880.00      -16.00
03045             840.00      -20.00
03046             760.00      -24.00
03047             680.00      -20.00
03048             600.00      -20.00
03049             480.00      -24.00
03050             360.00      -28.00
03051             200.00      -28.00
03052              40.00      -16.00
03053            -120.00      -20.00
03054            -280.00      -20.00
03055            -440.00      -20.00
03056            -600.00      -24.00
03057            -680.00      -20.00
03058            -840.00      -16.00
03059            -880.00      -20.00
03060            -960.00      -20.00
03061           -1000.00      -20.00
03062           -1040.00      -20.00
03063           -1080.00      -16.00
03064           -1080.00      -16.00
03065           -1040.00      -20.00
03066           -1040.00      -20.00
03067           -1080.00      -20.00
03068           -1000.00      -24.00
03069           -1040.00      -20.00
03070            -960.00      -16.00
03071            -880.00      -20.00
03072            -840.00      -16.00
03073            -720.00      -16.00
03074            -600.00      -20.00
03075            -480.00      -20.00
03076            -320.00      -20.00
03077            -120.00      -16.00
03078              40.00      -16.00
03079             200.00      -20.00
03080             360.00      -20.00
03081             520.00      -16.00
03082             680.00      -16.00
03083             760.00      -12.00
03084             880.00      -16.00
03085             920.00      -16.00
03086            1040.00      -16.00
03087            1040.00      -16.00
03088            1080.00      -20.00
03089            1080.00      -16.00
03090            1080.00      -20.00
03091            1000.00      -16.00
03092             960.00      -16.00
03093             840.00      -44.00
03094             760.00      -20.00
03095             680.00      -20.00
03096             560.00      -20.00
03097             480.00      -16.00
03098             360.00      -20.00
03099             240.00      -16.00
03100             200.00      -16.00
03101             120.00      -20.00
03102              40.00      -16.00
03103             -40.00      -16.00
03104             -80.00      -16.00
03105            -160.00      -20.00
03106            -240.00      -16.00
03107            -360.00      -12.00
03108            -400.00      -16.00
03109            -440.00      -16.00
03110            -520.00      -20.00
03111            -520.00      -20.00
03112            -560.00      -20.00
03113            -600.00      -16.00
03114            -640.00      -12.00
03115            -640.00      -12.00
03116            -640.00      -20.00
03117            -600.00      -16.00
03118            -600.00      -16.00
03119            -520.00      -16.00
03120            -400.00      -40.00
03121            -280.00      -16.00
03122            -160.00      -16.00
03123             -80.00      -16.00
03124              40.00      -16.00
03125              80.00      -16.00
03126             160.00      -16.00
03127             200.00      -16.00
03128             240.00      -16.00
03129             320.00      -16.00
03130             360.00      -20.00
03131             400.00      -12.00
03132             440.00      -12.00
03133             440.00      -16.00
03134             440.00      -16.00
03135             400.00      -16.00
03136             320.00      -16.00
03137             280.00      -16.00
03138             200.00      -12.00
03139             160.00       -8.00
03140             160.00      -16.00
03141              80.00      -16.00
03142              80.00      -16.00
03143              40.00      -12.00
03144               0.00      -16.00
03145             -80.00      -16.00
03146            -120.00      -20.00
03147            -160.00      -16.00
03148            -200.00      -12.00
03149            -280.00      -16.00
03150            -320.00      -12.00
03151            -400.00      -16.00
03152            -400.00      -16.00
03153            -400.00      -12.00
03154            -400.00      -16.00
03155            -400.00      -24.00
03156            -400.00      -16.00
03157            -400.00       -4.00
03158            -400.00      -16.00
03159            -360.00      -16.00
03160            -280.00      -16.00
03161            -240.00      -20.00
03162            -160.00      -16.00
03163             -40.00      -12.00
03164              80.00      -16.00
03165             200.00      -20.00
03166             320.00      -12.00
03167             360.00      -16.00
03168             400.00      -16.00
03169             480.00      -16.00
03170             560.00      -16.00
03171             600.00      -20.00
03172             640.00      -16.00
03173             680.00      -16.00
03174             720.00      -16.00
03175             720.00      -24.00
03176             720.00      -16.00
03177             760.00      -16.00
03178             720.00      -12.00
03179             720.00      -16.00
03180             680.00      -24.00
03181             640.00      -16.00
03182             640.00      -16.00
03183             600.00      -12.00
03184             560.00      -24.00
03185             560.00      -16.00
03186             520.00      -12.00
03187             480.00      -20.00
03188             400.00      -20.00
03189             320.00       -4.00
03190             200.00      -16.00
03191              80.00      -16.00
03192               0.00      -20.00
03193             -80.00      -16.00
03194            -200.00      -24.00
03195            -320.00      -20.00
03196            -440.00      -20.00
03197            -600.00      -20.00
03198            -680.00      -16.00
03199            -760.00      -20.00
03200            -840.00      -20.00
03201            -840.00      -12.00
03202            -880.00      -20.00
03203            -800.00      -16.00
03204            -720.00      -20.00
03205            -640.00      -20.00
03206            -520.00      -24.00
03207            -400.00      -12.00
03208            -240.00      -16.00
03209            -160.00      -20.00
03210             -80.00      -16.00
03211               0.00      -24.00
03212              40.00      -20.00
03213             120.00      -16.00
03214             160.00      -24.00
03215             280.00      -16.00
03216             320.00      -16.00
03217             360.00      -16.00
03218             400.00      -16.00
03219             480.00      -24.00
03220             440.00      -16.00
03221             400.00      -16.00
03222             400.00      -20.00
03223             360.00      -16.00
03224             320.00      -20.00
03225             320.00      -16.00
03226             320.00      -16.00
03227             240.00      -20.00
03228             280.00      -20.00
03229             240.00      -16.00
03230             240.00      -20.00
03231             280.00      -16.00
03232             240.00      -16.00
03233             280.00      -20.00
03234             240.00      -20.00
03235             160.00      -24.00
03236             160.00      -16.00
03237              80.00      -20.00
03238              40.00      -20.00
03239              40.00      -16.00
03240               0.00      -20.00
03241             -40.00      -20.00
03242             -40.00      -20.00
03243             -40.00      -24.00
03244               0.00      -16.00
03245               0.00      -20.00
03246              80.00      -24.00
03247             120.00      -20.00
03248             160.00      -16.00
03249             240.00      -16.00
03250             240.00      -20.00
03251             360.00      -16.00
03252             400.00      -16.00
03253             440.00      -20.00
03254             440.00      -24.00
03255             440.00      -16.00
03256             440.00      -20.00
03257             400.00      -24.00
03258             320.00      -28.00
03259             240.00      -20.00
03260             120.00      -20.00
03261            -600.00      500.00
03262            -640.00      500.00
03263            -760.00      -36.00
03264            -800.00      -32.00
03265            -840.00      -36.00
03266            -920.00      -36.00
03267            -880.00      -36.00
03268            -920.00      -36.00
03269            -840.00      -36.00
03270            -800.00      -36.00
03271            -720.00      -32.00
03272            -680.00      -40.00
03273            -560.00      -44.00
03274            -480.00      -32.00
03275            -440.00      -36.00
03276            -360.00      -32.00
03277            -240.00      -32.00
03278            -200.00      -32.00
03279            -120.00      -32.00
03280             -80.00      -32.00
03281              40.00      -32.00
03282             120.00      -28.00
03283             200.00      -32.00
03284             320.00      -24.00
03285             400.00      -32.00
03286             520.00      -28.00
03287             600.00      -28.00
03288             680.00      -24.00
03289             720.00      -24.00
03290             800.00      -24.00
03291             840.00      -32.00
03292             920.00      -28.00
03293             920.00      -24.00
03294             880.00      -24.00
03295             840.00      -28.00
03296             800.00      -24.00
03297             720.00      -28.00
03298             600.00      -28.00
03299             520.00      -24.00
03300             360.00      -24.00
03301             200.00      -24.00
03302              40.00      -28.00
03303            -120.00      -20.00
03304            -280.00      -24.00
03305            -440.00      -24.00
03306            -560.00      -20.00
03307            -680.00      -28.00
03308            -800.00      -24.00
03309            -880.00      -28.00
03310            -920.00      -28.00
03311           -1000.00      -24.00
03312           -1040.00      -24.00
03313           -1040.00      -24.00
03314           -1040.00       -4.00
03315           -1040.00      -24.00
03316           -1040.00      -20.00
03317           -1040.00      -24.00
03318           -1000.00      -24.00
03319           -1000.00      -20.00
03320            -960.00      -28.00
03321            -920.00      -20.00
03322            -800.00      -16.00
03323            -720.00      -28.00
03324            -600.00      -20.00
03325            -440.00      -20.00
03326            -280.00      -20.00
03327            -160.00      -24.00
03328              80.00      -28.00
03329             200.00      -20.00
03330             400.00      -28.00
03331             520.00      -20.00
03332             640.00      -24.00
03333             760.00      -24.00
03334             880.00      -20.00
03335             920.00      -20.00
03336            1040.00      -20.00
03337            1040.00      -16.00
03338            1080.00      -24.00
03339            1120.00      -16.00
03340            1080.00      -16.00
03341            1000.00      -16.00
03342             920.00      -20.00
03343             840.00      -20.00
03344             760.00      -24.00
03345             680.00      -16.00
03346             560.00      -24.00
03347             480.00      -20.00
03348             360.00      -16.00
03349             280.00      -20.00
03350             200.00      -16.00
03351              80.00      -16.00
03352               0.00      -20.00
03353             -40.00      -20.00
03354            -120.00      -20.00
03355            -160.00      -28.00
03356            -240.00      -28.00
03357            -320.00      -16.00
03358            -400.00      -20.00
03359            -440.00      -20.00
03360            -520.00      -20.00
03361            -560.00      -16.00
03362            -600.00      -20.00
03363            -600.00      -20.00
03364            -600.00      -16.00
03365            -640.00      -16.00
03366            -640.00      -16.00
03367            -600.00      -20.00
03368            -560.00      -16.00
03369            -520.00      -20.00
03370            -400.00      -20.00
03371            -280.00      -20.00
03372            -160.00      -16.00
03373             -80.00      -20.00
03374               0.00      -24.00
03375             120.00      -24.00
03376             160.00      -20.00
03377             240.00      -20.00
03378             240.00      -16.00
03379             320.00      -12.00
03380             360.00      -24.00
03381             400.00      -20.00
03382             440.00      -20.00
03383             440.00      -20.00
03384             440.00      -20.00
03385             400.00      -16.00
03386             320.00      -16.00
03387             280.00      -20.00
03388             240.00      -16.00
03389             160.00      -16.00
03390              80.00      -16.00
03391              80.00      -16.00
03392              40.00      -16.00
03393              40.00      -20.00
03394               0.00      -20.00
03395             -80.00      -16.00
03396             -80.00      -20.00
03397            -160.00      -20.00
03398            -240.00      -24.00
03399            -320.00      -16.00
03400            -360.00      -16.00
03401            -360.00      -16.00
03402            -400.00      -16.00
03403            -400.00      -20.00
03404            -400.00      -16.00
03405            -400.00      -20.00
03406            -400.00      -12.00
03407            -440.00      -16.00
03408            -400.00      -16.00
03409            -360.00      -16.00
03410            -320.00      -12.00
03411            -240.00      -20.00
03412            -160.00      -24.00
03413             -40.00      -16.00
03414              40.00      -16.00
03415             200.00      -20.00
03416             280.00      -16.00
03417             360.00      -16.00
03418             440.00      -20.00
03419             480.00      -16.00
03420             560.00      -16.00
03421             600.00      -20.00
03422             680.00      -12.00
03423             720.00      -20.00
03424             720.00      -16.00
03425             720.00      -20.00
03426             720.00      -16.00
03427             760.00      -16.00
03428             760.00      -16.00
03429             720.00      -12.00
03430             680.00      -16.00
03431             680.00      -20.00
03432             640.00      -16.00
03433             600.00      -12.00
03434             560.00      -20.00
03435             560.00      -16.00
03436             520.00      -12.00
03437             480.00      -16.00
03438             440.00      -12.00
03439             320.00      -16.00
03440             240.00      -16.00
03441             120.00      -12.00
03442              40.00      -20.00
03443             -80.00      -20.00
03444            -160.00      -12.00
03445            -280.00      -16.00
03446            -400.00      -20.00
03447            -520.00      -20.00
03448            -640.00      -16.00
03449            -760.00      -20.00
03450            -800.00      -16.00
03451            -880.00      -12.00
03452            -840.00      -16.00
03453            -800.00      -16.00
03454            -720.00      -20.00
03455            -600.00      -20.00
03456            -520.00      -20.00
03457            -400.00      -16.00
03458            -280.00      -16.00
03459            -160.00      -16.00
03460             -40.00      -20.00
03461               0.00      -16.00
03462              40.00      -16.00
03463              80.00      -16.00
03464             160.00       -8.00
03465             200.00      -20.00
03466             280.00      -16.00
03467             360.00      -12.00
03468             440.00      -16.00
03469             440.00      -16.00
03470             440.00      -20.00
03471             440.00      -16.00
03472             400.00      -16.00
03473             360.00      -16.00
03474             320.00      -12.00
03475             280.00      -12.00
03476             240.00      -12.00
03477             240.00      -12.00
03478             240.00      -16.00
03479             240.00      -16.00
03480             240.00      -12.00
03481             240.00      -20.00
03482             280.00      -20.00
03483             240.00      -20.00
03484             200.00      -16.00
03485             160.00      -12.00
03486             120.00      -16.00
03487              80.00      -12.00
03488              80.00       -4.00
03489              40.00      -12.00
03490             -40.00      -12.00
03491             -80.00      -16.00
03492             -40.00      -16.00
03493             -80.00      -16.00
03494             -40.00      -16.00
03495               0.00      -16.00
03496              40.00      -12.00
03497              80.00      -12.00
03498             160.00      -16.00
03499             160.00      -12.00
03500             280.00      -12.00
03501             320.00       12.00
03502             360.00      -12.00
03503             400.00      -16.00
03504             440.00      -16.00
03505             400.00      -16.00
03506             400.00      -16.00
03507             400.00      -20.00
03508             320.00      -20.00
03509             200.00      -12.00
03510              80.00      -20.00
03511            -600.00      500.00
03512            -680.00      500.00
03513            -760.00      -24.00
03514            -800.00      -32.00
03515            -880.00      -36.00
03516            -880.00      -28.00
03517            -920.00      -36.00
03518            -880.00      -40.00
03519            -840.00      -32.00
03520            -800.00      -36.00
03521            -720.00      -28.00
03522            -640.00      -28.00
03523            -600.00      -28.00
03524            -520.00      -28.00
03525            -440.00      -28.00
03526            -360.00      -32.00
03527            -280.00      -32.00
03528            -200.00      -28.00
03529            -120.00      -28.00
03530               0.00      -28.00
03531              40.00      -28.00
03532             160.00      -28.00
03533             200.00      -28.00
03534             280.00      -24.00
03535             400.00      -28.00
03536             520.00      -28.00
03537             560.00      -28.00
03538             680.00      -20.00
03539             760.00      -24.00
03540             800.00      -28.00
03541             880.00      -24.00
03542             880.00      -24.00
03543             920.00      -28.00
03544             920.00      -20.00
03545             880.00      -24.00
03546             800.00      -28.00
03547             760.00      -24.00
03548             640.00      -32.00
03549             520.00      -28.00
03550             400.00      -24.00
03551             240.00      -24.00
03552              80.00      -24.00
03553             -80.00      -16.00
03554            -240.00      -24.00
03555            -400.00      -24.00
03556            -520.00      -16.00
03557            -680.00      -20.00
03558            -800.00      -20.00
03559            -880.00      -20.00
03560            -920.00      -32.00
03561            -960.00      -20.00
03562           -1040.00      -20.00
03563           -1000.00      -20.00
03564           -1040.00      -16.00
03565           -1040.00      -20.00
03566           -1000.00      -24.00
03567           -1040.00      -24.00
03568           -1000.00      -20.00
03569           -1000.00      -24.00
03570            -920.00      -24.00
03571            -880.00      -28.00
03572            -840.00      -24.00
03573            -680.00      -20.00
03574            -600.00      -16.00
03575            -440.00      -28.00
03576            -280.00      -24.00
03577            -120.00      -28.00
03578              40.00      -20.00
03579             240.00      -16.00
03580             360.00      -20.00
03581             520.00      -24.00
03582             640.00      -16.00
03583             760.00      -24.00
03584             880.00      -24.00
03585             960.00      -20.00
03586            1000.00      -20.00
03587            1040.00      -24.00
03588            1080.00      -24.00
03589            1080.00      -16.00
03590            1080.00      -20.00
03591            1000.00      -24.00
03592             920.00      -16.00
03593             840.00      -20.00
03594             760.00      -16.00
03595             640.00      -28.00
03596             520.00      -20.00
03597             440.00      -20.00
03598             320.00      -28.00
03599             240.00      -20.00
03600             160.00      -16.00
03601             120.00      -20.00
03602               0.00      -20.00
03603             -40.00      -16.00
03604            -120.00      -20.00
03605            -200.00      -20.00
03606            -280.00      -20.00
03607            -320.00      -20.00
03608            -400.00      -20.00
03609            -480.00      -20.00
03610            -520.00      -28.00
03611            -560.00      -20.00
03612            -600.00      -16.00
03613            -640.00      -24.00
03614            -640.00      -24.00
03615            -640.00      -24.00
03616            -640.00      -20.00
03617            -640.00      -20.00
03618            -600.00      -24.00
03619            -520.00      -24.00
03620            -400.00      -16.00
03621            -280.00      -20.00
03622            -160.00      -20.00
03623             -80.00      -20.00
03624               0.00      -24.00
03625              80.00      -20.00
03626             160.00      -20.00
03627             200.00      -24.00
03628             240.00      -20.00
03629             280.00      -20.00
03630             320.00      -16.00
03631             360.00      -20.00
03632             440.00      -20.00
03633             440.00      -20.00
03634             440.00      -24.00
03635             400.00      -20.00
03636             360.00      -20.00
03637             280.00      -20.00
03638             200.00      -20.00
03639             120.00      -20.00
03640             120.00      -20.00
03641              80.00      -20.00
03642              80.00      -24.00
03643              40.00      -24.00
03644             -40.00      -20.00
03645             -40.00      -24.00
03646            -120.00      -20.00
03647            -200.00      -20.00
03648            -240.00      -16.00
03649            -320.00      -20.00
03650            -360.00      -24.00
03651            -400.00      -20.00
03652            -360.00      -20.00
03653            -400.00      -16.00
03654            -400.00      -24.00
03655            -400.00      -16.00
03656            -400.00      -16.00
03657            -400.00      -20.00
03658            -400.00      -20.00
03659            -360.00      -16.00
03660            -280.00      -16.00
03661            -240.00      -24.00
03662            -120.00      -12.00
03663             -40.00      -20.00
03664             120.00      -20.00
03665             240.00      -20.00
03666             320.00      -28.00
03667             400.00      -20.00
03668             440.00      -16.00
03669             480.00      -16.00
03670             560.00      -24.00
03671             640.00      -24.00
03672             680.00      -16.00
03673             720.00      -16.00
03674             760.00      -20.00
03675             760.00      -20.00
03676             760.00      -20.00
03677             800.00      -24.00
03678             760.00      -20.00
03679             720.00      -24.00
03680             680.00      -20.00
03681             680.00      -20.00
03682             640.00      -20.00
03683             640.00      -16.00
03684             600.00      -20.00
03685             560.00      -20.00
03686             560.00      -20.00
03687             480.00      -16.00
03688             440.00      -16.00
03689             360.00      -16.00
03690             240.00      -20.00
03691             160.00      -20.00
03692              40.00      -24.00
03693             -80.00      -20.00
03694            -200.00      -16.00
03695            -320.00      -20.00
03696            -440.00      -20.00
03697            -520.00      -16.00
03698            -640.00      -16.00
03699            -720.00      -20.00
03700            -840.00      -20.00
03701            -880.00      -16.00
03702            -880.00      -20.00
03703            -800.00      -24.00
03704            -720.00      -20.00
03705            -640.00      -16.00
03706            -520.00      -16.00
03707            -440.00      -16.00
03708            -280.00      -20.00
03709            -160.00      -16.00
03710             -80.00      -16.00
03711               0.00      -24.00
03712              40.00      -20.00
03713             120.00      -20.00
03714             160.00      -20.00
03715             240.00      -24.00
03716             280.00      -16.00
03717             360.00      -12.00
03718             400.00      -24.00
03719             440.00      -20.00
03720             440.00      -16.00
03721             400.00      -24.00
03722             360.00      -20.00
03723             320.00      -20.00
03724             320.00      -20.00
03725             320.00      -16.00
03726             280.00      -20.00
03727             240.00      -16.00
03728             240.00      -24.00
03729             200.00      -16.00
03730             240.00      -12.00
03731             240.00      -20.00
03732             240.00      -20.00
03733             240.00      -24.00
03734             200.00      -20.00
03735             160.00      -16.00
03736             160.00      -16.00
03737              80.00      -16.00
03738              40.00      -20.00
03739               0.00      -12.00
03740             -40.00      -20.00
03741             -40.00      -16.00
03742             -80.00      -16.00
03743             -80.00      -16.00
03744             -80.00      -16.00
03745               0.00      -20.00
03746              40.00      -16.00
03747              80.00      -20.00
03748             120.00      -20.00
03749             200.00      -20.00
03750             240.00      -16.00
03751             280.00      -24.00
03752             360.00      -20.00
03753             400.00      -20.00
03754             440.00      -16.00
03755             400.00      -16.00
03756             400.00      -16.00
03757             320.00      -20.00
03758             320.00        4.00
03759             200.00      -20.00
03760             120.00      -24.00
03761            -600.00      500.00
03762            -680.00      500.00
03763            -760.00      -28.00
03764            -800.00      -36.00
03765            -880.00      -36.00
03766            -920.00      -36.00
03767            -920.00      -36.00
03768            -880.00      -36.00
03769            -840.00      -36.00
03770            -800.00      -36.00
03771            -760.00      -32.00
03772            -640.00      -32.00
03773            -600.00      -36.00
03774            -480.00      -32.00
03775            -440.00      -28.00
03776            -360.00      -36.00
03777            -280.00      -28.00
03778            -200.00      -36.00
03779             -80.00      -32.00
03780             -40.00      -28.00
03781              80.00      -28.00
03782             120.00      -28.00
03783             240.00      -28.00
03784             320.00      -24.00
03785             400.00      -20.00
03786             520.00      -28.00
03787             600.00      -24.00
03788             680.00      -28.00
03789             760.00      -24.00
03790             840.00      -28.00
03791             880.00      -24.00
03792             920.00      -28.00
03793             920.00      -20.00
03794             880.00      -24.00
03795             880.00      -24.00
03796             840.00      -24.00
03797             760.00      -20.00
03798             640.00      -20.00
03799             560.00      -24.00
03800             400.00      -24.00
03801             240.00      -20.00
03802              80.00      -24.00
03803             -80.00      -20.00
03804            -240.00      -16.00
03805            -360.00      -20.00
03806            -520.00      -20.00
03807            -640.00      -20.00
03808            -760.00      -20.00
03809            -840.00      -24.00
03810            -920.00      -16.00
03811            -960.00      -16.00
03812           -1000.00      -16.00
03813           -1000.00      -20.00
03814           -1040.00      -12.00
03815           -1040.00      -20.00
03816           -1040.00      -20.00
03817           -1000.00      -24.00
03818           -1000.00      -20.00
03819           -1000.00      -24.00
03820            -960.00      -16.00
03821            -920.00      -20.00
03822            -840.00      -20.00
03823            -680.00      -20.00
03824            -560.00      -20.00
03825            -440.00      -20.00
03826            -320.00      -20.00
03827            -120.00      -16.00
03828              40.00      -16.00
03829             200.00      -24.00
03830             360.00      -20.00
03831             520.00      -16.00
03832             640.00      -16.00
03833             760.00      -12.00
03834             880.00      -16.00
03835             960.00      -16.00
03836            1000.00      -20.00
03837            1040.00      -16.00
03838            1080.00      -12.00
03839            1080.00      -20.00
03840            1040.00      -16.00
03841            1000.00      -20.00
03842             920.00      -16.00
03843             840.00      -16.00
03844             720.00      -20.00
03845             640.00      -24.00
03846             520.00      -16.00
03847             400.00      -16.00
03848             320.00      -12.00
03849             240.00      -16.00
03850             120.00      -16.00
03851              80.00      -20.00
03852               0.00      -20.00
03853             -80.00      -20.00
03854            -120.00      -16.00
03855            -200.00      -16.00
03856            -280.00      -16.00
03857            -360.00      -16.00
03858            -440.00      -16.00
03859            -480.00      -16.00
03860            -560.00      -16.00
03861            -600.00      -12.00
03862            -600.00      -16.00
03863            -640.00      -16.00
03864            -680.00      -16.00
03865            -680.00      -16.00
03866            -640.00      -16.00
03867            -640.00      -20.00
03868            -600.00      -20.00
03869            -520.00      -16.00
03870            -400.00      -16.00
03871            -320.00      -16.00
03872            -200.00      -16.00
03873            -120.00      -16.00
03874             -40.00      -16.00
03875              40.00      -20.00
03876             120.00      -20.00
03877             200.00      -16.00
03878             240.00      -16.00
03879             280.00      -16.00
03880             360.00      -12.00
03881             400.00      -16.00
03882             400.00      -16.00
03883             440.00      -16.00
03884             400.00      -16.00
03885             360.00      -16.00
03886             360.00      -16.00
03887             240.00      -20.00
03888             200.00      -20.00
03889             120.00      -20.00
03890              80.00      -16.00
03891              80.00      -20.00
03892              80.00      -20.00
03893               0.00      -16.00
03894             -40.00      -12.00
03895             -80.00      -20.00
03896            -120.00      -16.00
03897            -160.00      -20.00
03898            -240.00      -20.00
03899            -280.00      -20.00
03900            -280.00      -12.00
03901            -360.00      -24.00
03902            -400.00      -20.00
03903            -400.00      -20.00
03904            -400.00      -16.00
03905            -400.00      -20.00
03906            -400.00      -12.00
03907            -400.00      -24.00
03908            -360.00      -20.00
03909            -320.00      -12.00
03910            -280.00      -12.00
03911            -160.00      -16.00
03912            -120.00      -20.00
03913               0.00      -20.00
03914             120.00      -16.00
03915             240.00      -20.00
03916             320.00      -16.00
03917             400.00      -20.00
03918             440.00      -16.00
03919             520.00      -20.00
03920             560.00      -16.00
03921             640.00      -20.00
03922             680.00      -20.00
03923             720.00      -20.00
03924             760.00      -16.00
03925             800.00      -20.00
03926             760.00      -16.00
03927             800.00      -16.00
03928             760.00      -20.00
03929             760.00      -16.00
03930             720.00      -12.00
03931             680.00      -16.00
03932             640.00      -24.00
03933             640.00      -24.00
03934             600.00      -12.00
03935             560.00      -24.00
03936             560.00      -20.00
03937             520.00      -20.00
03938             480.00      -16.00
03939             360.00      -20.00
03940             240.00      -20.00
03941             160.00      -20.00
03942              40.00      -20.00
03943             -40.00      -20.00
03944            -200.00      -20.00
03945            -320.00      -16.00
03946            -400.00      -16.00
03947            -520.00      -16.00
03948            -640.00      -20.00
03949            -760.00      -20.00
03950            -840.00      -20.00
03951            -880.00      -16.00
03952            -880.00      -16.00
03953            -800.00      -20.00
03954            -720.00      -16.00
03955            -640.00      -16.00
03956            -560.00      -20.00
03957            -440.00      -20.00
03958            -320.00      -20.00
03959            -200.00      -20.00
03960            -120.00      -28.00
03961               0.00      -20.00
03962              40.00      -20.00
03963              80.00      -20.00
03964             160.00      -16.00
03965             240.00      -20.00
03966             320.00      -16.00
03967             360.00      -20.00
03968             400.00      -16.00
03969             400.00      -16.00
03970             440.00      -16.00
03971             400.00      -20.00
03972             360.00      -16.00
03973             320.00      -24.00
03974             320.00      -16.00
03975             280.00      -16.00
03976             240.00      -16.00
03977             240.00      -12.00
03978             240.00      -24.00
03979             200.00      -20.00
03980             200.00      -20.00
03981             200.00      -20.00
03982             240.00      -20.00
03983             240.00      -20.00
03984             200.00      -20.00
03985             160.00      -16.00
03986              80.00      -16.00
03987              80.00      -16.00
03988              40.00      -24.00
03989               0.00      -24.00
03990             -40.00      -24.00
03991             -40.00      -20.00
03992             -80.00      -20.00
03993             -80.00      -16.00
03994             -40.00      -28.00
03995               0.00      -24.00
03996              40.00      -20.00
03997              80.00      -20.00
03998             120.00      -16.00
03999             160.00      -16.00
04000             240.00      -24.00
04001             280.00      -20.00
04002             360.00      -20.00
04003             360.00      -20.00
04004             440.00      -16.00
04005             400.00      -16.00
04006             400.00      -20.00
04007             360.00      -24.00
04008             280.00      -20.00
04009             200.00      -16.00
04010             120.00      -20.00
04011            -600.00      500.00
04012            -720.00      500.00
04013            -720.00      -32.00
04014            -840.00      -36.00
04015            -880.00      -40.00
04016            -880.00      -40.00
04017            -920.00      -32.00
04018            -880.00      -36.00
04019            -840.00      -36.00
04020            -800.00      -36.00
04021            -720.00      -32.00
04022            -680.00      -40.00
04023            -600.00      -40.00
04024            -520.00      -28.00
04025            -440.00      -32.00
04026            -320.00      -36.00
04027            -280.00      -32.00
04028            -160.00      -32.00
04029             -80.00      -32.00
04030               0.00      -28.00
04031              40.00      -28.00
04032             160.00      -32.00
04033             280.00      -28.00
04034             360.00      -24.00
04035             400.00      -28.00
04036             520.00      -32.00
04037             640.00      -28.00
04038             680.00      -28.00
04039             800.00      -32.00
04040             840.00      -28.00
04041             880.00      -28.00
04042             920.00      -24.00
04043             960.00      -24.00
04044             960.00      -20.00
04045             880.00      -32.00
04046             840.00      -28.00
04047             760.00      -24.00
04048             680.00      -28.00
04049             560.00      -28.00
04050             400.00      -24.00
04051             240.00      -24.00
04052             120.00      -20.00
04053             -40.00      -20.00
04054            -200.00      -24.00
04055            -360.00      -24.00
04056            -520.00      -24.00
04057            -640.00      -24.00
04058            -760.00      -24.00
04059            -800.00      -24.00
04060            -880.00      -20.00
04061            -920.00      -24.00
04062            -960.00      -20.00
04063           -1000.00      -24.00
04064           -1040.00      -16.00
04065           -1040.00      -24.00
04066           -1040.00      -24.00
04067           -1000.00      -24.00
04068           -1000.00      -24.00
04069           -1000.00      -20.00
04070            -920.00      -20.00
04071            -880.00      -24.00
04072            -800.00      -28.00
04073            -720.00      -24.00
04074            -560.00      -20.00
04075            -440.00      -20.00
04076            -320.00      -20.00
04077            -120.00      -20.00
04078              40.00      -16.00
04079             200.00      -20.00
04080             360.00      -20.00
04081             520.00      -20.00
04082             680.00      -20.00
04083             760.00      -20.00
04084             880.00      -24.00
04085             920.00      -24.00
04086            1000.00      -20.00
04087            1040.00      -24.00
04088            1040.00      -24.00
04089            1040.00      -24.00
04090            1000.00      -20.00
04091            1000.00      -20.00
04092             920.00      -16.00
04093             840.00      -20.00
04094             720.00      -20.00
04095             600.00      -16.00
04096             520.00      -20.00
04097             400.00      -24.00
04098             320.00      -20.00
04099             240.00      -20.00
04100             160.00      -20.00
04101              40.00      -12.00
04102               0.00      -16.00
04103             -80.00      -20.00
04104            -120.00      -28.00
04105            -200.00      -20.00
04106            -280.00      -28.00
04107            -360.00      -20.00
04108            -440.00      -20.00
04109            -520.00      -16.00
04110            -560.00      -20.00
04111            -600.00      -16.00
04112            -640.00      -20.00
04113            -640.00      -24.00
04114            -640.00      -20.00
04115            -680.00      -16.00
04116            -640.00      -16.00
04117            -640.00      -16.00
04118            -600.00      -24.00
04119            -520.00      -16.00
04120            -400.00      -20.00
04121            -320.00      -20.00
04122            -200.00      -16.00
04123            -120.00      -20.00
04124               0.00      -16.00
04125              80.00      -20.00
04126              80.00      -20.00
04127             160.00      -24.00
04128             240.00      -20.00
04129             280.00      -20.00
04130             360.00      -20.00
04131             360.00      -12.00
04132             440.00      -16.00
04133             480.00      -16.00
04134             400.00      -20.00
04135             360.00      -20.00
04136             320.00      -28.00
04137             240.00      -20.00
04138             200.00      -16.00
04139             160.00      -24.00
04140              80.00      -16.00
04141              80.00      -20.00
04142              80.00      -16.00
04143              40.00      -20.00
04144               0.00      -16.00
04145             -40.00      -16.00
04146            -120.00      -16.00
04147            -160.00      -16.00
04148            -200.00      -16.00
04149            -280.00      -16.00
04150            -320.00      -20.00
04151            -360.00      -12.00
04152            -400.00      -24.00
04153            -400.00      -16.00
04154            -400.00      -20.00
04155            -360.00      -16.00
04156            -360.00      -16.00
04157            -360.00      -16.00
04158            -360.00      -16.00
04159            -280.00      -16.00
04160            -280.00      -16.00
04161            -200.00      -16.00
04162             -80.00      -16.00
04163               0.00      -16.00
04164             160.00      -16.00
04165             280.00      -16.00
04166             360.00      -12.00
04167             440.00      -12.00
04168             440.00      -16.00
04169             560.00      -16.00
04170             600.00      -20.00
04171             680.00      -16.00
04172             720.00      -16.00
04173             720.00      -16.00
04174             800.00      -12.00
04175             800.00      -16.00
04176             800.00      -16.00
04177             800.00      -12.00
04178             760.00      -16.00
04179             760.00      -12.00
04180             720.00      -20.00
04181             680.00      -16.00
04182             680.00      -16.00
04183             640.00      -16.00
04184             600.00      -12.00
04185             600.00      -12.00
04186             560.00      -16.00
04187             520.00       -8.00
04188             440.00      -12.00
04189             400.00      -20.00
04190             240.00      -20.00
04191             160.00      -20.00
04192              40.00      -16.00
04193            -120.00      -16.00
04194            -240.00      -20.00
04195            -320.00      -16.00
04196            -400.00      -12.00
04197            -560.00      -16.00
04198            -640.00      -16.00
04199            -760.00      -16.00
04200            -840.00      -16.00
04201            -880.00      -20.00
04202            -880.00      -12.00
04203            -840.00      -16.00
04204            -720.00      -16.00
04205            -640.00      -16.00
04206            -520.00      -12.00
04207            -440.00      -20.00
04208            -320.00      -16.00
04209            -200.00      -12.00
04210             -80.00      -24.00
04211               0.00      -20.00
04212              40.00      -16.00
04213              80.00      -16.00
04214             160.00      -12.00
04215             240.00      -16.00
04216             280.00      -16.00
04217             360.00      -16.00
04218             360.00      -12.00
04219             400.00      -16.00
04220             400.00      -12.00
04221             360.00      -16.00
04222             360.00      -12.00
04223             320.00      -20.00
04224             280.00      -16.00
04225             240.00      -16.00
04226             240.00      -20.00
04227             200.00      -16.00
04228             200.00      -16.00
04229             200.00      -12.00
04230             200.00      -12.00
04231             240.00      -16.00
04232             200.00      -12.00
04233             240.00      -16.00
04234             160.00      -12.00
04235             160.00      -16.00
04236             120.00      -20.00
04237              80.00      -12.00
04238               0.00      -20.00
04239               0.00      -12.00
04240               0.00      -20.00
04241             -80.00      -16.00
04242             -80.00      -16.00
04243             -80.00      -16.00
04244             -80.00      -16.00
04245               0.00      -16.00
04246              40.00      -20.00
04247              80.00      -16.00
04248             120.00      -16.00
04249             160.00      -16.00
04250             240.00      -16.00
04251             280.00      -16.00
04252             320.00      -16.00
04253             360.00      -12.00
04254             400.00      -20.00
04255             400.00      -16.00
04256             400.00      -16.00
04257             360.00      -16.00
04258             320.00      -20.00
04259             200.00      -20.00
04260              80.00      -16.00
04261            -600.00      500.00
04262            -680.00      500.00
04263            -760.00      -32.00
04264            -800.00      -32.00
04265            -880.00      -36.00
04266            -920.00      -36.00
04267            -880.00      -40.00
04268            -840.00      -36.00
04269            -840.00      -36.00
04270            -760.00      -36.00
04271            -680.00      -32.00
04272            -640.00      -36.00
04273            -560.00      -32.00
04274            -480.00      -32.00
04275            -400.00      -28.00
04276            -360.00      -28.00
04277            -280.00      -32.00
04278            -160.00      -28.00
04279             -80.00      -32.00
04280               0.00      -36.00
04281              80.00      -28.00
04282             160.00      -32.00
04283             280.00      -32.00
04284             360.00      -32.00
04285             440.00      -24.00
04286             560.00      -36.00
04287             640.00      -28.00
04288             720.00      -20.00
04289             800.00      -28.00
04290             880.00      -24.00
04291             920.00      -24.00
04292             920.00      -28.00
04293             960.00      -20.00
04294             960.00      -24.00
04295             920.00      -32.00
04296             880.00      -24.00
04297             760.00      -24.00
04298             680.00      -28.00
04299             560.00      -28.00
04300             400.00      -28.00
04301             280.00      -24.00
04302             120.00      -16.00
04303             -40.00      -28.00
04304            -200.00      -20.00
04305            -360.00      -24.00
04306            -520.00      -24.00
04307            -600.00      -28.00
04308            -760.00      -24.00
04309            -800.00      -24.00
04310            -880.00      -28.00
04311            -960.00      -24.00
04312           -1000.00      -28.00
04313           -1040.00      -24.00
04314           -1040.00      -20.00
04315           -1040.00      -24.00
04316           -1040.00      -24.00
04317           -1040.00      -28.00
04318           -1040.00      -20.00
04319           -1000.00      -20.00
04320            -960.00      -24.00
04321            -880.00      -24.00
04322            -800.00      -24.00
04323            -720.00      -24.00
04324            -600.00      -24.00
04325            -440.00      -20.00
04326            -360.00      -24.00
04327            -160.00      -24.00
04328               0.00      -20.00
04329             160.00      -24.00
04330             320.00      -28.00
04331             480.00      -12.00
04332             640.00      -28.00
04333             760.00      -24.00
04334             840.00      -24.00
04335             920.00      -28.00
04336             960.00      -20.00
04337            1000.00      -20.00
04338            1040.00      -20.00
04339            1080.00      -24.00
04340            1040.00      -24.00
04341            1000.00      -24.00
04342             920.00      -24.00
04343             840.00      -20.00
04344             680.00      -24.00
04345             640.00      -24.00
04346             520.00      -24.00
04347             440.00      -20.00
04348             320.00      -20.00
04349             200.00      -24.00
04350             120.00      -20.00
04351              40.00      -24.00
04352             -40.00      -20.00
04353             -80.00      -24.00
04354            -160.00      -20.00
04355            -240.00      -32.00
04356            -280.00      -24.00
04357            -360.00      -16.00
04358            -440.00      -20.00
04359            -520.00      -20.00
04360            -560.00      -20.00
04361            -600.00      -24.00
04362            -640.00      -24.00
04363            -640.00      -20.00
04364            -680.00      -24.00
04365            -680.00      -24.00
04366            -720.00      -20.00
04367            -640.00      -12.00
04368            -640.00      -20.00
04369            -560.00      -20.00
04370            -440.00      -20.00
04371            -320.00      -24.00
04372            -200.00      -20.00
04373            -120.00      -20.00
04374               0.00      -20.00
04375              40.00      -20.00
04376             120.00      -24.00
04377             200.00      -20.00
04378             240.00      -24.00
04379             280.00      -20.00
04380             360.00      -24.00
04381             400.00      -24.00
04382             400.00      -16.00
04383             440.00      -28.00
04384             440.00      -20.00
04385             400.00      -20.00
04386             320.00      -20.00
04387             280.00      -20.00
04388             240.00      -16.00
04389             160.00      -20.00
04390             120.00      -20.00
04391             120.00      -24.00
04392              80.00      -20.00
04393              40.00      -24.00
04394               0.00      -20.00
04395             -40.00      -20.00
04396             -80.00      -20.00
04397            -120.00      -24.00
04398            -200.00      -28.00
04399            -240.00      -16.00
04400            -280.00      -24.00
04401            -320.00      -16.00
04402            -360.00      -12.00
04403            -360.00      -20.00
04404            -320.00      -20.00
04405            -360.00      -16.00
04406            -360.00      -20.00
04407            -320.00      -16.00
04408            -360.00      -24.00
04409            -280.00      -24.00
04410            -240.00      -16.00
04411            -200.00      -24.00
04412             -80.00      -20.00
04413              40.00      -20.00
04414             160.00      -28.00
04415             280.00      -12.00
04416             360.00      -20.00
04417             440.00      -24.00
04418             480.00      -20.00
04419             560.00      -20.00
04420             560.00      -16.00
04421             680.00      -24.00
04422             680.00      -20.00
04423             720.00      -16.00
04424             800.00      -20.00
04425             760.00      -20.00
04426             800.00      -12.00
04427             800.00      -24.00
04428             800.00      -20.00
04429             760.00      -20.00
04430             720.00      -20.00
04431             680.00      -20.00
04432             680.00      -20.00
04433             640.00      -20.00
04434             600.00      -16.00
04435             600.00      -20.00
04436             560.00      -16.00
04437             520.00      -24.00
04438             440.00      -20.00
04439             360.00      -20.00
04440             240.00      -16.00
04441             160.00      -20.00
04442              40.00      -16.00
04443             -80.00      -24.00
04444            -240.00      -20.00
04445            -320.00      -24.00
04446            -440.00      -24.00
04447            -600.00      -20.00
04448            -680.00      -24.00
04449            -760.00      -24.00
04450            -840.00      -20.00
04451            -880.00      -16.00
04452            -880.00      -16.00
04453            -840.00      -20.00
04454            -760.00      -20.00
04455            -680.00      -24.00
04456            -560.00      -24.00
04457            -440.00      -16.00
04458            -320.00      -24.00
04459            -240.00      -16.00
04460            -120.00      -24.00
04461             -40.00      -16.00
04462              40.00      -20.00
04463              40.00      -16.00
04464             120.00      -20.00
04465             200.00      -20.00
04466             240.00      -20.00
04467             320.00      -16.00
04468             360.00      -28.00
04469             400.00      -20.00
04470             400.00      -16.00
04471             360.00      -20.00
04472             360.00      -16.00
04473             280.00      -20.00
04474             320.00      -20.00
04475             240.00      -20.00
04476             240.00      -16.00
04477             200.00      -20.00
04478             200.00      -20.00
04479             200.00      -20.00
04480             200.00      -20.00
04481             200.00      -12.00
04482             240.00      -16.00
04483             240.00      -20.00
04484             200.00      -16.00
04485             160.00      -20.00
04486              80.00      -16.00
04487              80.00      -20.00
04488              40.00      -20.00
04489               0.00      -24.00
04490             -40.00      -20.00
04491             -40.00      -20.00
04492             -80.00      -16.00
04493             -80.00      -24.00
04494             -40.00      -16.00
04495               0.00      -20.00
04496              40.00      -20.00
04497              80.00      -16.00
04498             160.00      -20.00
04499             200.00      -16.00
04500             240.00      -16.00
04501             320.00      -16.00
04502             360.00      -16.00
04503             360.00      -16.00
04504             400.00      -16.00
04505             400.00      -16.00
04506             400.00      -20.00
04507             360.00      -20.00
04508             320.00      -16.00
04509             200.00      -16.00
04510              80.00      -20.00
04511            -600.00      500.00
04512            -680.00      500.00
04513            -720.00      -28.00
04514            -800.00      -36.00
04515            -840.00      -32.00
04516            -880.00      -44.00
04517            -880.00      -44.00
04518            -880.00      -32.00
04519            -840.00      -28.00
04520            -760.00      -32.00
04521            -680.00      -32.00
04522            -600.00      -28.00
04523            -560.00      -32.00
04524            -480.00      -28.00
04525            -400.00      -32.00
04526            -320.00      -28.00
04527            -240.00      -32.00
04528            -160.00      -28.00
04529             -80.00      -20.00
04530               0.00      -28.00
04531              80.00      -28.00
04532             160.00      -28.00
04533             280.00      -28.00
04534             400.00      -32.00
04535             440.00      -28.00
04536             560.00      -28.00
04537             640.00      -24.00
04538             720.00      -28.00
04539             800.00      -24.00
04540             880.00      -28.00
04541             920.00      -24.00
04542            1000.00      -24.00
04543            1000.00      -20.00
04544             960.00      -20.00
04545             960.00      -24.00
04546             880.00      -20.00
04547             800.00      -24.00
04548             680.00      -20.00
04549             600.00      -28.00
04550             440.00      -20.00
04551             280.00      -28.00
04552             120.00      -20.00
04553               0.00      -24.00
04554            -200.00      -20.00
04555            -360.00      -16.00
04556            -520.00      -20.00
04557            -640.00      -24.00
04558            -720.00      -20.00
04559            -840.00      -20.00
04560            -880.00      -16.00
04561            -920.00      -24.00
04562           -1000.00      -20.00
04563           -1040.00      -20.00
04564           -1040.00      -20.00
04565           -1040.00      -24.00
04566           -1040.00      -16.00
04567           -1040.00      -20.00
04568           -1040.00      -20.00
04569           -1040.00      -20.00
04570           -1000.00      -20.00
04571            -960.00      -24.00
04572            -840.00      -20.00
04573            -760.00      -24.00
04574            -600.00      -24.00
04575            -480.00      -16.00
04576            -360.00      -20.00
04577            -160.00      -16.00
04578               0.00      -20.00
04579             160.00      -16.00
04580             360.00      -20.00
04581             480.00      -24.00
04582             640.00      -20.00
04583             720.00      -20.00
04584             840.00      -12.00
04585             920.00      -20.00
04586            1000.00      -16.00
04587            1000.00      -20.00
04588            1080.00      -16.00
04589            1040.00      -12.00
04590            1040.00      -16.00
04591             960.00      -16.00
04592             920.00      -20.00
04593             840.00      -16.00
04594             720.00      -16.00
04595             640.00      -16.00
04596             520.00      -20.00
04597             400.00      -20.00
04598             280.00      -20.00
04599             200.00      -20.00
04600              80.00      -16.00
04601              40.00      -20.00
04602               0.00      -20.00
04603            -120.00      -16.00
04604            -120.00      -16.00
04605            -240.00      -20.00
04606            -280.00      -16.00
04607            -360.00      -20.00
04608            -440.00      -20.00
04609            -520.00      -16.00
04610            -560.00      -16.00
04611            -600.00      -20.00
04612            -640.00      -20.00
04613            -640.00      -16.00
04614            -720.00      -16.00
04615            -720.00      -16.00
04616            -680.00      -32.00
04617            -680.00      -16.00
04618            -600.00      -20.00
04619            -560.00      -24.00
04620            -480.00      -20.00
04621            -280.00      -20.00
04622            -200.00      -16.00
04623             -80.00      -20.00
04624             -40.00      -16.00
04625              40.00      -20.00
04626             120.00      -16.00
04627             200.00      -16.00
04628             240.00      -20.00
04629             280.00      -16.00
04630             360.00      -24.00
04631             400.00      -16.00
04632             440.00      -16.00
04633             440.00      -20.00
04634             440.00      -20.00
04635             400.00      -20.00
04636             320.00      -16.00
04637             280.00      -16.00
04638             240.00      -20.00
04639             160.00      -20.00
04640             120.00      -16.00
04641             120.00      -16.00
04642              80.00      -24.00
04643              40.00      -16.00
04644              40.00      -16.00
04645               0.00      -16.00
04646             -80.00      -16.00
04647             -80.00      -16.00
04648            -200.00      -20.00
04649            -240.00      -20.00
04650            -280.00      -16.00
04651            -320.00      -16.00
04652            -360.00      -16.00
04653            -360.00      -24.00
04654            -360.00      -20.00
04655            -360.00      -24.00
04656            -320.00      -20.00
04657            -320.00      -20.00
04658            -280.00      -20.00
04659            -280.00      -20.00
04660            -240.00      -16.00
04661            -160.00      -16.00
04662             -80.00      -20.00
04663              40.00      -24.00
04664             160.00      -16.00
04665             320.00      -20.00
04666             400.00      -24.00
04667             440.00      -20.00
04668             480.00      -20.00
04669             520.00      -16.00
04670             600.00      -20.00
04671             640.00      -20.00
04672             680.00      -16.00
04673             720.00      -24.00
04674             760.00      -20.00
04675             800.00      -20.00
04676             760.00      -24.00
04677             800.00      -16.00
04678             760.00      -20.00
04679             760.00      -16.00
04680             720.00      -16.00
04681             640.00      -24.00
04682             640.00      -20.00
04683             640.00      -16.00
04684             560.00      -20.00
04685             560.00      -20.00
04686             560.00      -24.00
04687             480.00      -20.00
04688             400.00      -20.00
04689             320.00      -24.00
04690             200.00      -24.00
04691             160.00      -20.00
04692               0.00      -24.00
04693            -120.00      -16.00
04694            -240.00      -24.00
04695            -360.00      -16.00
04696            -440.00      -24.00
04697            -600.00      -20.00
04698            -720.00      -24.00
04699            -800.00      -20.00
04700            -840.00      -20.00
04701            -920.00      -20.00
04702            -880.00      -24.00
04703            -840.00      -24.00
04704            -760.00      -20.00
04705            -680.00      -20.00
04706            -600.00      -24.00
04707            -480.00      -28.00
04708            -360.00      -20.00
04709            -200.00      -20.00
04710            -120.00      -20.00
04711             -80.00      -20.00
04712               0.00      -20.00
04713              40.00      -24.00
04714              80.00      -16.00
04715             200.00      -20.00
04716             240.00      -20.00
04717             320.00      -20.00
04718             360.00      -20.00
04719             400.00      -20.00
04720             400.00      -16.00
04721             360.00      -20.00
04722             360.00      -20.00
04723             320.00      -16.00
04724             320.00      -20.00
04725             240.00      -20.00
04726             240.00      -20.00
04727             240.00      -24.00
04728             240.00      -20.00
04729             200.00      -12.00
04730             200.00      -16.00
04731             200.00      -16.00
04732             200.00      -20.00
04733             240.00      -20.00
04734             200.00      -16.00
04735             160.00      -24.00
04736             120.00      -20.00
04737              80.00      -20.00
04738              80.00      -20.00
04739               0.00      -16.00
04740             -40.00      -20.00
04741             -40.00      -20.00
04742             -80.00      -24.00
04743             -40.00      -16.00
04744             -40.00      -20.00
04745               0.00      -20.00
04746              40.00      -20.00
04747              80.00      -12.00
04748             160.00      -20.00
04749             200.00      -20.00
04750             240.00      -20.00
04751             320.00      -20.00
04752             360.00      -20.00
04753             360.00      -28.00
04754             440.00      -24.00
04755             400.00      -20.00
04756             400.00      -24.00
04757             360.00      -20.00
04758             320.00      -16.00
04759             240.00      -20.00
04760             120.00      -20.00
04761            -560.00      500.00
04762            -680.00      500.00
04763            -760.00      -36.00
04764            -800.00      -40.00
04765            -840.00      -44.00
04766            -880.00      -32.00
04767            -880.00      -36.00
04768            -840.00      -40.00
04769            -840.00      -36.00
04770            -760.00      -36.00
04771            -720.00      -32.00
04772            -640.00      -40.00
04773            -520.00      -36.00
04774            -400.00      -28.00
04775            -400.00      -36.00
04776            -280.00      -36.00
04777            -240.00      -28.00
04778            -120.00      -32.00
04779             -80.00      -32.00
04780               0.00      -28.00
04781              80.00      -36.00
04782             200.00      -36.00
04783             280.00      -28.00
04784             360.00      -32.00
04785             480.00      -28.00
04786             560.00      -28.00
04787             640.00      -32.00
04788             760.00      -36.00
04789             840.00      -32.00
04790             880.00      -28.00
04791             920.00      -28.00
04792             960.00      -24.00
04793            1000.00      -24.00
04794             960.00      -28.00
04795             920.00      -32.00
04796             880.00      -28.00
04797             800.00      -20.00
04798             720.00      -28.00
04799             560.00      -24.00
04800             440.00      -24.00
04801             280.00      -32.00
04802             120.00      -24.00
04803             -40.00      -20.00
04804            -200.00      -24.00
04805            -360.00      -24.00
04806            -520.00      -32.00
04807            -640.00      -24.00
04808            -760.00      -20.00
04809            -840.00      -24.00
04810            -920.00      -20.00
04811            -960.00      -20.00
04812            -960.00      -16.00
04813           -1040.00      -24.00
04814           -1080.00      -24.00
04815           -1040.00      -20.00
04816           -1080.00      -20.00
04817           -1080.00      -28.00
04818           -1040.00      -28.00
04819           -1040.00      -20.00
04820           -1000.00      -20.00
04821            -920.00      -24.00
04822            -880.00      -20.00
04823            -760.00      -24.00
04824            -600.00      -24.00
04825            -480.00      -20.00
04826            -320.00      -28.00
04827            -160.00      -20.00
04828               0.00      -24.00
04829             120.00      -24.00
04830             320.00      -20.00
04831             480.00      -20.00
04832             600.00      -16.00
04833             720.00      -20.00
04834             840.00      -24.00
04835             880.00      -24.00
04836            1000.00      -20.00
04837            1000.00      -24.00
04838            1040.00      -16.00
04839            1040.00      -28.00
04840            1000.00      -20.00
04841             960.00      -24.00
04842             880.00      -16.00
04843             800.00      -16.00
04844             680.00      -24.00
04845             560.00      -24.00
04846             520.00      -24.00
04847             400.00      -20.00
04848             280.00      -20.00
04849             200.00      -24.00
04850             120.00      -16.00
04851              40.00      -20.00
04852             -40.00      -16.00
04853             -80.00      -20.00
04854            -120.00      -20.00
04855            -240.00      -16.00
04856            -320.00      -24.00
04857            -400.00      -24.00
04858            -440.00      -20.00
04859            -520.00      -20.00
04860            -560.00      -16.00
04861            -600.00      -16.00
04862            -600.00      -20.00
04863            -680.00      -20.00
04864            -680.00      -28.00
04865            -680.00      -20.00
04866            -720.00      -20.00
04867            -720.00      -20.00
04868            -600.00      -20.00
04869            -520.00      -24.00
04870            -400.00      -20.00
04871            -280.00      -20.00
04872            -200.00      -16.00
04873             -80.00      -12.00
04874             -40.00      -20.00
04875              80.00      -16.00
04876             120.00      -20.00
04877             200.00      -20.00
04878             240.00      -12.00
04879             320.00      -20.00
04880             360.00      -20.00
04881             400.00      -20.00
04882             480.00      -20.00
04883             440.00      -20.00
04884             440.00      -20.00
04885             400.00      -16.00
04886             360.00      -20.00
04887             320.00      -24.00
04888             240.00      -12.00
04889             200.00      -16.00
04890             160.00      -20.00
04891             120.00      -24.00
04892             120.00      -24.00
04893              80.00      -12.00
04894              40.00      -16.00
04895               0.00      -20.00
04896             -40.00      -16.00
04897            -120.00      -12.00
04898            -160.00      -12.00
04899            -200.00      -20.00
04900            -280.00      -16.00
04901            -280.00      -20.00
04902            -320.00      -20.00
04903            -360.00      -16.00
04904            -360.00      -16.00
04905            -360.00      -12.00
04906            -320.00      -16.00
04907            -320.00      -12.00
04908            -320.00      -12.00
04909            -280.00      -20.00
04910            -280.00      -20.00
04911            -160.00      -16.00
04912             -80.00      -20.00
04913              40.00      -16.00
04914             160.00      -16.00
04915             320.00      -16.00
04916             360.00      -20.00
04917             400.00      -12.00
04918             480.00      -16.00
04919             520.00      -16.00
04920             600.00      -20.00
04921             640.00      -16.00
04922             680.00      -12.00
04923             720.00      -12.00
04924             760.00      -16.00
04925             760.00      -16.00
04926             760.00      -16.00
04927             800.00      -16.00
04928             760.00      -16.00
04929             720.00      -20.00
04930             720.00      -16.00
04931             680.00      -20.00
04932             640.00      -16.00
04933             600.00      -16.00
04934             560.00      -16.00
04935             560.00      -12.00
04936             520.00      -12.00
04937             480.00      -20.00
04938             440.00      -16.00
04939             360.00      -20.00
04940             200.00      -16.00
04941             120.00      -20.00
04942               0.00      -20.00
04943            -120.00      -16.00
04944            -240.00      -16.00
04945            -360.00      -16.00
04946            -480.00      -12.00
04947            -600.00      -12.00
04948            -680.00      -20.00
04949            -800.00      -16.00
04950            -880.00      -16.00
04951            -920.00      -12.00
04952            -920.00      -16.00
04953            -840.00      -12.00
04954            -760.00      -16.00
04955            -720.00      -20.00
04956            -600.00      -16.00
04957            -480.00      -20.00
04958            -400.00      -24.00
04959            -280.00      -16.00
04960            -120.00      -16.00
04961             -80.00      -16.00
04962               0.00      -20.00
04963              40.00      -16.00
04964              80.00      -16.00
04965             200.00      -20.00
04966             200.00      -24.00
04967             320.00      -16.00
04968             360.00      -20.00
04969             400.00      -16.00
04970             400.00      -16.00
04971             360.00      -16.00
04972             360.00      -20.00
04973             280.00      -16.00
04974             280.00      -16.00
04975             240.00      -20.00
04976             240.00      -16.00
04977             240.00      -16.00
04978             240.00      -16.00
04979             200.00      -16.00
04980             200.00      -16.00
04981             240.00      -20.00
04982             240.00      -16.00
04983             200.00      -16.00
04984             200.00      -16.00
04985             160.00      -20.00
04986              80.00      -16.00
04987              80.00      -20.00
04988              40.00      -16.00
04989               0.00      -16.00
04990               0.00      -16.00
04991             -80.00      -16.00
04992             -40.00      -16.00
04993             -40.00      -16.00
04994             -40.00      -24.00
04995               0.00      -20.00
04996              40.00      -20.00
04997              80.00      -20.00
04998             120.00      -16.00
04999             200.00      -16.00
05000             240.00      -12.00
