Unit:(mV)
                     CH1         CH2
Frequency              ?   1.167 kHz
Period                 ?  856.898 us
00001           -1120.00      -16.00
00002           -1080.00      -16.00
00003           -1000.00      -16.00
00004            -960.00      -20.00
00005            -960.00      -20.00
00006            -920.00      -20.00
00007            -880.00      -20.00
00008            -840.00      -16.00
00009            -760.00      -20.00
00010            -760.00      -16.00
00011           -2080.00      500.00
00012           -2040.00      500.00
00013           -2120.00      500.00
00014           -2120.00      -36.00
00015           -2120.00      -44.00
00016           -2120.00      -44.00
00017           -2120.00      -32.00
00018           -2160.00      -32.00
00019           -2160.00      -32.00
00020           -2120.00      -36.00
00021           -2120.00      -40.00
00022           -2120.00      -36.00
00023           -2080.00      -36.00
00024           -2080.00      -28.00
00025           -2040.00      -32.00
00026           -2040.00      -32.00
00027           -2000.00      -36.00
00028           -1920.00      -32.00
00029           -1880.00      -32.00
00030           -1840.00      -32.00
00031           -1800.00      -24.00
00032           -1720.00      -28.00
00033           -1680.00      -28.00
00034           -1560.00      -28.00
00035           -1560.00      -28.00
00036           -1440.00      -32.00
00037           -1440.00      -28.00
00038           -1360.00      -28.00
00039           -1320.00      -28.00
00040           -1240.00      -24.00
00041           -1160.00      -28.00
00042           -1120.00      -28.00
00043           -1040.00      -28.00
00044           -1000.00      -32.00
00045            -960.00      -24.00
00046            -920.00      -28.00
00047            -840.00      -28.00
00048            -840.00      -24.00
00049            -760.00      -24.00
00050            -720.00      -24.00
00051            -640.00      -24.00
00052            -560.00      -24.00
00053            -520.00      -24.00
00054            -440.00      -24.00
00055            -400.00      -24.00
00056            -360.00      -24.00
00057            -200.00      -28.00
00058            -160.00      -28.00
00059            -120.00      -16.00
00060             -40.00      -24.00
00061              40.00      -16.00
00062             120.00      -20.00
00063             160.00      -20.00
00064             280.00      -28.00
00065             240.00      -24.00
00066             360.00      -20.00
00067             480.00      -20.00
00068             480.00      -16.00
00069             560.00      -20.00
00070             720.00      -20.00
00071             720.00      -20.00
00072             840.00      -20.00
00073            1000.00      -24.00
00074            1080.00      -24.00
00075            1160.00      -20.00
00076            1240.00      -20.00
00077            1320.00      -20.00
00078            1520.00      -16.00
00079            1560.00      -20.00
00080            1680.00      -24.00
00081            1840.00      -20.00
00082            1880.00      -20.00
00083            1960.00      -16.00
00084            2080.00      -20.00
00085            2120.00      -16.00
00086            2200.00      -24.00
00087            2280.00      -20.00
00088            2280.00      -16.00
00089            2360.00      -20.00
00090            2400.00      -16.00
00091            2480.00      -20.00
00092            2480.00      -24.00
00093            2560.00      -20.00
00094            2640.00      -20.00
00095            2640.00      -20.00
00096            2680.00      -16.00
00097            2760.00      -16.00
00098            2760.00      -24.00
00099            2800.00      -20.00
00100            2800.00      -20.00
00101            2880.00      -16.00
00102            2960.00      -16.00
00103            3000.00      -20.00
00104            3000.00      -20.00
00105            3040.00      -24.00
00106            3040.00      -20.00
00107            3040.00      -20.00
00108            3080.00      -20.00
00109            3080.00      -16.00
00110            3040.00      -20.00
00111            3080.00      -20.00
00112            3120.00      -20.00
00113            3120.00      -20.00
00114            3120.00      -12.00
00115            3120.00      -12.00
00116            3120.00      -12.00
00117            3120.00      -20.00
00118            3160.00      -20.00
00119            3120.00      -24.00
00120            3120.00      -16.00
00121            3120.00      -20.00
00122            3120.00      -16.00
00123            3080.00      -16.00
00124            3040.00      -12.00
00125            3040.00      -20.00
00126            3040.00      -20.00
00127            3000.00      -20.00
00128            2960.00      -16.00
00129            2920.00      -20.00
00130            2880.00      -16.00
00131            2840.00      -16.00
00132            2800.00      -24.00
00133            2720.00      -16.00
00134            2600.00      -16.00
00135            2560.00      -16.00
00136            2520.00      -16.00
00137            2440.00      -16.00
00138            2320.00      -16.00
00139            2200.00      -20.00
00140            2080.00      -24.00
00141            1960.00      -20.00
00142            1840.00      -12.00
00143            1680.00      -16.00
00144            1520.00      -12.00
00145            1440.00      -16.00
00146            1320.00      -16.00
00147            1240.00      -16.00
00148            1040.00      -20.00
00149             960.00      -16.00
00150             800.00      -16.00
00151             680.00      -16.00
00152             560.00      -16.00
00153             400.00      -16.00
00154             320.00      -16.00
00155             280.00      -16.00
00156             120.00      -16.00
00157              80.00      -12.00
00158               0.00      -16.00
00159             -80.00      -16.00
00160            -120.00      -12.00
00161            -240.00      -12.00
00162            -280.00      -12.00
00163            -320.00      -12.00
00164            -400.00      -16.00
00165            -440.00      -20.00
00166            -480.00      -12.00
00167            -560.00      -12.00
00168            -640.00      -20.00
00169            -640.00      -20.00
00170            -720.00      -16.00
00171            -800.00      -12.00
00172            -840.00      -16.00
00173            -880.00      -16.00
00174            -880.00      -16.00
00175            -920.00      -20.00
00176           -1000.00      -12.00
00177            -960.00      -16.00
00178           -1000.00      -12.00
00179           -1040.00      -20.00
00180           -1040.00      -20.00
00181           -1080.00      -16.00
00182           -1080.00      -16.00
00183           -1080.00      -16.00
00184           -1120.00      -20.00
00185           -1120.00      -12.00
00186           -1160.00      -16.00
00187           -1160.00      -16.00
00188           -1160.00      -20.00
00189           -1200.00      -12.00
00190           -1200.00      -16.00
00191           -1200.00      -12.00
00192           -1280.00      -16.00
00193           -1240.00      -16.00
00194           -1320.00      -16.00
00195           -1360.00      -16.00
00196           -1320.00      -16.00
00197           -1360.00      -16.00
00198           -1360.00      -16.00
00199           -1360.00      -12.00
00200           -1360.00      -12.00
00201           -1400.00       -8.00
00202           -1400.00      -12.00
00203           -1400.00      -12.00
00204           -1360.00      -16.00
00205           -1360.00      -16.00
00206           -1400.00      -12.00
00207           -1440.00      -12.00
00208           -1440.00      -12.00
00209           -1400.00      -12.00
00210           -1440.00      -12.00
00211           -1480.00      -20.00
00212           -1480.00      -12.00
00213           -1480.00      -20.00
00214           -1480.00      -16.00
00215           -1520.00      -24.00
00216           -1520.00      -16.00
00217           -1560.00      -16.00
00218           -1560.00      -16.00
00219           -1600.00       -8.00
00220           -1640.00      -12.00
00221           -1600.00      -12.00
00222           -1640.00      -12.00
00223           -1600.00      -20.00
00224           -1600.00      -12.00
00225           -1600.00      -20.00
00226           -1640.00      -20.00
00227           -1600.00      -12.00
00228           -1560.00      -16.00
00229           -1560.00      -12.00
00230           -1560.00      -16.00
00231           -1600.00      -12.00
00232           -1520.00      -16.00
00233           -1520.00      -16.00
00234           -1480.00      -16.00
00235           -1480.00      -16.00
00236           -1440.00      -16.00
00237           -1400.00      -12.00
00238           -1360.00      -12.00
00239           -1360.00      -16.00
00240           -1360.00      -16.00
00241           -1320.00      -16.00
00242           -1280.00      -16.00
00243           -1280.00      -16.00
00244           -1280.00      -12.00
00245           -1240.00      -12.00
00246           -1240.00      -12.00
00247           -1200.00      -12.00
00248           -1200.00      -16.00
00249           -1160.00      -12.00
00250           -1120.00      -12.00
00251           -1080.00      -12.00
00252           -1040.00      -12.00
00253            -960.00      -12.00
00254           -1000.00      -16.00
00255            -960.00      -16.00
00256            -880.00      -12.00
00257            -880.00      -16.00
00258            -840.00      -12.00
00259            -800.00      -12.00
00260            -760.00      -16.00
00261           -2080.00      500.00
00262           -2080.00      500.00
00263           -2120.00      500.00
00264           -2120.00      -28.00
00265           -2120.00      -32.00
00266           -2120.00      -32.00
00267           -2160.00      -36.00
00268           -2160.00      -28.00
00269           -2120.00      -32.00
00270           -2160.00      -36.00
00271           -2120.00      -28.00
00272           -2080.00      -28.00
00273           -2080.00      -28.00
00274           -2080.00      -32.00
00275           -2040.00      -28.00
00276           -2040.00      -24.00
00277           -1960.00      -28.00
00278           -2000.00      -24.00
00279           -1880.00      -28.00
00280           -1840.00      -28.00
00281           -1840.00      -28.00
00282           -1680.00      -24.00
00283           -1640.00      -24.00
00284           -1600.00      -24.00
00285           -1560.00      -24.00
00286           -1520.00      -28.00
00287           -1360.00      -24.00
00288           -1320.00      -20.00
00289           -1280.00      -24.00
00290           -1240.00      -24.00
00291           -1200.00      -20.00
00292           -1120.00      -24.00
00293           -1080.00      -24.00
00294           -1080.00      -24.00
00295            -960.00      -20.00
00296            -880.00      -20.00
00297            -800.00      -28.00
00298            -840.00      -20.00
00299            -760.00      -28.00
00300            -720.00      -24.00
00301            -640.00      -20.00
00302            -560.00      -20.00
00303            -520.00      -16.00
00304            -440.00      -20.00
00305            -440.00      -20.00
00306            -280.00      -24.00
00307            -240.00      -20.00
00308            -120.00      -20.00
00309            -120.00      -20.00
00310             -80.00      -20.00
00311              80.00      -24.00
00312              80.00      -20.00
00313              80.00      -16.00
00314             240.00      -20.00
00315             280.00      -20.00
00316             360.00      -20.00
00317             400.00      -20.00
00318             520.00      -24.00
00319             600.00      -20.00
00320             680.00      -16.00
00321             760.00      -16.00
00322             840.00      -20.00
00323            1000.00      -12.00
00324            1200.00      -20.00
00325            1200.00      -20.00
00326            1200.00      -20.00
00327            1360.00      -20.00
00328            1520.00      -20.00
00329            1680.00      -12.00
00330            1720.00      -20.00
00331            1840.00      -24.00
00332            1880.00      -12.00
00333            1920.00      -24.00
00334            2080.00      -20.00
00335            2120.00      -20.00
00336            2280.00      -16.00
00337            2280.00      -20.00
00338            2280.00      -16.00
00339            2360.00      -24.00
00340            2400.00      -16.00
00341            2480.00      -16.00
00342            2520.00      -24.00
00343            2600.00      -16.00
00344            2600.00      -20.00
00345            2640.00      -20.00
00346            2680.00      -20.00
00347            2720.00      -20.00
00348            2720.00      -24.00
00349            2800.00      -16.00
00350            2880.00      -20.00
00351            2880.00      -20.00
00352            2920.00      -24.00
00353            2960.00      -16.00
00354            2960.00      -20.00
00355            3000.00      -20.00
00356            3040.00      -20.00
00357            3040.00      -20.00
00358            3080.00      -16.00
00359            3080.00      -16.00
00360            3080.00      -16.00
00361            3120.00      -16.00
00362            3080.00      -20.00
00363            3120.00      -20.00
00364            3120.00      -24.00
00365            3120.00      -20.00
00366            3120.00      -20.00
00367            3120.00      -20.00
00368            3120.00      -20.00
00369            3120.00      -16.00
00370            3120.00      -16.00
00371            3120.00      -16.00
00372            3120.00      -24.00
00373            3080.00      -16.00
00374            3080.00      -24.00
00375            3040.00      -20.00
00376            3040.00      -20.00
00377            2960.00      -16.00
00378            2960.00      -16.00
00379            2920.00      -16.00
00380            2920.00      -16.00
00381            2800.00      -20.00
00382            2800.00      -16.00
00383            2720.00      -20.00
00384            2680.00      -16.00
00385            2560.00      -16.00
00386            2520.00      -24.00
00387            2400.00      -12.00
00388            2320.00      -20.00
00389            2160.00      -16.00
00390            2080.00      -16.00
00391            1960.00      -16.00
00392            1840.00      -20.00
00393            1720.00      -20.00
00394            1560.00      -16.00
00395            1480.00      -16.00
00396            1320.00      -16.00
00397            1200.00      -20.00
00398            1080.00      -16.00
00399             880.00      -20.00
00400             800.00      -12.00
00401             720.00      -16.00
00402             560.00      -16.00
00403             400.00      -16.00
00404             280.00      -16.00
00405             200.00      -20.00
00406             120.00      -16.00
00407              40.00      -20.00
00408               0.00      -20.00
00409            -120.00      -20.00
00410            -120.00      -20.00
00411            -240.00      -20.00
00412            -240.00      -16.00
00413            -280.00      -20.00
00414            -360.00      -16.00
00415            -440.00      -20.00
00416            -520.00      -16.00
00417            -560.00      -20.00
00418            -600.00      -20.00
00419            -680.00      -12.00
00420            -720.00      -24.00
00421            -800.00      -16.00
00422            -840.00      -16.00
00423            -840.00      -20.00
00424            -880.00      -12.00
00425            -920.00      -16.00
00426            -920.00      -16.00
00427           -1000.00      -20.00
00428           -1000.00      -20.00
00429           -1040.00      -16.00
00430           -1040.00      -16.00
00431           -1080.00      -24.00
00432           -1080.00      -16.00
00433           -1080.00      -20.00
00434           -1120.00      -20.00
00435           -1120.00      -20.00
00436           -1160.00      -20.00
00437           -1160.00      -20.00
00438           -1200.00      -16.00
00439           -1200.00      -20.00
00440           -1240.00      -20.00
00441           -1240.00      -20.00
00442           -1240.00      -24.00
00443           -1280.00      -16.00
00444           -1320.00      -16.00
00445           -1320.00      -16.00
00446           -1360.00      -20.00
00447           -1360.00      -16.00
00448           -1360.00      -16.00
00449           -1400.00      -20.00
00450           -1400.00      -20.00
00451           -1400.00      -16.00
00452           -1400.00      -16.00
00453           -1400.00      -20.00
00454           -1400.00      -20.00
00455           -1400.00      -16.00
00456           -1400.00      -16.00
00457           -1440.00      -16.00
00458           -1440.00      -12.00
00459           -1440.00      -16.00
00460           -1440.00      -16.00
00461           -1480.00      -12.00
00462           -1480.00      -12.00
00463           -1480.00      -16.00
00464           -1520.00      -16.00
00465           -1520.00      -20.00
00466           -1560.00      -16.00
00467           -1560.00      -16.00
00468           -1560.00      -16.00
00469           -1600.00      -20.00
00470           -1600.00      -16.00
00471           -1600.00      -20.00
00472           -1600.00      -20.00
00473           -1600.00      -20.00
00474           -1600.00      -20.00
00475           -1640.00      -16.00
00476           -1640.00      -20.00
00477           -1640.00      -12.00
00478           -1600.00      -20.00
00479           -1600.00      -12.00
00480           -1560.00      -12.00
00481           -1560.00      -16.00
00482           -1560.00      -16.00
00483           -1520.00      -12.00
00484           -1480.00      -16.00
00485           -1480.00      -12.00
00486           -1440.00      -20.00
00487           -1400.00      -16.00
00488           -1400.00      -16.00
00489           -1360.00      -12.00
00490           -1360.00      -20.00
00491           -1280.00      -12.00
00492           -1280.00      -20.00
00493           -1280.00      -16.00
00494           -1240.00      -20.00
00495           -1240.00      -12.00
00496           -1200.00      -16.00
00497           -1200.00      -20.00
00498           -1160.00      -20.00
00499           -1120.00      -12.00
00500           -1120.00      -12.00
00501           -1080.00      -16.00
00502           -1000.00      -20.00
00503           -1000.00      -12.00
00504            -920.00      -20.00
00505            -920.00      -16.00
00506            -880.00      -20.00
00507            -880.00      -16.00
00508            -800.00      -16.00
00509            -800.00      -16.00
00510            -760.00      -16.00
00511           -2040.00      500.00
00512           -2080.00      500.00
00513           -2080.00      500.00
00514           -2120.00      -36.00
00515           -2080.00      -36.00
00516           -2120.00      -32.00
00517           -2120.00      -32.00
00518           -2160.00      -32.00
00519           -2120.00      -36.00
00520           -2120.00      -40.00
00521           -2160.00      -36.00
00522           -2120.00      -32.00
00523           -2120.00      -32.00
00524           -2080.00      -32.00
00525           -2040.00      -28.00
00526           -2000.00      -28.00
00527           -1960.00      -32.00
00528           -1960.00      -28.00
00529           -1880.00      -28.00
00530           -1840.00      -28.00
00531           -1800.00      -32.00
00532           -1720.00      -28.00
00533           -1680.00      -24.00
00534           -1640.00      -28.00
00535           -1560.00      -24.00
00536           -1520.00      -28.00
00537           -1400.00      -24.00
00538           -1400.00      -24.00
00539           -1320.00      -28.00
00540           -1280.00      -28.00
00541           -1240.00      -28.00
00542           -1120.00      -16.00
00543           -1160.00      -28.00
00544           -1040.00      -16.00
00545            -960.00      -28.00
00546            -920.00      -20.00
00547            -840.00      -16.00
00548            -800.00      -16.00
00549            -760.00      -16.00
00550            -680.00      -24.00
00551            -640.00      -20.00
00552            -600.00      -20.00
00553            -520.00      -24.00
00554            -480.00      -20.00
00555            -480.00      -20.00
00556            -320.00      -20.00
00557            -320.00      -16.00
00558            -200.00      -16.00
00559            -120.00      -20.00
00560               0.00      -20.00
00561              40.00      -16.00
00562             -40.00      -16.00
00563             160.00      -16.00
00564             200.00      -16.00
00565             320.00      -16.00
00566             360.00      -16.00
00567             400.00      -20.00
00568             480.00      -20.00
00569             560.00      -16.00
00570             680.00      -16.00
00571             800.00      -16.00
00572             840.00      -16.00
00573            1040.00      -24.00
00574            1080.00      -16.00
00575            1240.00      -20.00
00576            1240.00      -16.00
00577            1440.00      -20.00
00578            1480.00      -20.00
00579            1600.00      -12.00
00580            1760.00      -20.00
00581            1760.00      -20.00
00582            1920.00      -16.00
00583            1960.00      -20.00
00584            2120.00      -16.00
00585            2120.00      -16.00
00586            2160.00      -16.00
00587            2240.00      -16.00
00588            2360.00      -16.00
00589            2360.00      -20.00
00590            2440.00      -16.00
00591            2480.00      -20.00
00592            2520.00      -16.00
00593            2560.00      -12.00
00594            2640.00      -16.00
00595            2640.00      -12.00
00596            2680.00      -16.00
00597            2720.00      -20.00
00598            2760.00      -16.00
00599            2800.00      -16.00
00600            2840.00      -20.00
00601            2880.00      -12.00
00602            2960.00      -16.00
00603            2960.00      -12.00
00604            3000.00      -12.00
00605            3040.00      -12.00
00606            3040.00      -16.00
00607            3040.00      -16.00
00608            3080.00      -12.00
00609            3040.00      -16.00
00610            3080.00      -16.00
00611            3120.00      -12.00
00612            3120.00      -12.00
00613            3120.00      -16.00
00614            3120.00      -12.00
00615            3120.00      -16.00
00616            3120.00      -16.00
00617            3120.00      -16.00
00618            3120.00      -12.00
00619            3120.00      -16.00
00620            3120.00      -16.00
00621            3120.00       -8.00
00622            3080.00      -16.00
00623            3080.00      -20.00
00624            3080.00      -12.00
00625            3040.00      -20.00
00626            3000.00      -12.00
00627            3000.00      -16.00
00628            2960.00      -16.00
00629            2960.00      -16.00
00630            2920.00      -12.00
00631            2840.00      -12.00
00632            2800.00      -16.00
00633            2680.00      -16.00
00634            2640.00      -16.00
00635            2600.00      -12.00
00636            2520.00      -12.00
00637            2400.00      -16.00
00638            2320.00      -16.00
00639            2240.00      -12.00
00640            2080.00       -8.00
00641            1960.00      -12.00
00642            1840.00      -16.00
00643            1680.00      -12.00
00644            1560.00      -12.00
00645            1440.00      -20.00
00646            1280.00      -12.00
00647            1200.00      -16.00
00648            1040.00      -16.00
00649             920.00      -12.00
00650             800.00      -12.00
00651             720.00      -16.00
00652             600.00      -16.00
00653             440.00      -16.00
00654             320.00      -16.00
00655             280.00      -16.00
00656             160.00      -16.00
00657               0.00      -12.00
00658               0.00      -12.00
00659            -120.00      -12.00
00660            -120.00      -16.00
00661            -240.00      -12.00
00662            -240.00      -20.00
00663            -320.00      -16.00
00664            -360.00      -16.00
00665            -440.00      -12.00
00666            -520.00      -16.00
00667            -560.00      -12.00
00668            -640.00      -12.00
00669            -680.00      -16.00
00670            -680.00      -12.00
00671            -760.00      -12.00
00672            -800.00      -16.00
00673            -880.00      -20.00
00674            -920.00      -16.00
00675            -920.00      -16.00
00676            -960.00      -12.00
00677           -1000.00      -20.00
00678           -1040.00      -12.00
00679           -1040.00      -16.00
00680           -1080.00      -16.00
00681           -1080.00      -16.00
00682           -1080.00      -12.00
00683           -1120.00       -4.00
00684           -1120.00      -16.00
00685           -1120.00      -20.00
00686           -1160.00      -12.00
00687           -1160.00      -16.00
00688           -1200.00      -16.00
00689           -1200.00      -16.00
00690           -1200.00      -20.00
00691           -1240.00      -20.00
00692           -1280.00      -16.00
00693           -1320.00      -20.00
00694           -1280.00      -20.00
00695           -1320.00      -20.00
00696           -1360.00      -12.00
00697           -1320.00      -16.00
00698           -1360.00      -20.00
00699           -1400.00      -16.00
00700           -1400.00      -20.00
00701           -1360.00      -16.00
00702           -1400.00      -16.00
00703           -1360.00      -16.00
00704           -1360.00      -16.00
00705           -1400.00      -16.00
00706           -1400.00      -12.00
00707           -1440.00      -12.00
00708           -1440.00      -20.00
00709           -1440.00      -16.00
00710           -1440.00      -20.00
00711           -1440.00      -16.00
00712           -1480.00      -16.00
00713           -1480.00      -20.00
00714           -1520.00      -16.00
00715           -1520.00      -16.00
00716           -1560.00      -16.00
00717           -1560.00      -16.00
00718           -1600.00      -12.00
00719           -1600.00      -16.00
00720           -1640.00      -20.00
00721           -1600.00      -20.00
00722           -1600.00      -16.00
00723           -1600.00      -16.00
00724           -1600.00      -12.00
00725           -1600.00      -16.00
00726           -1600.00      -20.00
00727           -1600.00      -20.00
00728           -1600.00      -20.00
00729           -1640.00      -16.00
00730           -1600.00      -20.00
00731           -1560.00      -20.00
00732           -1560.00      -16.00
00733           -1480.00      -20.00
00734           -1480.00      -16.00
00735           -1440.00      -20.00
00736           -1440.00      -12.00
00737           -1440.00      -20.00
00738           -1400.00      -16.00
00739           -1360.00      -20.00
00740           -1360.00      -20.00
00741           -1320.00      -20.00
00742           -1320.00      -16.00
00743           -1280.00      -20.00
00744           -1240.00      -20.00
00745           -1240.00      -24.00
00746           -1200.00      -16.00
00747           -1200.00      -20.00
00748           -1160.00      -24.00
00749           -1160.00      -24.00
00750           -1120.00      -20.00
00751           -1080.00      -12.00
00752           -1040.00      -20.00
00753           -1040.00      -20.00
00754            -960.00      -20.00
00755            -920.00      -20.00
00756            -920.00      -16.00
00757            -880.00      -20.00
00758            -840.00      -24.00
00759            -840.00      -16.00
00760            -800.00      -20.00
00761           -2080.00      500.00
00762           -2120.00      500.00
00763           -2120.00      500.00
00764           -2160.00      -36.00
00765           -2160.00      -40.00
00766           -2120.00      -40.00
00767           -2120.00      -32.00
00768           -2160.00      -32.00
00769           -2120.00      -28.00
00770           -2120.00      -36.00
00771           -2120.00      -36.00
00772           -2120.00      -36.00
00773           -2120.00      -36.00
00774           -2040.00      -36.00
00775           -2040.00      -36.00
00776           -2000.00      -28.00
00777           -1960.00      -32.00
00778           -1920.00      -28.00
00779           -1880.00      -28.00
00780           -1840.00      -28.00
00781           -1760.00      -32.00
00782           -1680.00      -32.00
00783           -1640.00      -36.00
00784           -1640.00      -24.00
00785           -1480.00      -32.00
00786           -1440.00      -28.00
00787           -1400.00      -32.00
00788           -1400.00      -24.00
00789           -1280.00      -24.00
00790           -1320.00      -24.00
00791           -1240.00      -28.00
00792           -1160.00      -28.00
00793           -1080.00      -28.00
00794           -1040.00      -24.00
00795            -960.00      -28.00
00796            -960.00      -24.00
00797            -880.00      -28.00
00798            -800.00      -24.00
00799            -720.00      -24.00
00800            -720.00      -28.00
00801            -680.00      -24.00
00802            -640.00      -24.00
00803            -560.00      -24.00
00804            -440.00      -32.00
00805            -440.00      -24.00
00806            -360.00      -20.00
00807            -280.00      -24.00
00808            -240.00      -20.00
00809            -120.00      -24.00
00810             -40.00      -24.00
00811              80.00      -24.00
00812              40.00      -24.00
00813             200.00      -20.00
00814             160.00      -24.00
00815             280.00      -24.00
00816             360.00      -20.00
00817             400.00      -20.00
00818             560.00      -28.00
00819             600.00      -20.00
00820             640.00      -24.00
00821             800.00      -24.00
00822             880.00      -16.00
00823            1000.00      -24.00
00824            1040.00      -28.00
00825            1240.00      -20.00
00826            1280.00      -20.00
00827            1400.00      -20.00
00828            1400.00      -20.00
00829            1640.00      -24.00
00830            1720.00      -20.00
00831            1800.00      -20.00
00832            1920.00      -12.00
00833            2000.00      -20.00
00834            2040.00      -20.00
00835            2120.00      -16.00
00836            2160.00      -16.00
00837            2240.00      -20.00
00838            2280.00      -16.00
00839            2360.00      -20.00
00840            2400.00      -16.00
00841            2480.00      -20.00
00842            2560.00      -16.00
00843            2560.00      -16.00
00844            2600.00      -20.00
00845            2640.00      -16.00
00846            2640.00      -20.00
00847            2680.00      -20.00
00848            2760.00      -16.00
00849            2800.00      -16.00
00850            2800.00      -16.00
00851            2880.00      -20.00
00852            2920.00      -16.00
00853            2960.00      -16.00
00854            3000.00      -16.00
00855            3000.00      -16.00
00856            3040.00      -16.00
00857            3040.00      -20.00
00858            3040.00      -20.00
00859            3080.00      -20.00
00860            3080.00      -20.00
00861            3080.00      -16.00
00862            3120.00      -16.00
00863            3120.00      -16.00
00864            3120.00      -16.00
00865            3120.00      -20.00
00866            3120.00      -20.00
00867            3120.00      -16.00
00868            3120.00      -20.00
00869            3080.00      -24.00
00870            3120.00      -20.00
00871            3120.00      -12.00
00872            3120.00      -20.00
00873            3080.00      -16.00
00874            3080.00      -16.00
00875            3040.00      -12.00
00876            3040.00      -20.00
00877            3000.00      -24.00
00878            2960.00      -16.00
00879            2920.00      -20.00
00880            2880.00      -16.00
00881            2840.00      -16.00
00882            2800.00      -24.00
00883            2720.00      -16.00
00884            2640.00      -16.00
00885            2600.00      -20.00
00886            2520.00      -16.00
00887            2360.00      -20.00
00888            2280.00      -16.00
00889            2160.00      -16.00
00890            2080.00      -16.00
00891            1960.00      -12.00
00892            1840.00      -16.00
00893            1680.00      -24.00
00894            1560.00      -12.00
00895            1440.00      -16.00
00896            1320.00      -12.00
00897            1240.00      -16.00
00898            1040.00      -20.00
00899             920.00      -16.00
00900             800.00      -16.00
00901             680.00      -20.00
00902             560.00      -16.00
00903             400.00      -16.00
00904             360.00      -12.00
00905             240.00      -20.00
00906             120.00      -12.00
00907              40.00      -16.00
00908               0.00      -16.00
00909             -40.00      -20.00
00910            -160.00      -12.00
00911            -200.00      -16.00
00912            -240.00      -16.00
00913            -320.00      -20.00
00914            -400.00      -20.00
00915            -400.00      -12.00
00916            -480.00      -12.00
00917            -560.00      -16.00
00918            -640.00      -20.00
00919            -680.00      -12.00
00920            -680.00      -16.00
00921            -800.00      -16.00
00922            -800.00      -16.00
00923            -880.00      -16.00
00924            -880.00      -12.00
00925            -920.00      -16.00
00926            -920.00      -12.00
00927            -920.00      -16.00
00928           -1000.00      -12.00
00929           -1000.00      -12.00
00930           -1040.00      -16.00
00931           -1080.00      -20.00
00932           -1120.00      -12.00
00933           -1080.00      -28.00
00934           -1160.00      -16.00
00935           -1120.00      -16.00
00936           -1160.00      -12.00
00937           -1200.00      -12.00
00938           -1200.00      -12.00
00939           -1200.00      -28.00
00940           -1240.00      -20.00
00941           -1200.00      -12.00
00942           -1240.00      -12.00
00943           -1240.00      -16.00
00944           -1320.00      -16.00
00945           -1320.00      -12.00
00946           -1360.00      -12.00
00947           -1360.00      -12.00
00948           -1360.00      -16.00
00949           -1360.00      -12.00
00950           -1400.00      -20.00
00951           -1400.00      -16.00
00952           -1400.00      -16.00
00953           -1400.00      -12.00
00954           -1440.00      -16.00
00955           -1400.00      -20.00
00956           -1440.00      -12.00
00957           -1440.00      -12.00
00958           -1440.00      -16.00
00959           -1440.00      -16.00
00960           -1440.00      -16.00
00961           -1480.00      -16.00
00962           -1480.00      -12.00
00963           -1480.00      -16.00
00964           -1520.00      -16.00
00965           -1520.00      -12.00
00966           -1520.00      -12.00
00967           -1600.00      -12.00
00968           -1600.00      -16.00
00969           -1600.00      -16.00
00970           -1560.00      -16.00
00971           -1600.00      -16.00
00972           -1600.00      -16.00
00973           -1640.00      -16.00
00974           -1640.00      -20.00
00975           -1640.00      -12.00
00976           -1640.00      -12.00
00977           -1600.00      -12.00
00978           -1560.00      -12.00
00979           -1560.00      -12.00
00980           -1560.00      -16.00
00981           -1560.00      -12.00
00982           -1560.00      -16.00
00983           -1520.00      -12.00
00984           -1480.00      -12.00
00985           -1440.00       -8.00
00986           -1440.00      -16.00
00987           -1440.00      -12.00
00988           -1400.00      -16.00
00989           -1360.00      -16.00
00990           -1360.00      -16.00
00991           -1360.00      -16.00
00992           -1320.00      -16.00
00993           -1320.00      -16.00
00994           -1280.00       -8.00
00995           -1280.00      -16.00
00996           -1200.00      -12.00
00997           -1200.00      -16.00
00998           -1160.00      -16.00
00999           -1160.00      -16.00
01000           -1080.00       -8.00
01001           -1080.00      -16.00
01002           -1040.00      -16.00
01003           -1040.00      -12.00
01004           -1000.00      -16.00
01005            -960.00      -16.00
01006            -920.00      -20.00
01007            -880.00       -8.00
01008            -840.00      -12.00
01009            -800.00      -12.00
01010            -840.00      -12.00
01011           -2040.00      500.00
01012           -2080.00      500.00
01013           -2080.00      500.00
01014           -2120.00      -32.00
01015           -2160.00      -32.00
01016           -2120.00      -32.00
01017           -2120.00      -36.00
01018           -2160.00      -36.00
01019           -2160.00      -32.00
01020           -2120.00      -36.00
01021           -2120.00      -28.00
01022           -2080.00      -28.00
01023           -2080.00      -28.00
01024           -2040.00      -28.00
01025           -2080.00      -44.00
01026           -2040.00      -28.00
01027           -2000.00      -32.00
01028           -1920.00      -28.00
01029           -1960.00      -28.00
01030           -1840.00      -28.00
01031           -1760.00      -24.00
01032           -1760.00      -28.00
01033           -1680.00      -28.00
01034           -1640.00      -28.00
01035           -1520.00      -24.00
01036           -1480.00      -24.00
01037           -1440.00      -28.00
01038           -1400.00      -28.00
01039           -1360.00      -28.00
01040           -1280.00      -24.00
01041           -1160.00      -24.00
01042           -1160.00      -24.00
01043           -1080.00      -28.00
01044           -1040.00      -28.00
01045           -1000.00      -24.00
01046            -920.00      -32.00
01047            -880.00      -24.00
01048            -760.00      -28.00
01049            -720.00      -28.00
01050            -680.00      -20.00
01051            -680.00      -20.00
01052            -600.00      -28.00
01053            -520.00      -28.00
01054            -480.00      -20.00
01055            -400.00      -28.00
01056            -360.00      -20.00
01057            -280.00      -20.00
01058            -240.00      -24.00
01059            -120.00      -16.00
01060             -80.00      -20.00
01061              40.00      -28.00
01062              80.00      -20.00
01063             160.00      -24.00
01064             200.00      -20.00
01065             320.00      -24.00
01066             400.00      -24.00
01067             480.00      -24.00
01068             520.00      -20.00
01069             600.00      -16.00
01070             680.00      -16.00
01071             840.00      -24.00
01072             840.00      -24.00
01073             960.00      -20.00
01074            1040.00      -24.00
01075            1200.00      -16.00
01076            1320.00      -20.00
01077            1440.00      -20.00
01078            1480.00      -20.00
01079            1640.00      -16.00
01080            1760.00      -16.00
01081            1800.00      -20.00
01082            1920.00      -20.00
01083            1960.00      -24.00
01084            2040.00      -16.00
01085            2080.00      -24.00
01086            2160.00      -24.00
01087            2240.00      -20.00
01088            2320.00      -20.00
01089            2360.00      -24.00
01090            2360.00      -24.00
01091            2440.00      -24.00
01092            2480.00      -16.00
01093            2520.00      -20.00
01094            2600.00      -24.00
01095            2640.00      -20.00
01096            2680.00      -20.00
01097            2720.00      -16.00
01098            2720.00      -16.00
01099            2800.00      -20.00
01100            2840.00      -20.00
01101            2880.00      -24.00
01102            2960.00      -16.00
01103            2960.00      -24.00
01104            3000.00      -24.00
01105            3000.00      -20.00
01106            3040.00      -20.00
01107            3040.00      -20.00
01108            3080.00      -24.00
01109            3080.00      -20.00
01110            3080.00      -16.00
01111            3120.00      -24.00
01112            3080.00      -20.00
01113            3120.00      -16.00
01114            3120.00      -20.00
01115            3120.00      -16.00
01116            3120.00      -20.00
01117            3160.00      -20.00
01118            3120.00      -20.00
01119            3120.00      -16.00
01120            3120.00      -20.00
01121            3120.00      -20.00
01122            3080.00      -20.00
01123            3080.00      -16.00
01124            3040.00      -16.00
01125            3040.00      -28.00
01126            3040.00      -16.00
01127            3000.00      -20.00
01128            2960.00      -20.00
01129            2920.00      -24.00
01130            2920.00      -16.00
01131            2840.00      -24.00
01132            2760.00      -12.00
01133            2720.00      -20.00
01134            2640.00      -20.00
01135            2600.00      -16.00
01136            2480.00      -16.00
01137            2400.00      -12.00
01138            2320.00      -24.00
01139            2200.00      -16.00
01140            2080.00      -16.00
01141            2000.00      -16.00
01142            1760.00      -16.00
01143            1720.00      -16.00
01144            1600.00      -20.00
01145            1440.00      -16.00
01146            1320.00      -20.00
01147            1200.00      -12.00
01148            1040.00      -16.00
01149             960.00      -20.00
01150             800.00      -16.00
01151             680.00      -20.00
01152             600.00      -24.00
01153             440.00      -16.00
01154             360.00      -16.00
01155             240.00      -16.00
01156             160.00      -24.00
01157              40.00      -20.00
01158               0.00      -16.00
01159             -80.00      -16.00
01160            -120.00      -16.00
01161            -240.00      -36.00
01162            -280.00      -16.00
01163            -360.00      -16.00
01164            -360.00      -20.00
01165            -480.00      -20.00
01166            -480.00      -16.00
01167            -560.00      -20.00
01168            -600.00      -20.00
01169            -640.00      -20.00
01170            -720.00      -24.00
01171            -760.00      -24.00
01172            -840.00      -16.00
01173            -840.00      -20.00
01174            -920.00      -20.00
01175            -920.00      -24.00
01176            -920.00      -16.00
01177           -1000.00      -24.00
01178            -960.00      -20.00
01179           -1040.00      -24.00
01180           -1080.00      -24.00
01181           -1040.00      -20.00
01182           -1080.00      -20.00
01183           -1120.00      -16.00
01184           -1120.00      -20.00
01185           -1120.00      -16.00
01186           -1200.00      -16.00
01187           -1160.00      -20.00
01188           -1200.00      -20.00
01189           -1200.00        0.00
01190           -1200.00      -20.00
01191           -1240.00      -20.00
01192           -1240.00      -20.00
01193           -1280.00      -20.00
01194           -1320.00      -20.00
01195           -1320.00      -20.00
01196           -1360.00      -12.00
01197           -1360.00      -16.00
01198           -1360.00      -16.00
01199           -1400.00      -16.00
01200           -1400.00      -20.00
01201           -1360.00      -12.00
01202           -1360.00      -16.00
01203           -1400.00      -16.00
01204           -1360.00      -24.00
01205           -1360.00      -16.00
01206           -1400.00      -20.00
01207           -1400.00      -20.00
01208           -1440.00      -20.00
01209           -1400.00      -16.00
01210           -1440.00      -12.00
01211           -1440.00      -20.00
01212           -1480.00      -20.00
01213           -1480.00      -20.00
01214           -1520.00      -16.00
01215           -1520.00      -16.00
01216           -1560.00      -20.00
01217           -1560.00      -20.00
01218           -1600.00      -16.00
01219           -1600.00      -16.00
01220           -1600.00      -16.00
01221           -1600.00      -24.00
01222           -1640.00      -20.00
01223           -1640.00      -16.00
01224           -1680.00      -16.00
01225           -1640.00      -16.00
01226           -1560.00      -16.00
01227           -1600.00      -12.00
01228           -1600.00      -20.00
01229           -1560.00      -20.00
01230           -1560.00      -16.00
01231           -1560.00      -20.00
01232           -1520.00      -12.00
01233           -1480.00      -20.00
01234           -1480.00      -20.00
01235           -1480.00      -20.00
01236           -1440.00      -24.00
01237           -1400.00      -16.00
01238           -1400.00      -20.00
01239           -1360.00      -20.00
01240           -1360.00      -12.00
01241           -1360.00      -16.00
01242           -1280.00      -24.00
01243           -1280.00      -20.00
01244           -1280.00      -20.00
01245           -1240.00      -20.00
01246           -1240.00      -16.00
01247           -1240.00      -20.00
01248           -1200.00      -20.00
01249           -1120.00      -20.00
01250           -1080.00      -16.00
01251           -1080.00      -16.00
01252           -1040.00      -16.00
01253           -1040.00      -12.00
01254            -960.00      -20.00
01255            -960.00      -12.00
01256            -920.00      -16.00
01257            -880.00      -20.00
01258            -880.00      -16.00
01259            -760.00      -16.00
01260            -760.00      -20.00
01261           -2080.00      500.00
01262           -2080.00      500.00
01263           -2120.00      500.00
01264           -2120.00      -32.00
01265           -2120.00      -28.00
01266           -2120.00      -36.00
01267           -2120.00      -28.00
01268           -2120.00      -36.00
01269           -2160.00      -36.00
01270           -2160.00      -32.00
01271           -2160.00      -36.00
01272           -2120.00      -36.00
01273           -2080.00      -32.00
01274           -2080.00      -28.00
01275           -2040.00      -28.00
01276           -2040.00      -28.00
01277           -2000.00      -28.00
01278           -1920.00      -28.00
01279           -1920.00      -28.00
01280           -1880.00      -28.00
01281           -1760.00      -32.00
01282           -1800.00      -20.00
01283           -1680.00      -24.00
01284           -1600.00      -20.00
01285           -1560.00      -24.00
01286           -1440.00      -28.00
01287           -1440.00      -24.00
01288           -1360.00      -24.00
01289           -1360.00      -20.00
01290           -1240.00      -28.00
01291           -1160.00      -24.00
01292           -1120.00      -24.00
01293           -1040.00      -20.00
01294           -1000.00      -28.00
01295            -960.00      -24.00
01296            -880.00      -28.00
01297            -880.00      -20.00
01298            -800.00      -24.00
01299            -760.00      -20.00
01300            -680.00      -24.00
01301            -640.00      -20.00
01302            -600.00      -20.00
01303            -560.00      -24.00
01304            -440.00      -24.00
01305            -400.00      -20.00
01306            -400.00      -20.00
01307            -240.00      -20.00
01308            -200.00      -16.00
01309            -160.00      -20.00
01310            -120.00      -16.00
01311             -40.00      -20.00
01312              80.00      -16.00
01313             240.00      -20.00
01314             280.00      -20.00
01315             320.00      -16.00
01316             360.00      -20.00
01317             480.00      -20.00
01318             480.00      -20.00
01319             600.00      -16.00
01320             680.00      -16.00
01321             760.00      -16.00
01322             880.00      -16.00
01323             920.00      -20.00
01324            1080.00      -16.00
01325            1080.00      -20.00
01326            1280.00      -16.00
01327            1400.00      -20.00
01328            1560.00      -12.00
01329            1680.00      -20.00
01330            1760.00      -16.00
01331            1880.00      -16.00
01332            1920.00      -12.00
01333            2000.00      -16.00
01334            2040.00      -20.00
01335            2160.00      -20.00
01336            2200.00      -20.00
01337            2280.00      -20.00
01338            2360.00      -12.00
01339            2360.00      -20.00
01340            2400.00      -16.00
01341            2400.00      -20.00
01342            2520.00      -16.00
01343            2560.00      -24.00
01344            2560.00      -16.00
01345            2640.00      -20.00
01346            2640.00      -16.00
01347            2760.00      -20.00
01348            2800.00      -20.00
01349            2800.00      -16.00
01350            2840.00      -16.00
01351            2880.00      -16.00
01352            2920.00      -12.00
01353            2960.00      -16.00
01354            3000.00      -12.00
01355            3000.00      -16.00
01356            3040.00      -16.00
01357            3040.00      -12.00
01358            3080.00      -20.00
01359            3080.00      -12.00
01360            3080.00      -16.00
01361            3120.00      -20.00
01362            3120.00      -12.00
01363            3120.00      -20.00
01364            3120.00      -16.00
01365            3120.00      -12.00
01366            3120.00      -16.00
01367            3120.00      -16.00
01368            3120.00      -16.00
01369            3120.00      -12.00
01370            3120.00      -12.00
01371            3120.00      -16.00
01372            3120.00      -16.00
01373            3080.00      -20.00
01374            3040.00      -16.00
01375            3040.00      -16.00
01376            3040.00      -16.00
01377            3000.00      -16.00
01378            2960.00      -12.00
01379            2960.00      -20.00
01380            2880.00      -12.00
01381            2840.00      -16.00
01382            2800.00      -16.00
01383            2720.00      -20.00
01384            2640.00      -16.00
01385            2560.00      -16.00
01386            2520.00      -20.00
01387            2400.00      -16.00
01388            2280.00      -16.00
01389            2160.00      -16.00
01390            2080.00      -20.00
01391            1920.00      -16.00
01392            1840.00      -16.00
01393            1680.00      -20.00
01394            1560.00      -16.00
01395            1440.00      -16.00
01396            1360.00      -16.00
01397            1160.00      -12.00
01398            1120.00      -16.00
01399             880.00      -20.00
01400             840.00      -16.00
01401             680.00      -16.00
01402             560.00      -16.00
01403             440.00      -20.00
01404             320.00      -16.00
01405             240.00      -16.00
01406             120.00      -16.00
01407              40.00      -20.00
01408               0.00      -12.00
01409             -40.00      -20.00
01410            -160.00      -20.00
01411            -200.00      -24.00
01412            -240.00      -20.00
01413            -360.00      -16.00
01414            -400.00      -16.00
01415            -440.00      -16.00
01416            -520.00      -16.00
01417            -560.00      -16.00
01418            -600.00      -20.00
01419            -680.00      -12.00
01420            -720.00      -24.00
01421            -760.00      -16.00
01422            -800.00      -20.00
01423            -880.00      -24.00
01424            -920.00      -20.00
01425            -920.00      -16.00
01426            -960.00      -20.00
01427            -960.00      -16.00
01428           -1040.00      -28.00
01429           -1040.00      -24.00
01430           -1040.00      -20.00
01431           -1040.00      -24.00
01432           -1080.00      -12.00
01433           -1080.00      -20.00
01434           -1120.00      -20.00
01435           -1160.00      -16.00
01436           -1160.00      -20.00
01437           -1160.00      -16.00
01438           -1160.00      -16.00
01439           -1200.00      -20.00
01440           -1200.00      -16.00
01441           -1240.00      -24.00
01442           -1280.00      -16.00
01443           -1280.00      -16.00
01444           -1320.00      -12.00
01445           -1320.00      -20.00
01446           -1320.00      -12.00
01447           -1360.00      -20.00
01448           -1360.00      -16.00
01449           -1400.00      -16.00
01450           -1400.00      -16.00
01451           -1400.00      -16.00
01452           -1400.00      -20.00
01453           -1400.00      -12.00
01454           -1360.00      -16.00
01455           -1440.00      -20.00
01456           -1400.00      -20.00
01457           -1400.00      -12.00
01458           -1400.00      -16.00
01459           -1400.00      -16.00
01460           -1440.00      -16.00
01461           -1480.00      -20.00
01462           -1480.00      -20.00
01463           -1480.00      -16.00
01464           -1480.00      -24.00
01465           -1560.00      -12.00
01466           -1560.00      -20.00
01467           -1600.00      -16.00
01468           -1560.00      -12.00
01469           -1600.00      -16.00
01470           -1600.00      -20.00
01471           -1600.00      -20.00
01472           -1600.00      -16.00
01473           -1640.00      -16.00
01474           -1600.00      -20.00
01475           -1640.00      -24.00
01476           -1600.00      -24.00
01477           -1640.00      -12.00
01478           -1640.00      -16.00
01479           -1600.00      -16.00
01480           -1560.00      -16.00
01481           -1600.00      -20.00
01482           -1520.00      -24.00
01483           -1520.00      -20.00
01484           -1480.00      -20.00
01485           -1480.00      -24.00
01486           -1440.00      -24.00
01487           -1360.00      -16.00
01488           -1360.00      -20.00
01489           -1360.00      -16.00
01490           -1360.00      -16.00
01491           -1360.00      -16.00
01492           -1320.00      -20.00
01493           -1320.00      -16.00
01494           -1320.00      -20.00
01495           -1240.00      -16.00
01496           -1200.00      -20.00
01497           -1200.00      -16.00
01498           -1160.00      -16.00
01499           -1160.00      -20.00
01500           -1080.00      -16.00
01501           -1040.00      -12.00
01502           -1040.00      -16.00
01503            -960.00      -16.00
01504            -960.00      -20.00
01505            -960.00      -16.00
01506            -880.00      -24.00
01507            -840.00      -20.00
01508            -840.00      -16.00
01509            -840.00      -20.00
01510            -760.00      -16.00
01511           -2040.00      500.00
01512           -2080.00      500.00
01513           -2080.00      500.00
01514           -2120.00      -36.00
01515           -2160.00      -40.00
01516           -2160.00      -36.00
01517           -2120.00      -36.00
01518           -2160.00      -36.00
01519           -2160.00      -40.00
01520           -2160.00      -32.00
01521           -2120.00      -36.00
01522           -2120.00      -28.00
01523           -2080.00      -36.00
01524           -2080.00      -32.00
01525           -2040.00      -32.00
01526           -2080.00      -28.00
01527           -2000.00      -28.00
01528           -1960.00      -28.00
01529           -1880.00      -36.00
01530           -1840.00      -36.00
01531           -1840.00      -28.00
01532           -1720.00      -28.00
01533           -1680.00      -28.00
01534           -1640.00      -28.00
01535           -1600.00      -32.00
01536           -1480.00      -32.00
01537           -1360.00      -24.00
01538           -1360.00      -24.00
01539           -1320.00      -28.00
01540           -1240.00      -28.00
01541           -1200.00      -20.00
01542           -1160.00      -28.00
01543           -1040.00      -28.00
01544           -1000.00      -24.00
01545            -960.00      -28.00
01546            -880.00      -28.00
01547            -800.00      -24.00
01548            -840.00      -28.00
01549            -800.00      -24.00
01550            -720.00      -28.00
01551            -600.00      -24.00
01552            -560.00      -20.00
01553            -560.00      -32.00
01554            -480.00      -24.00
01555            -360.00      -20.00
01556            -360.00      -20.00
01557            -240.00      -20.00
01558            -200.00      -20.00
01559            -160.00      -24.00
01560             -80.00      -28.00
01561             -40.00      -28.00
01562              80.00      -24.00
01563             160.00      -20.00
01564             200.00      -24.00
01565             240.00      -20.00
01566             360.00      -20.00
01567             440.00      -24.00
01568             520.00      -24.00
01569             560.00      -20.00
01570             680.00      -20.00
01571             800.00      -24.00
01572             880.00      -28.00
01573             960.00      -28.00
01574            1120.00      -16.00
01575            1120.00      -20.00
01576            1280.00      -20.00
01577            1440.00      -16.00
01578            1520.00      -16.00
01579            1640.00      -16.00
01580            1840.00      -16.00
01581            1840.00      -24.00
01582            2000.00      -24.00
01583            2000.00      -16.00
01584            2040.00      -16.00
01585            2160.00      -16.00
01586            2200.00      -20.00
01587            2280.00      -20.00
01588            2320.00      -20.00
01589            2360.00      -16.00
01590            2360.00      -24.00
01591            2440.00      -16.00
01592            2520.00      -16.00
01593            2560.00      -16.00
01594            2560.00      -16.00
01595            2640.00      -24.00
01596            2680.00      -20.00
01597            2720.00      -16.00
01598            2800.00      -20.00
01599            2800.00      -20.00
01600            2880.00      -16.00
01601            2880.00      -20.00
01602            2960.00      -16.00
01603            2920.00      -20.00
01604            2960.00      -20.00
01605            3000.00      -16.00
01606            3040.00      -20.00
01607            3040.00      -16.00
01608            3080.00      -20.00
01609            3080.00      -20.00
01610            3120.00      -24.00
01611            3080.00      -16.00
01612            3120.00      -16.00
01613            3080.00      -16.00
01614            3120.00      -20.00
01615            3120.00      -20.00
01616            3080.00      -24.00
01617            3120.00      -20.00
01618            3120.00      -20.00
01619            3120.00      -16.00
01620            3120.00      -16.00
01621            3080.00      -16.00
01622            3080.00      -16.00
01623            3080.00      -20.00
01624            3080.00      -16.00
01625            3040.00      -16.00
01626            3040.00      -20.00
01627            3000.00      -20.00
01628            3000.00      -20.00
01629            2920.00      -12.00
01630            2880.00      -16.00
01631            2840.00      -12.00
01632            2800.00      -24.00
01633            2720.00      -20.00
01634            2640.00      -16.00
01635            2560.00      -20.00
01636            2520.00      -16.00
01637            2400.00      -16.00
01638            2320.00      -12.00
01639            2200.00      -20.00
01640            2080.00      -12.00
01641            1920.00      -16.00
01642            1840.00      -16.00
01643            1760.00      -20.00
01644            1600.00      -20.00
01645            1440.00      -12.00
01646            1320.00      -20.00
01647            1200.00      -16.00
01648            1080.00      -12.00
01649             920.00      -16.00
01650             760.00      -16.00
01651             640.00      -20.00
01652             560.00      -24.00
01653             440.00      -12.00
01654             360.00      -20.00
01655             240.00      -12.00
01656             160.00      -20.00
01657              80.00      -20.00
01658             -40.00      -16.00
01659             -40.00      -12.00
01660            -160.00      -16.00
01661            -160.00      -16.00
01662            -280.00      -16.00
01663            -280.00      -16.00
01664            -360.00      -16.00
01665            -440.00      -16.00
01666            -480.00      -16.00
01667            -520.00      -16.00
01668            -600.00      -16.00
01669            -680.00      -12.00
01670            -720.00      -24.00
01671            -760.00      -20.00
01672            -800.00      -16.00
01673            -880.00      -12.00
01674            -920.00      -16.00
01675            -920.00      -16.00
01676            -960.00      -20.00
01677           -1000.00      -12.00
01678           -1000.00      -12.00
01679           -1040.00      -16.00
01680           -1040.00      -20.00
01681           -1040.00      -24.00
01682           -1080.00      -16.00
01683           -1080.00      -20.00
01684           -1120.00      -12.00
01685           -1160.00      -16.00
01686           -1160.00      -16.00
01687           -1160.00      -12.00
01688           -1120.00      -16.00
01689           -1200.00      -12.00
01690           -1200.00      -16.00
01691           -1200.00      -16.00
01692           -1280.00      -16.00
01693           -1280.00      -20.00
01694           -1360.00      -16.00
01695           -1360.00      -12.00
01696           -1360.00      -12.00
01697           -1400.00      -12.00
01698           -1400.00      -20.00
01699           -1400.00      -16.00
01700           -1400.00      -20.00
01701           -1400.00      -16.00
01702           -1440.00      -16.00
01703           -1360.00      -16.00
01704           -1400.00      -16.00
01705           -1400.00      -16.00
01706           -1440.00      -16.00
01707           -1440.00      -12.00
01708           -1440.00      -16.00
01709           -1440.00      -20.00
01710           -1440.00      -16.00
01711           -1480.00      -20.00
01712           -1480.00      -20.00
01713           -1480.00      -12.00
01714           -1480.00      -16.00
01715           -1520.00      -16.00
01716           -1520.00      -12.00
01717           -1600.00      -20.00
01718           -1560.00      -16.00
01719           -1600.00      -12.00
01720           -1600.00      -12.00
01721           -1560.00      -12.00
01722           -1600.00      -12.00
01723           -1640.00      -16.00
01724           -1640.00      -16.00
01725           -1680.00      -12.00
01726           -1640.00      -20.00
01727           -1640.00      -12.00
01728           -1600.00      -12.00
01729           -1600.00      -16.00
01730           -1560.00      -20.00
01731           -1600.00      -16.00
01732           -1560.00      -16.00
01733           -1520.00      -16.00
01734           -1520.00      -12.00
01735           -1440.00      -16.00
01736           -1440.00      -24.00
01737           -1400.00      -16.00
01738           -1360.00      -12.00
01739           -1360.00      -16.00
01740           -1360.00      -16.00
01741           -1360.00      -16.00
01742           -1320.00      -16.00
01743           -1320.00      -12.00
01744           -1280.00      -16.00
01745           -1240.00      -16.00
01746           -1240.00      -16.00
01747           -1200.00      -12.00
01748           -1160.00      -16.00
01749           -1120.00      -12.00
01750           -1120.00      -16.00
01751           -1080.00      -20.00
01752           -1040.00      -12.00
01753           -1040.00      -12.00
01754            -960.00      -20.00
01755            -960.00      -20.00
01756            -920.00      -20.00
01757            -840.00      -16.00
01758            -840.00      -16.00
01759            -800.00      -20.00
01760            -760.00      -16.00
01761           -2080.00      500.00
01762           -2080.00      500.00
01763           -2120.00      500.00
01764           -2120.00      -36.00
01765           -2120.00      -40.00
01766           -2080.00      -36.00
01767           -2120.00      -36.00
01768           -2120.00      -40.00
01769           -2120.00      -36.00
01770           -2120.00      -36.00
01771           -2120.00      -32.00
01772           -2120.00      -28.00
01773           -2120.00      -32.00
01774           -2080.00      -36.00
01775           -2080.00      -36.00
01776           -2000.00      -32.00
01777           -1960.00      -32.00
01778           -1960.00      -36.00
01779           -1920.00      -36.00
01780           -1840.00      -28.00
01781           -1800.00      -28.00
01782           -1720.00      -36.00
01783           -1640.00      -32.00
01784           -1640.00      -28.00
01785           -1520.00      -28.00
01786           -1480.00      -24.00
01787           -1400.00      -32.00
01788           -1360.00      -24.00
01789           -1320.00      -28.00
01790           -1240.00      -28.00
01791           -1240.00      -20.00
01792           -1120.00      -28.00
01793           -1120.00      -32.00
01794           -1080.00      -24.00
01795            -920.00      -28.00
01796            -880.00      -28.00
01797            -800.00      -24.00
01798            -840.00      -28.00
01799            -760.00      -24.00
01800            -760.00      -20.00
01801            -640.00      -28.00
01802            -520.00      -24.00
01803            -560.00      -28.00
01804            -480.00      -20.00
01805            -360.00      -24.00
01806            -320.00      -24.00
01807            -280.00      -28.00
01808            -200.00      -20.00
01809            -120.00      -24.00
01810             -40.00      -28.00
01811               0.00      -28.00
01812              80.00      -24.00
01813             160.00      -24.00
01814             240.00      -24.00
01815             240.00      -24.00
01816             320.00      -28.00
01817             440.00      -24.00
01818             440.00      -24.00
01819             560.00      -20.00
01820             760.00      -24.00
01821             760.00      -24.00
01822             920.00      -24.00
01823             960.00      -24.00
01824            1160.00      -20.00
01825            1160.00      -16.00
01826            1360.00      -24.00
01827            1440.00      -20.00
01828            1520.00      -24.00
01829            1640.00      -24.00
01830            1720.00      -24.00
01831            1840.00      -24.00
01832            1960.00      -24.00
01833            2000.00      -24.00
01834            2080.00      -20.00
01835            2160.00      -20.00
01836            2240.00      -24.00
01837            2280.00      -20.00
01838            2280.00      -24.00
01839            2360.00      -24.00
01840            2360.00      -20.00
01841            2440.00      -20.00
01842            2480.00      -20.00
01843            2480.00      -16.00
01844            2560.00      -24.00
01845            2640.00      -28.00
01846            2680.00      -20.00
01847            2720.00      -20.00
01848            2760.00      -20.00
01849            2800.00      -24.00
01850            2880.00      -32.00
01851            2920.00      -20.00
01852            2920.00      -20.00
01853            2920.00      -20.00
01854            2960.00      -20.00
01855            3040.00      -20.00
01856            3040.00      -16.00
01857            3000.00      -16.00
01858            3080.00      -12.00
01859            3080.00      -20.00
01860            3120.00      -24.00
01861            3080.00      -24.00
01862            3080.00      -20.00
01863            3080.00      -20.00
01864            3120.00      -20.00
01865            3080.00      -20.00
01866            3120.00      -20.00
01867            3120.00      -20.00
01868            3080.00      -20.00
01869            3120.00      -20.00
01870            3120.00      -20.00
01871            3120.00      -20.00
01872            3080.00      -20.00
01873            3080.00      -24.00
01874            3080.00      -16.00
01875            3040.00      -24.00
01876            3000.00      -20.00
01877            3040.00      -20.00
01878            2960.00      -12.00
01879            2920.00      -20.00
01880            2840.00      -16.00
01881            2840.00      -16.00
01882            2800.00      -16.00
01883            2720.00      -20.00
01884            2640.00      -20.00
01885            2560.00      -16.00
01886            2480.00      -28.00
01887            2400.00      -20.00
01888            2320.00      -20.00
01889            2200.00      -20.00
01890            2080.00      -24.00
01891            1960.00      -20.00
01892            1840.00      -16.00
01893            1680.00      -16.00
01894            1560.00      -20.00
01895            1480.00      -20.00
01896            1320.00      -20.00
01897            1200.00      -20.00
01898            1040.00      -16.00
01899             920.00      -20.00
01900             800.00      -20.00
01901             680.00      -12.00
01902             560.00      -16.00
01903             440.00      -20.00
01904             360.00      -16.00
01905             240.00      -20.00
01906             120.00      -16.00
01907              80.00      -16.00
01908               0.00      -16.00
01909             -40.00      -20.00
01910            -120.00      -24.00
01911            -200.00      -16.00
01912            -280.00      -16.00
01913            -360.00      -20.00
01914            -400.00      -20.00
01915            -400.00      -20.00
01916            -480.00      -16.00
01917            -520.00      -16.00
01918            -600.00      -12.00
01919            -640.00      -24.00
01920            -720.00      -16.00
01921            -760.00      -20.00
01922            -800.00      -16.00
01923            -840.00      -20.00
01924            -920.00      -16.00
01925            -960.00      -20.00
01926           -1000.00      -20.00
01927            -960.00      -20.00
01928           -1000.00      -24.00
01929           -1040.00      -12.00
01930           -1080.00      -16.00
01931           -1080.00      -16.00
01932           -1080.00      -16.00
01933           -1120.00      -20.00
01934           -1120.00      -24.00
01935           -1160.00      -16.00
01936           -1200.00      -20.00
01937           -1160.00      -16.00
01938           -1200.00      -12.00
01939           -1200.00      -20.00
01940           -1200.00      -12.00
01941           -1240.00      -16.00
01942           -1240.00      -20.00
01943           -1280.00      -20.00
01944           -1280.00      -20.00
01945           -1320.00      -20.00
01946           -1360.00      -20.00
01947           -1360.00      -16.00
01948           -1360.00      -16.00
01949           -1360.00      -20.00
01950           -1400.00      -20.00
01951           -1400.00      -20.00
01952           -1440.00      -20.00
01953           -1400.00      -16.00
01954           -1400.00      -24.00
01955           -1360.00      -24.00
01956           -1400.00      -20.00
01957           -1440.00      -20.00
01958           -1400.00      -20.00
01959           -1440.00      -16.00
01960           -1440.00      -20.00
01961           -1480.00      -20.00
01962           -1480.00      -16.00
01963           -1480.00      -20.00
01964           -1480.00      -20.00
01965           -1520.00      -16.00
01966           -1560.00      -20.00
01967           -1560.00      -20.00
01968           -1520.00      -12.00
01969           -1560.00      -20.00
01970           -1600.00      -16.00
01971           -1640.00      -20.00
01972           -1640.00      -20.00
01973           -1600.00      -16.00
01974           -1640.00      -20.00
01975           -1640.00      -24.00
01976           -1640.00      -16.00
01977           -1640.00      -16.00
01978           -1560.00      -16.00
01979           -1600.00      -16.00
01980           -1600.00      -16.00
01981           -1520.00      -20.00
01982           -1560.00      -24.00
01983           -1520.00      -16.00
01984           -1480.00      -20.00
01985           -1480.00      -16.00
01986           -1400.00      -24.00
01987           -1440.00      -16.00
01988           -1400.00      -16.00
01989           -1400.00      -16.00
01990           -1360.00      -16.00
01991           -1360.00      -20.00
01992           -1320.00      -16.00
01993           -1280.00      -12.00
01994           -1240.00      -16.00
01995           -1280.00      -24.00
01996           -1240.00      -20.00
01997           -1200.00      -20.00
01998           -1160.00      -24.00
01999           -1160.00      -16.00
02000           -1120.00      -16.00
02001           -1080.00      -16.00
02002           -1040.00      -12.00
02003           -1000.00      -20.00
02004            -920.00      -20.00
02005            -960.00      -16.00
02006            -920.00      -16.00
02007            -880.00      -20.00
02008            -880.00      -20.00
02009            -800.00      -20.00
02010            -800.00      -16.00
02011           -2080.00      500.00
02012           -2120.00      500.00
02013           -2080.00      500.00
02014           -2160.00      -28.00
02015           -2120.00      -40.00
02016           -2160.00      -32.00
02017           -2120.00      -32.00
02018           -2160.00      -36.00
02019           -2120.00      -32.00
02020           -2160.00      -32.00
02021           -2120.00      -32.00
02022           -2120.00      -32.00
02023           -2120.00      -28.00
02024           -2080.00      -28.00
02025           -2080.00      -24.00
02026           -1960.00      -32.00
02027           -2000.00      -32.00
02028           -1920.00      -32.00
02029           -1920.00      -28.00
02030           -1840.00      -28.00
02031           -1760.00      -20.00
02032           -1680.00      -28.00
02033           -1680.00      -28.00
02034           -1600.00      -24.00
02035           -1520.00      -24.00
02036           -1520.00      -28.00
02037           -1400.00      -24.00
02038           -1360.00      -28.00
02039           -1320.00      -24.00
02040           -1280.00      -20.00
02041           -1200.00      -28.00
02042           -1120.00      -24.00
02043           -1120.00      -24.00
02044           -1040.00      -24.00
02045            -960.00      -24.00
02046            -960.00      -20.00
02047            -880.00      -20.00
02048            -800.00      -24.00
02049            -720.00      -28.00
02050            -680.00      -16.00
02051            -600.00      -24.00
02052            -600.00      -20.00
02053            -520.00      -16.00
02054            -520.00      -20.00
02055            -440.00      -16.00
02056            -320.00      -16.00
02057            -280.00      -16.00
02058            -240.00      -20.00
02059            -120.00      -20.00
02060             -80.00      -24.00
02061               0.00      -28.00
02062              80.00      -20.00
02063              80.00      -16.00
02064             240.00      -20.00
02065             240.00      -16.00
02066             360.00      -24.00
02067             400.00      -16.00
02068             560.00      -20.00
02069             560.00      -20.00
02070             720.00      -20.00
02071             720.00      -20.00
02072             840.00      -16.00
02073            1040.00      -20.00
02074            1160.00      -16.00
02075            1200.00      -20.00
02076            1320.00      -16.00
02077            1400.00      -16.00
02078            1520.00      -20.00
02079            1560.00      -16.00
02080            1640.00      -16.00
02081            1920.00      -20.00
02082            1840.00      -16.00
02083            2000.00      -16.00
02084            2080.00      -16.00
02085            2120.00      -16.00
02086            2200.00      -20.00
02087            2240.00      -16.00
02088            2280.00      -16.00
02089            2440.00      -16.00
02090            2400.00      -20.00
02091            2480.00      -16.00
02092            2480.00      -20.00
02093            2560.00      -20.00
02094            2560.00      -16.00
02095            2640.00      -16.00
02096            2640.00      -16.00
02097            2680.00      -12.00
02098            2720.00      -20.00
02099            2800.00      -16.00
02100            2840.00      -16.00
02101            2880.00      -16.00
02102            2920.00      -16.00
02103            2960.00      -20.00
02104            2960.00      -20.00
02105            2960.00      -16.00
02106            3040.00      -16.00
02107            3040.00      -20.00
02108            3080.00      -16.00
02109            3080.00      -16.00
02110            3080.00      -16.00
02111            3080.00      -20.00
02112            3080.00      -20.00
02113            3080.00      -16.00
02114            3120.00      -16.00
02115            3120.00      -20.00
02116            3120.00      -16.00
02117            3120.00      -16.00
02118            3120.00      -20.00
02119            3120.00      -20.00
02120            3120.00      -16.00
02121            3120.00      -20.00
02122            3080.00      -20.00
02123            3080.00      -24.00
02124            3080.00      -20.00
02125            3000.00      -20.00
02126            3000.00      -16.00
02127            3000.00      -24.00
02128            2920.00      -16.00
02129            2920.00      -16.00
02130            2840.00      -16.00
02131            2800.00      -16.00
02132            2760.00      -20.00
02133            2720.00      -20.00
02134            2640.00      -20.00
02135            2600.00      -16.00
02136            2480.00      -20.00
02137            2440.00      -16.00
02138            2320.00      -16.00
02139            2200.00      -20.00
02140            2080.00      -16.00
02141            1960.00      -12.00
02142            1800.00      -20.00
02143            1680.00      -20.00
02144            1600.00      -20.00
02145            1440.00      -20.00
02146            1360.00      -16.00
02147            1200.00      -16.00
02148            1080.00      -20.00
02149             960.00      -20.00
02150             760.00      -16.00
02151             640.00      -20.00
02152             560.00      -20.00
02153             440.00      -24.00
02154             360.00      -20.00
02155             240.00      -16.00
02156              80.00      -20.00
02157              40.00      -28.00
02158               0.00      -24.00
02159            -120.00      -20.00
02160            -160.00      -20.00
02161            -160.00      -16.00
02162            -240.00      -20.00
02163            -280.00      -20.00
02164            -400.00      -20.00
02165            -480.00      -16.00
02166            -520.00      -20.00
02167            -600.00      -16.00
02168            -640.00      -16.00
02169            -640.00      -20.00
02170            -720.00      -20.00
02171            -760.00      -24.00
02172            -840.00      -24.00
02173            -880.00      -20.00
02174            -880.00      -16.00
02175            -920.00      -16.00
02176            -960.00      -20.00
02177            -960.00      -20.00
02178           -1000.00      -20.00
02179           -1000.00      -20.00
02180           -1040.00      -16.00
02181           -1080.00      -20.00
02182           -1080.00      -20.00
02183           -1120.00      -20.00
02184           -1160.00      -12.00
02185           -1200.00      -20.00
02186           -1120.00      -16.00
02187           -1160.00      -20.00
02188           -1200.00      -20.00
02189           -1200.00      -24.00
02190           -1200.00      -20.00
02191           -1240.00      -16.00
02192           -1240.00      -16.00
02193           -1240.00      -16.00
02194           -1320.00      -20.00
02195           -1360.00      -16.00
02196           -1360.00      -16.00
02197           -1360.00      -20.00
02198           -1400.00      -20.00
02199           -1400.00      -20.00
02200           -1360.00      -24.00
02201           -1400.00      -16.00
02202           -1440.00      -24.00
02203           -1400.00      -16.00
02204           -1400.00      -40.00
02205           -1400.00      -16.00
02206           -1400.00      -16.00
02207           -1400.00      -20.00
02208           -1440.00      -20.00
02209           -1400.00      -16.00
02210           -1440.00      -28.00
02211           -1480.00      -20.00
02212           -1480.00      -20.00
02213           -1480.00      -20.00
02214           -1480.00      -16.00
02215           -1520.00      -20.00
02216           -1560.00      -20.00
02217           -1560.00      -16.00
02218           -1640.00      -16.00
02219           -1600.00      -20.00
02220           -1600.00      -24.00
02221           -1600.00      -16.00
02222           -1600.00      -16.00
02223           -1600.00      -20.00
02224           -1600.00      -20.00
02225           -1640.00      -24.00
02226           -1600.00      -16.00
02227           -1600.00      -16.00
02228           -1600.00      -16.00
02229           -1600.00      -20.00
02230           -1600.00      -20.00
02231           -1560.00      -16.00
02232           -1560.00      -16.00
02233           -1520.00      -16.00
02234           -1440.00      -16.00
02235           -1480.00      -24.00
02236           -1440.00      -16.00
02237           -1400.00      -24.00
02238           -1400.00      -20.00
02239           -1360.00      -24.00
02240           -1320.00      -16.00
02241           -1320.00      -16.00
02242           -1320.00      -20.00
02243           -1320.00      -16.00
02244           -1280.00      -20.00
02245           -1240.00      -20.00
02246           -1240.00      -24.00
02247           -1200.00      -20.00
02248           -1160.00      -16.00
02249           -1160.00      -20.00
02250           -1080.00      -20.00
02251           -1080.00      -20.00
02252           -1040.00      -16.00
02253           -1000.00      -20.00
02254           -1000.00      -20.00
02255            -920.00      -20.00
02256            -920.00      -20.00
02257            -880.00      -16.00
02258            -840.00      -16.00
02259            -800.00      -24.00
02260            -800.00      -20.00
02261           -2080.00      500.00
02262           -2080.00      500.00
02263           -2120.00      500.00
02264           -2120.00      -36.00
02265           -2120.00      -36.00
02266           -2120.00      -40.00
02267           -2160.00      -40.00
02268           -2120.00      -40.00
02269           -2160.00      -40.00
02270           -2120.00      -32.00
02271           -2160.00      -32.00
02272           -2120.00      -32.00
02273           -2080.00      -36.00
02274           -2080.00      -32.00
02275           -2000.00      -32.00
02276           -2040.00      -36.00
02277           -2000.00      -36.00
02278           -1920.00      -28.00
02279           -1920.00      -24.00
02280           -1880.00      -28.00
02281           -1800.00      -36.00
02282           -1720.00      -28.00
02283           -1720.00      -32.00
02284           -1600.00      -28.00
02285           -1560.00      -28.00
02286           -1440.00      -28.00
02287           -1440.00      -28.00
02288           -1400.00      -28.00
02289           -1280.00      -28.00
02290           -1280.00      -36.00
02291           -1200.00      -28.00
02292           -1160.00      -28.00
02293           -1040.00      -24.00
02294           -1000.00      -24.00
02295           -1000.00      -24.00
02296            -960.00      -28.00
02297            -880.00      -24.00
02298            -800.00      -20.00
02299            -760.00      -20.00
02300            -720.00      -24.00
02301            -640.00      -24.00
02302            -600.00      -28.00
02303            -480.00      -28.00
02304            -520.00      -28.00
02305            -400.00      -20.00
02306            -280.00      -20.00
02307            -280.00      -24.00
02308            -200.00      -24.00
02309            -120.00      -24.00
02310             -40.00      -20.00
02311              40.00      -20.00
02312              40.00      -24.00
02313             120.00      -20.00
02314             240.00      -16.00
02315             280.00      -24.00
02316             400.00      -20.00
02317             400.00      -20.00
02318             480.00      -24.00
02319             640.00      -24.00
02320             680.00      -20.00
02321             720.00      -24.00
02322             840.00      -20.00
02323             920.00      -32.00
02324            1080.00      -20.00
02325            1200.00      -20.00
02326            1280.00      -16.00
02327            1400.00      -24.00
02328            1560.00      -24.00
02329            1560.00      -20.00
02330            1680.00      -24.00
02331            1840.00      -24.00
02332            1880.00      -16.00
02333            1920.00      -20.00
02334            2080.00      -16.00
02335            2120.00      -16.00
02336            2160.00      -28.00
02337            2160.00      -20.00
02338            2240.00      -16.00
02339            2360.00      -24.00
02340            2400.00      -20.00
02341            2480.00      -20.00
02342            2480.00      -20.00
02343            2560.00      -20.00
02344            2600.00      -16.00
02345            2640.00      -20.00
02346            2680.00      -20.00
02347            2680.00      -24.00
02348            2760.00      -16.00
02349            2800.00      -20.00
02350            2880.00      -16.00
02351            2920.00      -20.00
02352            2920.00      -28.00
02353            2960.00      -16.00
02354            2960.00      -16.00
02355            3000.00      -16.00
02356            3040.00      -24.00
02357            3040.00      -20.00
02358            3040.00      -12.00
02359            3080.00      -20.00
02360            3080.00      -16.00
02361            3040.00      -16.00
02362            3080.00      -16.00
02363            3080.00      -12.00
02364            3120.00      -20.00
02365            3120.00      -20.00
02366            3120.00      -20.00
02367            3120.00      -16.00
02368            3120.00      -20.00
02369            3120.00      -16.00
02370            3120.00      -12.00
02371            3080.00      -16.00
02372            3080.00      -12.00
02373            3080.00      -20.00
02374            3080.00      -16.00
02375            3040.00      -16.00
02376            3000.00      -12.00
02377            3000.00      -20.00
02378            2960.00      -16.00
02379            2920.00      -16.00
02380            2880.00      -12.00
02381            2880.00      -16.00
02382            2760.00      -20.00
02383            2720.00      -20.00
02384            2640.00      -16.00
02385            2600.00      -16.00
02386            2520.00      -20.00
02387            2440.00      -16.00
02388            2280.00      -16.00
02389            2200.00      -16.00
02390            2080.00      -16.00
02391            1960.00      -20.00
02392            1760.00      -16.00
02393            1680.00      -16.00
02394            1600.00      -16.00
02395            1440.00      -12.00
02396            1320.00      -16.00
02397            1200.00      -16.00
02398            1040.00      -16.00
02399             920.00      -16.00
02400             840.00      -16.00
02401             680.00      -16.00
02402             560.00      -16.00
02403             440.00      -16.00
02404             360.00      -20.00
02405             240.00      -20.00
02406             120.00      -20.00
02407              40.00      -16.00
02408               0.00      -20.00
02409             -80.00      -20.00
02410            -160.00      -16.00
02411            -200.00      -16.00
02412            -240.00      -16.00
02413            -280.00      -16.00
02414            -400.00      -16.00
02415            -440.00      -16.00
02416            -520.00      -16.00
02417            -560.00      -20.00
02418            -640.00      -16.00
02419            -640.00      -12.00
02420            -720.00      -20.00
02421            -720.00      -12.00
02422            -840.00      -12.00
02423            -840.00      -24.00
02424            -920.00      -16.00
02425            -920.00      -16.00
02426            -960.00      -20.00
02427           -1000.00      -16.00
02428           -1040.00      -16.00
02429           -1040.00      -12.00
02430           -1040.00      -20.00
02431           -1120.00      -20.00
02432           -1120.00      -12.00
02433           -1120.00      -12.00
02434           -1120.00      -12.00
02435           -1200.00      -12.00
02436           -1160.00      -12.00
02437           -1160.00      -20.00
02438           -1160.00      -12.00
02439           -1200.00      -16.00
02440           -1200.00      -16.00
02441           -1240.00      -20.00
02442           -1240.00      -16.00
02443           -1280.00      -16.00
02444           -1280.00      -16.00
02445           -1360.00      -16.00
02446           -1360.00      -16.00
02447           -1360.00      -12.00
02448           -1360.00      -16.00
02449           -1400.00      -20.00
02450           -1400.00      -16.00
02451           -1400.00      -16.00
02452           -1400.00      -16.00
02453           -1400.00      -16.00
02454           -1400.00      -20.00
02455           -1400.00      -16.00
02456           -1400.00      -12.00
02457           -1440.00      -16.00
02458           -1440.00      -12.00
02459           -1400.00      -16.00
02460           -1440.00      -16.00
02461           -1480.00      -16.00
02462           -1480.00      -16.00
02463           -1480.00      -16.00
02464           -1520.00      -16.00
02465           -1520.00      -16.00
02466           -1560.00      -20.00
02467           -1560.00      -16.00
02468           -1600.00      -20.00
02469           -1600.00      -20.00
02470           -1640.00      -16.00
02471           -1640.00      -20.00
02472           -1600.00      -20.00
02473           -1600.00      -12.00
02474           -1600.00      -16.00
02475           -1600.00      -12.00
02476           -1600.00      -20.00
02477           -1600.00      -12.00
02478           -1600.00      -16.00
02479           -1600.00      -16.00
02480           -1560.00      -16.00
02481           -1560.00      -16.00
02482           -1520.00      -16.00
02483           -1520.00      -12.00
02484           -1480.00      -12.00
02485           -1480.00      -12.00
02486           -1440.00      -16.00
02487           -1400.00      -20.00
02488           -1400.00      -16.00
02489           -1360.00      -20.00
02490           -1360.00      -24.00
02491           -1320.00      -16.00
02492           -1320.00      -12.00
02493           -1320.00      -12.00
02494           -1280.00      -20.00
02495           -1240.00      -20.00
02496           -1240.00      -20.00
02497           -1200.00      -24.00
02498           -1200.00      -16.00
02499           -1160.00      -16.00
02500           -1120.00      -12.00
02501           -1080.00      -16.00
02502           -1040.00      -16.00
02503           -1040.00      -20.00
02504           -1000.00      -20.00
02505            -960.00      -24.00
02506            -920.00      -20.00
02507            -880.00      -16.00
02508            -880.00      -20.00
02509            -800.00      -12.00
02510            -720.00      -16.00
02511           -2080.00      500.00
02512           -2080.00      500.00
02513           -2080.00      500.00
02514           -2120.00      -40.00
02515           -2120.00      -40.00
02516           -2120.00      -40.00
02517           -2160.00      -40.00
02518           -2120.00      -40.00
02519           -2160.00      -40.00
02520           -2160.00      -32.00
02521           -2120.00      -32.00
02522           -2120.00      -36.00
02523           -2080.00      -36.00
02524           -2080.00      -36.00
02525           -2040.00      -44.00
02526           -2000.00      -32.00
02527           -2040.00      -36.00
02528           -1960.00      -28.00
02529           -1920.00      -32.00
02530           -1880.00      -28.00
02531           -1800.00      -28.00
02532           -1760.00      -28.00
02533           -1680.00      -36.00
02534           -1600.00      -28.00
02535           -1560.00      -28.00
02536           -1480.00      -32.00
02537           -1480.00      -32.00
02538           -1360.00      -28.00
02539           -1360.00      -28.00
02540           -1240.00      -32.00
02541           -1200.00      -32.00
02542           -1200.00      -32.00
02543           -1040.00      -28.00
02544           -1040.00      -32.00
02545           -1040.00      -20.00
02546            -920.00      -28.00
02547            -920.00      -28.00
02548            -760.00      -24.00
02549            -720.00      -28.00
02550            -680.00      -28.00
02551            -720.00      -28.00
02552            -640.00      -28.00
02553            -560.00      -32.00
02554            -520.00      -28.00
02555            -440.00      -28.00
02556            -360.00      -28.00
02557            -280.00      -28.00
02558            -240.00      -24.00
02559            -120.00      -32.00
02560            -120.00      -24.00
02561              40.00      -24.00
02562              40.00      -20.00
02563             120.00      -24.00
02564             200.00      -24.00
02565             320.00      -28.00
02566             400.00      -24.00
02567             360.00      -24.00
02568             560.00      -20.00
02569             640.00      -28.00
02570             560.00      -24.00
02571             760.00      -44.00
02572             840.00      -24.00
02573            1000.00      -28.00
02574            1120.00      -24.00
02575            1240.00      -24.00
02576            1240.00      -24.00
02577            1360.00      -24.00
02578            1520.00      -32.00
02579            1600.00      -20.00
02580            1720.00      -28.00
02581            1800.00      -24.00
02582            1840.00      -24.00
02583            1960.00      -20.00
02584            2080.00      -16.00
02585            2160.00      -20.00
02586            2160.00      -20.00
02587            2200.00      -20.00
02588            2280.00      -28.00
02589            2320.00      -24.00
02590            2400.00      -24.00
02591            2440.00      -20.00
02592            2440.00      -24.00
02593            2560.00      -20.00
02594            2600.00      -24.00
02595            2600.00      -24.00
02596            2680.00      -20.00
02597            2680.00      -24.00
02598            2760.00      -20.00
02599            2800.00      -24.00
02600            2840.00      -24.00
02601            2920.00      -20.00
02602            2920.00      -20.00
02603            2960.00      -16.00
02604            2960.00      -20.00
02605            3000.00      -20.00
02606            3040.00      -20.00
02607            3000.00      -24.00
02608            3040.00      -20.00
02609            3080.00      -20.00
02610            3080.00      -24.00
02611            3080.00      -24.00
02612            3080.00      -20.00
02613            3120.00      -24.00
02614            3120.00      -24.00
02615            3120.00      -20.00
02616            3120.00      -20.00
02617            3080.00      -24.00
02618            3120.00      -24.00
02619            3120.00      -24.00
02620            3120.00      -12.00
02621            3120.00      -16.00
02622            3120.00      -20.00
02623            3080.00      -24.00
02624            3040.00      -24.00
02625            3040.00      -20.00
02626            3000.00      -20.00
02627            3000.00      -20.00
02628            2960.00      -20.00
02629            2960.00      -20.00
02630            2880.00      -20.00
02631            2840.00      -20.00
02632            2800.00      -20.00
02633            2720.00      -24.00
02634            2640.00      -20.00
02635            2560.00      -20.00
02636            2480.00      -20.00
02637            2400.00      -20.00
02638            2240.00      -20.00
02639            2160.00      -20.00
02640            2080.00      -20.00
02641            1960.00      -20.00
02642            1800.00      -20.00
02643            1720.00      -24.00
02644            1600.00      -16.00
02645            1440.00      -20.00
02646            1240.00      -20.00
02647            1240.00      -20.00
02648            1040.00      -16.00
02649             920.00      -16.00
02650             800.00      -20.00
02651             680.00      -16.00
02652             560.00      -24.00
02653             440.00      -16.00
02654             360.00      -20.00
02655             200.00      -20.00
02656             120.00      -20.00
02657              80.00      -20.00
02658               0.00      -20.00
02659             -80.00      -20.00
02660            -160.00      -20.00
02661            -200.00      -20.00
02662            -280.00      -12.00
02663            -360.00      -20.00
02664            -400.00      -20.00
02665            -400.00      -20.00
02666            -520.00      -12.00
02667            -600.00      -20.00
02668            -640.00      -20.00
02669            -640.00      -20.00
02670            -760.00      -16.00
02671            -760.00      -20.00
02672            -840.00      -20.00
02673            -880.00      -28.00
02674            -880.00      -20.00
02675            -920.00      -24.00
02676           -1000.00      -20.00
02677           -1040.00      -20.00
02678           -1000.00      -20.00
02679           -1040.00      -20.00
02680           -1040.00      -20.00
02681           -1080.00      -20.00
02682           -1120.00      -16.00
02683           -1120.00      -16.00
02684           -1120.00      -16.00
02685           -1160.00      -24.00
02686           -1160.00      -16.00
02687           -1160.00      -16.00
02688           -1200.00      -16.00
02689           -1200.00      -20.00
02690           -1200.00      -20.00
02691           -1240.00      -20.00
02692           -1240.00      -20.00
02693           -1280.00      -20.00
02694           -1320.00      -20.00
02695           -1320.00      -20.00
02696           -1360.00      -24.00
02697           -1360.00      -20.00
02698           -1360.00      -20.00
02699           -1360.00      -20.00
02700           -1400.00      -16.00
02701           -1440.00      -20.00
02702           -1400.00      -24.00
02703           -1440.00      -16.00
02704           -1360.00      -16.00
02705           -1440.00      -16.00
02706           -1440.00      -20.00
02707           -1440.00      -24.00
02708           -1400.00      -20.00
02709           -1440.00      -20.00
02710           -1440.00      -24.00
02711           -1480.00      -16.00
02712           -1480.00      -16.00
02713           -1480.00      -28.00
02714           -1520.00      -16.00
02715           -1520.00      -20.00
02716           -1520.00      -24.00
02717           -1560.00      -20.00
02718           -1560.00      -24.00
02719           -1560.00      -24.00
02720           -1640.00      -16.00
02721           -1600.00      -20.00
02722           -1600.00      -20.00
02723           -1600.00      -20.00
02724           -1600.00      -20.00
02725           -1640.00      -16.00
02726           -1600.00      -16.00
02727           -1600.00      -20.00
02728           -1600.00      -24.00
02729           -1600.00      -24.00
02730           -1600.00      -16.00
02731           -1520.00      -16.00
02732           -1480.00      -12.00
02733           -1520.00      -20.00
02734           -1520.00      -20.00
02735           -1440.00      -16.00
02736           -1440.00      -16.00
02737           -1400.00      -16.00
02738           -1400.00      -24.00
02739           -1360.00      -16.00
02740           -1360.00      -20.00
02741           -1320.00      -16.00
02742           -1320.00      -16.00
02743           -1280.00      -16.00
02744           -1280.00      -12.00
02745           -1240.00      -20.00
02746           -1240.00      -12.00
02747           -1200.00      -20.00
02748           -1160.00      -20.00
02749           -1080.00      -12.00
02750           -1120.00      -12.00
02751           -1040.00      -20.00
02752           -1040.00      -16.00
02753           -1000.00      -16.00
02754            -960.00      -16.00
02755            -920.00      -20.00
02756            -880.00      -20.00
02757            -880.00      -16.00
02758            -840.00      -12.00
02759            -840.00      -16.00
02760            -760.00      -20.00
02761           -2040.00      500.00
02762           -2080.00      500.00
02763           -2120.00      500.00
02764           -2120.00      -36.00
02765           -2080.00      -36.00
02766           -2160.00      -36.00
02767           -2120.00      -32.00
02768           -2160.00      -36.00
02769           -2160.00      -36.00
02770           -2120.00      -36.00
02771           -2120.00      -32.00
02772           -2120.00      -36.00
02773           -2080.00      -28.00
02774           -2080.00      -28.00
02775           -2040.00      -28.00
02776           -2040.00      -32.00
02777           -2000.00      -28.00
02778           -2000.00      -28.00
02779           -1840.00      -32.00
02780           -1840.00      -28.00
02781           -1800.00      -24.00
02782           -1760.00      -28.00
02783           -1680.00      -24.00
02784           -1560.00      -28.00
02785           -1560.00      -28.00
02786           -1480.00      -24.00
02787           -1440.00      -24.00
02788           -1360.00      -24.00
02789           -1320.00      -24.00
02790           -1240.00      -28.00
02791           -1200.00      -28.00
02792           -1120.00      -28.00
02793           -1080.00      -24.00
02794           -1000.00      -24.00
02795           -1000.00      -24.00
02796            -920.00      -24.00
02797            -840.00      -20.00
02798            -800.00      -20.00
02799            -800.00      -20.00
02800            -720.00      -20.00
02801            -640.00      -28.00
02802            -560.00      -24.00
02803            -560.00      -16.00
02804            -440.00      -24.00
02805            -400.00      -20.00
02806            -360.00      -20.00
02807            -200.00      -20.00
02808            -200.00      -20.00
02809             -80.00      -20.00
02810            -120.00      -20.00
02811              40.00      -20.00
02812             120.00      -24.00
02813             200.00      -20.00
02814             200.00      -16.00
02815             280.00      -20.00
02816             360.00      -20.00
02817             440.00      -20.00
02818             480.00      -16.00
02819             640.00      -24.00
02820             600.00      -24.00
02821             800.00      -16.00
02822             880.00      -20.00
02823            1040.00      -20.00
02824            1120.00      -16.00
02825            1240.00      -20.00
02826            1240.00      -20.00
02827            1400.00      -20.00
02828            1520.00      -20.00
02829            1680.00      -20.00
02830            1760.00      -24.00
02831            1800.00      -20.00
02832            1840.00      -24.00
02833            1960.00      -24.00
02834            2120.00      -20.00
02835            2120.00      -20.00
02836            2240.00      -20.00
02837            2240.00      -20.00
02838            2280.00      -20.00
02839            2320.00      -20.00
02840            2400.00      -20.00
02841            2440.00      -20.00
02842            2480.00      -16.00
02843            2560.00      -16.00
02844            2560.00      -20.00
02845            2600.00      -24.00
02846            2680.00      -20.00
02847            2720.00      -20.00
02848            2800.00      -20.00
02849            2800.00      -24.00
02850            2840.00      -24.00
02851            2880.00      -20.00
02852            2920.00      -20.00
02853            2960.00      -20.00
02854            2960.00      -20.00
02855            3040.00      -20.00
02856            3000.00      -24.00
02857            3000.00      -20.00
02858            3040.00      -20.00
02859            3040.00      -16.00
02860            3080.00      -20.00
02861            3120.00      -20.00
02862            3080.00      -20.00
02863            3120.00      -20.00
02864            3120.00      -16.00
02865            3120.00      -20.00
02866            3120.00      -20.00
02867            3120.00      -20.00
02868            3120.00      -16.00
02869            3120.00      -16.00
02870            3120.00      -20.00
02871            3120.00      -20.00
02872            3120.00      -20.00
02873            3080.00      -24.00
02874            3080.00      -16.00
02875            3040.00      -16.00
02876            3040.00      -20.00
02877            3000.00      -20.00
02878            2960.00      -20.00
02879            2920.00      -24.00
02880            2840.00      -16.00
02881            2800.00      -24.00
02882            2800.00      -16.00
02883            2720.00      -24.00
02884            2640.00      -20.00
02885            2600.00      -20.00
02886            2480.00      -16.00
02887            2440.00      -20.00
02888            2280.00      -16.00
02889            2160.00      -16.00
02890            2080.00      -24.00
02891            2000.00      -20.00
02892            1840.00      -24.00
02893            1760.00      -20.00
02894            1640.00      -20.00
02895            1480.00      -20.00
02896            1320.00      -28.00
02897            1200.00      -24.00
02898            1000.00      -20.00
02899             960.00      -24.00
02900             800.00      -20.00
02901             680.00      -24.00
02902             560.00      -20.00
02903             440.00      -24.00
02904             360.00      -20.00
02905             240.00      -32.00
02906             120.00      -20.00
02907              80.00      -20.00
02908               0.00      -24.00
02909             -80.00      -24.00
02910            -160.00      -20.00
02911            -200.00      -28.00
02912            -280.00      -24.00
02913            -360.00      -20.00
02914            -400.00      -24.00
02915            -440.00       -8.00
02916            -480.00      -16.00
02917            -600.00      -20.00
02918            -600.00      -20.00
02919            -680.00      -24.00
02920            -720.00      -20.00
02921            -760.00      -20.00
02922            -800.00      -28.00
02923            -880.00      -20.00
02924            -920.00      -16.00
02925            -920.00      -24.00
02926            -960.00      -20.00
02927           -1000.00      -24.00
02928           -1000.00      -24.00
02929           -1080.00      -16.00
02930           -1040.00      -16.00
02931           -1080.00      -20.00
02932           -1080.00      -24.00
02933           -1120.00      -20.00
02934           -1120.00      -16.00
02935           -1120.00      -20.00
02936           -1160.00      -20.00
02937           -1200.00      -20.00
02938           -1200.00      -16.00
02939           -1200.00      -20.00
02940           -1240.00      -20.00
02941           -1240.00      -20.00
02942           -1240.00      -20.00
02943           -1280.00      -20.00
02944           -1320.00      -24.00
02945           -1320.00      -20.00
02946           -1360.00      -24.00
02947           -1360.00      -20.00
02948           -1360.00      -24.00
02949           -1400.00      -24.00
02950           -1360.00      -20.00
02951           -1440.00      -16.00
02952           -1400.00      -16.00
02953           -1400.00      -16.00
02954           -1400.00      -24.00
02955           -1400.00      -20.00
02956           -1400.00      -16.00
02957           -1440.00      -28.00
02958           -1400.00      -20.00
02959           -1400.00      -20.00
02960           -1440.00      -20.00
02961           -1440.00      -20.00
02962           -1480.00      -16.00
02963           -1520.00      -20.00
02964           -1520.00      -16.00
02965           -1520.00      -20.00
02966           -1560.00      -24.00
02967           -1600.00      -20.00
02968           -1560.00      -24.00
02969           -1600.00      -20.00
02970           -1560.00      -16.00
02971           -1600.00      -16.00
02972           -1600.00      -20.00
02973           -1600.00      -20.00
02974           -1640.00      -20.00
02975           -1640.00      -20.00
02976           -1640.00      -16.00
02977           -1600.00      -24.00
02978           -1640.00      -20.00
02979           -1600.00      -16.00
02980           -1600.00      -20.00
02981           -1560.00      -20.00
02982           -1520.00      -16.00
02983           -1520.00      -20.00
02984           -1480.00      -20.00
02985           -1480.00      -20.00
02986           -1480.00      -16.00
02987           -1400.00      -24.00
02988           -1400.00      -20.00
02989           -1360.00      -16.00
02990           -1360.00      -20.00
02991           -1360.00      -20.00
02992           -1280.00      -20.00
02993           -1320.00      -24.00
02994           -1280.00      -16.00
02995           -1280.00      -20.00
02996           -1200.00      -20.00
02997           -1240.00      -24.00
02998           -1160.00      -24.00
02999           -1160.00      -20.00
03000           -1120.00      -24.00
03001           -1080.00      -20.00
03002           -1040.00      -16.00
03003           -1040.00      -20.00
03004            -960.00      -20.00
03005            -960.00      -24.00
03006            -920.00      -20.00
03007            -880.00      -20.00
03008            -880.00      -20.00
03009            -840.00      -16.00
03010            -800.00      -20.00
03011           -2080.00      500.00
03012           -2160.00      500.00
03013           -2080.00      500.00
03014           -2160.00      -40.00
03015           -2120.00      -36.00
03016           -2120.00      -36.00
03017           -2160.00      -36.00
03018           -2120.00      -36.00
03019           -2120.00      -36.00
03020           -2160.00      -32.00
03021           -2160.00      -32.00
03022           -2120.00      -32.00
03023           -2120.00      -28.00
03024           -2080.00      -40.00
03025           -2080.00      -32.00
03026           -2000.00      -28.00
03027           -2000.00      -28.00
03028           -1920.00      -28.00
03029           -1840.00      -28.00
03030           -1840.00      -32.00
03031           -1840.00      -28.00
03032           -1720.00      -28.00
03033           -1680.00      -32.00
03034           -1640.00      -28.00
03035           -1560.00      -28.00
03036           -1520.00      -24.00
03037           -1400.00      -24.00
03038           -1360.00      -24.00
03039           -1280.00      -28.00
03040           -1240.00      -28.00
03041           -1200.00      -28.00
03042           -1120.00      -28.00
03043           -1080.00      -28.00
03044           -1040.00      -28.00
03045            -960.00      -20.00
03046            -920.00      -28.00
03047            -840.00      -28.00
03048            -840.00      -28.00
03049            -760.00      -28.00
03050            -720.00      -28.00
03051            -640.00      -24.00
03052            -560.00      -24.00
03053            -560.00      -16.00
03054            -480.00      -20.00
03055            -360.00      -24.00
03056            -400.00      -24.00
03057            -240.00      -20.00
03058            -200.00      -24.00
03059            -160.00      -24.00
03060             -80.00      -20.00
03061             -40.00      -28.00
03062              80.00      -24.00
03063             160.00      -16.00
03064             200.00      -28.00
03065             360.00      -20.00
03066             360.00      -24.00
03067             480.00      -24.00
03068             520.00      -24.00
03069             640.00      -20.00
03070             680.00      -20.00
03071             800.00      -24.00
03072             840.00      -12.00
03073             960.00      -16.00
03074            1040.00      -20.00
03075            1200.00      -20.00
03076            1320.00      -20.00
03077            1400.00      -20.00
03078            1440.00      -20.00
03079            1640.00      -20.00
03080            1720.00      -24.00
03081            1800.00      -24.00
03082            1920.00      -16.00
03083            2000.00      -12.00
03084            2080.00      -24.00
03085            2080.00      -20.00
03086            2240.00      -20.00
03087            2280.00      -20.00
03088            2280.00      -20.00
03089            2360.00      -20.00
03090            2400.00      -16.00
03091            2440.00      -20.00
03092            2480.00      -16.00
03093            2560.00      -16.00
03094            2600.00      -20.00
03095            2640.00      -16.00
03096            2640.00      -16.00
03097            2720.00      -20.00
03098            2800.00      -20.00
03099            2800.00      -20.00
03100            2880.00      -20.00
03101            2880.00      -16.00
03102            2920.00      -20.00
03103            2960.00      -20.00
03104            3000.00      -20.00
03105            3000.00      -20.00
03106            3080.00      -16.00
03107            3040.00      -24.00
03108            3040.00      -20.00
03109            3080.00      -20.00
03110            3080.00      -16.00
03111            3120.00      -16.00
03112            3120.00      -24.00
03113            3080.00      -20.00
03114            3120.00      -20.00
03115            3120.00      -16.00
03116            3120.00      -16.00
03117            3120.00      -16.00
03118            3120.00      -16.00
03119            3120.00      -16.00
03120            3120.00      -20.00
03121            3080.00      -20.00
03122            3080.00      -20.00
03123            3080.00      -20.00
03124            3080.00      -20.00
03125            3040.00      -20.00
03126            3000.00      -20.00
03127            2960.00      -16.00
03128            2960.00      -12.00
03129            2920.00      -20.00
03130            2920.00      -16.00
03131            2840.00      -16.00
03132            2760.00      -20.00
03133            2720.00      -16.00
03134            2640.00      -20.00
03135            2600.00      -16.00
03136            2480.00      -16.00
03137            2440.00      -20.00
03138            2320.00      -20.00
03139            2200.00      -20.00
03140            2080.00      -16.00
03141            1960.00      -20.00
03142            1800.00      -20.00
03143            1720.00      -12.00
03144            1560.00      -16.00
03145            1440.00      -20.00
03146            1320.00      -20.00
03147            1160.00      -16.00
03148            1040.00      -20.00
03149             920.00      -16.00
03150             840.00      -20.00
03151             680.00      -20.00
03152             560.00      -20.00
03153             440.00      -20.00
03154             280.00      -20.00
03155             200.00      -16.00
03156             160.00      -16.00
03157              40.00      -24.00
03158              40.00      -20.00
03159             -80.00      -20.00
03160            -160.00      -20.00
03161            -200.00      -20.00
03162            -280.00      -16.00
03163            -360.00      -16.00
03164            -360.00      -16.00
03165            -440.00      -16.00
03166            -480.00      -12.00
03167            -560.00      -16.00
03168            -600.00      -16.00
03169            -640.00      -16.00
03170            -720.00      -16.00
03171            -760.00      -16.00
03172            -840.00      -16.00
03173            -840.00      -16.00
03174            -880.00      -12.00
03175            -920.00      -20.00
03176           -1000.00      -16.00
03177           -1000.00      -20.00
03178           -1040.00      -20.00
03179           -1080.00      -12.00
03180           -1080.00      -16.00
03181           -1080.00      -16.00
03182           -1080.00      -16.00
03183           -1120.00      -12.00
03184           -1120.00      -20.00
03185           -1160.00      -16.00
03186           -1120.00      -20.00
03187           -1200.00      -20.00
03188           -1200.00      -16.00
03189           -1200.00      -20.00
03190           -1200.00      -16.00
03191           -1240.00      -12.00
03192           -1240.00      -16.00
03193           -1280.00      -16.00
03194           -1280.00      -20.00
03195           -1320.00      -20.00
03196           -1360.00      -20.00
03197           -1360.00      -20.00
03198           -1360.00      -20.00
03199           -1400.00      -20.00
03200           -1400.00      -16.00
03201           -1400.00       -4.00
03202           -1400.00      -16.00
03203           -1400.00      -16.00
03204           -1400.00      -24.00
03205           -1440.00      -16.00
03206           -1400.00      -16.00
03207           -1400.00      -16.00
03208           -1440.00      -20.00
03209           -1440.00      -16.00
03210           -1440.00      -16.00
03211           -1480.00      -20.00
03212           -1440.00      -20.00
03213           -1480.00      -16.00
03214           -1520.00      -16.00
03215           -1560.00      -16.00
03216           -1560.00      -20.00
03217           -1560.00      -20.00
03218           -1560.00      -20.00
03219           -1600.00      -20.00
03220           -1600.00      -16.00
03221           -1600.00      -16.00
03222           -1640.00      -20.00
03223           -1600.00      -16.00
03224           -1600.00      -20.00
03225           -1600.00      -20.00
03226           -1600.00      -24.00
03227           -1600.00      -24.00
03228           -1640.00      -20.00
03229           -1600.00      -20.00
03230           -1600.00      -16.00
03231           -1560.00      -20.00
03232           -1560.00      -16.00
03233           -1520.00      -20.00
03234           -1480.00      -16.00
03235           -1480.00      -20.00
03236           -1440.00      -20.00
03237           -1440.00      -16.00
03238           -1400.00      -12.00
03239           -1360.00      -20.00
03240           -1320.00      -28.00
03241           -1320.00      -20.00
03242           -1320.00      -20.00
03243           -1280.00      -20.00
03244           -1280.00      -16.00
03245           -1240.00      -20.00
03246           -1240.00      -20.00
03247           -1240.00      -12.00
03248           -1160.00      -20.00
03249           -1160.00      -20.00
03250           -1080.00      -28.00
03251           -1080.00      -20.00
03252           -1040.00      -20.00
03253           -1000.00      -20.00
03254           -1000.00      -28.00
03255            -960.00      -20.00
03256            -920.00      -24.00
03257            -880.00      -12.00
03258            -840.00      -20.00
03259            -800.00      -16.00
03260            -800.00      -20.00
03261           -2040.00      500.00
03262           -2080.00      500.00
03263           -2120.00      500.00
03264           -2120.00      -36.00
03265           -2120.00      -40.00
03266           -2160.00      -40.00
03267           -2120.00      -36.00
03268           -2160.00      -32.00
03269           -2120.00      -36.00
03270           -2120.00      -40.00
03271           -2120.00      -36.00
03272           -2120.00      -40.00
03273           -2080.00      -36.00
03274           -2080.00      -36.00
03275           -2080.00      -36.00
03276           -2000.00      -36.00
03277           -1960.00      -28.00
03278           -1920.00      -36.00
03279           -1880.00      -36.00
03280           -1840.00      -36.00
03281           -1760.00      -32.00
03282           -1720.00      -36.00
03283           -1640.00      -28.00
03284           -1640.00      -32.00
03285           -1520.00      -32.00
03286           -1480.00      -24.00
03287           -1400.00      -36.00
03288           -1360.00      -28.00
03289           -1280.00      -32.00
03290           -1280.00      -32.00
03291           -1200.00      -28.00
03292           -1080.00      -32.00
03293           -1120.00      -32.00
03294           -1040.00      -28.00
03295            -960.00      -32.00
03296            -880.00      -28.00
03297            -800.00      -28.00
03298            -840.00      -32.00
03299            -760.00      -32.00
03300            -720.00      -24.00
03301            -640.00      -28.00
03302            -600.00      -28.00
03303            -520.00      -32.00
03304            -440.00      -24.00
03305            -400.00      -28.00
03306            -360.00      -24.00
03307            -240.00      -28.00
03308            -200.00      -28.00
03309            -240.00      -24.00
03310             -80.00      -20.00
03311             -40.00      -28.00
03312             120.00      -24.00
03313             200.00      -20.00
03314             200.00      -24.00
03315             280.00      -28.00
03316             360.00      -24.00
03317             480.00      -24.00
03318             560.00      -28.00
03319             640.00      -28.00
03320             680.00      -28.00
03321             760.00      -24.00
03322             880.00      -20.00
03323             920.00      -28.00
03324            1040.00      -20.00
03325            1200.00      -24.00
03326            1320.00      -16.00
03327            1400.00      -28.00
03328            1520.00      -24.00
03329            1640.00      -28.00
03330            1760.00      -24.00
03331            1800.00      -24.00
03332            1920.00      -20.00
03333            1960.00      -28.00
03334            2040.00      -24.00
03335            2080.00      -28.00
03336            2200.00      -20.00
03337            2280.00      -20.00
03338            2280.00      -20.00
03339            2360.00      -24.00
03340            2400.00      -20.00
03341            2480.00      -20.00
03342            2520.00      -20.00
03343            2480.00      -20.00
03344            2600.00      -20.00
03345            2600.00      -24.00
03346            2640.00      -24.00
03347            2720.00      -24.00
03348            2760.00      -24.00
03349            2800.00      -20.00
03350            2880.00      -16.00
03351            2880.00      -20.00
03352            2920.00      -20.00
03353            2960.00      -16.00
03354            3000.00      -20.00
03355            3000.00      -20.00
03356            3040.00      -24.00
03357            3080.00      -24.00
03358            3080.00      -24.00
03359            3080.00      -24.00
03360            3040.00      -20.00
03361            3080.00      -20.00
03362            3080.00      -20.00
03363            3120.00      -12.00
03364            3120.00      -20.00
03365            3120.00      -20.00
03366            3120.00      -20.00
03367            3120.00      -16.00
03368            3120.00      -20.00
03369            3120.00      -20.00
03370            3120.00      -20.00
03371            3080.00      -16.00
03372            3120.00      -20.00
03373            3080.00      -24.00
03374            3040.00      -20.00
03375            3040.00      -28.00
03376            3040.00      -20.00
03377            3000.00      -20.00
03378            2960.00      -20.00
03379            2960.00      -24.00
03380            2880.00      -20.00
03381            2840.00      -20.00
03382            2760.00      -12.00
03383            2720.00      -16.00
03384            2680.00      -24.00
03385            2600.00      -20.00
03386            2480.00      -20.00
03387            2400.00      -20.00
03388            2280.00      -20.00
03389            2160.00      -20.00
03390            2040.00      -16.00
03391            1960.00      -20.00
03392            1840.00      -24.00
03393            1680.00      -20.00
03394            1560.00      -16.00
03395            1480.00      -12.00
03396            1360.00      -16.00
03397            1160.00      -20.00
03398            1040.00      -20.00
03399            1000.00      -16.00
03400             840.00      -16.00
03401             640.00      -20.00
03402             520.00      -20.00
03403             480.00      -20.00
03404             360.00      -16.00
03405             200.00      -20.00
03406             160.00      -16.00
03407              40.00      -20.00
03408               0.00      -24.00
03409             -80.00      -20.00
03410            -120.00      -20.00
03411            -160.00      -20.00
03412            -280.00      -20.00
03413            -360.00      -20.00
03414            -400.00      -20.00
03415            -480.00      -20.00
03416            -520.00      -24.00
03417            -560.00      -20.00
03418            -600.00      -20.00
03419            -720.00      -16.00
03420            -760.00      -28.00
03421            -800.00      -20.00
03422            -840.00      -16.00
03423            -840.00      -20.00
03424            -880.00      -24.00
03425            -960.00      -20.00
03426            -920.00      -20.00
03427           -1000.00      -24.00
03428           -1040.00      -16.00
03429           -1000.00      -20.00
03430           -1080.00      -20.00
03431           -1080.00      -20.00
03432           -1120.00      -20.00
03433           -1120.00      -20.00
03434           -1120.00      -20.00
03435           -1160.00      -16.00
03436           -1160.00      -20.00
03437           -1160.00      -20.00
03438           -1200.00      -20.00
03439           -1200.00      -12.00
03440           -1200.00      -20.00
03441           -1240.00      -24.00
03442           -1280.00      -12.00
03443           -1280.00      -16.00
03444           -1360.00      -20.00
03445           -1360.00      -20.00
03446           -1360.00      -16.00
03447           -1400.00      -20.00
03448           -1400.00      -20.00
03449           -1360.00      -20.00
03450           -1360.00      -20.00
03451           -1400.00      -20.00
03452           -1400.00      -20.00
03453           -1400.00      -16.00
03454           -1400.00      -16.00
03455           -1400.00      -20.00
03456           -1440.00      -20.00
03457           -1440.00      -24.00
03458           -1440.00      -16.00
03459           -1440.00      -24.00
03460           -1440.00      -20.00
03461           -1440.00      -20.00
03462           -1480.00      -16.00
03463           -1520.00      -20.00
03464           -1480.00      -16.00
03465           -1520.00      -20.00
03466           -1520.00      -20.00
03467           -1600.00      -20.00
03468           -1600.00      -12.00
03469           -1600.00      -20.00
03470           -1560.00      -20.00
03471           -1640.00      -20.00
03472           -1600.00      -24.00
03473           -1640.00      -20.00
03474           -1640.00      -20.00
03475           -1640.00      -20.00
03476           -1600.00      -16.00
03477           -1680.00      -16.00
03478           -1640.00      -16.00
03479           -1600.00      -20.00
03480           -1600.00      -20.00
03481           -1560.00      -20.00
03482           -1560.00      -24.00
03483           -1520.00      -12.00
03484           -1480.00      -20.00
03485           -1440.00      -32.00
03486           -1400.00      -16.00
03487           -1440.00      -24.00
03488           -1400.00      -12.00
03489           -1360.00      -16.00
03490           -1360.00      -20.00
03491           -1360.00      -12.00
03492           -1320.00      -16.00
03493           -1280.00      -16.00
03494           -1280.00      -16.00
03495           -1280.00      -16.00
03496           -1240.00      -16.00
03497           -1200.00      -12.00
03498           -1200.00      -16.00
03499           -1160.00      -16.00
03500           -1120.00      -20.00
03501           -1080.00      -20.00
03502           -1080.00      -16.00
03503           -1000.00      -20.00
03504           -1040.00      -20.00
03505            -920.00      -12.00
03506            -880.00      -20.00
03507            -880.00      -16.00
03508            -840.00      -12.00
03509            -800.00      -16.00
03510            -760.00      -16.00
03511           -2080.00      500.00
03512           -2120.00      500.00
03513           -2080.00      500.00
03514           -2120.00      -32.00
03515           -2160.00      -32.00
03516           -2120.00      -36.00
03517           -2160.00      -32.00
03518           -2160.00      -32.00
03519           -2120.00      -36.00
03520           -2120.00      -32.00
03521           -2120.00      -32.00
03522           -2120.00      -32.00
03523           -2080.00      -28.00
03524           -2080.00      -28.00
03525           -2040.00      -28.00
03526           -2040.00      -24.00
03527           -2000.00      -28.00
03528           -1960.00      -28.00
03529           -1880.00      -28.00
03530           -1880.00      -28.00
03531           -1760.00      -32.00
03532           -1720.00      -32.00
03533           -1680.00      -28.00
03534           -1600.00      -28.00
03535           -1520.00      -24.00
03536           -1480.00      -24.00
03537           -1440.00      -28.00
03538           -1440.00      -28.00
03539           -1320.00      -28.00
03540           -1280.00      -24.00
03541           -1240.00      -28.00
03542           -1160.00      -24.00
03543           -1120.00      -24.00
03544           -1080.00      -20.00
03545           -1000.00      -20.00
03546            -920.00      -28.00
03547            -840.00      -28.00
03548            -800.00      -28.00
03549            -720.00      -24.00
03550            -680.00      -24.00
03551            -600.00      -20.00
03552            -600.00      -24.00
03553            -520.00      -24.00
03554            -480.00      -20.00
03555            -400.00      -20.00
03556            -360.00      -24.00
03557            -240.00      -24.00
03558            -160.00      -24.00
03559            -120.00      -24.00
03560               0.00      -16.00
03561              40.00      -24.00
03562              80.00      -20.00
03563             160.00      -20.00
03564             200.00      -20.00
03565             240.00      -20.00
03566             320.00      -24.00
03567             480.00      -24.00
03568             520.00      -20.00
03569             560.00      -24.00
03570             640.00      -24.00
03571             840.00      -20.00
03572             920.00      -16.00
03573             880.00      -24.00
03574            1080.00      -12.00
03575            1120.00      -28.00
03576            1320.00      -20.00
03577            1400.00      -20.00
03578            1520.00      -28.00
03579            1640.00      -20.00
03580            1720.00      -24.00
03581            1760.00      -16.00
03582            1920.00      -20.00
03583            2000.00      -16.00
03584            2040.00      -28.00
03585            2080.00      -16.00
03586            2160.00      -20.00
03587            2280.00      -20.00
03588            2280.00      -20.00
03589            2360.00      -20.00
03590            2400.00      -24.00
03591            2480.00      -28.00
03592            2520.00      -20.00
03593            2560.00      -24.00
03594            2600.00      -20.00
03595            2640.00      -20.00
03596            2680.00      -24.00
03597            2760.00      -20.00
03598            2760.00      -24.00
03599            2760.00      -24.00
03600            2840.00      -16.00
03601            2880.00      -16.00
03602            2920.00      -20.00
03603            2920.00      -20.00
03604            2960.00      -20.00
03605            3000.00      -24.00
03606            3040.00      -16.00
03607            3040.00      -24.00
03608            3080.00      -16.00
03609            3080.00      -16.00
03610            3080.00      -24.00
03611            3080.00      -24.00
03612            3080.00      -24.00
03613            3120.00      -16.00
03614            3120.00      -16.00
03615            3120.00      -20.00
03616            3120.00      -20.00
03617            3120.00      -16.00
03618            3120.00      -20.00
03619            3120.00      -24.00
03620            3120.00      -24.00
03621            3080.00      -20.00
03622            3080.00      -20.00
03623            3080.00      -20.00
03624            3080.00      -20.00
03625            3040.00      -20.00
03626            3000.00      -20.00
03627            3000.00      -20.00
03628            2960.00      -20.00
03629            2920.00      -20.00
03630            2880.00      -20.00
03631            2800.00      -20.00
03632            2760.00      -24.00
03633            2720.00      -24.00
03634            2640.00      -20.00
03635            2560.00      -20.00
03636            2480.00      -12.00
03637            2400.00      -20.00
03638            2320.00      -24.00
03639            2160.00      -20.00
03640            2080.00      -24.00
03641            1960.00      -20.00
03642            1840.00      -24.00
03643            1720.00      -12.00
03644            1560.00      -20.00
03645            1400.00      -20.00
03646            1360.00      -20.00
03647            1160.00      -20.00
03648            1080.00      -20.00
03649             920.00      -12.00
03650             760.00      -20.00
03651             680.00      -24.00
03652             560.00      -20.00
03653             440.00      -20.00
03654             360.00      -24.00
03655             200.00      -16.00
03656             160.00      -16.00
03657              80.00      -16.00
03658             -40.00      -20.00
03659             -40.00      -20.00
03660            -160.00      -24.00
03661            -200.00      -24.00
03662            -280.00      -20.00
03663            -360.00      -20.00
03664            -400.00      -24.00
03665            -440.00      -16.00
03666            -520.00      -12.00
03667            -560.00      -20.00
03668            -640.00      -24.00
03669            -720.00      -20.00
03670            -720.00      -20.00
03671            -760.00      -28.00
03672            -840.00      -16.00
03673            -840.00      -20.00
03674            -920.00      -20.00
03675            -920.00      -16.00
03676            -960.00      -20.00
03677           -1000.00      -24.00
03678           -1000.00      -16.00
03679           -1040.00      -12.00
03680           -1040.00      -24.00
03681           -1040.00      -20.00
03682           -1120.00      -20.00
03683           -1120.00      -20.00
03684           -1120.00      -16.00
03685           -1160.00      -16.00
03686           -1200.00      -20.00
03687           -1160.00      -24.00
03688           -1200.00      -24.00
03689           -1200.00      -20.00
03690           -1200.00      -20.00
03691           -1240.00      -16.00
03692           -1240.00      -20.00
03693           -1280.00      -12.00
03694           -1320.00      -20.00
03695           -1320.00      -16.00
03696           -1360.00      -20.00
03697           -1360.00      -20.00
03698           -1400.00      -16.00
03699           -1400.00      -20.00
03700           -1400.00      -20.00
03701           -1400.00      -20.00
03702           -1400.00      -20.00
03703           -1360.00      -16.00
03704           -1400.00      -24.00
03705           -1400.00      -20.00
03706           -1440.00      -20.00
03707           -1440.00      -20.00
03708           -1440.00      -16.00
03709           -1400.00      -20.00
03710           -1440.00      -20.00
03711           -1480.00      -12.00
03712           -1480.00      -12.00
03713           -1520.00      -16.00
03714           -1520.00      -20.00
03715           -1520.00      -28.00
03716           -1560.00      -20.00
03717           -1560.00      -12.00
03718           -1600.00      -16.00
03719           -1640.00      -24.00
03720           -1640.00      -12.00
03721           -1640.00      -20.00
03722           -1600.00      -16.00
03723           -1640.00      -24.00
03724           -1640.00      -24.00
03725           -1600.00      -20.00
03726           -1600.00      -20.00
03727           -1600.00      -16.00
03728           -1600.00      -20.00
03729           -1600.00      -20.00
03730           -1560.00      -16.00
03731           -1560.00      -16.00
03732           -1560.00      -16.00
03733           -1520.00      -12.00
03734           -1520.00      -24.00
03735           -1440.00      -24.00
03736           -1400.00      -20.00
03737           -1400.00      -20.00
03738           -1360.00      -16.00
03739           -1360.00      -20.00
03740           -1360.00      -16.00
03741           -1360.00      -20.00
03742           -1320.00      -28.00
03743           -1280.00      -36.00
03744           -1280.00      -20.00
03745           -1240.00      -20.00
03746           -1200.00      -20.00
03747           -1200.00      -16.00
03748           -1200.00      -16.00
03749           -1120.00      -24.00
03750           -1120.00      -20.00
03751           -1080.00      -24.00
03752           -1040.00      -16.00
03753            -960.00      -24.00
03754            -960.00      -16.00
03755            -920.00      -20.00
03756            -880.00      -24.00
03757            -880.00      -24.00
03758            -840.00      -16.00
03759            -840.00      -12.00
03760            -760.00      -16.00
03761           -2040.00      500.00
03762           -2080.00      500.00
03763           -2080.00      500.00
03764           -2120.00      -36.00
03765           -2160.00      -36.00
03766           -2160.00      -40.00
03767           -2160.00      -32.00
03768           -2160.00      -36.00
03769           -2160.00      -32.00
03770           -2160.00      -32.00
03771           -2160.00      -36.00
03772           -2120.00      -32.00
03773           -2120.00      -32.00
03774           -2080.00      -36.00
03775           -2080.00      -32.00
03776           -2040.00      -32.00
03777           -2000.00      -32.00
03778           -1920.00      -32.00
03779           -1920.00      -28.00
03780           -1840.00      -28.00
03781           -1760.00      -28.00
03782           -1760.00      -40.00
03783           -1680.00      -28.00
03784           -1600.00      -28.00
03785           -1520.00      -28.00
03786           -1440.00      -24.00
03787           -1480.00      -24.00
03788           -1360.00      -28.00
03789           -1360.00      -24.00
03790           -1280.00      -32.00
03791           -1200.00      -24.00
03792           -1200.00      -24.00
03793           -1080.00      -28.00
03794           -1000.00      -28.00
03795           -1000.00      -24.00
03796           -1000.00      -24.00
03797            -880.00      -24.00
03798            -800.00      -28.00
03799            -760.00      -24.00
03800            -720.00      -20.00
03801            -680.00      -20.00
03802            -640.00      -28.00
03803            -520.00      -24.00
03804            -480.00      -20.00
03805            -440.00      -24.00
03806            -320.00      -20.00
03807            -240.00      -28.00
03808            -160.00      -20.00
03809            -120.00      -28.00
03810             -40.00      -28.00
03811               0.00      -16.00
03812              40.00      -20.00
03813              80.00      -28.00
03814             240.00      -12.00
03815             240.00      -20.00
03816             320.00      -20.00
03817             440.00      -20.00
03818             400.00      -20.00
03819             520.00      -24.00
03820             760.00      -20.00
03821             800.00      -24.00
03822             920.00      -24.00
03823             960.00      -12.00
03824            1120.00      -20.00
03825            1120.00      -20.00
03826            1320.00      -20.00
03827            1400.00      -20.00
03828            1520.00      -16.00
03829            1760.00      -20.00
03830            1760.00      -20.00
03831            1840.00      -16.00
03832            1960.00      -16.00
03833            2040.00      -16.00
03834            2000.00      -20.00
03835            2120.00      -20.00
03836            2120.00      -20.00
03837            2240.00      -16.00
03838            2280.00      -20.00
03839            2320.00      -20.00
03840            2440.00      -24.00
03841            2480.00      -20.00
03842            2520.00      -16.00
03843            2520.00      -20.00
03844            2600.00      -20.00
03845            2680.00      -20.00
03846            2680.00      -20.00
03847            2720.00      -16.00
03848            2760.00      -16.00
03849            2800.00      -24.00
03850            2840.00      -16.00
03851            2880.00      -20.00
03852            2920.00      -16.00
03853            2960.00      -16.00
03854            2960.00      -16.00
03855            3000.00      -12.00
03856            3000.00      -16.00
03857            3040.00      -20.00
03858            3040.00      -20.00
03859            3040.00      -12.00
03860            3040.00      -16.00
03861            3080.00      -16.00
03862            3120.00      -16.00
03863            3120.00      -16.00
03864            3080.00      -16.00
03865            3120.00      -20.00
03866            3120.00      -20.00
03867            3080.00      -20.00
03868            3120.00      -20.00
03869            3120.00      -16.00
03870            3120.00      -16.00
03871            3120.00      -16.00
03872            3120.00      -16.00
03873            3080.00      -20.00
03874            3080.00      -16.00
03875            3040.00      -20.00
03876            3000.00      -16.00
03877            3000.00      -16.00
03878            2960.00      -12.00
03879            2920.00      -16.00
03880            2880.00      -16.00
03881            2840.00      -16.00
03882            2800.00      -16.00
03883            2680.00      -24.00
03884            2640.00      -16.00
03885            2560.00      -16.00
03886            2520.00      -16.00
03887            2400.00      -12.00
03888            2320.00      -12.00
03889            2160.00      -16.00
03890            2080.00      -16.00
03891            1960.00      -24.00
03892            1840.00      -16.00
03893            1720.00      -16.00
03894            1600.00      -16.00
03895            1440.00      -20.00
03896            1320.00      -20.00
03897            1200.00      -16.00
03898            1080.00      -12.00
03899             920.00      -20.00
03900             800.00      -12.00
03901             680.00      -20.00
03902             560.00      -16.00
03903             440.00      -12.00
03904             320.00      -16.00
03905             240.00      -12.00
03906             120.00      -12.00
03907              80.00      -16.00
03908               0.00      -12.00
03909             -80.00      -16.00
03910            -120.00      -16.00
03911            -200.00      -20.00
03912            -280.00      -16.00
03913            -320.00      -16.00
03914            -360.00      -20.00
03915            -440.00      -20.00
03916            -520.00      -12.00
03917            -560.00      -16.00
03918            -640.00      -16.00
03919            -680.00      -20.00
03920            -720.00      -16.00
03921            -800.00      -16.00
03922            -800.00      -16.00
03923            -840.00      -16.00
03924            -880.00      -20.00
03925            -920.00      -16.00
03926            -960.00      -20.00
03927           -1000.00      -16.00
03928           -1000.00      -12.00
03929           -1000.00      -20.00
03930           -1040.00      -20.00
03931           -1040.00      -16.00
03932           -1080.00      -12.00
03933           -1120.00      -16.00
03934           -1120.00      -20.00
03935           -1120.00      -12.00
03936           -1200.00      -16.00
03937           -1160.00      -20.00
03938           -1160.00      -12.00
03939           -1200.00      -16.00
03940           -1200.00      -20.00
03941           -1200.00      -16.00
03942           -1280.00      -16.00
03943           -1280.00      -24.00
03944           -1320.00      -20.00
03945           -1320.00      -20.00
03946           -1320.00      -16.00
03947           -1360.00       -8.00
03948           -1360.00      -16.00
03949           -1400.00      -12.00
03950           -1400.00      -20.00
03951           -1400.00      -20.00
03952           -1400.00      -20.00
03953           -1440.00      -16.00
03954           -1400.00      -16.00
03955           -1400.00      -16.00
03956           -1400.00      -20.00
03957           -1400.00      -16.00
03958           -1400.00      -20.00
03959           -1400.00      -16.00
03960           -1480.00      -20.00
03961           -1440.00      -12.00
03962           -1440.00      -16.00
03963           -1520.00      -16.00
03964           -1520.00      -16.00
03965           -1560.00      -24.00
03966           -1560.00      -24.00
03967           -1560.00      -16.00
03968           -1600.00      -16.00
03969           -1640.00      -16.00
03970           -1640.00      -20.00
03971           -1640.00      -20.00
03972           -1600.00      -20.00
03973           -1640.00      -16.00
03974           -1640.00      -16.00
03975           -1640.00      -20.00
03976           -1640.00      -20.00
03977           -1640.00      -24.00
03978           -1600.00      -16.00
03979           -1560.00      -20.00
03980           -1600.00      -24.00
03981           -1560.00      -16.00
03982           -1560.00      -24.00
03983           -1520.00      -20.00
03984           -1520.00      -20.00
03985           -1440.00      -20.00
03986           -1440.00      -16.00
03987           -1400.00      -16.00
03988           -1400.00      -20.00
03989           -1360.00      -24.00
03990           -1320.00      -16.00
03991           -1360.00      -16.00
03992           -1320.00      -20.00
03993           -1280.00      -16.00
03994           -1280.00      -16.00
03995           -1240.00      -24.00
03996           -1200.00      -20.00
03997           -1200.00      -16.00
03998           -1200.00      -16.00
03999           -1160.00      -24.00
04000           -1120.00      -20.00
04001           -1080.00      -20.00
04002           -1000.00      -20.00
04003           -1000.00      -16.00
04004            -920.00      -24.00
04005            -920.00      -20.00
04006            -920.00      -20.00
04007            -840.00      -20.00
04008            -840.00      -20.00
04009            -840.00      -12.00
04010            -800.00      -20.00
04011           -2080.00      500.00
04012           -2120.00      500.00
04013           -2120.00      500.00
04014           -2080.00      -40.00
04015           -2120.00      -44.00
04016           -2120.00      -40.00
04017           -2160.00      -40.00
04018           -2160.00      -40.00
04019           -2120.00      -36.00
04020           -2120.00      -36.00
04021           -2120.00      -44.00
04022           -2120.00      -28.00
04023           -2080.00      -40.00
04024           -2080.00      -40.00
04025           -2040.00      -36.00
04026           -2000.00      -32.00
04027           -1960.00      -28.00
04028           -1920.00      -32.00
04029           -1840.00      -32.00
04030           -1840.00      -36.00
04031           -1840.00      -36.00
04032           -1720.00      -28.00
04033           -1680.00      -28.00
04034           -1600.00      -32.00
04035           -1560.00      -28.00
04036           -1440.00      -28.00
04037           -1400.00      -28.00
04038           -1360.00      -24.00
04039           -1320.00      -40.00
04040           -1280.00      -28.00
04041           -1160.00      -28.00
04042           -1160.00      -24.00
04043           -1080.00      -28.00
04044           -1000.00      -28.00
04045           -1000.00      -32.00
04046            -920.00      -24.00
04047            -880.00      -24.00
04048            -800.00      -24.00
04049            -720.00      -28.00
04050            -680.00      -28.00
04051            -680.00      -24.00
04052            -640.00      -32.00
04053            -520.00      -24.00
04054            -560.00      -24.00
04055            -440.00      -24.00
04056            -280.00      -24.00
04057            -320.00      -24.00
04058            -240.00      -20.00
04059            -120.00      -32.00
04060             -80.00      -24.00
04061              40.00      -20.00
04062              40.00      -24.00
04063              80.00      -24.00
04064             240.00      -24.00
04065             280.00      -20.00
04066             360.00      -24.00
04067             400.00      -24.00
04068             520.00      -28.00
04069             560.00      -28.00
04070             720.00      -20.00
04071             720.00      -16.00
04072             840.00      -24.00
04073            1040.00      -16.00
04074            1080.00      -24.00
04075            1240.00      -20.00
04076            1320.00      -24.00
04077            1440.00      -20.00
04078            1560.00      -24.00
04079            1680.00      -20.00
04080            1760.00      -24.00
04081            1800.00      -24.00
04082            1960.00      -24.00
04083            1960.00      -20.00
04084            2040.00      -20.00
04085            2120.00      -20.00
04086            2160.00      -16.00
04087            2240.00      -20.00
04088            2360.00      -24.00
04089            2360.00      -24.00
04090            2360.00      -16.00
04091            2440.00      -20.00
04092            2520.00      -16.00
04093            2520.00      -24.00
04094            2640.00      -20.00
04095            2640.00      -20.00
04096            2680.00      -24.00
04097            2720.00      -16.00
04098            2760.00      -24.00
04099            2800.00      -20.00
04100            2840.00      -20.00
04101            2880.00      -20.00
04102            2920.00      -16.00
04103            2960.00      -16.00
04104            2960.00      -20.00
04105            3000.00      -20.00
04106            3040.00      -20.00
04107            3040.00      -20.00
04108            3040.00      -20.00
04109            3080.00      -20.00
04110            3120.00      -20.00
04111            3080.00      -20.00
04112            3120.00      -20.00
04113            3080.00      -16.00
04114            3120.00      -16.00
04115            3120.00      -16.00
04116            3120.00      -20.00
04117            3120.00      -20.00
04118            3120.00      -24.00
04119            3120.00      -20.00
04120            3120.00      -20.00
04121            3120.00      -16.00
04122            3080.00      -16.00
04123            3080.00      -20.00
04124            3080.00       -8.00
04125            3080.00      -16.00
04126            3040.00      -20.00
04127            2960.00      -20.00
04128            2960.00      -16.00
04129            2880.00      -20.00
04130            2840.00      -20.00
04131            2840.00      -16.00
04132            2760.00      -20.00
04133            2720.00      -16.00
04134            2680.00      -20.00
04135            2600.00      -16.00
04136            2480.00      -24.00
04137            2400.00      -16.00
04138            2280.00      -20.00
04139            2200.00      -20.00
04140            2080.00      -16.00
04141            2000.00      -16.00
04142            1840.00      -20.00
04143            1720.00      -24.00
04144            1560.00      -24.00
04145            1440.00      -24.00
04146            1240.00      -16.00
04147            1200.00      -20.00
04148            1080.00      -24.00
04149             920.00      -16.00
04150             800.00      -12.00
04151             680.00      -16.00
04152             600.00      -16.00
04153             440.00      -20.00
04154             320.00      -20.00
04155             240.00      -16.00
04156             160.00      -16.00
04157              80.00      -20.00
04158              40.00      -20.00
04159            -120.00      -16.00
04160            -120.00      -20.00
04161            -200.00      -20.00
04162            -280.00      -20.00
04163            -280.00      -16.00
04164            -400.00      -16.00
04165            -440.00      -12.00
04166            -520.00      -20.00
04167            -560.00      -16.00
04168            -600.00      -20.00
04169            -680.00      -16.00
04170            -720.00      -16.00
04171            -760.00      -20.00
04172            -800.00      -20.00
04173            -840.00      -20.00
04174            -880.00      -24.00
04175            -960.00      -16.00
04176            -960.00      -20.00
04177           -1000.00      -12.00
04178           -1000.00      -16.00
04179           -1040.00      -16.00
04180           -1040.00      -16.00
04181           -1040.00      -20.00
04182           -1080.00      -16.00
04183           -1120.00      -16.00
04184           -1120.00      -16.00
04185           -1160.00      -16.00
04186           -1160.00      -16.00
04187           -1200.00      -16.00
04188           -1200.00       -8.00
04189           -1200.00      -20.00
04190           -1240.00      -16.00
04191           -1240.00      -20.00
04192           -1280.00      -20.00
04193           -1280.00      -16.00
04194           -1320.00      -16.00
04195           -1320.00      -12.00
04196           -1360.00      -20.00
04197           -1360.00      -24.00
04198           -1360.00      -16.00
04199           -1400.00      -20.00
04200           -1360.00      -16.00
04201           -1400.00      -24.00
04202           -1400.00      -16.00
04203           -1400.00      -16.00
04204           -1400.00      -16.00
04205           -1400.00      -12.00
04206           -1440.00      -20.00
04207           -1440.00      -20.00
04208           -1400.00      -20.00
04209           -1440.00      -20.00
04210           -1440.00      -20.00
04211           -1440.00      -16.00
04212           -1440.00      -16.00
04213           -1520.00      -16.00
04214           -1480.00      -16.00
04215           -1560.00      -16.00
04216           -1560.00      -16.00
04217           -1560.00      -16.00
04218           -1560.00      -20.00
04219           -1560.00      -12.00
04220           -1600.00      -16.00
04221           -1600.00      -16.00
04222           -1640.00      -16.00
04223           -1640.00      -16.00
04224           -1600.00      -12.00
04225           -1640.00      -16.00
04226           -1600.00      -16.00
04227           -1600.00      -16.00
04228           -1600.00      -24.00
04229           -1640.00      -16.00
04230           -1560.00      -12.00
04231           -1560.00      -16.00
04232           -1560.00      -12.00
04233           -1520.00      -16.00
04234           -1520.00      -12.00
04235           -1480.00      -12.00
04236           -1440.00      -16.00
04237           -1400.00      -16.00
04238           -1400.00      -12.00
04239           -1360.00      -16.00
04240           -1360.00      -12.00
04241           -1360.00      -20.00
04242           -1320.00      -16.00
04243           -1320.00      -12.00
04244           -1240.00      -16.00
04245           -1240.00      -16.00
04246           -1200.00      -16.00
04247           -1200.00      -12.00
04248           -1200.00      -16.00
04249           -1160.00      -16.00
04250           -1080.00      -16.00
04251           -1120.00      -20.00
04252           -1040.00      -12.00
04253           -1040.00      -16.00
04254            -960.00      -16.00
04255            -920.00      -16.00
04256            -880.00      -12.00
04257            -880.00      -16.00
04258            -880.00      -16.00
04259            -760.00      -20.00
04260            -800.00      -20.00
04261           -2040.00      500.00
04262           -2080.00      500.00
04263           -2080.00      500.00
04264           -2120.00      -32.00
04265           -2120.00      -32.00
04266           -2160.00      -32.00
04267           -2160.00      -36.00
04268           -2120.00      -32.00
04269           -2160.00      -36.00
04270           -2160.00      -32.00
04271           -2120.00      -36.00
04272           -2120.00      -28.00
04273           -2120.00      -28.00
04274           -2080.00      -32.00
04275           -2080.00      -32.00
04276           -2000.00      -28.00
04277           -2000.00      -28.00
04278           -1960.00      -28.00
04279           -1920.00      -28.00
04280           -1840.00      -24.00
04281           -1840.00      -20.00
04282           -1720.00      -28.00
04283           -1680.00      -24.00
04284           -1640.00      -32.00
04285           -1560.00      -24.00
04286           -1560.00      -28.00
04287           -1440.00      -28.00
04288           -1360.00      -24.00
04289           -1320.00      -24.00
04290           -1240.00      -24.00
04291           -1200.00      -28.00
04292           -1160.00      -28.00
04293           -1040.00      -24.00
04294           -1000.00      -20.00
04295            -960.00      -24.00
04296            -880.00      -24.00
04297            -880.00      -24.00
04298            -800.00      -20.00
04299            -760.00      -20.00
04300            -640.00      -28.00
04301            -720.00      -24.00
04302            -600.00      -20.00
04303            -560.00      -24.00
04304            -480.00      -24.00
04305            -400.00      -28.00
04306            -360.00      -28.00
04307            -320.00      -20.00
04308            -240.00      -20.00
04309            -120.00      -24.00
04310             -40.00      -28.00
04311               0.00      -20.00
04312               0.00      -24.00
04313             160.00      -24.00
04314             160.00      -20.00
04315             240.00      -24.00
04316             400.00      -16.00
04317             360.00      -20.00
04318             480.00      -20.00
04319             600.00      -24.00
04320             680.00      -24.00
04321             720.00      -20.00
04322             840.00      -20.00
04323            1000.00      -28.00
04324            1120.00      -24.00
04325            1200.00      -20.00
04326            1280.00      -20.00
04327            1400.00      -24.00
04328            1520.00      -24.00
04329            1560.00      -20.00
04330            1720.00      -28.00
04331            1880.00      -24.00
04332            1960.00      -24.00
04333            2000.00      -16.00
04334            2080.00      -28.00
04335            2120.00      -24.00
04336            2200.00      -20.00
04337            2280.00      -24.00
04338            2320.00      -20.00
04339            2400.00      -24.00
04340            2400.00      -24.00
04341            2400.00      -20.00
04342            2520.00      -20.00
04343            2520.00      -20.00
04344            2600.00      -20.00
04345            2640.00      -20.00
04346            2680.00      -16.00
04347            2720.00      -20.00
04348            2760.00      -24.00
04349            2800.00      -20.00
04350            2840.00      -20.00
04351            2880.00      -20.00
04352            2920.00      -24.00
04353            2960.00      -20.00
04354            3000.00      -20.00
04355            3000.00      -16.00
04356            3040.00      -20.00
04357            3040.00      -16.00
04358            3080.00      -20.00
04359            3080.00      -20.00
04360            3080.00      -24.00
04361            3120.00      -24.00
04362            3080.00      -20.00
04363            3120.00      -20.00
04364            3120.00      -20.00
04365            3120.00      -20.00
04366            3120.00      -20.00
04367            3120.00      -16.00
04368            3120.00      -16.00
04369            3120.00      -20.00
04370            3120.00      -20.00
04371            3120.00      -16.00
04372            3120.00      -20.00
04373            3080.00      -24.00
04374            3040.00      -12.00
04375            3040.00      -20.00
04376            3000.00      -20.00
04377            3000.00      -24.00
04378            2960.00      -20.00
04379            2880.00      -20.00
04380            2840.00      -20.00
04381            2840.00      -24.00
04382            2760.00      -20.00
04383            2720.00      -20.00
04384            2640.00      -16.00
04385            2600.00      -20.00
04386            2480.00      -20.00
04387            2400.00      -20.00
04388            2320.00      -24.00
04389            2200.00      -20.00
04390            2080.00      -24.00
04391            1920.00      -24.00
04392            1760.00      -20.00
04393            1720.00      -24.00
04394            1560.00      -16.00
04395            1480.00      -24.00
04396            1320.00      -16.00
04397            1160.00      -24.00
04398            1120.00      -20.00
04399             920.00      -16.00
04400             840.00      -16.00
04401             680.00      -12.00
04402             560.00      -20.00
04403             440.00      -20.00
04404             320.00      -24.00
04405             200.00      -20.00
04406             160.00      -16.00
04407              80.00      -12.00
04408             -40.00      -24.00
04409             -80.00      -20.00
04410            -160.00      -16.00
04411            -160.00      -16.00
04412            -280.00      -16.00
04413            -320.00      -20.00
04414            -400.00      -24.00
04415            -440.00      -20.00
04416            -520.00      -20.00
04417            -600.00      -20.00
04418            -640.00      -20.00
04419            -680.00      -16.00
04420            -680.00      -20.00
04421            -760.00      -20.00
04422            -840.00      -20.00
04423            -840.00      -16.00
04424            -880.00      -20.00
04425            -960.00      -24.00
04426            -960.00      -20.00
04427           -1000.00      -20.00
04428           -1000.00      -24.00
04429           -1040.00      -16.00
04430           -1040.00      -20.00
04431           -1080.00      -20.00
04432           -1120.00      -16.00
04433           -1120.00      -24.00
04434           -1120.00      -20.00
04435           -1160.00      -24.00
04436           -1160.00      -20.00
04437           -1160.00      -20.00
04438           -1200.00      -16.00
04439           -1200.00      -24.00
04440           -1200.00      -20.00
04441           -1240.00      -20.00
04442           -1280.00      -16.00
04443           -1280.00      -16.00
04444           -1320.00      -20.00
04445           -1360.00      -20.00
04446           -1320.00      -16.00
04447           -1360.00      -16.00
04448           -1360.00      -24.00
04449           -1400.00      -20.00
04450           -1400.00      -20.00
04451           -1360.00      -20.00
04452           -1400.00      -20.00
04453           -1400.00      -20.00
04454           -1440.00      -16.00
04455           -1440.00      -20.00
04456           -1400.00      -20.00
04457           -1440.00      -16.00
04458           -1400.00      -20.00
04459           -1400.00      -20.00
04460           -1440.00      -20.00
04461           -1480.00      -20.00
04462           -1480.00      -20.00
04463           -1520.00      -20.00
04464           -1520.00      -20.00
04465           -1520.00      -20.00
04466           -1560.00      -16.00
04467           -1560.00      -12.00
04468           -1560.00      -16.00
04469           -1600.00      -16.00
04470           -1600.00      -16.00
04471           -1600.00      -20.00
04472           -1600.00      -24.00
04473           -1560.00      -16.00
04474           -1640.00      -24.00
04475           -1600.00      -20.00
04476           -1640.00      -12.00
04477           -1600.00      -12.00
04478           -1600.00      -16.00
04479           -1600.00      -16.00
04480           -1560.00      -16.00
04481           -1560.00      -20.00
04482           -1560.00      -24.00
04483           -1520.00      -24.00
04484           -1520.00      -16.00
04485           -1480.00      -16.00
04486           -1440.00      -12.00
04487           -1400.00      -20.00
04488           -1360.00      -20.00
04489           -1360.00      -20.00
04490           -1360.00      -16.00
04491           -1320.00      -16.00
04492           -1320.00      -16.00
04493           -1280.00      -20.00
04494           -1280.00      -16.00
04495           -1280.00      -20.00
04496           -1240.00      -16.00
04497           -1200.00      -16.00
04498           -1160.00      -16.00
04499           -1120.00      -16.00
04500           -1080.00      -20.00
04501           -1080.00      -20.00
04502           -1040.00      -16.00
04503           -1040.00      -16.00
04504            -960.00      -12.00
04505            -960.00      -12.00
04506            -880.00      -16.00
04507            -920.00      -16.00
04508            -840.00      -20.00
04509            -800.00      -20.00
04510            -720.00      -16.00
04511           -2120.00      500.00
04512           -2080.00      500.00
04513           -2080.00      500.00
04514           -2120.00      -36.00
04515           -2120.00      -40.00
04516           -2160.00      -36.00
04517           -2120.00      -40.00
04518           -2160.00      -32.00
04519           -2120.00      -36.00
04520           -2160.00      -32.00
04521           -2120.00      -36.00
04522           -2120.00      -36.00
04523           -2120.00      -28.00
04524           -2080.00      -32.00
04525           -2080.00      -28.00
04526           -2040.00      -32.00
04527           -2000.00      -32.00
04528           -1960.00      -28.00
04529           -1880.00      -28.00
04530           -1840.00      -28.00
04531           -1760.00      -32.00
04532           -1720.00      -28.00
04533           -1640.00      -24.00
04534           -1640.00      -28.00
04535           -1560.00      -28.00
04536           -1520.00      -28.00
04537           -1400.00      -24.00
04538           -1360.00      -28.00
04539           -1320.00      -28.00
04540           -1200.00      -24.00
04541           -1200.00      -24.00
04542           -1080.00      -24.00
04543           -1080.00      -20.00
04544            -960.00      -20.00
04545            -960.00      -24.00
04546            -880.00      -20.00
04547            -800.00      -24.00
04548            -840.00      -24.00
04549            -800.00      -20.00
04550            -720.00      -20.00
04551            -640.00      -20.00
04552            -600.00      -20.00
04553            -560.00      -28.00
04554            -520.00      -20.00
04555            -360.00      -24.00
04556            -360.00      -20.00
04557            -280.00      -24.00
04558            -200.00      -20.00
04559             -40.00      -20.00
04560            -120.00      -16.00
04561              80.00      -16.00
04562              40.00      -20.00
04563             160.00      -20.00
04564             160.00      -16.00
04565             240.00      -24.00
04566             360.00      -20.00
04567             360.00      -20.00
04568             560.00      -20.00
04569             600.00      -20.00
04570             680.00      -16.00
04571             800.00      -20.00
04572             800.00      -20.00
04573            1000.00      -20.00
04574            1120.00      -20.00
04575            1200.00      -20.00
04576            1280.00      -16.00
04577            1400.00      -16.00
04578            1560.00      -20.00
04579            1520.00      -12.00
04580            1680.00      -20.00
04581            1800.00      -20.00
04582            1880.00      -24.00
04583            1960.00      -24.00
04584            2040.00      -16.00
04585            2080.00      -16.00
04586            2200.00      -12.00
04587            2280.00      -16.00
04588            2280.00      -20.00
04589            2400.00      -16.00
04590            2360.00      -20.00
04591            2400.00      -16.00
04592            2480.00      -16.00
04593            2520.00      -20.00
04594            2560.00      -16.00
04595            2640.00      -20.00
04596            2720.00      -20.00
04597            2720.00      -12.00
04598            2720.00      -16.00
04599            2840.00      -16.00
04600            2840.00      -20.00
04601            2880.00      -16.00
04602            2920.00      -12.00
04603            2960.00      -16.00
04604            2960.00      -12.00
04605            3000.00      -12.00
04606            3000.00      -16.00
04607            3040.00      -20.00
04608            3080.00      -16.00
04609            3080.00      -12.00
04610            3080.00      -16.00
04611            3080.00      -20.00
04612            3080.00      -16.00
04613            3120.00      -20.00
04614            3120.00      -16.00
04615            3120.00      -16.00
04616            3120.00      -16.00
04617            3120.00      -16.00
04618            3120.00      -16.00
04619            3120.00      -20.00
04620            3120.00      -16.00
04621            3120.00      -16.00
04622            3080.00      -20.00
04623            3080.00      -20.00
04624            3080.00      -16.00
04625            3040.00      -24.00
04626            3000.00      -16.00
04627            3000.00      -16.00
04628            2960.00      -16.00
04629            2920.00      -16.00
04630            2880.00      -16.00
04631            2840.00      -16.00
04632            2760.00      -20.00
04633            2720.00      -20.00
04634            2640.00      -16.00
04635            2560.00       -8.00
04636            2480.00      -20.00
04637            2400.00      -20.00
04638            2280.00      -16.00
04639            2200.00      -20.00
04640            2120.00      -20.00
04641            1960.00      -12.00
04642            1840.00      -12.00
04643            1760.00      -16.00
04644            1600.00      -12.00
04645            1440.00      -16.00
04646            1320.00      -20.00
04647            1200.00      -12.00
04648            1080.00      -12.00
04649             960.00      -12.00
04650             840.00      -20.00
04651             680.00      -20.00
04652             560.00      -16.00
04653             440.00      -20.00
04654             360.00      -16.00
04655             200.00      -16.00
04656             160.00      -20.00
04657              80.00      -16.00
04658             -40.00      -20.00
04659             -80.00      -16.00
04660            -120.00      -16.00
04661            -200.00      -12.00
04662            -240.00      -16.00
04663            -360.00      -16.00
04664            -400.00      -16.00
04665            -440.00      -16.00
04666            -520.00      -20.00
04667            -600.00      -16.00
04668            -600.00      -20.00
04669            -680.00      -12.00
04670            -720.00      -16.00
04671            -800.00      -16.00
04672            -800.00      -16.00
04673            -880.00      -12.00
04674            -880.00      -12.00
04675            -920.00      -16.00
04676            -920.00      -16.00
04677            -960.00      -20.00
04678           -1000.00      -12.00
04679           -1040.00      -16.00
04680           -1040.00      -20.00
04681           -1080.00      -16.00
04682           -1080.00      -16.00
04683           -1120.00      -20.00
04684           -1120.00      -16.00
04685           -1160.00      -20.00
04686           -1160.00      -16.00
04687           -1160.00      -16.00
04688           -1160.00      -20.00
04689           -1200.00      -16.00
04690           -1240.00      -16.00
04691           -1240.00      -16.00
04692           -1280.00      -16.00
04693           -1280.00      -16.00
04694           -1320.00      -16.00
04695           -1320.00      -24.00
04696           -1320.00      -16.00
04697           -1360.00      -16.00
04698           -1360.00      -24.00
04699           -1360.00      -12.00
04700           -1400.00      -20.00
04701           -1400.00      -16.00
04702           -1400.00      -16.00
04703           -1400.00      -20.00
04704           -1400.00      -16.00
04705           -1400.00      -24.00
04706           -1400.00      -20.00
04707           -1440.00      -24.00
04708           -1400.00      -24.00
04709           -1440.00      -16.00
04710           -1440.00      -16.00
04711           -1480.00      -16.00
04712           -1440.00      -12.00
04713           -1520.00      -16.00
04714           -1520.00      -24.00
04715           -1560.00      -16.00
04716           -1520.00      -20.00
04717           -1560.00      -16.00
04718           -1600.00      -20.00
04719           -1600.00      -20.00
04720           -1600.00      -20.00
04721           -1600.00      -16.00
04722           -1600.00      -20.00
04723           -1640.00      -20.00
04724           -1640.00      -20.00
04725           -1600.00      -20.00
04726           -1640.00      -20.00
04727           -1640.00      -16.00
04728           -1600.00      -16.00
04729           -1640.00      -16.00
04730           -1600.00      -16.00
04731           -1560.00      -16.00
04732           -1560.00      -16.00
04733           -1520.00      -16.00
04734           -1480.00      -20.00
04735           -1440.00      -24.00
04736           -1440.00      -24.00
04737           -1400.00      -24.00
04738           -1400.00      -16.00
04739           -1360.00      -20.00
04740           -1360.00      -20.00
04741           -1320.00      -20.00
04742           -1320.00      -20.00
04743           -1280.00      -20.00
04744           -1240.00      -24.00
04745           -1240.00      -20.00
04746           -1240.00      -20.00
04747           -1200.00      -20.00
04748           -1160.00      -16.00
04749           -1120.00      -20.00
04750           -1080.00      -16.00
04751           -1080.00      -20.00
04752           -1040.00      -20.00
04753           -1000.00      -20.00
04754            -960.00      -20.00
04755            -960.00      -16.00
04756            -880.00      -16.00
04757            -880.00      -12.00
04758            -800.00      -20.00
04759            -840.00      -20.00
04760            -760.00      -20.00
04761           -2040.00      500.00
04762           -2080.00      500.00
04763           -2120.00      500.00
04764           -2120.00      -40.00
04765           -2120.00      -40.00
04766           -2120.00      -32.00
04767           -2120.00      -36.00
04768           -2120.00      -44.00
04769           -2120.00      -36.00
04770           -2160.00      -40.00
04771           -2120.00      -36.00
04772           -2160.00      -36.00
04773           -2120.00      -40.00
04774           -2080.00      -32.00
04775           -2080.00      -32.00
04776           -2040.00      -36.00
04777           -2000.00      -36.00
04778           -1960.00      -32.00
04779           -1920.00      -36.00
04780           -1840.00      -32.00
04781           -1760.00      -32.00
04782           -1760.00      -28.00
04783           -1680.00      -28.00
04784           -1600.00      -28.00
04785           -1520.00      -20.00
04786           -1480.00      -28.00
04787           -1400.00      -28.00
04788           -1360.00      -28.00
04789           -1280.00      -28.00
04790           -1280.00      -28.00
04791           -1200.00      -20.00
04792           -1120.00      -28.00
04793           -1120.00      -24.00
04794           -1040.00      -16.00
04795            -960.00      -32.00
04796            -880.00      -24.00
04797            -840.00      -24.00
04798            -800.00      -28.00
04799            -800.00      -28.00
04800            -720.00      -24.00
04801            -640.00      -24.00
04802            -600.00      -24.00
04803            -560.00      -28.00
04804            -440.00      -24.00
04805            -400.00      -24.00
04806            -360.00      -28.00
04807            -280.00      -24.00
04808            -200.00      -24.00
04809            -160.00      -24.00
04810             -80.00      -24.00
04811               0.00      -24.00
04812             120.00      -20.00
04813             160.00      -16.00
04814             160.00      -20.00
04815             360.00      -24.00
04816             400.00      -24.00
04817             480.00      -32.00
04818             560.00      -24.00
04819             600.00      -24.00
04820             640.00      -24.00
04821             800.00      -20.00
04822             800.00      -16.00
04823            1040.00      -24.00
04824            1120.00      -20.00
04825            1280.00      -20.00
04826            1240.00      -24.00
04827            1360.00      -24.00
04828            1600.00      -20.00
04829            1560.00      -24.00
04830            1640.00      -24.00
04831            1920.00      -16.00
04832            1880.00      -16.00
04833            1960.00      -24.00
04834            2040.00      -20.00
04835            2160.00      -24.00
04836            2120.00      -20.00
04837            2200.00      -28.00
04838            2280.00      -24.00
04839            2360.00      -16.00
04840            2400.00      -16.00
04841            2440.00      -24.00
04842            2480.00      -20.00
04843            2520.00      -24.00
04844            2520.00      -20.00
04845            2640.00      -16.00
04846            2720.00      -16.00
04847            2760.00      -20.00
04848            2800.00      -20.00
04849            2800.00      -16.00
04850            2840.00      -20.00
04851            2920.00      -16.00
04852            2920.00      -20.00
04853            2960.00      -24.00
04854            3000.00       -8.00
04855            3000.00      -16.00
04856            3000.00      -24.00
04857            3040.00      -20.00
04858            3040.00      -16.00
04859            3080.00      -16.00
04860            3120.00      -20.00
04861            3080.00      -24.00
04862            3120.00      -24.00
04863            3120.00      -16.00
04864            3120.00      -20.00
04865            3120.00      -16.00
04866            3120.00      -12.00
04867            3120.00      -20.00
04868            3120.00      -20.00
04869            3120.00      -12.00
04870            3120.00      -20.00
04871            3120.00      -16.00
04872            3080.00      -28.00
04873            3120.00      -20.00
04874            3080.00      -16.00
04875            3040.00      -20.00
04876            3040.00      -20.00
04877            2960.00      -16.00
04878            2960.00      -16.00
04879            2920.00      -24.00
04880            2920.00      -24.00
04881            2840.00      -20.00
04882            2760.00      -20.00
04883            2720.00      -16.00
04884            2640.00      -16.00
04885            2560.00      -12.00
04886            2480.00      -20.00
04887            2440.00      -16.00
04888            2320.00      -20.00
04889            2200.00      -20.00
04890            2080.00      -16.00
04891            2000.00      -16.00
04892            1840.00      -20.00
04893            1680.00      -20.00
04894            1600.00      -16.00
04895            1480.00      -16.00
04896            1280.00      -16.00
04897            1240.00      -16.00
04898            1120.00      -16.00
04899             920.00      -20.00
04900             840.00      -20.00
04901             680.00      -20.00
04902             640.00      -16.00
04903             480.00      -16.00
04904             360.00      -16.00
04905             280.00       -8.00
04906             160.00      -16.00
04907              40.00      -16.00
04908             -40.00      -16.00
04909             -80.00      -16.00
04910            -120.00      -16.00
04911            -200.00      -16.00
04912            -280.00      -20.00
04913            -320.00      -16.00
04914            -360.00      -20.00
04915            -440.00      -16.00
04916            -480.00      -12.00
04917            -560.00      -16.00
04918            -600.00      -20.00
04919            -640.00      -16.00
04920            -720.00      -16.00
04921            -800.00      -16.00
04922            -800.00      -20.00
04923            -880.00      -20.00
04924            -920.00      -16.00
04925            -880.00      -12.00
04926            -960.00      -16.00
04927            -960.00      -20.00
04928           -1000.00      -20.00
04929           -1000.00      -20.00
04930           -1040.00      -16.00
04931           -1080.00      -16.00
04932           -1080.00      -16.00
04933           -1120.00      -12.00
04934           -1120.00      -12.00
04935           -1160.00      -16.00
04936           -1160.00      -12.00
04937           -1160.00      -16.00
04938           -1200.00      -16.00
04939           -1200.00      -16.00
04940           -1240.00      -12.00
04941           -1240.00      -16.00
04942           -1280.00      -16.00
04943           -1280.00      -12.00
04944           -1320.00       -8.00
04945           -1360.00      -20.00
04946           -1320.00      -16.00
04947           -1360.00      -16.00
04948           -1360.00      -16.00
04949           -1360.00      -12.00
04950           -1360.00      -20.00
04951           -1400.00      -16.00
04952           -1360.00      -16.00
04953           -1360.00      -16.00
04954           -1440.00      -20.00
04955           -1400.00      -16.00
04956           -1440.00      -16.00
04957           -1440.00      -16.00
04958           -1400.00      -16.00
04959           -1440.00      -20.00
04960           -1440.00      -12.00
04961           -1480.00      -16.00
04962           -1480.00      -12.00
04963           -1480.00      -16.00
04964           -1520.00      -12.00
04965           -1520.00      -16.00
04966           -1560.00      -16.00
04967           -1560.00      -12.00
04968           -1560.00      -12.00
04969           -1600.00      -16.00
04970           -1640.00      -12.00
04971           -1600.00      -16.00
04972           -1600.00      -12.00
04973           -1600.00      -12.00
04974           -1600.00      -16.00
04975           -1600.00      -12.00
04976           -1640.00      -16.00
04977           -1640.00      -16.00
04978           -1640.00      -20.00
04979           -1600.00      -16.00
04980           -1560.00      -12.00
04981           -1560.00      -12.00
04982           -1560.00      -16.00
04983           -1520.00      -20.00
04984           -1520.00       -8.00
04985           -1480.00      -16.00
04986           -1440.00      -16.00
04987           -1400.00      -16.00
04988           -1400.00      -12.00
04989           -1360.00      -16.00
04990           -1360.00      -12.00
04991           -1360.00      -16.00
04992           -1320.00      -12.00
04993           -1320.00       -8.00
04994           -1280.00      -12.00
04995           -1240.00      -16.00
04996           -1200.00      -16.00
04997           -1200.00      -16.00
04998           -1160.00      -16.00
04999           -1120.00      -16.00
05000           -1120.00      -16.00
