Unit:(mV)
                     CH1         CH2
Frequency              ?  999.988 Hz
Period                 ?    1.000 ms
00001             240.00      -20.00
00002             220.00      -20.00
00003             220.00        0.00
00004             240.00      -20.00
00005             260.00      -20.00
00006             220.00        0.00
00007             260.00      -20.00
00008             220.00        0.00
00009             240.00        0.00
00010             260.00       20.00
00011             260.00     1940.00
00012              40.00     1960.00
00013              40.00     1960.00
00014              20.00     1960.00
00015              20.00     1960.00
00016              40.00     1960.00
00017              20.00     1940.00
00018              20.00     1960.00
00019              40.00     1960.00
00020              20.00     1960.00
00021               0.00     1980.00
00022               0.00     1960.00
00023              20.00       80.00
00024              20.00      -20.00
00025               0.00      -20.00
00026              20.00      -20.00
00027             -20.00      -40.00
00028              20.00      -20.00
00029              20.00      -20.00
00030             -40.00      -20.00
00031             -20.00        0.00
00032             -20.00      -20.00
00033               0.00        0.00
00034               0.00      -20.00
00035             -40.00      -40.00
00036               0.00      -40.00
00037             -40.00      -40.00
00038               0.00      -20.00
00039               0.00      -20.00
00040             -40.00        0.00
00041             -20.00      -40.00
00042             -20.00      -20.00
00043               0.00      -20.00
00044             -60.00      -20.00
00045             -40.00      -20.00
00046             -40.00      -20.00
00047             -40.00      -20.00
00048             -80.00        0.00
00049             -60.00        0.00
00050             -60.00      -20.00
00051             -40.00      -20.00
00052             -80.00      -40.00
00053            -100.00        0.00
00054             -80.00      -20.00
00055             -60.00      -20.00
00056             -80.00      -20.00
00057             -80.00      -20.00
00058             -60.00      -20.00
00059             -60.00        0.00
00060             -80.00       20.00
00061             -80.00      -20.00
00062             -60.00      -20.00
00063             -60.00      -20.00
00064            -100.00      -20.00
00065             -80.00      -20.00
00066            -100.00      -20.00
00067            -100.00      -20.00
00068            -100.00      -20.00
00069            -120.00      -20.00
00070            -120.00      -20.00
00071            -120.00      -20.00
00072             -80.00      -20.00
00073            -100.00      -20.00
00074            -140.00      -20.00
00075            -100.00      -40.00
00076            -140.00        0.00
00077            -120.00        0.00
00078            -100.00        0.00
00079            -140.00        0.00
00080            -140.00      -20.00
00081            -140.00      -20.00
00082            -100.00      -20.00
00083            -140.00      -20.00
00084            -160.00      -20.00
00085            -120.00      -20.00
00086            -140.00      -20.00
00087            -180.00      -20.00
00088            -140.00      -20.00
00089            -120.00      -20.00
00090            -140.00      -20.00
00091            -140.00        0.00
00092            -180.00      -20.00
00093            -200.00      -20.00
00094            -140.00      -20.00
00095            -200.00      -20.00
00096            -180.00      -20.00
00097            -140.00      -40.00
00098            -200.00        0.00
00099            -180.00      -20.00
00100            -200.00      -20.00
00101            -180.00        0.00
00102            -160.00      -20.00
00103            -200.00        0.00
00104            -180.00      -20.00
00105            -200.00      -20.00
00106            -180.00      -20.00
00107            -200.00      -20.00
00108            -220.00      -20.00
00109            -200.00      -20.00
00110            -220.00        0.00
00111            -220.00      -20.00
00112            -200.00      -40.00
00113            -200.00        0.00
00114            -200.00      -20.00
00115            -200.00        0.00
00116            -200.00      -20.00
00117            -220.00      -20.00
00118            -220.00      -20.00
00119            -220.00      -20.00
00120            -220.00      -20.00
00121            -200.00      -20.00
00122            -220.00      -20.00
00123            -220.00      -20.00
00124            -220.00      -20.00
00125            -240.00      -20.00
00126            -220.00      -20.00
00127            -220.00        0.00
00128            -220.00        0.00
00129            -240.00      -20.00
00130            -220.00      -20.00
00131            -200.00      -20.00
00132            -240.00      -40.00
00133            -220.00      -20.00
00134            -220.00       20.00
00135            -220.00        0.00
00136            -240.00      -20.00
00137            -260.00        0.00
00138            -240.00        0.00
00139            -220.00      -20.00
00140            -240.00      -20.00
00141            -260.00      -20.00
00142            -240.00      -20.00
00143            -260.00      -20.00
00144            -240.00        0.00
00145            -240.00      -20.00
00146            -240.00      -20.00
00147            -220.00      -20.00
00148            -220.00        0.00
00149            -220.00      -20.00
00150            -220.00      -20.00
00151            -240.00      -20.00
00152            -240.00      -20.00
00153            -240.00        0.00
00154            -240.00      -20.00
00155            -240.00        0.00
00156            -240.00      -40.00
00157            -240.00      -20.00
00158            -220.00      -20.00
00159            -220.00      -20.00
00160            -240.00        0.00
00161            -240.00      -20.00
00162            -240.00        0.00
00163            -240.00      -20.00
00164            -220.00        0.00
00165            -240.00      -20.00
00166            -240.00        0.00
00167            -240.00      -20.00
00168            -220.00        0.00
00169            -220.00        0.00
00170            -240.00        0.00
00171            -220.00        0.00
00172            -240.00        0.00
00173            -260.00        0.00
00174            -220.00        0.00
00175            -240.00        0.00
00176            -240.00        0.00
00177            -240.00        0.00
00178            -240.00      -20.00
00179            -240.00        0.00
00180            -200.00      -20.00
00181            -240.00      -20.00
00182            -220.00      -20.00
00183            -220.00        0.00
00184            -200.00        0.00
00185            -220.00      -20.00
00186            -240.00      -20.00
00187            -220.00      -20.00
00188            -240.00        0.00
00189            -240.00      -20.00
00190            -220.00        0.00
00191            -200.00        0.00
00192            -240.00      -20.00
00193            -220.00      -20.00
00194            -200.00      -20.00
00195            -220.00      -40.00
00196            -220.00      -20.00
00197            -220.00      -20.00
00198            -220.00        0.00
00199            -240.00      -20.00
00200            -200.00      -20.00
00201            -220.00      -20.00
00202            -240.00        0.00
00203            -180.00      -20.00
00204            -200.00      -20.00
00205            -220.00        0.00
00206            -220.00      -20.00
00207            -220.00      -20.00
00208            -200.00      -20.00
00209            -180.00        0.00
00210            -160.00        0.00
00211            -220.00        0.00
00212            -200.00      -20.00
00213            -200.00      -20.00
00214            -180.00      -20.00
00215            -160.00        0.00
00216            -160.00      -20.00
00217            -180.00      -20.00
00218            -140.00        0.00
00219            -180.00      -20.00
00220            -180.00        0.00
00221            -160.00      -20.00
00222            -220.00        0.00
00223            -180.00        0.00
00224            -180.00        0.00
00225            -200.00      -20.00
00226            -200.00       20.00
00227            -200.00        0.00
00228            -200.00      -20.00
00229            -140.00      -20.00
00230            -160.00        0.00
00231            -180.00        0.00
00232            -140.00        0.00
00233            -160.00      -20.00
00234            -180.00        0.00
00235            -160.00      -20.00
00236            -180.00        0.00
00237            -180.00      -20.00
00238            -180.00      -20.00
00239            -140.00        0.00
00240            -120.00        0.00
00241            -160.00      -20.00
00242            -140.00      -20.00
00243            -120.00        0.00
00244            -160.00        0.00
00245            -140.00      -20.00
00246            -160.00        0.00
00247            -180.00      -20.00
00248            -140.00      -20.00
00249            -100.00        0.00
00250            -140.00        0.00
00251            -100.00        0.00
00252            -140.00      -20.00
00253            -100.00        0.00
00254             -80.00        0.00
00255            -120.00        0.00
00256             -80.00      -20.00
00257             -80.00      -20.00
00258             -60.00        0.00
00259            -140.00      -20.00
00260            -100.00        0.00
00261            -100.00      -20.00
00262             -60.00        0.00
00263            -100.00      -20.00
00264            -120.00      -20.00
00265            -100.00        0.00
00266            -120.00      -20.00
00267            -120.00      -20.00
00268            -100.00        0.00
00269             -20.00       20.00
00270             -80.00        0.00
00271             -40.00      -20.00
00272            -100.00      -20.00
00273             -60.00        0.00
00274             -60.00      -20.00
00275             -40.00      -20.00
00276             -60.00        0.00
00277             -60.00        0.00
00278             -80.00      -20.00
00279             -20.00      -20.00
00280             -60.00      -20.00
00281               0.00        0.00
00282             -80.00      -20.00
00283             -60.00      -20.00
00284             -40.00        0.00
00285               0.00      -20.00
00286             -40.00        0.00
00287             -60.00        0.00
00288             -60.00        0.00
00289              40.00        0.00
00290            -100.00        0.00
00291               0.00      -20.00
00292               0.00        0.00
00293             -60.00      -20.00
00294             -40.00        0.00
00295             -60.00      -20.00
00296             -60.00      -20.00
00297             -40.00      -20.00
00298              60.00        0.00
00299             -40.00        0.00
00300              20.00      -20.00
00301             -40.00      -20.00
00302              60.00      -20.00
00303             100.00        0.00
00304              80.00        0.00
00305              60.00        0.00
00306             100.00        0.00
00307              40.00      -20.00
00308             -40.00        0.00
00309              60.00        0.00
00310             -40.00        0.00
00311             120.00        0.00
00312              20.00      -20.00
00313             -20.00        0.00
00314             -20.00        0.00
00315             -20.00      -20.00
00316               0.00        0.00
00317             120.00      -20.00
00318              40.00        0.00
00319              20.00      -20.00
00320              60.00        0.00
00321             120.00      -20.00
00322              20.00      -20.00
00323             -40.00        0.00
00324             -20.00      -20.00
00325             -20.00        0.00
00326              40.00        0.00
00327             140.00        0.00
00328              80.00        0.00
00329              60.00      -20.00
00330              40.00        0.00
00331             160.00      -20.00
00332              60.00      -20.00
00333              40.00        0.00
00334              20.00        0.00
00335              80.00       20.00
00336             120.00      -20.00
00337             140.00      -20.00
00338              20.00      -20.00
00339             140.00        0.00
00340              20.00        0.00
00341              60.00        0.00
00342             180.00        0.00
00343             180.00        0.00
00344             180.00      -20.00
00345             180.00      -20.00
00346              80.00        0.00
00347              40.00      -20.00
00348             160.00      -20.00
00349              40.00        0.00
00350             160.00      -20.00
00351             160.00        0.00
00352             120.00       20.00
00353              60.00      -20.00
00354             100.00        0.00
00355             120.00        0.00
00356             200.00        0.00
00357              40.00      -20.00
00358             120.00        0.00
00359              80.00        0.00
00360             200.00       20.00
00361             140.00      -20.00
00362              80.00        0.00
00363              60.00      -20.00
00364              60.00      -20.00
00365             140.00        0.00
00366             240.00        0.00
00367             120.00        0.00
00368             120.00        0.00
00369              80.00        0.00
00370             240.00      -20.00
00371             140.00        0.00
00372             120.00      -20.00
00373              60.00      -20.00
00374             120.00        0.00
00375             180.00      -20.00
00376             220.00      -20.00
00377              80.00      -20.00
00378             220.00        0.00
00379              80.00        0.00
00380             140.00       20.00
00381             260.00        0.00
00382             260.00        0.00
00383             260.00      -20.00
00384             240.00      -40.00
00385             180.00      -20.00
00386             100.00      -20.00
00387             240.00        0.00
00388             100.00        0.00
00389             260.00        0.00
00390             180.00        0.00
00391             120.00        0.00
00392             100.00        0.00
00393             120.00        0.00
00394             140.00      -20.00
00395             260.00      -20.00
00396             180.00      -20.00
00397             120.00        0.00
00398             220.00      -20.00
00399             240.00        0.00
00400             120.00        0.00
00401             120.00      -20.00
00402             120.00        0.00
00403             120.00      -20.00
00404             120.00      -20.00
00405             240.00      -20.00
00406             240.00        0.00
00407             120.00        0.00
00408             200.00       20.00
00409             260.00      -20.00
00410             120.00        0.00
00411             140.00        0.00
00412             160.00      -20.00
00413             140.00      -20.00
00414             140.00      -20.00
00415             260.00        0.00
00416             180.00        0.00
00417             200.00        0.00
00418             180.00        0.00
00419             280.00       20.00
00420             260.00        0.00
00421             200.00        0.00
00422             200.00      -20.00
00423             240.00        0.00
00424             280.00        0.00
00425             200.00      -20.00
00426             180.00        0.00
00427             220.00        0.00
00428             240.00        0.00
00429             160.00      -20.00
00430             200.00        0.00
00431             220.00      -20.00
00432             220.00        0.00
00433             180.00      -20.00
00434             180.00        0.00
00435             240.00        0.00
00436             200.00        0.00
00437             280.00        0.00
00438             180.00        0.00
00439             200.00        0.00
00440             260.00      -20.00
00441             260.00        0.00
00442             240.00      -20.00
00443             220.00        0.00
00444             180.00      -20.00
00445             240.00      -20.00
00446             240.00      -20.00
00447             220.00        0.00
00448             200.00        0.00
00449             260.00        0.00
00450             260.00        0.00
00451             280.00        0.00
00452             260.00        0.00
00453             240.00       20.00
00454             200.00        0.00
00455             240.00      -20.00
00456             200.00      -20.00
00457             280.00        0.00
00458             220.00        0.00
00459             200.00        0.00
00460             220.00      -20.00
00461             240.00        0.00
00462             200.00      -20.00
00463             220.00        0.00
00464             260.00        0.00
00465             260.00        0.00
00466             220.00      -20.00
00467             220.00        0.00
00468             280.00        0.00
00469             240.00      -20.00
00470             240.00        0.00
00471             240.00      -20.00
00472             240.00        0.00
00473             240.00        0.00
00474             220.00        0.00
00475             240.00       20.00
00476             240.00      -20.00
00477             260.00        0.00
00478             220.00      -20.00
00479             200.00        0.00
00480             200.00        0.00
00481             180.00      -20.00
00482             200.00      -20.00
00483             240.00        0.00
00484             240.00        0.00
00485             220.00        0.00
00486             280.00        0.00
00487             240.00      -20.00
00488             220.00        0.00
00489             220.00      -20.00
00490             240.00       20.00
00491             240.00      -20.00
00492             220.00        0.00
00493             240.00        0.00
00494             280.00        0.00
00495             220.00      -20.00
00496             260.00        0.00
00497             240.00      -20.00
00498             200.00        0.00
00499             180.00        0.00
00500             180.00        0.00
00501             200.00       20.00
00502             220.00        0.00
00503             240.00        0.00
00504             240.00        0.00
00505             260.00        0.00
00506             200.00      -20.00
00507             260.00        0.00
00508             260.00        0.00
00509             260.00        0.00
00510             240.00        0.00
00511             240.00        0.00
00512             280.00        0.00
00513             220.00        0.00
00514             240.00      -20.00
00515             240.00        0.00
00516             260.00      -20.00
00517             220.00      -20.00
00518             220.00      -20.00
00519             220.00        0.00
00520             220.00        0.00
00521             200.00        0.00
00522             240.00      -20.00
00523             300.00        0.00
00524             200.00        0.00
00525             280.00        0.00
00526             220.00        0.00
00527             180.00      -20.00
00528             280.00        0.00
00529             280.00        0.00
00530             280.00        0.00
00531             180.00       20.00
00532             220.00        0.00
00533             280.00        0.00
00534             180.00        0.00
00535             300.00        0.00
00536             220.00        0.00
00537             200.00        0.00
00538             240.00      -20.00
00539             260.00      -20.00
00540             220.00      -20.00
00541             180.00        0.00
00542             260.00      -20.00
00543             320.00        0.00
00544             220.00      -20.00
00545             280.00        0.00
00546             300.00      -20.00
00547             220.00        0.00
00548             200.00        0.00
00549             180.00        0.00
00550             220.00        0.00
00551             280.00      -20.00
00552             280.00      -20.00
00553             180.00        0.00
00554             320.00        0.00
00555             220.00        0.00
00556             180.00        0.00
00557             260.00        0.00
00558             300.00      -20.00
00559             280.00      -20.00
00560             240.00      -20.00
00561             160.00        0.00
00562             260.00        0.00
00563             260.00      -20.00
00564             240.00        0.00
00565             160.00       20.00
00566             320.00        0.00
00567             300.00        0.00
00568             300.00      -20.00
00569             320.00      -20.00
00570             320.00      -20.00
00571             200.00        0.00
00572             200.00        0.00
00573             300.00      -20.00
00574             200.00      -20.00
00575             200.00      -20.00
00576             300.00        0.00
00577             320.00        0.00
00578             320.00        0.00
00579             300.00        0.00
00580             280.00        0.00
00581             160.00        0.00
00582             260.00        0.00
00583             220.00        0.00
00584             300.00        0.00
00585             160.00       20.00
00586             200.00      -20.00
00587             240.00        0.00
00588             260.00      -20.00
00589             220.00        0.00
00590             180.00        0.00
00591             240.00        0.00
00592             240.00        0.00
00593             180.00      -20.00
00594             240.00        0.00
00595             300.00      -20.00
00596             240.00      -20.00
00597             200.00        0.00
00598             200.00      -20.00
00599             260.00      -20.00
00600             300.00        0.00
00601             200.00      -20.00
00602             220.00        0.00
00603             220.00      -20.00
00604             280.00        0.00
00605             180.00        0.00
00606             160.00      -20.00
00607             200.00      -20.00
00608             180.00        0.00
00609             160.00        0.00
00610             240.00        0.00
00611             240.00      -20.00
00612             180.00        0.00
00613             220.00        0.00
00614             240.00       20.00
00615             180.00        0.00
00616             160.00        0.00
00617             180.00      -20.00
00618             180.00        0.00
00619             160.00      -20.00
00620             240.00        0.00
00621             220.00        0.00
00622             200.00        0.00
00623             200.00        0.00
00624             240.00        0.00
00625             180.00        0.00
00626             160.00        0.00
00627             160.00      -20.00
00628             180.00        0.00
00629             200.00      -20.00
00630             200.00        0.00
00631             160.00        0.00
00632             200.00      -20.00
00633             160.00        0.00
00634             180.00      -20.00
00635             220.00      -20.00
00636             200.00      -20.00
00637             220.00        0.00
00638             200.00        0.00
00639             180.00        0.00
00640             140.00        0.00
00641             200.00       20.00
00642             140.00        0.00
00643             180.00      -20.00
00644             160.00        0.00
00645             160.00        0.00
00646             120.00        0.00
00647             120.00        0.00
00648             160.00        0.00
00649             200.00        0.00
00650             120.00        0.00
00651             140.00      -20.00
00652             140.00        0.00
00653             180.00        0.00
00654             120.00        0.00
00655             100.00        0.00
00656             100.00        0.00
00657             100.00        0.00
00658             100.00      -20.00
00659             180.00      -20.00
00660             140.00        0.00
00661             100.00        0.00
00662             120.00        0.00
00663             160.00        0.00
00664              80.00        0.00
00665              60.00        0.00
00666              60.00        0.00
00667              40.00        0.00
00668             120.00        0.00
00669             160.00       20.00
00670              60.00        0.00
00671             160.00        0.00
00672              40.00        0.00
00673             140.00      -20.00
00674             160.00      -20.00
00675             120.00        0.00
00676             140.00        0.00
00677             140.00        0.00
00678             120.00        0.00
00679              20.00        0.00
00680             140.00      -20.00
00681              40.00        0.00
00682             120.00      -20.00
00683              40.00        0.00
00684               0.00      -20.00
00685               0.00        0.00
00686               0.00        0.00
00687               0.00      -20.00
00688              80.00        0.00
00689             120.00        0.00
00690             -20.00        0.00
00691             120.00        0.00
00692              60.00        0.00
00693             -20.00        0.00
00694              40.00        0.00
00695              60.00        0.00
00696              20.00        0.00
00697               0.00        0.00
00698              20.00        0.00
00699             100.00        0.00
00700             -20.00      -20.00
00701             100.00        0.00
00702              20.00        0.00
00703             -40.00        0.00
00704             -20.00      -20.00
00705             -20.00        0.00
00706             -40.00        0.00
00707             -40.00        0.00
00708              40.00        0.00
00709              40.00        0.00
00710             -20.00        0.00
00711               0.00      -20.00
00712              60.00        0.00
00713             -20.00        0.00
00714             -60.00        0.00
00715             -60.00        0.00
00716             -40.00        0.00
00717              20.00        0.00
00718             -20.00      -20.00
00719             -40.00        0.00
00720              40.00        0.00
00721             -40.00        0.00
00722             -60.00        0.00
00723             -40.00      -20.00
00724               0.00        0.00
00725               0.00      -20.00
00726             -60.00        0.00
00727             -80.00        0.00
00728               0.00        0.00
00729             -60.00        0.00
00730             -40.00        0.00
00731            -100.00        0.00
00732             -40.00      -20.00
00733              20.00      -20.00
00734              20.00      -20.00
00735               0.00        0.00
00736             -20.00        0.00
00737            -100.00        0.00
00738            -100.00        0.00
00739             -40.00        0.00
00740            -100.00        0.00
00741            -100.00        0.00
00742             -40.00        0.00
00743               0.00        0.00
00744             -40.00      -20.00
00745             -40.00      -20.00
00746             -80.00      -20.00
00747            -120.00        0.00
00748             -60.00        0.00
00749            -120.00        0.00
00750             -80.00        0.00
00751            -140.00        0.00
00752            -140.00      -20.00
00753            -120.00        0.00
00754            -120.00        0.00
00755            -140.00      -20.00
00756            -140.00      -20.00
00757            -140.00        0.00
00758            -140.00      -20.00
00759            -120.00       20.00
00760            -160.00        0.00
00761            -120.00        0.00
00762            -120.00      -20.00
00763            -160.00      -20.00
00764            -140.00        0.00
00765            -160.00        0.00
00766            -120.00      -20.00
00767            -160.00        0.00
00768            -180.00       20.00
00769            -180.00        0.00
00770            -120.00      -20.00
00771            -180.00        0.00
00772            -180.00        0.00
00773            -200.00      -20.00
00774            -200.00      -20.00
00775            -200.00      -20.00
00776            -140.00        0.00
00777            -200.00        0.00
00778            -200.00        0.00
00779            -200.00        0.00
00780            -180.00        0.00
00781            -220.00        0.00
00782            -220.00      -20.00
00783            -240.00        0.00
00784            -220.00      -20.00
00785            -200.00        0.00
00786            -180.00        0.00
00787            -240.00        0.00
00788            -220.00        0.00
00789            -240.00      -20.00
00790            -200.00       20.00
00791            -200.00        0.00
00792            -220.00        0.00
00793            -240.00        0.00
00794            -220.00        0.00
00795            -200.00        0.00
00796            -260.00        0.00
00797            -260.00        0.00
00798            -260.00        0.00
00799            -240.00        0.00
00800            -280.00        0.00
00801            -260.00      -20.00
00802            -240.00        0.00
00803            -260.00        0.00
00804            -260.00        0.00
00805            -280.00        0.00
00806            -280.00        0.00
00807            -280.00        0.00
00808            -280.00      -20.00
00809            -300.00        0.00
00810            -280.00        0.00
00811            -280.00        0.00
00812            -300.00        0.00
00813            -280.00        0.00
00814            -280.00      -20.00
00815            -300.00        0.00
00816            -300.00        0.00
00817            -260.00      -20.00
00818            -320.00        0.00
00819            -300.00        0.00
00820            -260.00        0.00
00821            -320.00        0.00
00822            -300.00      -20.00
00823            -320.00        0.00
00824            -260.00      -20.00
00825            -320.00        0.00
00826            -320.00        0.00
00827            -300.00      -20.00
00828            -340.00        0.00
00829            -320.00        0.00
00830            -300.00        0.00
00831            -320.00      -20.00
00832            -320.00      -20.00
00833            -320.00        0.00
00834            -320.00      -20.00
00835            -360.00       20.00
00836            -320.00      -20.00
00837            -340.00        0.00
00838            -320.00      -20.00
00839            -360.00      -40.00
00840            -360.00        0.00
00841            -340.00        0.00
00842            -340.00        0.00
00843            -360.00        0.00
00844            -360.00        0.00
00845            -320.00       20.00
00846            -360.00        0.00
00847            -340.00        0.00
00848            -360.00      -20.00
00849            -320.00        0.00
00850            -340.00      -20.00
00851            -340.00      -20.00
00852            -340.00        0.00
00853            -300.00      -20.00
00854            -360.00      -20.00
00855            -360.00        0.00
00856            -340.00      -20.00
00857            -380.00      -20.00
00858            -340.00        0.00
00859            -340.00      -20.00
00860            -380.00        0.00
00861            -360.00      -20.00
00862            -360.00        0.00
00863            -340.00        0.00
00864            -360.00        0.00
00865            -360.00        0.00
00866            -320.00        0.00
00867            -360.00        0.00
00868            -360.00        0.00
00869            -320.00        0.00
00870            -340.00        0.00
00871            -360.00        0.00
00872            -340.00      -20.00
00873            -320.00        0.00
00874            -340.00        0.00
00875            -380.00        0.00
00876            -360.00      -20.00
00877            -380.00        0.00
00878            -360.00       20.00
00879            -340.00      -20.00
00880            -320.00        0.00
00881            -360.00        0.00
00882            -360.00        0.00
00883            -320.00        0.00
00884            -380.00      -20.00
00885            -340.00        0.00
00886            -360.00      -20.00
00887            -340.00      -20.00
00888            -340.00        0.00
00889            -360.00      -20.00
00890            -360.00        0.00
00891            -360.00      -20.00
00892            -360.00      -20.00
00893            -340.00        0.00
00894            -340.00      -20.00
00895            -360.00      -20.00
00896            -320.00        0.00
00897            -340.00        0.00
00898            -360.00        0.00
00899            -320.00        0.00
00900            -320.00        0.00
00901            -320.00      -20.00
00902            -320.00      -20.00
00903            -360.00        0.00
00904            -320.00        0.00
00905            -340.00        0.00
00906            -320.00       20.00
00907            -360.00        0.00
00908            -320.00        0.00
00909            -300.00        0.00
00910            -300.00        0.00
00911            -300.00        0.00
00912            -340.00        0.00
00913            -320.00        0.00
00914            -300.00        0.00
00915            -340.00        0.00
00916            -300.00       20.00
00917            -320.00      -20.00
00918            -340.00        0.00
00919            -320.00      -20.00
00920            -300.00      -20.00
00921            -320.00        0.00
00922            -320.00        0.00
00923            -320.00        0.00
00924            -300.00        0.00
00925            -320.00      -20.00
00926            -300.00        0.00
00927            -260.00        0.00
00928            -280.00        0.00
00929            -320.00        0.00
00930            -300.00      -20.00
00931            -300.00        0.00
00932            -260.00      -20.00
00933            -300.00        0.00
00934            -280.00      -20.00
00935            -300.00       20.00
00936            -260.00        0.00
00937            -300.00        0.00
00938            -300.00      -20.00
00939            -280.00        0.00
00940            -300.00        0.00
00941            -300.00        0.00
00942            -280.00        0.00
00943            -240.00        0.00
00944            -300.00        0.00
00945            -200.00        0.00
00946            -280.00        0.00
00947            -280.00      -20.00
00948            -240.00      -20.00
00949            -240.00      -20.00
00950            -240.00        0.00
00951            -280.00      -20.00
00952            -260.00        0.00
00953            -200.00        0.00
00954            -260.00        0.00
00955            -200.00       20.00
00956            -220.00        0.00
00957            -240.00        0.00
00958            -240.00      -20.00
00959            -240.00        0.00
00960            -260.00        0.00
00961            -200.00        0.00
00962            -180.00        0.00
00963            -200.00        0.00
00964            -160.00        0.00
00965            -200.00      -20.00
00966            -160.00      -20.00
00967            -160.00        0.00
00968            -180.00      -20.00
00969            -180.00        0.00
00970            -160.00        0.00
00971            -140.00       20.00
00972            -180.00        0.00
00973            -140.00        0.00
00974            -180.00        0.00
00975            -140.00      -20.00
00976            -160.00      -20.00
00977            -160.00      -20.00
00978            -140.00        0.00
00979            -180.00       20.00
00980            -160.00        0.00
00981            -140.00        0.00
00982            -100.00      -20.00
00983            -140.00        0.00
00984            -100.00        0.00
00985            -140.00        0.00
00986            -120.00      -20.00
00987            -120.00      -20.00
00988            -100.00        0.00
00989            -100.00        0.00
00990            -120.00        0.00
00991            -120.00        0.00
00992             -80.00        0.00
00993             -60.00        0.00
00994             -80.00      -20.00
00995             -80.00      -20.00
00996             -60.00        0.00
00997             -80.00        0.00
00998             -40.00        0.00
00999             -60.00        0.00
01000             -40.00       20.00
01001            -100.00        0.00
01002             -60.00        0.00
01003             -40.00      -20.00
01004             -20.00      -20.00
01005             -60.00      -20.00
01006             -80.00        0.00
01007             -60.00        0.00
01008             -40.00      -20.00
01009             -40.00        0.00
01010             -60.00        0.00
01011               0.00        0.00
01012              20.00      -20.00
01013             -40.00        0.00
01014             -40.00        0.00
01015              40.00        0.00
01016               0.00       20.00
01017               0.00        0.00
01018              20.00       20.00
01019              60.00        0.00
01020              20.00        0.00
01021             -40.00       20.00
01022              80.00      -20.00
01023             -40.00      -20.00
01024              60.00      -20.00
01025              20.00        0.00
01026             -20.00        0.00
01027             -40.00        0.00
01028               0.00        0.00
01029              20.00        0.00
01030              80.00        0.00
01031             -20.00        0.00
01032              80.00        0.00
01033              20.00        0.00
01034             100.00      -20.00
01035              80.00      -20.00
01036               0.00      -20.00
01037               0.00        0.00
01038               0.00        0.00
01039             120.00      -20.00
01040             120.00        0.00
01041             -20.00        0.00
01042             180.00        0.00
01043             -20.00        0.00
01044              80.00      -20.00
01045             140.00        0.00
01046             120.00      -20.00
01047             120.00        0.00
01048             140.00        0.00
01049             140.00      -20.00
01050              20.00        0.00
01051             160.00        0.00
01052              60.00      -20.00
01053             180.00        0.00
01054              40.00        0.00
01055              20.00      -20.00
01056              20.00       20.00
01057              40.00      -20.00
01058              20.00        0.00
01059              80.00        0.00
01060             240.00        0.00
01061              20.00        0.00
01062             180.00        0.00
01063              20.00      -20.00
01064             100.00        0.00
01065             200.00        0.00
01066             220.00        0.00
01067             220.00        0.00
01068             140.00        0.00
01069              40.00      -20.00
01070             180.00        0.00
01071             100.00        0.00
01072             200.00        0.00
01073              40.00        0.00
01074             140.00        0.00
01075             240.00        0.00
01076             220.00        0.00
01077             240.00      -20.00
01078             120.00      -20.00
01079              60.00      -20.00
01080             260.00        0.00
01081              80.00        0.00
01082             220.00      -20.00
01083              80.00        0.00
01084             100.00        0.00
01085             180.00        0.00
01086             180.00      -20.00
01087             140.00        0.00
01088              80.00      -40.00
01089             200.00      -20.00
01090             200.00      -20.00
01091             160.00        0.00
01092             180.00        0.00
01093             260.00        0.00
01094             240.00       20.00
01095             140.00        0.00
01096             180.00        0.00
01097             200.00      -20.00
01098             300.00      -20.00
01099             140.00        0.00
01100             200.00      -20.00
01101             200.00        0.00
01102             280.00        0.00
01103             160.00      -20.00
01104             140.00       20.00
01105             140.00      -20.00
01106             140.00        0.00
01107             140.00      -20.00
01108             240.00        0.00
01109             300.00        0.00
01110             180.00        0.00
01111             280.00        0.00
01112             240.00        0.00
01113             180.00        0.00
01114             200.00        0.00
01115             240.00        0.00
01116             200.00        0.00
01117             180.00        0.00
01118             260.00        0.00
01119             260.00        0.00
01120             180.00        0.00
01121             280.00       20.00
01122             280.00      -20.00
01123             220.00        0.00
01124             200.00        0.00
01125             220.00        0.00
01126             220.00        0.00
01127             240.00        0.00
01128             300.00        0.00
01129             240.00        0.00
01130             280.00        0.00
01131             220.00        0.00
01132             300.00        0.00
01133             280.00        0.00
01134             300.00        0.00
01135             280.00      -20.00
01136             300.00      -20.00
01137             280.00        0.00
01138             240.00      -20.00
01139             300.00        0.00
01140             240.00        0.00
01141             300.00        0.00
01142             260.00        0.00
01143             260.00       20.00
01144             280.00        0.00
01145             260.00      -20.00
01146             260.00        0.00
01147             280.00      -20.00
01148             280.00        0.00
01149             280.00      -20.00
01150             300.00       20.00
01151             300.00        0.00
01152             260.00        0.00
01153             280.00        0.00
01154             260.00      -20.00
01155             260.00       20.00
01156             280.00        0.00
01157             300.00       20.00
01158             280.00        0.00
01159             280.00        0.00
01160             300.00        0.00
01161             280.00       20.00
01162             280.00        0.00
01163             260.00        0.00
01164             280.00        0.00
01165             260.00        0.00
01166             280.00      -20.00
01167             280.00        0.00
01168             280.00        0.00
01169             300.00      -20.00
01170             280.00        0.00
01171             300.00      -20.00
01172             300.00        0.00
01173             280.00       20.00
01174             300.00        0.00
01175             300.00      -20.00
01176             280.00        0.00
01177             280.00        0.00
01178             280.00        0.00
01179             300.00      -20.00
01180             300.00      -20.00
01181             300.00        0.00
01182             280.00        0.00
01183             280.00        0.00
01184             280.00        0.00
01185             280.00      -20.00
01186             280.00        0.00
01187             300.00        0.00
01188             280.00        0.00
01189             300.00      -20.00
01190             280.00        0.00
01191             300.00        0.00
01192             280.00        0.00
01193             300.00      -20.00
01194             280.00      -20.00
01195             280.00        0.00
01196             280.00      -20.00
01197             300.00        0.00
01198             300.00        0.00
01199             300.00      -20.00
01200             280.00        0.00
01201             280.00        0.00
01202             300.00        0.00
01203             300.00      -20.00
01204             300.00        0.00
01205             280.00        0.00
01206             280.00       20.00
01207             280.00        0.00
01208             280.00        0.00
01209             280.00      -20.00
01210             280.00      -20.00
01211             260.00      -20.00
01212             280.00      -20.00
01213             280.00        0.00
01214             280.00       20.00
01215             280.00        0.00
01216             280.00        0.00
01217             280.00        0.00
01218             260.00        0.00
01219             280.00      -20.00
01220             280.00      -20.00
01221             280.00        0.00
01222             280.00      -20.00
01223             260.00        0.00
01224             280.00        0.00
01225             280.00        0.00
01226             260.00        0.00
01227             280.00        0.00
01228             280.00       20.00
01229             300.00      -20.00
01230             240.00        0.00
01231             260.00      -20.00
01232             260.00        0.00
01233             240.00        0.00
01234             260.00        0.00
01235             280.00      -20.00
01236             280.00        0.00
01237             240.00        0.00
01238             280.00        0.00
01239             240.00      -20.00
01240             240.00      -20.00
01241             240.00        0.00
01242             260.00        0.00
01243             240.00      -20.00
01244             240.00        0.00
01245             260.00        0.00
01246             280.00        0.00
01247             240.00        0.00
01248             260.00        0.00
01249             260.00        0.00
01250             240.00      -20.00
01251             200.00      -20.00
01252             200.00        0.00
01253             220.00        0.00
01254             240.00      -20.00
01255             260.00      -20.00
01256             220.00        0.00
01257             260.00        0.00
01258             200.00        0.00
01259             240.00        0.00
01260             260.00      -20.00
01261             240.00     1980.00
01262              40.00     1960.00
01263              40.00     1960.00
01264              40.00     1940.00
01265              20.00     1960.00
01266              40.00     1960.00
01267              20.00     1940.00
01268              40.00     1980.00
01269              40.00     1940.00
01270               0.00     1960.00
01271               0.00     1940.00
01272               0.00     1960.00
01273              20.00     -440.00
01274              20.00      -20.00
01275               0.00      -20.00
01276              20.00        0.00
01277               0.00        0.00
01278              40.00        0.00
01279             -20.00      -20.00
01280             -40.00      -20.00
01281             -40.00      -20.00
01282             -40.00      -20.00
01283             -40.00      -20.00
01284               0.00      -20.00
01285             -20.00      -20.00
01286             -20.00        0.00
01287             -40.00      -20.00
01288               0.00      -20.00
01289             -20.00      -20.00
01290             -40.00      -20.00
01291             -40.00      -20.00
01292             -40.00      -20.00
01293             -40.00      -20.00
01294             -20.00      -20.00
01295             -60.00      -20.00
01296             -40.00        0.00
01297             -60.00      -20.00
01298             -60.00      -20.00
01299             -40.00      -20.00
01300             -40.00        0.00
01301             -40.00      -20.00
01302             -40.00      -20.00
01303            -100.00      -20.00
01304             -80.00      -20.00
01305             -60.00      -20.00
01306            -100.00      -40.00
01307             -60.00      -20.00
01308             -60.00      -20.00
01309             -80.00      -20.00
01310            -120.00      -20.00
01311             -80.00        0.00
01312             -80.00        0.00
01313             -60.00      -20.00
01314            -100.00      -20.00
01315             -80.00      -20.00
01316            -100.00      -20.00
01317             -60.00      -20.00
01318            -100.00        0.00
01319            -120.00      -40.00
01320            -140.00      -20.00
01321            -140.00      -20.00
01322            -120.00      -20.00
01323             -80.00      -20.00
01324            -120.00      -20.00
01325            -120.00      -20.00
01326            -140.00      -20.00
01327            -100.00      -20.00
01328            -120.00      -20.00
01329            -160.00      -20.00
01330            -180.00      -40.00
01331            -140.00      -20.00
01332            -120.00      -20.00
01333            -120.00      -20.00
01334            -180.00      -20.00
01335            -140.00      -20.00
01336            -160.00        0.00
01337            -140.00      -20.00
01338            -140.00        0.00
01339            -120.00      -20.00
01340            -140.00      -20.00
01341            -120.00      -20.00
01342            -140.00      -20.00
01343            -200.00      -20.00
01344            -160.00      -20.00
01345            -200.00      -20.00
01346            -140.00      -20.00
01347            -180.00        0.00
01348            -200.00      -20.00
01349            -200.00        0.00
01350            -200.00      -20.00
01351            -200.00      -20.00
01352            -180.00        0.00
01353            -160.00      -20.00
01354            -200.00      -20.00
01355            -180.00      -20.00
01356            -200.00      -20.00
01357            -200.00      -20.00
01358            -200.00      -20.00
01359            -200.00        0.00
01360            -200.00      -20.00
01361            -200.00      -20.00
01362            -220.00        0.00
01363            -180.00      -20.00
01364            -220.00        0.00
01365            -200.00      -20.00
01366            -220.00        0.00
01367            -220.00      -20.00
01368            -220.00      -20.00
01369            -200.00        0.00
01370            -220.00      -20.00
01371            -240.00      -20.00
01372            -220.00      -20.00
01373            -200.00      -20.00
01374            -220.00        0.00
01375            -200.00      -20.00
01376            -200.00      -20.00
01377            -220.00        0.00
01378            -240.00      -20.00
01379            -240.00      -20.00
01380            -240.00        0.00
01381            -220.00      -20.00
01382            -220.00        0.00
01383            -240.00      -20.00
01384            -220.00        0.00
01385            -240.00      -20.00
01386            -240.00      -20.00
01387            -220.00        0.00
01388            -220.00        0.00
01389            -240.00      -20.00
01390            -200.00      -20.00
01391            -240.00        0.00
01392            -240.00        0.00
01393            -200.00      -20.00
01394            -260.00      -20.00
01395            -240.00      -20.00
01396            -220.00      -20.00
01397            -240.00      -20.00
01398            -240.00        0.00
01399            -220.00      -20.00
01400            -240.00      -20.00
01401            -220.00      -20.00
01402            -260.00      -20.00
01403            -220.00        0.00
01404            -260.00      -20.00
01405            -240.00        0.00
01406            -220.00      -20.00
01407            -240.00      -20.00
01408            -240.00      -20.00
01409            -240.00        0.00
01410            -220.00      -20.00
01411            -240.00      -20.00
01412            -260.00        0.00
01413            -220.00        0.00
01414            -240.00        0.00
01415            -240.00      -20.00
01416            -240.00      -20.00
01417            -220.00      -20.00
01418            -240.00      -20.00
01419            -220.00      -20.00
01420            -220.00        0.00
01421            -240.00        0.00
01422            -240.00      -20.00
01423            -240.00        0.00
01424            -220.00        0.00
01425            -240.00      -20.00
01426            -240.00      -20.00
01427            -240.00        0.00
01428            -240.00        0.00
01429            -260.00        0.00
01430            -220.00      -20.00
01431            -200.00      -20.00
01432            -240.00        0.00
01433            -220.00        0.00
01434            -240.00      -20.00
01435            -220.00      -20.00
01436            -220.00        0.00
01437            -200.00        0.00
01438            -220.00        0.00
01439            -220.00      -20.00
01440            -260.00      -20.00
01441            -220.00      -20.00
01442            -220.00        0.00
01443            -200.00      -20.00
01444            -220.00        0.00
01445            -220.00      -20.00
01446            -200.00      -40.00
01447            -200.00      -20.00
01448            -180.00        0.00
01449            -220.00        0.00
01450            -240.00      -20.00
01451            -200.00      -20.00
01452            -220.00        0.00
01453            -200.00        0.00
01454            -220.00        0.00
01455            -200.00      -20.00
01456            -180.00        0.00
01457            -180.00      -20.00
01458            -180.00        0.00
01459            -200.00      -20.00
01460            -200.00        0.00
01461            -200.00      -20.00
01462            -220.00        0.00
01463            -180.00        0.00
01464            -200.00      -20.00
01465            -200.00        0.00
01466            -200.00      -20.00
01467            -200.00        0.00
01468            -220.00      -20.00
01469            -160.00        0.00
01470            -160.00      -20.00
01471            -220.00        0.00
01472            -140.00      -20.00
01473            -180.00      -20.00
01474            -200.00      -20.00
01475            -160.00        0.00
01476            -160.00        0.00
01477            -160.00      -40.00
01478            -180.00        0.00
01479            -180.00      -20.00
01480            -120.00        0.00
01481            -180.00        0.00
01482            -140.00        0.00
01483            -200.00       20.00
01484            -140.00      -20.00
01485            -120.00        0.00
01486            -100.00      -20.00
01487            -120.00        0.00
01488            -120.00        0.00
01489            -140.00        0.00
01490            -140.00        0.00
01491            -100.00      -20.00
01492            -120.00        0.00
01493            -160.00      -20.00
01494            -140.00      -20.00
01495            -120.00      -20.00
01496            -120.00      -20.00
01497            -120.00        0.00
01498            -140.00      -20.00
01499            -140.00        0.00
01500             -80.00        0.00
01501            -120.00      -20.00
01502            -100.00      -20.00
01503            -100.00      -20.00
01504            -140.00        0.00
01505            -140.00        0.00
01506            -120.00      -20.00
01507            -120.00      -20.00
01508            -140.00        0.00
01509             -60.00      -20.00
01510            -140.00      -20.00
01511             -80.00      -20.00
01512            -120.00       20.00
01513             -60.00      -20.00
01514             -40.00      -20.00
01515             -40.00        0.00
01516             -40.00        0.00
01517             -40.00      -20.00
01518             -60.00      -20.00
01519            -120.00        0.00
01520             -40.00      -20.00
01521            -100.00      -20.00
01522             -40.00        0.00
01523             -40.00        0.00
01524             -60.00        0.00
01525             -80.00      -20.00
01526             -60.00      -20.00
01527             -20.00      -20.00
01528               0.00      -20.00
01529             -80.00      -20.00
01530             -20.00      -20.00
01531            -100.00        0.00
01532               0.00        0.00
01533              20.00        0.00
01534             -40.00        0.00
01535             -40.00        0.00
01536             -40.00        0.00
01537              20.00        0.00
01538               0.00        0.00
01539             -80.00        0.00
01540              20.00      -20.00
01541             -80.00        0.00
01542               0.00      -20.00
01543              20.00      -20.00
01544              40.00      -20.00
01545              20.00        0.00
01546              80.00      -20.00
01547               0.00      -20.00
01548             -40.00        0.00
01549              60.00      -20.00
01550             -40.00      -20.00
01551              40.00      -40.00
01552             -40.00        0.00
01553             -40.00        0.00
01554              20.00      -20.00
01555             -20.00        0.00
01556             -40.00        0.00
01557             -20.00        0.00
01558              80.00      -20.00
01559             -20.00      -20.00
01560              80.00        0.00
01561             -40.00        0.00
01562              20.00        0.00
01563              80.00        0.00
01564             100.00        0.00
01565             120.00        0.00
01566              40.00      -20.00
01567             -20.00        0.00
01568              60.00        0.00
01569              60.00      -20.00
01570              40.00        0.00
01571              20.00      -20.00
01572             120.00        0.00
01573             140.00        0.00
01574             120.00        0.00
01575             140.00        0.00
01576             120.00       20.00
01577              20.00        0.00
01578              60.00      -20.00
01579              80.00      -20.00
01580             100.00      -20.00
01581               0.00      -20.00
01582              60.00      -20.00
01583             140.00      -40.00
01584             120.00        0.00
01585             120.00        0.00
01586              40.00        0.00
01587              40.00       20.00
01588             160.00        0.00
01589               0.00        0.00
01590             140.00      -20.00
01591              80.00      -20.00
01592              20.00       20.00
01593              20.00        0.00
01594              20.00        0.00
01595              20.00        0.00
01596             100.00        0.00
01597             160.00      -20.00
01598              20.00      -20.00
01599             200.00      -20.00
01600              40.00        0.00
01601              60.00      -20.00
01602             180.00        0.00
01603             160.00        0.00
01604             200.00        0.00
01605             120.00      -20.00
01606              40.00      -20.00
01607             160.00       20.00
01608             120.00      -20.00
01609             120.00      -20.00
01610              60.00      -20.00
01611             200.00      -20.00
01612             220.00      -20.00
01613             220.00        0.00
01614             240.00        0.00
01615             200.00      -20.00
01616              60.00        0.00
01617             120.00        0.00
01618             140.00       20.00
01619             180.00        0.00
01620              80.00      -20.00
01621             160.00        0.00
01622             220.00      -20.00
01623             200.00        0.00
01624             220.00        0.00
01625             120.00        0.00
01626              60.00      -20.00
01627             240.00      -20.00
01628              80.00      -20.00
01629             220.00        0.00
01630             120.00        0.00
01631              80.00        0.00
01632             120.00      -20.00
01633             120.00      -20.00
01634              80.00        0.00
01635             100.00        0.00
01636             220.00        0.00
01637             100.00        0.00
01638             240.00        0.00
01639              80.00        0.00
01640             180.00        0.00
01641             280.00        0.00
01642             240.00        0.00
01643             280.00      -20.00
01644             240.00        0.00
01645             180.00      -20.00
01646             120.00        0.00
01647             240.00        0.00
01648             100.00        0.00
01649             220.00      -20.00
01650             280.00        0.00
01651             220.00        0.00
01652             160.00        0.00
01653             200.00        0.00
01654             280.00      -20.00
01655             260.00      -20.00
01656             120.00        0.00
01657             240.00        0.00
01658             120.00        0.00
01659             240.00        0.00
01660             240.00      -20.00
01661             240.00        0.00
01662             180.00       20.00
01663             260.00        0.00
01664             260.00        0.00
01665             200.00      -20.00
01666             180.00        0.00
01667             240.00       20.00
01668             140.00        0.00
01669             180.00        0.00
01670             260.00        0.00
01671             280.00      -20.00
01672             280.00        0.00
01673             260.00      -20.00
01674             180.00        0.00
01675             140.00      -20.00
01676             240.00        0.00
01677             160.00        0.00
01678             260.00        0.00
01679             240.00        0.00
01680             180.00        0.00
01681             160.00        0.00
01682             180.00      -20.00
01683             180.00        0.00
01684             280.00        0.00
01685             200.00        0.00
01686             180.00      -20.00
01687             260.00      -20.00
01688             240.00        0.00
01689             200.00      -20.00
01690             200.00        0.00
01691             200.00      -20.00
01692             200.00        0.00
01693             200.00        0.00
01694             220.00      -20.00
01695             280.00      -20.00
01696             180.00      -20.00
01697             260.00        0.00
01698             220.00        0.00
01699             180.00        0.00
01700             200.00        0.00
01701             220.00        0.00
01702             220.00        0.00
01703             200.00        0.00
01704             240.00        0.00
01705             240.00      -20.00
01706             200.00        0.00
01707             240.00      -20.00
01708             260.00        0.00
01709             220.00        0.00
01710             220.00       20.00
01711             200.00      -20.00
01712             220.00        0.00
01713             260.00        0.00
01714             280.00        0.00
01715             180.00        0.00
01716             240.00      -20.00
01717             220.00        0.00
01718             240.00        0.00
01719             240.00        0.00
01720             260.00      -20.00
01721             240.00        0.00
01722             280.00        0.00
01723             220.00        0.00
01724             240.00        0.00
01725             260.00        0.00
01726             220.00        0.00
01727             260.00      -20.00
01728             240.00        0.00
01729             240.00      -20.00
01730             220.00      -20.00
01731             220.00      -20.00
01732             240.00        0.00
01733             240.00        0.00
01734             220.00        0.00
01735             280.00        0.00
01736             220.00      -20.00
01737             240.00        0.00
01738             260.00        0.00
01739             220.00        0.00
01740             200.00        0.00
01741             200.00        0.00
01742             260.00        0.00
01743             240.00      -20.00
01744             240.00        0.00
01745             260.00        0.00
01746             220.00      -20.00
01747             260.00      -20.00
01748             240.00        0.00
01749             260.00        0.00
01750             220.00       20.00
01751             240.00        0.00
01752             240.00        0.00
01753             280.00      -20.00
01754             220.00       20.00
01755             260.00        0.00
01756             220.00        0.00
01757             240.00      -20.00
01758             280.00       20.00
01759             240.00        0.00
01760             280.00      -20.00
01761             280.00        0.00
01762             260.00        0.00
01763             220.00      -20.00
01764             260.00        0.00
01765             180.00        0.00
01766             300.00        0.00
01767             260.00        0.00
01768             240.00        0.00
01769             200.00        0.00
01770             200.00        0.00
01771             240.00      -20.00
01772             280.00        0.00
01773             280.00        0.00
01774             240.00      -20.00
01775             280.00        0.00
01776             260.00        0.00
01777             200.00        0.00
01778             180.00        0.00
01779             200.00        0.00
01780             200.00      -20.00
01781             180.00        0.00
01782             260.00        0.00
01783             320.00        0.00
01784             200.00        0.00
01785             300.00        0.00
01786             280.00        0.00
01787             200.00        0.00
01788             180.00        0.00
01789             200.00        0.00
01790             180.00        0.00
01791             200.00        0.00
01792             280.00        0.00
01793             220.00        0.00
01794             240.00        0.00
01795             200.00      -20.00
01796             300.00       20.00
01797             260.00        0.00
01798             240.00      -20.00
01799             240.00      -20.00
01800             260.00      -20.00
01801             320.00      -20.00
01802             220.00        0.00
01803             240.00      -20.00
01804             280.00        0.00
01805             260.00        0.00
01806             160.00        0.00
01807             200.00        0.00
01808             240.00      -20.00
01809             240.00        0.00
01810             160.00        0.00
01811             180.00        0.00
01812             300.00        0.00
01813             200.00        0.00
01814             280.00        0.00
01815             140.00      -20.00
01816             240.00        0.00
01817             300.00        0.00
01818             320.00        0.00
01819             300.00      -20.00
01820             280.00        0.00
01821             140.00        0.00
01822             260.00      -20.00
01823             260.00        0.00
01824             280.00        0.00
01825             160.00        0.00
01826             260.00        0.00
01827             300.00        0.00
01828             300.00      -20.00
01829             280.00        0.00
01830             240.00      -20.00
01831             160.00        0.00
01832             300.00        0.00
01833             200.00        0.00
01834             300.00        0.00
01835             180.00        0.00
01836             180.00        0.00
01837             200.00      -20.00
01838             220.00      -20.00
01839             180.00       20.00
01840             180.00      -20.00
01841             280.00        0.00
01842             240.00      -20.00
01843             200.00        0.00
01844             220.00      -20.00
01845             280.00        0.00
01846             280.00        0.00
01847             220.00        0.00
01848             220.00        0.00
01849             280.00        0.00
01850             280.00        0.00
01851             180.00        0.00
01852             260.00      -20.00
01853             180.00        0.00
01854             300.00        0.00
01855             180.00        0.00
01856             180.00        0.00
01857             160.00      -20.00
01858             160.00        0.00
01859             180.00        0.00
01860             260.00        0.00
01861             220.00      -20.00
01862             160.00      -20.00
01863             260.00        0.00
01864             240.00        0.00
01865             180.00      -20.00
01866             180.00        0.00
01867             180.00        0.00
01868             180.00      -20.00
01869             180.00      -20.00
01870             240.00      -20.00
01871             200.00      -20.00
01872             180.00      -20.00
01873             180.00        0.00
01874             220.00       20.00
01875             180.00        0.00
01876             180.00        0.00
01877             180.00        0.00
01878             180.00        0.00
01879             200.00        0.00
01880             200.00        0.00
01881             160.00        0.00
01882             200.00        0.00
01883             160.00        0.00
01884             180.00      -20.00
01885             200.00        0.00
01886             200.00        0.00
01887             220.00      -20.00
01888             200.00        0.00
01889             160.00        0.00
01890             160.00        0.00
01891             180.00        0.00
01892             140.00        0.00
01893             180.00        0.00
01894             180.00        0.00
01895             140.00        0.00
01896             120.00        0.00
01897             140.00      -20.00
01898             140.00        0.00
01899             200.00      -20.00
01900             140.00      -20.00
01901             120.00        0.00
01902             140.00        0.00
01903             180.00      -20.00
01904             100.00        0.00
01905             100.00        0.00
01906             100.00        0.00
01907             100.00        0.00
01908              80.00      -20.00
01909             180.00        0.00
01910             140.00        0.00
01911             100.00        0.00
01912             160.00        0.00
01913             160.00        0.00
01914              80.00       20.00
01915              60.00      -20.00
01916              60.00       20.00
01917              40.00        0.00
01918             100.00      -20.00
01919             180.00        0.00
01920              80.00      -20.00
01921             140.00        0.00
01922              60.00      -20.00
01923             140.00       20.00
01924             140.00      -20.00
01925             120.00        0.00
01926             100.00        0.00
01927             140.00        0.00
01928             140.00      -20.00
01929              40.00        0.00
01930             100.00        0.00
01931              80.00        0.00
01932             140.00      -40.00
01933              20.00      -20.00
01934               0.00        0.00
01935              20.00        0.00
01936              20.00        0.00
01937              20.00        0.00
01938              40.00      -20.00
01939             120.00        0.00
01940               0.00        0.00
01941             120.00        0.00
01942               0.00        0.00
01943               0.00        0.00
01944              60.00        0.00
01945              80.00      -20.00
01946              60.00        0.00
01947              20.00      -20.00
01948             -40.00      -20.00
01949             120.00        0.00
01950             -20.00        0.00
01951             120.00        0.00
01952               0.00        0.00
01953             -20.00      -20.00
01954              20.00      -20.00
01955              40.00        0.00
01956               0.00      -20.00
01957             -40.00      -20.00
01958               0.00        0.00
01959              80.00        0.00
01960             -40.00       20.00
01961              20.00        0.00
01962              40.00        0.00
01963             -40.00        0.00
01964             -60.00        0.00
01965             -40.00      -20.00
01966             -60.00        0.00
01967               0.00      -20.00
01968              40.00        0.00
01969             -60.00        0.00
01970              80.00        0.00
01971             -80.00        0.00
01972             -80.00        0.00
01973              20.00        0.00
01974              40.00      -20.00
01975              40.00        0.00
01976             -20.00        0.00
01977             -80.00        0.00
01978             -60.00        0.00
01979             -20.00        0.00
01980            -100.00        0.00
01981             -80.00        0.00
01982              20.00        0.00
01983               0.00      -20.00
01984             -40.00        0.00
01985             -20.00      -20.00
01986               0.00        0.00
01987             -60.00        0.00
01988            -100.00        0.00
01989             -20.00        0.00
01990            -100.00        0.00
01991             -80.00        0.00
01992             -40.00        0.00
01993             -60.00        0.00
01994            -100.00      -20.00
01995             -40.00        0.00
01996             -40.00        0.00
01997            -100.00        0.00
01998            -100.00       20.00
01999             -80.00      -20.00
02000            -120.00       20.00
02001            -140.00        0.00
02002             -80.00      -20.00
02003             -60.00        0.00
02004             -60.00        0.00
02005            -100.00        0.00
02006            -140.00      -20.00
02007            -140.00        0.00
02008            -100.00        0.00
02009            -140.00      -20.00
02010            -100.00       20.00
02011            -160.00        0.00
02012            -140.00      -20.00
02013            -160.00      -20.00
02014            -160.00      -20.00
02015            -160.00      -20.00
02016            -120.00      -20.00
02017            -160.00        0.00
02018            -160.00      -20.00
02019            -160.00        0.00
02020            -140.00        0.00
02021            -180.00        0.00
02022            -180.00      -20.00
02023            -200.00        0.00
02024            -200.00        0.00
02025            -200.00        0.00
02026            -180.00       20.00
02027            -160.00        0.00
02028            -220.00        0.00
02029            -200.00      -20.00
02030            -200.00        0.00
02031            -220.00        0.00
02032            -240.00        0.00
02033            -200.00       20.00
02034            -240.00        0.00
02035            -240.00       20.00
02036            -200.00        0.00
02037            -220.00        0.00
02038            -240.00        0.00
02039            -220.00      -20.00
02040            -200.00      -20.00
02041            -240.00      -20.00
02042            -260.00        0.00
02043            -240.00      -20.00
02044            -240.00        0.00
02045            -240.00        0.00
02046            -200.00        0.00
02047            -260.00        0.00
02048            -240.00        0.00
02049            -280.00        0.00
02050            -260.00        0.00
02051            -240.00        0.00
02052            -240.00      -20.00
02053            -240.00        0.00
02054            -200.00        0.00
02055            -280.00        0.00
02056            -300.00        0.00
02057            -200.00        0.00
02058            -280.00        0.00
02059            -260.00        0.00
02060            -280.00        0.00
02061            -300.00        0.00
02062            -300.00        0.00
02063            -300.00        0.00
02064            -300.00        0.00
02065            -280.00       20.00
02066            -300.00        0.00
02067            -300.00        0.00
02068            -300.00      -20.00
02069            -300.00        0.00
02070            -300.00        0.00
02071            -300.00        0.00
02072            -320.00        0.00
02073            -320.00        0.00
02074            -320.00        0.00
02075            -300.00        0.00
02076            -320.00      -20.00
02077            -320.00      -20.00
02078            -340.00        0.00
02079            -300.00        0.00
02080            -340.00        0.00
02081            -340.00        0.00
02082            -340.00      -20.00
02083            -340.00        0.00
02084            -340.00        0.00
02085            -320.00      -20.00
02086            -340.00      -20.00
02087            -300.00      -20.00
02088            -340.00        0.00
02089            -360.00        0.00
02090            -300.00      -20.00
02091            -320.00      -20.00
02092            -320.00        0.00
02093            -320.00        0.00
02094            -320.00       20.00
02095            -380.00        0.00
02096            -340.00        0.00
02097            -340.00      -20.00
02098            -320.00        0.00
02099            -340.00      -20.00
02100            -360.00      -20.00
02101            -380.00      -20.00
02102            -380.00       20.00
02103            -360.00        0.00
02104            -320.00        0.00
02105            -340.00        0.00
02106            -360.00      -20.00
02107            -320.00       20.00
02108            -340.00      -20.00
02109            -380.00        0.00
02110            -360.00        0.00
02111            -340.00      -20.00
02112            -360.00      -20.00
02113            -360.00        0.00
02114            -360.00       20.00
02115            -340.00      -20.00
02116            -380.00        0.00
02117            -360.00      -20.00
02118            -360.00        0.00
02119            -380.00        0.00
02120            -360.00      -20.00
02121            -360.00        0.00
02122            -360.00      -20.00
02123            -380.00        0.00
02124            -320.00        0.00
02125            -340.00        0.00
02126            -380.00        0.00
02127            -320.00        0.00
02128            -340.00        0.00
02129            -360.00      -20.00
02130            -380.00        0.00
02131            -380.00        0.00
02132            -360.00        0.00
02133            -320.00      -20.00
02134            -340.00       20.00
02135            -380.00        0.00
02136            -340.00        0.00
02137            -360.00      -20.00
02138            -360.00      -20.00
02139            -320.00        0.00
02140            -340.00        0.00
02141            -340.00        0.00
02142            -340.00        0.00
02143            -340.00        0.00
02144            -340.00        0.00
02145            -320.00        0.00
02146            -340.00        0.00
02147            -320.00        0.00
02148            -340.00        0.00
02149            -320.00        0.00
02150            -340.00      -20.00
02151            -320.00        0.00
02152            -340.00      -20.00
02153            -320.00        0.00
02154            -360.00        0.00
02155            -320.00       20.00
02156            -360.00        0.00
02157            -320.00       20.00
02158            -320.00      -20.00
02159            -340.00        0.00
02160            -320.00        0.00
02161            -320.00        0.00
02162            -320.00      -20.00
02163            -300.00      -20.00
02164            -320.00      -20.00
02165            -300.00        0.00
02166            -320.00        0.00
02167            -300.00        0.00
02168            -280.00        0.00
02169            -300.00      -20.00
02170            -320.00      -20.00
02171            -280.00        0.00
02172            -280.00        0.00
02173            -320.00        0.00
02174            -300.00        0.00
02175            -300.00        0.00
02176            -300.00        0.00
02177            -300.00        0.00
02178            -300.00        0.00
02179            -280.00      -20.00
02180            -300.00        0.00
02181            -300.00        0.00
02182            -320.00        0.00
02183            -280.00        0.00
02184            -280.00        0.00
02185            -260.00       20.00
02186            -300.00       20.00
02187            -260.00        0.00
02188            -240.00      -20.00
02189            -240.00        0.00
02190            -220.00        0.00
02191            -240.00      -20.00
02192            -260.00      -20.00
02193            -280.00      -20.00
02194            -220.00        0.00
02195            -280.00       20.00
02196            -240.00      -20.00
02197            -200.00        0.00
02198            -200.00      -20.00
02199            -200.00        0.00
02200            -200.00        0.00
02201            -200.00      -20.00
02202            -220.00        0.00
02203            -260.00      -20.00
02204            -200.00        0.00
02205            -240.00        0.00
02206            -220.00        0.00
02207            -200.00        0.00
02208            -180.00        0.00
02209            -180.00        0.00
02210            -180.00      -20.00
02211            -180.00        0.00
02212            -240.00        0.00
02213            -200.00      -20.00
02214            -200.00        0.00
02215            -160.00        0.00
02216            -220.00      -20.00
02217            -200.00      -20.00
02218            -200.00        0.00
02219            -160.00      -20.00
02220            -200.00        0.00
02221            -200.00      -20.00
02222            -140.00        0.00
02223            -140.00      -20.00
02224            -120.00      -20.00
02225            -180.00      -20.00
02226            -120.00        0.00
02227            -120.00        0.00
02228            -140.00        0.00
02229            -140.00        0.00
02230            -120.00        0.00
02231            -120.00      -20.00
02232            -120.00       20.00
02233            -120.00        0.00
02234            -140.00      -20.00
02235            -120.00      -20.00
02236            -100.00      -20.00
02237            -100.00        0.00
02238            -120.00        0.00
02239            -100.00        0.00
02240            -120.00        0.00
02241            -100.00        0.00
02242            -100.00        0.00
02243            -100.00        0.00
02244             -60.00        0.00
02245             -60.00        0.00
02246            -100.00        0.00
02247             -80.00      -20.00
02248             -80.00        0.00
02249             -60.00        0.00
02250             -60.00        0.00
02251             -60.00        0.00
02252             -20.00      -20.00
02253             -60.00      -20.00
02254             -80.00        0.00
02255             -20.00        0.00
02256             -40.00        0.00
02257             -40.00        0.00
02258             -40.00        0.00
02259             -20.00        0.00
02260             -20.00       20.00
02261             -40.00        0.00
02262             -40.00        0.00
02263              20.00      -20.00
02264               0.00      -20.00
02265             -60.00        0.00
02266             -20.00        0.00
02267               0.00        0.00
02268              40.00        0.00
02269             -40.00        0.00
02270             -40.00        0.00
02271              60.00        0.00
02272             -40.00        0.00
02273              40.00        0.00
02274             -20.00      -20.00
02275              60.00        0.00
02276             100.00        0.00
02277             100.00        0.00
02278             100.00        0.00
02279             100.00        0.00
02280               0.00        0.00
02281              40.00        0.00
02282              40.00        0.00
02283              40.00        0.00
02284             -20.00        0.00
02285              60.00       20.00
02286             140.00        0.00
02287             120.00        0.00
02288             140.00        0.00
02289              60.00        0.00
02290               0.00        0.00
02291             120.00        0.00
02292              20.00        0.00
02293             140.00      -20.00
02294               0.00      -20.00
02295              20.00        0.00
02296              80.00      -20.00
02297             100.00        0.00
02298              60.00        0.00
02299               0.00        0.00
02300             120.00        0.00
02301             100.00        0.00
02302             100.00        0.00
02303              80.00        0.00
02304             200.00        0.00
02305             140.00        0.00
02306              80.00        0.00
02307             100.00        0.00
02308             140.00        0.00
02309             240.00        0.00
02310              40.00        0.00
02311             120.00      -20.00
02312             100.00      -20.00
02313             240.00      -20.00
02314              80.00        0.00
02315              20.00      -20.00
02316              40.00        0.00
02317              20.00      -20.00
02318              60.00      -20.00
02319             200.00        0.00
02320             180.00        0.00
02321              80.00        0.00
02322             160.00        0.00
02323             200.00        0.00
02324              40.00        0.00
02325              40.00      -20.00
02326              80.00        0.00
02327              60.00      -20.00
02328              80.00        0.00
02329             240.00      -20.00
02330             140.00        0.00
02331             120.00        0.00
02332             160.00      -20.00
02333             260.00        0.00
02334             160.00        0.00
02335             100.00        0.00
02336             100.00        0.00
02337             140.00      -20.00
02338             240.00        0.00
02339             280.00        0.00
02340             100.00        0.00
02341             280.00        0.00
02342             140.00        0.00
02343             180.00      -20.00
02344             260.00        0.00
02345             300.00        0.00
02346             260.00        0.00
02347             260.00        0.00
02348             160.00        0.00
02349             160.00        0.00
02350             280.00        0.00
02351             140.00        0.00
02352             240.00      -20.00
02353             260.00        0.00
02354             200.00      -20.00
02355             160.00        0.00
02356             180.00        0.00
02357             220.00        0.00
02358             260.00        0.00
02359             160.00        0.00
02360             280.00      -20.00
02361             180.00      -20.00
02362             280.00        0.00
02363             260.00      -20.00
02364             180.00        0.00
02365             180.00        0.00
02366             180.00        0.00
02367             260.00        0.00
02368             280.00       20.00
02369             200.00        0.00
02370             280.00        0.00
02371             200.00        0.00
02372             280.00        0.00
02373             260.00        0.00
02374             240.00        0.00
02375             220.00        0.00
02376             260.00        0.00
02377             280.00        0.00
02378             260.00      -20.00
02379             240.00        0.00
02380             300.00        0.00
02381             260.00        0.00
02382             220.00      -20.00
02383             280.00      -20.00
02384             260.00        0.00
02385             300.00        0.00
02386             260.00      -20.00
02387             240.00        0.00
02388             280.00        0.00
02389             280.00      -20.00
02390             240.00        0.00
02391             280.00        0.00
02392             300.00        0.00
02393             280.00      -20.00
02394             260.00        0.00
02395             280.00        0.00
02396             300.00        0.00
02397             300.00        0.00
02398             260.00        0.00
02399             280.00        0.00
02400             260.00      -20.00
02401             320.00        0.00
02402             260.00        0.00
02403             280.00        0.00
02404             280.00      -20.00
02405             280.00        0.00
02406             280.00        0.00
02407             320.00        0.00
02408             260.00        0.00
02409             280.00        0.00
02410             280.00        0.00
02411             280.00        0.00
02412             300.00      -20.00
02413             280.00      -20.00
02414             280.00      -20.00
02415             280.00        0.00
02416             300.00        0.00
02417             300.00        0.00
02418             300.00      -20.00
02419             280.00        0.00
02420             280.00      -20.00
02421             280.00      -20.00
02422             280.00        0.00
02423             300.00      -20.00
02424             300.00        0.00
02425             300.00        0.00
02426             280.00        0.00
02427             300.00        0.00
02428             300.00      -20.00
02429             280.00        0.00
02430             280.00        0.00
02431             280.00        0.00
02432             300.00        0.00
02433             300.00      -20.00
02434             280.00        0.00
02435             280.00        0.00
02436             300.00      -20.00
02437             300.00        0.00
02438             280.00        0.00
02439             300.00        0.00
02440             280.00        0.00
02441             300.00        0.00
02442             280.00        0.00
02443             300.00      -20.00
02444             280.00        0.00
02445             280.00      -20.00
02446             300.00      -20.00
02447             300.00      -20.00
02448             280.00        0.00
02449             300.00      -20.00
02450             280.00        0.00
02451             280.00        0.00
02452             280.00        0.00
02453             280.00        0.00
02454             300.00        0.00
02455             280.00        0.00
02456             280.00      -20.00
02457             280.00       20.00
02458             280.00        0.00
02459             300.00        0.00
02460             280.00        0.00
02461             280.00      -20.00
02462             280.00        0.00
02463             260.00        0.00
02464             280.00        0.00
02465             280.00        0.00
02466             280.00        0.00
02467             280.00        0.00
02468             280.00        0.00
02469             280.00      -20.00
02470             280.00      -20.00
02471             300.00        0.00
02472             280.00      -20.00
02473             280.00        0.00
02474             300.00      -20.00
02475             280.00       20.00
02476             260.00        0.00
02477             280.00        0.00
02478             240.00        0.00
02479             280.00      -20.00
02480             280.00        0.00
02481             260.00        0.00
02482             260.00        0.00
02483             240.00      -20.00
02484             260.00      -20.00
02485             280.00        0.00
02486             260.00        0.00
02487             240.00        0.00
02488             260.00        0.00
02489             260.00      -20.00
02490             240.00       20.00
02491             240.00      -20.00
02492             240.00       20.00
02493             220.00      -20.00
02494             240.00        0.00
02495             280.00        0.00
02496             260.00        0.00
02497             240.00        0.00
02498             240.00      -20.00
02499             280.00        0.00
02500             240.00      -20.00
02501             220.00      -20.00
02502             220.00      -20.00
02503             220.00      -20.00
02504             260.00        0.00
02505             260.00        0.00
02506             200.00      -20.00
02507             260.00        0.00
02508             220.00       20.00
02509             220.00      -20.00
02510             260.00        0.00
02511             240.00     1980.00
02512              40.00     1960.00
02513              40.00     1980.00
02514              40.00     1960.00
02515               0.00     1960.00
02516              40.00     1960.00
02517              20.00     1960.00
02518              40.00     1960.00
02519              20.00     1960.00
02520               0.00     1960.00
02521               0.00     1960.00
02522              20.00     1940.00
02523               0.00     1960.00
02524              40.00      -20.00
02525              20.00        0.00
02526             -20.00      -20.00
02527               0.00        0.00
02528              20.00      -20.00
02529             -20.00      -20.00
02530               0.00      -20.00
02531             -40.00        0.00
02532             -20.00      -40.00
02533             -20.00      -20.00
02534               0.00      -20.00
02535             -40.00      -40.00
02536             -40.00      -20.00
02537             -20.00      -20.00
02538             -20.00        0.00
02539             -60.00      -20.00
02540             -40.00      -20.00
02541             -40.00      -20.00
02542             -60.00      -20.00
02543             -40.00      -20.00
02544             -40.00      -40.00
02545             -60.00      -20.00
02546             -20.00      -20.00
02547             -60.00      -20.00
02548             -60.00      -20.00
02549             -40.00      -40.00
02550             -40.00      -20.00
02551             -40.00      -20.00
02552             -60.00      -20.00
02553             -80.00      -40.00
02554             -80.00      -40.00
02555             -40.00        0.00
02556             -80.00      -20.00
02557             -60.00      -20.00
02558             -80.00      -20.00
02559            -100.00      -20.00
02560            -120.00        0.00
02561             -80.00      -20.00
02562            -100.00      -20.00
02563             -80.00      -40.00
02564             -80.00      -20.00
02565            -100.00        0.00
02566             -80.00      -20.00
02567             -80.00      -20.00
02568            -120.00      -20.00
02569            -120.00      -20.00
02570            -120.00      -20.00
02571            -120.00      -20.00
02572            -140.00      -20.00
02573            -100.00      -20.00
02574            -120.00        0.00
02575            -140.00      -20.00
02576            -100.00        0.00
02577            -120.00        0.00
02578            -160.00      -20.00
02579            -140.00      -20.00
02580            -160.00      -20.00
02581            -160.00      -20.00
02582            -140.00      -20.00
02583            -120.00        0.00
02584            -140.00      -20.00
02585            -140.00        0.00
02586            -180.00      -20.00
02587            -140.00        0.00
02588            -140.00        0.00
02589            -160.00      -20.00
02590            -160.00      -20.00
02591            -140.00        0.00
02592            -140.00      -40.00
02593            -160.00      -20.00
02594            -180.00      -20.00
02595            -140.00        0.00
02596            -180.00      -20.00
02597            -200.00      -20.00
02598            -180.00        0.00
02599            -180.00      -20.00
02600            -180.00        0.00
02601            -200.00      -40.00
02602            -200.00        0.00
02603            -160.00      -20.00
02604            -200.00        0.00
02605            -180.00      -20.00
02606            -220.00      -20.00
02607            -180.00        0.00
02608            -180.00        0.00
02609            -180.00      -20.00
02610            -160.00      -20.00
02611            -200.00      -20.00
02612            -220.00      -20.00
02613            -220.00      -40.00
02614            -200.00        0.00
02615            -200.00      -20.00
02616            -220.00      -20.00
02617            -180.00        0.00
02618            -180.00      -20.00
02619            -200.00        0.00
02620            -200.00      -20.00
02621            -220.00      -20.00
02622            -220.00      -20.00
02623            -200.00      -20.00
02624            -240.00        0.00
02625            -200.00        0.00
02626            -240.00        0.00
02627            -220.00      -20.00
02628            -220.00      -20.00
02629            -240.00      -20.00
02630            -240.00      -20.00
02631            -240.00        0.00
02632            -220.00      -20.00
02633            -240.00      -20.00
02634            -240.00      -20.00
02635            -240.00       20.00
02636            -220.00        0.00
02637            -220.00        0.00
02638            -240.00      -20.00
02639            -220.00        0.00
02640            -220.00        0.00
02641            -220.00      -20.00
02642            -260.00      -20.00
02643            -240.00      -20.00
02644            -240.00      -20.00
02645            -200.00      -20.00
02646            -220.00        0.00
02647            -240.00        0.00
02648            -240.00        0.00
02649            -240.00        0.00
02650            -240.00        0.00
02651            -220.00      -20.00
02652            -240.00      -40.00
02653            -240.00        0.00
02654            -240.00      -20.00
02655            -240.00        0.00
02656            -260.00      -20.00
02657            -260.00      -20.00
02658            -260.00      -40.00
02659            -240.00      -20.00
02660            -240.00        0.00
02661            -200.00        0.00
02662            -240.00      -20.00
02663            -240.00      -20.00
02664            -240.00      -20.00
02665            -220.00      -20.00
02666            -220.00        0.00
02667            -240.00        0.00
02668            -240.00      -20.00
02669            -260.00      -20.00
02670            -240.00        0.00
02671            -240.00        0.00
02672            -240.00        0.00
02673            -240.00      -20.00
02674            -240.00        0.00
02675            -220.00      -20.00
02676            -240.00      -20.00
02677            -240.00        0.00
02678            -220.00      -20.00
02679            -220.00      -20.00
02680            -240.00      -20.00
02681            -220.00        0.00
02682            -220.00      -20.00
02683            -240.00      -20.00
02684            -240.00        0.00
02685            -200.00        0.00
02686            -220.00        0.00
02687            -240.00        0.00
02688            -240.00        0.00
02689            -220.00      -20.00
02690            -220.00        0.00
02691            -240.00        0.00
02692            -200.00      -20.00
02693            -240.00        0.00
02694            -220.00      -20.00
02695            -200.00      -20.00
02696            -220.00        0.00
02697            -220.00      -20.00
02698            -220.00        0.00
02699            -180.00        0.00
02700            -200.00      -20.00
02701            -240.00      -20.00
02702            -180.00        0.00
02703            -220.00      -20.00
02704            -200.00      -20.00
02705            -200.00      -20.00
02706            -200.00      -20.00
02707            -200.00        0.00
02708            -200.00        0.00
02709            -180.00      -20.00
02710            -220.00      -20.00
02711            -200.00       20.00
02712            -200.00        0.00
02713            -200.00        0.00
02714            -220.00      -20.00
02715            -200.00      -20.00
02716            -200.00        0.00
02717            -180.00      -20.00
02718            -180.00      -20.00
02719            -200.00      -20.00
02720            -180.00      -20.00
02721            -180.00       20.00
02722            -200.00        0.00
02723            -200.00      -20.00
02724            -140.00        0.00
02725            -160.00      -20.00
02726            -180.00      -20.00
02727            -180.00      -20.00
02728            -140.00      -20.00
02729            -140.00        0.00
02730            -180.00        0.00
02731            -140.00        0.00
02732            -180.00        0.00
02733            -100.00        0.00
02734            -180.00        0.00
02735            -160.00      -20.00
02736            -160.00        0.00
02737            -140.00        0.00
02738            -140.00        0.00
02739            -120.00      -20.00
02740            -160.00        0.00
02741            -140.00      -20.00
02742            -140.00        0.00
02743             -80.00        0.00
02744            -120.00      -20.00
02745            -120.00        0.00
02746            -140.00      -20.00
02747            -120.00        0.00
02748            -100.00      -20.00
02749            -100.00      -20.00
02750            -140.00      -20.00
02751            -100.00        0.00
02752            -120.00        0.00
02753            -120.00        0.00
02754            -100.00       20.00
02755             -60.00      -20.00
02756            -100.00        0.00
02757             -80.00        0.00
02758            -120.00        0.00
02759            -120.00        0.00
02760             -60.00      -20.00
02761            -140.00      -20.00
02762             -60.00        0.00
02763            -100.00      -20.00
02764            -120.00      -20.00
02765            -100.00        0.00
02766            -100.00        0.00
02767            -100.00      -20.00
02768             -60.00      -20.00
02769             -60.00      -20.00
02770             -80.00      -20.00
02771             -20.00        0.00
02772             -80.00      -20.00
02773            -100.00        0.00
02774             -60.00      -20.00
02775             -80.00        0.00
02776             -60.00        0.00
02777             -80.00        0.00
02778             -80.00      -20.00
02779              20.00      -20.00
02780             -80.00        0.00
02781             -20.00        0.00
02782             -80.00        0.00
02783             -60.00      -20.00
02784             -40.00        0.00
02785             -20.00        0.00
02786             -60.00       20.00
02787             -80.00        0.00
02788             -60.00        0.00
02789               0.00        0.00
02790             -80.00        0.00
02791              20.00        0.00
02792             -20.00        0.00
02793             -60.00        0.00
02794             -60.00      -20.00
02795             -60.00        0.00
02796             -60.00      -20.00
02797             -20.00        0.00
02798              60.00      -20.00
02799             -20.00      -20.00
02800              60.00      -40.00
02801             -60.00        0.00
02802              20.00      -20.00
02803              40.00       20.00
02804              40.00        0.00
02805              40.00      -20.00
02806              60.00        0.00
02807              40.00        0.00
02808             -40.00       20.00
02809             100.00        0.00
02810             -20.00        0.00
02811              80.00      -20.00
02812              60.00        0.00
02813             -20.00      -20.00
02814             -40.00      -20.00
02815             -40.00      -20.00
02816               0.00        0.00
02817             100.00        0.00
02818              80.00       20.00
02819              20.00        0.00
02820              60.00        0.00
02821              80.00        0.00
02822             -20.00        0.00
02823               0.00        0.00
02824              20.00      -20.00
02825               0.00        0.00
02826               0.00      -20.00
02827             100.00        0.00
02828              60.00        0.00
02829              60.00        0.00
02830              80.00      -20.00
02831             120.00        0.00
02832              60.00      -20.00
02833               0.00        0.00
02834              20.00      -20.00
02835              20.00        0.00
02836             120.00      -20.00
02837             120.00        0.00
02838               0.00        0.00
02839             180.00      -20.00
02840              20.00      -20.00
02841              80.00        0.00
02842             140.00      -20.00
02843             120.00        0.00
02844             120.00        0.00
02845             160.00        0.00
02846             100.00        0.00
02847              20.00        0.00
02848             180.00       20.00
02849              40.00      -20.00
02850             160.00        0.00
02851             120.00      -20.00
02852              40.00      -20.00
02853              40.00        0.00
02854              20.00        0.00
02855             100.00        0.00
02856             160.00        0.00
02857             160.00        0.00
02858              80.00      -20.00
02859             140.00      -20.00
02860             140.00        0.00
02861              40.00        0.00
02862              60.00        0.00
02863             100.00      -20.00
02864              80.00        0.00
02865              40.00        0.00
02866             140.00      -20.00
02867             180.00        0.00
02868              80.00        0.00
02869             200.00      -20.00
02870             140.00      -20.00
02871              80.00      -20.00
02872              60.00        0.00
02873              60.00      -20.00
02874              60.00        0.00
02875             120.00      -20.00
02876             200.00       20.00
02877             120.00        0.00
02878             200.00        0.00
02879              80.00        0.00
02880             220.00      -20.00
02881             180.00        0.00
02882             160.00        0.00
02883             120.00        0.00
02884             180.00        0.00
02885             220.00        0.00
02886             100.00       20.00
02887             180.00      -20.00
02888             200.00        0.00
02889             200.00      -20.00
02890             120.00        0.00
02891             100.00      -20.00
02892             140.00        0.00
02893             160.00      -20.00
02894             100.00        0.00
02895             120.00        0.00
02896             280.00      -20.00
02897             120.00        0.00
02898             220.00        0.00
02899             100.00      -20.00
02900             180.00        0.00
02901             240.00        0.00
02902             280.00        0.00
02903             260.00        0.00
02904             200.00      -20.00
02905             120.00        0.00
02906             220.00        0.00
02907             180.00        0.00
02908             260.00      -20.00
02909             100.00      -20.00
02910             180.00      -20.00
02911             260.00        0.00
02912             240.00        0.00
02913             240.00        0.00
02914             180.00        0.00
02915             140.00      -20.00
02916             280.00      -20.00
02917             140.00      -20.00
02918             240.00      -20.00
02919             160.00      -20.00
02920             140.00       20.00
02921             180.00      -20.00
02922             180.00        0.00
02923             160.00        0.00
02924             160.00      -20.00
02925             240.00      -20.00
02926             180.00       20.00
02927             240.00        0.00
02928             160.00        0.00
02929             240.00        0.00
02930             280.00        0.00
02931             240.00        0.00
02932             280.00        0.00
02933             260.00      -20.00
02934             240.00      -40.00
02935             180.00      -20.00
02936             240.00        0.00
02937             180.00        0.00
02938             260.00        0.00
02939             240.00        0.00
02940             200.00        0.00
02941             200.00        0.00
02942             200.00        0.00
02943             220.00        0.00
02944             280.00      -20.00
02945             180.00      -20.00
02946             200.00        0.00
02947             200.00      -20.00
02948             280.00      -20.00
02949             220.00        0.00
02950             200.00        0.00
02951             200.00        0.00
02952             200.00      -20.00
02953             220.00      -20.00
02954             280.00        0.00
02955             200.00        0.00
02956             240.00        0.00
02957             200.00        0.00
02958             280.00      -20.00
02959             280.00      -20.00
02960             260.00       20.00
02961             260.00      -20.00
02962             260.00        0.00
02963             280.00      -20.00
02964             220.00        0.00
02965             220.00        0.00
02966             240.00        0.00
02967             260.00        0.00
02968             200.00        0.00
02969             220.00        0.00
02970             260.00      -20.00
02971             240.00        0.00
02972             200.00        0.00
02973             220.00        0.00
02974             240.00      -40.00
02975             240.00      -20.00
02976             280.00        0.00
02977             220.00        0.00
02978             240.00        0.00
02979             240.00      -20.00
02980             240.00      -20.00
02981             240.00      -20.00
02982             240.00        0.00
02983             240.00      -20.00
02984             240.00        0.00
02985             260.00      -20.00
02986             200.00      -20.00
02987             260.00      -20.00
02988             260.00        0.00
02989             240.00        0.00
02990             260.00        0.00
02991             240.00      -20.00
02992             260.00      -20.00
02993             260.00        0.00
02994             200.00      -20.00
02995             260.00        0.00
02996             220.00        0.00
02997             260.00        0.00
02998             240.00        0.00
02999             240.00       20.00
03000             240.00      -40.00
03001             240.00      -20.00
03002             260.00        0.00
03003             240.00      -20.00
03004             240.00        0.00
03005             280.00        0.00
03006             240.00       20.00
03007             200.00        0.00
03008             240.00        0.00
03009             280.00      -20.00
03010             300.00      -20.00
03011             280.00        0.00
03012             180.00        0.00
03013             260.00        0.00
03014             280.00        0.00
03015             240.00        0.00
03016             260.00      -20.00
03017             280.00      -20.00
03018             260.00        0.00
03019             240.00        0.00
03020             240.00      -20.00
03021             260.00      -20.00
03022             280.00      -20.00
03023             200.00        0.00
03024             260.00      -20.00
03025             220.00      -20.00
03026             280.00        0.00
03027             240.00      -20.00
03028             200.00        0.00
03029             180.00        0.00
03030             200.00        0.00
03031             220.00       20.00
03032             280.00        0.00
03033             260.00        0.00
03034             220.00      -20.00
03035             220.00        0.00
03036             280.00        0.00
03037             240.00        0.00
03038             200.00        0.00
03039             200.00        0.00
03040             200.00        0.00
03041             240.00        0.00
03042             300.00      -20.00
03043             160.00        0.00
03044             280.00      -20.00
03045             160.00        0.00
03046             280.00        0.00
03047             300.00        0.00
03048             280.00       20.00
03049             260.00        0.00
03050             320.00      -20.00
03051             300.00        0.00
03052             160.00        0.00
03053             260.00        0.00
03054             220.00        0.00
03055             300.00      -20.00
03056             220.00       20.00
03057             160.00        0.00
03058             180.00      -20.00
03059             180.00        0.00
03060             160.00      -20.00
03061             220.00        0.00
03062             320.00      -20.00
03063             180.00      -20.00
03064             320.00        0.00
03065             200.00      -20.00
03066             200.00      -20.00
03067             260.00      -40.00
03068             300.00      -20.00
03069             280.00      -20.00
03070             220.00      -20.00
03071             140.00        0.00
03072             280.00      -20.00
03073             200.00        0.00
03074             280.00      -20.00
03075             160.00      -20.00
03076             220.00      -20.00
03077             280.00        0.00
03078             280.00      -20.00
03079             260.00        0.00
03080             200.00      -20.00
03081             160.00       20.00
03082             320.00      -20.00
03083             160.00        0.00
03084             300.00        0.00
03085             200.00        0.00
03086             160.00        0.00
03087             180.00        0.00
03088             200.00        0.00
03089             180.00      -20.00
03090             180.00      -20.00
03091             320.00        0.00
03092             200.00      -20.00
03093             260.00      -20.00
03094             180.00      -20.00
03095             300.00        0.00
03096             300.00      -20.00
03097             260.00        0.00
03098             260.00        0.00
03099             300.00        0.00
03100             260.00      -20.00
03101             180.00        0.00
03102             280.00        0.00
03103             180.00      -20.00
03104             280.00        0.00
03105             200.00        0.00
03106             160.00        0.00
03107             180.00      -20.00
03108             180.00        0.00
03109             180.00        0.00
03110             260.00      -20.00
03111             220.00        0.00
03112             180.00        0.00
03113             220.00        0.00
03114             260.00        0.00
03115             180.00        0.00
03116             180.00      -20.00
03117             180.00        0.00
03118             160.00        0.00
03119             180.00        0.00
03120             260.00      -20.00
03121             200.00        0.00
03122             180.00      -20.00
03123             200.00        0.00
03124             240.00       20.00
03125             180.00      -20.00
03126             180.00        0.00
03127             160.00        0.00
03128             180.00        0.00
03129             200.00      -20.00
03130             220.00        0.00
03131             160.00        0.00
03132             200.00        0.00
03133             160.00        0.00
03134             180.00        0.00
03135             200.00        0.00
03136             200.00        0.00
03137             220.00        0.00
03138             200.00        0.00
03139             180.00        0.00
03140             140.00      -20.00
03141             180.00        0.00
03142             120.00      -20.00
03143             180.00        0.00
03144             160.00      -20.00
03145             140.00        0.00
03146             120.00        0.00
03147             120.00        0.00
03148             140.00       20.00
03149             200.00      -20.00
03150             120.00        0.00
03151             120.00        0.00
03152             140.00        0.00
03153             180.00        0.00
03154              80.00        0.00
03155             100.00      -20.00
03156             120.00        0.00
03157             100.00      -20.00
03158              80.00        0.00
03159             140.00        0.00
03160             180.00        0.00
03161              80.00        0.00
03162             160.00        0.00
03163             140.00        0.00
03164              60.00      -20.00
03165              60.00        0.00
03166              80.00      -20.00
03167              60.00        0.00
03168              80.00      -20.00
03169             160.00      -20.00
03170             100.00        0.00
03171             120.00       20.00
03172              80.00        0.00
03173             120.00      -20.00
03174             120.00      -20.00
03175             100.00      -20.00
03176             100.00        0.00
03177             120.00        0.00
03178             120.00       20.00
03179              60.00      -20.00
03180              80.00        0.00
03181             100.00        0.00
03182             120.00        0.00
03183              20.00        0.00
03184              40.00      -20.00
03185              60.00        0.00
03186              60.00        0.00
03187              20.00        0.00
03188              20.00        0.00
03189             120.00        0.00
03190               0.00      -20.00
03191             120.00        0.00
03192               0.00        0.00
03193              40.00        0.00
03194             120.00        0.00
03195             100.00        0.00
03196             100.00        0.00
03197              40.00        0.00
03198               0.00        0.00
03199              80.00        0.00
03200               0.00        0.00
03201              80.00      -20.00
03202             -40.00        0.00
03203             -20.00        0.00
03204              80.00        0.00
03205              80.00        0.00
03206              40.00      -20.00
03207             -20.00        0.00
03208             -40.00        0.00
03209              80.00        0.00
03210             -20.00        0.00
03211              40.00        0.00
03212             -20.00        0.00
03213             -40.00        0.00
03214             -40.00        0.00
03215             -60.00        0.00
03216             -60.00        0.00
03217             -40.00        0.00
03218              60.00        0.00
03219             -60.00        0.00
03220              40.00        0.00
03221             -60.00        0.00
03222             -20.00        0.00
03223              60.00      -20.00
03224              20.00        0.00
03225              20.00      -20.00
03226              20.00        0.00
03227             -60.00        0.00
03228             -80.00        0.00
03229               0.00        0.00
03230             -60.00        0.00
03231               0.00      -20.00
03232               0.00      -20.00
03233             -60.00        0.00
03234             -80.00      -40.00
03235             -80.00        0.00
03236             -40.00      -20.00
03237             -20.00        0.00
03238            -100.00      -20.00
03239             -60.00      -20.00
03240            -100.00      -20.00
03241             -20.00      -20.00
03242            -100.00        0.00
03243            -100.00      -20.00
03244            -120.00       20.00
03245            -100.00        0.00
03246             -80.00        0.00
03247             -60.00      -20.00
03248            -120.00        0.00
03249             -60.00        0.00
03250            -140.00      -20.00
03251            -120.00      -20.00
03252             -40.00      -20.00
03253             -80.00      -20.00
03254             -80.00        0.00
03255             -80.00      -20.00
03256            -120.00      -20.00
03257            -160.00      -20.00
03258            -140.00        0.00
03259            -160.00        0.00
03260             -80.00      -20.00
03261            -160.00        0.00
03262            -160.00      -20.00
03263            -160.00        0.00
03264            -160.00        0.00
03265            -160.00        0.00
03266            -140.00      -20.00
03267            -140.00        0.00
03268            -180.00        0.00
03269            -120.00        0.00
03270            -180.00        0.00
03271            -180.00      -20.00
03272            -180.00      -20.00
03273            -160.00        0.00
03274            -160.00      -20.00
03275            -180.00        0.00
03276            -200.00        0.00
03277            -160.00      -20.00
03278            -200.00        0.00
03279            -180.00        0.00
03280            -220.00        0.00
03281            -200.00        0.00
03282            -200.00        0.00
03283            -160.00        0.00
03284            -220.00        0.00
03285            -220.00      -20.00
03286            -240.00      -20.00
03287            -200.00        0.00
03288            -240.00        0.00
03289            -200.00      -20.00
03290            -240.00      -20.00
03291            -240.00        0.00
03292            -260.00        0.00
03293            -260.00      -20.00
03294            -280.00        0.00
03295            -260.00      -20.00
03296            -240.00      -20.00
03297            -240.00        0.00
03298            -280.00        0.00
03299            -280.00      -20.00
03300            -200.00        0.00
03301            -280.00        0.00
03302            -280.00      -20.00
03303            -280.00        0.00
03304            -260.00      -20.00
03305            -260.00        0.00
03306            -280.00      -20.00
03307            -280.00       20.00
03308            -300.00        0.00
03309            -280.00        0.00
03310            -300.00        0.00
03311            -300.00        0.00
03312            -300.00        0.00
03313            -300.00      -20.00
03314            -320.00        0.00
03315            -300.00      -20.00
03316            -280.00        0.00
03317            -300.00      -20.00
03318            -260.00        0.00
03319            -320.00        0.00
03320            -320.00      -20.00
03321            -300.00      -20.00
03322            -300.00        0.00
03323            -300.00        0.00
03324            -340.00        0.00
03325            -340.00      -20.00
03326            -280.00        0.00
03327            -340.00      -20.00
03328            -300.00        0.00
03329            -340.00      -20.00
03330            -340.00        0.00
03331            -320.00      -20.00
03332            -340.00        0.00
03333            -340.00        0.00
03334            -340.00        0.00
03335            -340.00       20.00
03336            -320.00      -20.00
03337            -360.00        0.00
03338            -340.00        0.00
03339            -320.00        0.00
03340            -320.00      -20.00
03341            -340.00        0.00
03342            -340.00        0.00
03343            -340.00      -20.00
03344            -320.00      -20.00
03345            -340.00       20.00
03346            -360.00        0.00
03347            -320.00      -20.00
03348            -360.00       20.00
03349            -360.00        0.00
03350            -340.00        0.00
03351            -340.00        0.00
03352            -340.00        0.00
03353            -340.00      -20.00
03354            -380.00        0.00
03355            -300.00      -20.00
03356            -360.00        0.00
03357            -340.00        0.00
03358            -380.00      -20.00
03359            -360.00      -20.00
03360            -340.00        0.00
03361            -320.00        0.00
03362            -340.00        0.00
03363            -360.00        0.00
03364            -360.00        0.00
03365            -360.00        0.00
03366            -340.00        0.00
03367            -340.00        0.00
03368            -360.00      -20.00
03369            -360.00        0.00
03370            -340.00        0.00
03371            -320.00      -20.00
03372            -340.00       20.00
03373            -340.00        0.00
03374            -360.00      -20.00
03375            -320.00      -20.00
03376            -340.00      -20.00
03377            -340.00        0.00
03378            -380.00        0.00
03379            -360.00      -20.00
03380            -340.00        0.00
03381            -320.00        0.00
03382            -340.00      -20.00
03383            -380.00      -20.00
03384            -320.00        0.00
03385            -340.00        0.00
03386            -360.00        0.00
03387            -320.00        0.00
03388            -340.00        0.00
03389            -320.00        0.00
03390            -360.00        0.00
03391            -320.00        0.00
03392            -340.00        0.00
03393            -340.00        0.00
03394            -340.00        0.00
03395            -320.00        0.00
03396            -320.00        0.00
03397            -340.00        0.00
03398            -360.00      -20.00
03399            -360.00        0.00
03400            -340.00        0.00
03401            -360.00        0.00
03402            -360.00        0.00
03403            -300.00      -20.00
03404            -300.00        0.00
03405            -360.00      -20.00
03406            -300.00        0.00
03407            -320.00        0.00
03408            -360.00      -20.00
03409            -340.00        0.00
03410            -300.00        0.00
03411            -320.00        0.00
03412            -360.00      -20.00
03413            -320.00        0.00
03414            -300.00        0.00
03415            -340.00      -20.00
03416            -300.00        0.00
03417            -300.00        0.00
03418            -320.00        0.00
03419            -340.00        0.00
03420            -340.00        0.00
03421            -320.00        0.00
03422            -320.00      -20.00
03423            -300.00        0.00
03424            -320.00      -20.00
03425            -300.00        0.00
03426            -320.00        0.00
03427            -260.00        0.00
03428            -260.00        0.00
03429            -280.00      -20.00
03430            -280.00        0.00
03431            -240.00      -20.00
03432            -280.00      -20.00
03433            -300.00        0.00
03434            -260.00      -20.00
03435            -300.00        0.00
03436            -220.00       20.00
03437            -300.00      -20.00
03438            -300.00        0.00
03439            -280.00      -20.00
03440            -280.00        0.00
03441            -300.00        0.00
03442            -240.00        0.00
03443            -240.00        0.00
03444            -280.00      -20.00
03445            -220.00      -20.00
03446            -220.00        0.00
03447            -260.00        0.00
03448            -240.00      -20.00
03449            -240.00        0.00
03450            -260.00        0.00
03451            -260.00        0.00
03452            -220.00      -20.00
03453            -200.00        0.00
03454            -260.00      -20.00
03455            -220.00        0.00
03456            -200.00        0.00
03457            -260.00      -20.00
03458            -220.00        0.00
03459            -220.00      -20.00
03460            -240.00        0.00
03461            -240.00      -20.00
03462            -180.00        0.00
03463            -200.00        0.00
03464            -180.00        0.00
03465            -220.00        0.00
03466            -140.00       20.00
03467            -160.00        0.00
03468            -160.00      -20.00
03469            -160.00        0.00
03470            -140.00      -20.00
03471            -140.00      -20.00
03472            -180.00        0.00
03473            -160.00        0.00
03474            -160.00        0.00
03475            -140.00        0.00
03476            -160.00        0.00
03477            -140.00        0.00
03478            -160.00        0.00
03479            -140.00        0.00
03480            -160.00      -40.00
03481            -120.00        0.00
03482            -120.00      -20.00
03483            -140.00        0.00
03484            -120.00        0.00
03485            -120.00       20.00
03486            -120.00        0.00
03487            -100.00      -20.00
03488            -100.00       20.00
03489             -80.00        0.00
03490             -80.00        0.00
03491             -80.00        0.00
03492            -100.00        0.00
03493            -100.00        0.00
03494             -80.00        0.00
03495             -60.00        0.00
03496             -60.00        0.00
03497             -60.00        0.00
03498             -60.00        0.00
03499             -40.00      -20.00
03500             -60.00      -20.00
03501             -60.00      -20.00
03502             -40.00      -20.00
03503             -40.00        0.00
03504             -40.00        0.00
03505             -40.00      -20.00
03506             -20.00        0.00
03507               0.00      -20.00
03508              20.00      -20.00
03509               0.00        0.00
03510             -40.00        0.00
03511             -60.00        0.00
03512               0.00        0.00
03513             -40.00        0.00
03514              40.00        0.00
03515              20.00        0.00
03516             -20.00        0.00
03517             -20.00      -20.00
03518             -20.00        0.00
03519               0.00      -20.00
03520              60.00      -20.00
03521             -20.00        0.00
03522               0.00      -20.00
03523              40.00        0.00
03524              80.00      -20.00
03525               0.00        0.00
03526             -40.00      -20.00
03527             -20.00       20.00
03528             -40.00      -20.00
03529             -20.00      -20.00
03530             100.00        0.00
03531             100.00        0.00
03532               0.00        0.00
03533              80.00        0.00
03534              80.00        0.00
03535               0.00        0.00
03536             -20.00        0.00
03537              20.00      -20.00
03538             -40.00        0.00
03539               0.00      -20.00
03540             120.00        0.00
03541              60.00        0.00
03542              40.00      -20.00
03543              60.00        0.00
03544             180.00        0.00
03545              80.00        0.00
03546              20.00      -20.00
03547              20.00      -20.00
03548              80.00        0.00
03549             180.00        0.00
03550             120.00        0.00
03551              20.00      -20.00
03552             160.00        0.00
03553              60.00       20.00
03554              40.00        0.00
03555             140.00        0.00
03556             200.00      -20.00
03557             180.00        0.00
03558             160.00        0.00
03559              20.00      -20.00
03560             100.00        0.00
03561             180.00        0.00
03562              80.00      -20.00
03563              80.00        0.00
03564             200.00      -20.00
03565             160.00        0.00
03566             140.00        0.00
03567             160.00      -20.00
03568             220.00        0.00
03569             180.00      -20.00
03570              40.00        0.00
03571             260.00      -20.00
03572              40.00      -20.00
03573             180.00        0.00
03574             260.00        0.00
03575             140.00      -20.00
03576             140.00      -20.00
03577             160.00      -20.00
03578             260.00        0.00
03579             180.00      -20.00
03580              60.00       20.00
03581             260.00        0.00
03582             100.00        0.00
03583             140.00        0.00
03584             260.00      -20.00
03585             240.00        0.00
03586             240.00      -20.00
03587             260.00      -20.00
03588             220.00        0.00
03589              80.00      -20.00
03590             260.00        0.00
03591             140.00        0.00
03592             260.00        0.00
03593             120.00        0.00
03594             140.00      -20.00
03595             140.00        0.00
03596             180.00        0.00
03597             120.00      -20.00
03598             140.00        0.00
03599             300.00        0.00
03600             140.00      -20.00
03601             240.00      -20.00
03602             120.00        0.00
03603             240.00        0.00
03604             280.00        0.00
03605             280.00       20.00
03606             280.00      -20.00
03607             280.00        0.00
03608             160.00      -20.00
03609             180.00        0.00
03610             260.00        0.00
03611             200.00      -20.00
03612             200.00        0.00
03613             280.00        0.00
03614             280.00        0.00
03615             260.00      -20.00
03616             280.00        0.00
03617             280.00        0.00
03618             220.00      -20.00
03619             220.00        0.00
03620             260.00        0.00
03621             220.00        0.00
03622             220.00        0.00
03623             280.00        0.00
03624             300.00      -20.00
03625             300.00        0.00
03626             320.00      -20.00
03627             260.00        0.00
03628             200.00      -20.00
03629             260.00      -20.00
03630             220.00      -20.00
03631             320.00        0.00
03632             220.00        0.00
03633             240.00        0.00
03634             240.00      -20.00
03635             240.00      -20.00
03636             240.00        0.00
03637             260.00        0.00
03638             280.00        0.00
03639             260.00        0.00
03640             300.00        0.00
03641             240.00      -20.00
03642             280.00      -20.00
03643             280.00        0.00
03644             280.00        0.00
03645             280.00      -20.00
03646             280.00        0.00
03647             280.00        0.00
03648             280.00        0.00
03649             300.00      -20.00
03650             280.00        0.00
03651             260.00      -20.00
03652             300.00        0.00
03653             280.00      -20.00
03654             280.00        0.00
03655             280.00        0.00
03656             320.00        0.00
03657             280.00      -20.00
03658             280.00       20.00
03659             300.00        0.00
03660             280.00      -20.00
03661             280.00        0.00
03662             280.00      -20.00
03663             280.00        0.00
03664             280.00      -20.00
03665             280.00      -20.00
03666             280.00        0.00
03667             260.00      -20.00
03668             280.00       20.00
03669             300.00        0.00
03670             300.00      -20.00
03671             280.00        0.00
03672             280.00      -20.00
03673             280.00        0.00
03674             300.00        0.00
03675             280.00      -20.00
03676             260.00        0.00
03677             280.00       20.00
03678             280.00       20.00
03679             280.00      -20.00
03680             280.00        0.00
03681             300.00      -20.00
03682             300.00        0.00
03683             300.00      -20.00
03684             300.00        0.00
03685             320.00        0.00
03686             280.00      -20.00
03687             280.00        0.00
03688             300.00        0.00
03689             280.00        0.00
03690             300.00        0.00
03691             300.00        0.00
03692             280.00        0.00
03693             280.00        0.00
03694             300.00        0.00
03695             280.00        0.00
03696             300.00      -20.00
03697             280.00        0.00
03698             280.00        0.00
03699             300.00      -20.00
03700             280.00        0.00
03701             280.00      -20.00
03702             280.00      -20.00
03703             280.00        0.00
03704             280.00        0.00
03705             280.00        0.00
03706             300.00      -20.00
03707             300.00        0.00
03708             280.00        0.00
03709             280.00        0.00
03710             280.00        0.00
03711             260.00      -20.00
03712             280.00        0.00
03713             280.00        0.00
03714             280.00        0.00
03715             280.00        0.00
03716             300.00      -20.00
03717             280.00      -20.00
03718             300.00      -20.00
03719             280.00        0.00
03720             280.00        0.00
03721             300.00        0.00
03722             280.00        0.00
03723             280.00        0.00
03724             300.00        0.00
03725             260.00       20.00
03726             260.00        0.00
03727             280.00        0.00
03728             260.00      -20.00
03729             280.00      -20.00
03730             280.00      -20.00
03731             260.00        0.00
03732             240.00        0.00
03733             240.00        0.00
03734             260.00        0.00
03735             280.00      -20.00
03736             240.00        0.00
03737             260.00      -20.00
03738             240.00      -20.00
03739             280.00        0.00
03740             240.00      -20.00
03741             240.00        0.00
03742             240.00      -20.00
03743             220.00        0.00
03744             240.00      -20.00
03745             260.00      -20.00
03746             240.00      -20.00
03747             260.00        0.00
03748             240.00        0.00
03749             260.00        0.00
03750             240.00        0.00
03751             220.00      -20.00
03752             240.00        0.00
03753             240.00      -20.00
03754             260.00      -20.00
03755             240.00        0.00
03756             220.00        0.00
03757             260.00        0.00
03758             220.00        0.00
03759             200.00       20.00
03760             240.00        0.00
03761             240.00     1980.00
03762              20.00     1940.00
03763              60.00     1940.00
03764              40.00     1960.00
03765              20.00     1960.00
03766              40.00     1980.00
03767               0.00     1960.00
03768              40.00     1960.00
03769               0.00     1960.00
03770               0.00     1960.00
03771               0.00     1980.00
03772               0.00     1960.00
03773               0.00     1940.00
03774              20.00      -40.00
03775               0.00      -20.00
03776             -20.00      -20.00
03777              20.00      -20.00
03778               0.00      -20.00
03779             -40.00        0.00
03780             -40.00        0.00
03781             -40.00      -20.00
03782             -40.00      -20.00
03783             -40.00      -20.00
03784             -20.00      -20.00
03785               0.00      -20.00
03786             -40.00      -40.00
03787               0.00      -20.00
03788             -20.00      -20.00
03789             -60.00      -20.00
03790             -60.00      -20.00
03791             -40.00      -20.00
03792             -60.00      -20.00
03793             -60.00        0.00
03794             -20.00      -40.00
03795             -40.00      -20.00
03796             -40.00      -20.00
03797             -40.00      -20.00
03798             -40.00      -20.00
03799             -40.00      -20.00
03800             -40.00      -20.00
03801             -40.00        0.00
03802             -40.00      -20.00
03803             -40.00      -20.00
03804             -80.00      -20.00
03805             -60.00      -40.00
03806            -100.00      -40.00
03807             -60.00      -20.00
03808            -120.00      -20.00
03809            -120.00      -20.00
03810            -100.00      -20.00
03811            -120.00        0.00
03812            -100.00      -20.00
03813             -80.00      -20.00
03814             -80.00      -20.00
03815            -120.00        0.00
03816             -60.00      -20.00
03817            -120.00      -20.00
03818            -120.00      -20.00
03819            -100.00      -20.00
03820            -120.00      -20.00
03821            -100.00      -40.00
03822            -140.00      -20.00
03823            -140.00      -20.00
03824            -100.00        0.00
03825            -140.00      -20.00
03826            -100.00      -20.00
03827            -140.00      -40.00
03828            -140.00      -20.00
03829            -120.00      -20.00
03830            -140.00      -40.00
03831            -140.00      -20.00
03832            -160.00      -20.00
03833            -140.00        0.00
03834            -120.00      -40.00
03835            -160.00        0.00
03836            -120.00      -20.00
03837            -120.00      -20.00
03838            -140.00      -20.00
03839            -200.00        0.00
03840            -200.00      -20.00
03841            -180.00      -20.00
03842            -140.00      -20.00
03843            -140.00      -20.00
03844            -180.00        0.00
03845            -160.00      -20.00
03846            -200.00        0.00
03847            -180.00      -20.00
03848            -180.00        0.00
03849            -140.00      -20.00
03850            -160.00        0.00
03851            -180.00      -20.00
03852            -200.00      -40.00
03853            -180.00      -20.00
03854            -180.00      -40.00
03855            -200.00      -20.00
03856            -200.00      -20.00
03857            -180.00        0.00
03858            -200.00      -20.00
03859            -200.00        0.00
03860            -200.00        0.00
03861            -200.00      -20.00
03862            -200.00      -40.00
03863            -220.00      -20.00
03864            -200.00      -20.00
03865            -220.00      -20.00
03866            -220.00      -20.00
03867            -200.00      -20.00
03868            -220.00        0.00
03869            -200.00      -20.00
03870            -220.00        0.00
03871            -200.00      -20.00
03872            -220.00      -20.00
03873            -220.00      -20.00
03874            -200.00      -20.00
03875            -220.00        0.00
03876            -240.00      -20.00
03877            -220.00        0.00
03878            -220.00      -20.00
03879            -220.00        0.00
03880            -220.00        0.00
03881            -240.00      -20.00
03882            -240.00      -20.00
03883            -200.00      -20.00
03884            -240.00      -20.00
03885            -200.00      -20.00
03886            -240.00      -20.00
03887            -260.00        0.00
03888            -240.00        0.00
03889            -260.00        0.00
03890            -240.00       20.00
03891            -240.00        0.00
03892            -220.00      -20.00
03893            -240.00      -20.00
03894            -240.00        0.00
03895            -220.00      -20.00
03896            -240.00        0.00
03897            -240.00      -20.00
03898            -220.00      -20.00
03899            -240.00        0.00
03900            -240.00        0.00
03901            -240.00        0.00
03902            -220.00        0.00
03903            -240.00        0.00
03904            -220.00        0.00
03905            -260.00        0.00
03906            -240.00      -20.00
03907            -220.00      -20.00
03908            -240.00      -20.00
03909            -240.00        0.00
03910            -240.00      -20.00
03911            -240.00      -20.00
03912            -220.00        0.00
03913            -260.00      -20.00
03914            -240.00        0.00
03915            -240.00      -20.00
03916            -240.00      -20.00
03917            -240.00      -20.00
03918            -240.00        0.00
03919            -260.00      -20.00
03920            -240.00      -20.00
03921            -240.00        0.00
03922            -240.00      -20.00
03923            -200.00      -20.00
03924            -240.00        0.00
03925            -220.00      -20.00
03926            -220.00      -20.00
03927            -240.00      -20.00
03928            -220.00      -40.00
03929            -220.00        0.00
03930            -220.00      -20.00
03931            -240.00      -20.00
03932            -220.00      -20.00
03933            -240.00        0.00
03934            -200.00        0.00
03935            -220.00      -20.00
03936            -220.00        0.00
03937            -220.00        0.00
03938            -240.00        0.00
03939            -240.00        0.00
03940            -200.00      -20.00
03941            -220.00      -20.00
03942            -220.00      -20.00
03943            -220.00        0.00
03944            -220.00        0.00
03945            -220.00      -20.00
03946            -220.00      -20.00
03947            -240.00      -20.00
03948            -240.00        0.00
03949            -220.00      -20.00
03950            -200.00      -20.00
03951            -200.00      -20.00
03952            -220.00        0.00
03953            -200.00        0.00
03954            -200.00        0.00
03955            -220.00      -20.00
03956            -220.00      -20.00
03957            -220.00      -20.00
03958            -220.00      -20.00
03959            -200.00        0.00
03960            -180.00        0.00
03961            -200.00        0.00
03962            -200.00      -20.00
03963            -200.00      -20.00
03964            -160.00        0.00
03965            -180.00      -20.00
03966            -180.00      -20.00
03967            -180.00      -20.00
03968            -160.00        0.00
03969            -180.00      -20.00
03970            -200.00        0.00
03971            -180.00      -20.00
03972            -200.00        0.00
03973            -180.00      -20.00
03974            -180.00      -20.00
03975            -180.00        0.00
03976            -180.00      -20.00
03977            -200.00      -20.00
03978            -200.00      -20.00
03979            -200.00        0.00
03980            -140.00      -20.00
03981            -200.00        0.00
03982            -140.00        0.00
03983            -180.00        0.00
03984            -160.00        0.00
03985            -160.00      -20.00
03986            -140.00        0.00
03987            -140.00      -20.00
03988            -160.00        0.00
03989            -180.00      -20.00
03990            -140.00        0.00
03991            -160.00        0.00
03992            -100.00        0.00
03993            -160.00      -20.00
03994            -120.00        0.00
03995            -120.00      -20.00
03996            -120.00      -20.00
03997            -120.00        0.00
03998            -140.00      -20.00
03999            -120.00       20.00
04000            -120.00      -20.00
04001            -140.00        0.00
04002            -100.00      -20.00
04003            -100.00      -20.00
04004            -120.00        0.00
04005            -120.00      -20.00
04006            -140.00        0.00
04007            -120.00      -20.00
04008             -80.00        0.00
04009             -80.00      -20.00
04010            -140.00      -20.00
04011             -40.00        0.00
04012            -120.00      -20.00
04013            -100.00      -20.00
04014             -80.00      -20.00
04015             -60.00      -20.00
04016             -60.00        0.00
04017             -60.00        0.00
04018            -100.00      -20.00
04019             -80.00        0.00
04020             -40.00       20.00
04021            -100.00      -20.00
04022             -80.00      -20.00
04023             -20.00      -20.00
04024             -40.00      -20.00
04025             -60.00        0.00
04026             -60.00        0.00
04027               0.00      -20.00
04028             -60.00      -20.00
04029             -80.00        0.00
04030              20.00        0.00
04031            -100.00      -20.00
04032             -40.00        0.00
04033               0.00        0.00
04034             -40.00        0.00
04035             -60.00      -20.00
04036             -20.00        0.00
04037               0.00        0.00
04038             -40.00        0.00
04039             -60.00        0.00
04040              40.00      -20.00
04041             -40.00      -20.00
04042             -20.00        0.00
04043              40.00        0.00
04044              40.00        0.00
04045              60.00        0.00
04046              40.00        0.00
04047              20.00        0.00
04048             -60.00      -20.00
04049              20.00        0.00
04050             -20.00      -20.00
04051              80.00        0.00
04052             -40.00        0.00
04053             -60.00      -20.00
04054             -20.00        0.00
04055             -20.00        0.00
04056             -40.00      -20.00
04057             -20.00        0.00
04058             100.00        0.00
04059               0.00        0.00
04060              60.00        0.00
04061             -40.00        0.00
04062              60.00        0.00
04063              80.00        0.00
04064             120.00        0.00
04065             100.00        0.00
04066             100.00      -20.00
04067             -20.00      -20.00
04068              20.00      -20.00
04069             120.00      -20.00
04070              40.00      -20.00
04071              20.00      -20.00
04072             100.00      -20.00
04073             100.00      -20.00
04074              80.00      -20.00
04075             100.00        0.00
04076             100.00       20.00
04077              20.00      -20.00
04078              60.00        0.00
04079             120.00        0.00
04080              20.00        0.00
04081               0.00        0.00
04082             140.00        0.00
04083             140.00      -20.00
04084             160.00        0.00
04085             120.00        0.00
04086             100.00      -20.00
04087              20.00      -20.00
04088             120.00      -20.00
04089              40.00      -20.00
04090             180.00        0.00
04091              60.00      -20.00
04092              20.00        0.00
04093              40.00        0.00
04094              40.00      -20.00
04095              40.00      -20.00
04096              80.00        0.00
04097             220.00        0.00
04098              60.00        0.00
04099             140.00        0.00
04100              40.00      -20.00
04101             160.00        0.00
04102             160.00      -20.00
04103             200.00      -20.00
04104             180.00        0.00
04105             200.00        0.00
04106              80.00        0.00
04107              60.00      -20.00
04108             220.00        0.00
04109              80.00      -20.00
04110             140.00        0.00
04111             180.00      -20.00
04112             140.00      -20.00
04113             100.00        0.00
04114             120.00      -20.00
04115             200.00        0.00
04116             140.00      -20.00
04117              60.00        0.00
04118             240.00      -20.00
04119              60.00        0.00
04120             160.00        0.00
04121             240.00        0.00
04122             180.00        0.00
04123             200.00      -20.00
04124             200.00        0.00
04125             240.00        0.00
04126             100.00        0.00
04127             120.00      -20.00
04128             200.00      -20.00
04129             180.00        0.00
04130              80.00      -20.00
04131             140.00      -20.00
04132             200.00        0.00
04133             200.00      -20.00
04134             160.00        0.00
04135             100.00        0.00
04136             160.00        0.00
04137             240.00        0.00
04138             100.00        0.00
04139             160.00      -20.00
04140             260.00        0.00
04141             160.00        0.00
04142             140.00      -20.00
04143             120.00      -20.00
04144             200.00        0.00
04145             240.00      -20.00
04146             160.00        0.00
04147             200.00      -20.00
04148             160.00        0.00
04149             220.00        0.00
04150             120.00      -20.00
04151             120.00      -20.00
04152             120.00      -20.00
04153             120.00        0.00
04154             100.00      -20.00
04155             220.00        0.00
04156             200.00      -20.00
04157             180.00      -20.00
04158             220.00      -20.00
04159             220.00        0.00
04160             140.00        0.00
04161             120.00        0.00
04162             120.00        0.00
04163             120.00      -20.00
04164             180.00        0.00
04165             240.00        0.00
04166             180.00      -20.00
04167             240.00        0.00
04168             160.00      -20.00
04169             240.00      -20.00
04170             220.00      -20.00
04171             160.00        0.00
04172             140.00        0.00
04173             200.00        0.00
04174             260.00        0.00
04175             200.00        0.00
04176             180.00        0.00
04177             240.00      -20.00
04178             200.00        0.00
04179             160.00      -20.00
04180             220.00        0.00
04181             220.00        0.00
04182             240.00        0.00
04183             200.00      -20.00
04184             180.00      -20.00
04185             260.00       20.00
04186             200.00        0.00
04187             200.00        0.00
04188             180.00      -20.00
04189             260.00        0.00
04190             280.00        0.00
04191             260.00      -20.00
04192             280.00        0.00
04193             300.00      -20.00
04194             200.00        0.00
04195             180.00        0.00
04196             240.00        0.00
04197             200.00      -20.00
04198             200.00      -20.00
04199             260.00      -20.00
04200             260.00      -20.00
04201             240.00       20.00
04202             260.00       20.00
04203             260.00        0.00
04204             200.00        0.00
04205             220.00      -20.00
04206             240.00      -20.00
04207             200.00      -20.00
04208             200.00      -20.00
04209             260.00      -20.00
04210             280.00        0.00
04211             280.00        0.00
04212             280.00      -20.00
04213             200.00        0.00
04214             200.00        0.00
04215             240.00      -20.00
04216             200.00        0.00
04217             280.00      -20.00
04218             220.00        0.00
04219             220.00      -20.00
04220             200.00        0.00
04221             220.00        0.00
04222             200.00      -20.00
04223             240.00        0.00
04224             260.00        0.00
04225             200.00      -20.00
04226             260.00      -20.00
04227             240.00       20.00
04228             220.00        0.00
04229             240.00      -20.00
04230             240.00        0.00
04231             260.00        0.00
04232             240.00      -20.00
04233             200.00        0.00
04234             260.00      -20.00
04235             260.00        0.00
04236             240.00      -20.00
04237             220.00        0.00
04238             260.00      -20.00
04239             240.00      -20.00
04240             260.00        0.00
04241             240.00        0.00
04242             260.00        0.00
04243             220.00        0.00
04244             240.00      -20.00
04245             240.00        0.00
04246             260.00        0.00
04247             220.00      -20.00
04248             260.00        0.00
04249             240.00        0.00
04250             260.00        0.00
04251             260.00        0.00
04252             260.00        0.00
04253             220.00        0.00
04254             260.00      -20.00
04255             180.00        0.00
04256             260.00       20.00
04257             240.00        0.00
04258             180.00       20.00
04259             240.00        0.00
04260             220.00        0.00
04261             200.00        0.00
04262             220.00      -20.00
04263             260.00      -20.00
04264             240.00        0.00
04265             240.00        0.00
04266             200.00        0.00
04267             280.00      -20.00
04268             260.00        0.00
04269             280.00        0.00
04270             260.00       20.00
04271             300.00      -20.00
04272             260.00      -20.00
04273             200.00      -20.00
04274             280.00       20.00
04275             200.00        0.00
04276             280.00        0.00
04277             260.00        0.00
04278             240.00      -20.00
04279             240.00        0.00
04280             240.00        0.00
04281             260.00       20.00
04282             300.00        0.00
04283             180.00      -20.00
04284             260.00      -20.00
04285             180.00      -20.00
04286             300.00        0.00
04287             280.00        0.00
04288             240.00        0.00
04289             240.00      -20.00
04290             260.00       20.00
04291             300.00        0.00
04292             280.00        0.00
04293             180.00        0.00
04294             300.00      -20.00
04295             200.00        0.00
04296             200.00      -20.00
04297             320.00      -20.00
04298             320.00        0.00
04299             320.00        0.00
04300             320.00      -20.00
04301             260.00        0.00
04302             160.00        0.00
04303             320.00        0.00
04304             180.00      -20.00
04305             340.00      -20.00
04306             240.00        0.00
04307             180.00      -20.00
04308             160.00        0.00
04309             160.00        0.00
04310             200.00        0.00
04311             260.00      -20.00
04312             280.00        0.00
04313             180.00      -20.00
04314             300.00        0.00
04315             220.00      -20.00
04316             160.00        0.00
04317             220.00      -20.00
04318             260.00      -20.00
04319             220.00      -20.00
04320             180.00        0.00
04321             200.00        0.00
04322             320.00        0.00
04323             160.00      -20.00
04324             320.00      -20.00
04325             180.00      -20.00
04326             180.00        0.00
04327             240.00      -20.00
04328             240.00        0.00
04329             240.00        0.00
04330             180.00        0.00
04331             200.00        0.00
04332             320.00        0.00
04333             160.00        0.00
04334             280.00      -20.00
04335             260.00        0.00
04336             160.00        0.00
04337             160.00        0.00
04338             180.00        0.00
04339             140.00      -20.00
04340             180.00        0.00
04341             320.00        0.00
04342             180.00        0.00
04343             280.00      -20.00
04344             180.00        0.00
04345             260.00      -20.00
04346             300.00        0.00
04347             280.00      -20.00
04348             280.00      -20.00
04349             300.00        0.00
04350             240.00      -20.00
04351             160.00        0.00
04352             280.00        0.00
04353             160.00        0.00
04354             280.00        0.00
04355             240.00        0.00
04356             180.00        0.00
04357             160.00        0.00
04358             160.00        0.00
04359             200.00        0.00
04360             260.00        0.00
04361             200.00      -20.00
04362             180.00      -20.00
04363             220.00        0.00
04364             280.00      -20.00
04365             180.00        0.00
04366             160.00        0.00
04367             180.00      -20.00
04368             180.00      -20.00
04369             180.00      -20.00
04370             260.00        0.00
04371             200.00      -20.00
04372             200.00        0.00
04373             180.00        0.00
04374             240.00        0.00
04375             180.00        0.00
04376             180.00        0.00
04377             180.00        0.00
04378             180.00        0.00
04379             200.00        0.00
04380             220.00        0.00
04381             160.00      -20.00
04382             200.00        0.00
04383             140.00      -20.00
04384             160.00      -20.00
04385             200.00        0.00
04386             220.00        0.00
04387             200.00        0.00
04388             180.00        0.00
04389             160.00        0.00
04390             140.00        0.00
04391             200.00        0.00
04392             140.00        0.00
04393             200.00        0.00
04394             180.00      -20.00
04395             140.00        0.00
04396             120.00      -20.00
04397             120.00        0.00
04398             120.00        0.00
04399             200.00        0.00
04400             140.00        0.00
04401             120.00        0.00
04402             140.00        0.00
04403             180.00      -20.00
04404              80.00        0.00
04405             100.00        0.00
04406             120.00        0.00
04407             100.00        0.00
04408             100.00        0.00
04409             120.00        0.00
04410             180.00        0.00
04411              80.00        0.00
04412             160.00        0.00
04413             140.00        0.00
04414              60.00        0.00
04415              80.00        0.00
04416              80.00        0.00
04417              60.00      -20.00
04418              40.00      -20.00
04419             160.00        0.00
04420             120.00      -20.00
04421             100.00        0.00
04422              80.00        0.00
04423             160.00        0.00
04424             120.00        0.00
04425              60.00        0.00
04426              60.00        0.00
04427             120.00      -20.00
04428             140.00        0.00
04429             100.00      -20.00
04430              40.00        0.00
04431             120.00        0.00
04432             100.00        0.00
04433              20.00        0.00
04434              60.00      -20.00
04435              80.00        0.00
04436              80.00        0.00
04437              40.00       20.00
04438               0.00        0.00
04439             120.00      -20.00
04440              20.00        0.00
04441              80.00        0.00
04442             -20.00        0.00
04443              80.00        0.00
04444             120.00       20.00
04445             120.00        0.00
04446             120.00        0.00
04447              80.00      -20.00
04448               0.00      -20.00
04449              20.00        0.00
04450              40.00        0.00
04451              40.00        0.00
04452             -20.00        0.00
04453              40.00        0.00
04454             100.00        0.00
04455              80.00        0.00
04456             100.00      -20.00
04457              20.00        0.00
04458             -40.00        0.00
04459              80.00      -20.00
04460             -40.00        0.00
04461              80.00        0.00
04462             -60.00      -20.00
04463             -40.00        0.00
04464             -20.00        0.00
04465             -20.00        0.00
04466             -40.00        0.00
04467             -60.00      -20.00
04468               0.00      -20.00
04469             -20.00      -20.00
04470             -40.00        0.00
04471             -40.00        0.00
04472              40.00      -40.00
04473               0.00      -20.00
04474             -40.00        0.00
04475             -20.00      -20.00
04476             -20.00        0.00
04477               0.00        0.00
04478             -80.00        0.00
04479             -20.00        0.00
04480             -80.00        0.00
04481              20.00        0.00
04482             -60.00      -20.00
04483            -100.00        0.00
04484            -100.00      -20.00
04485            -100.00        0.00
04486            -100.00        0.00
04487               0.00        0.00
04488             -80.00        0.00
04489            -120.00        0.00
04490            -100.00      -20.00
04491             -40.00        0.00
04492            -120.00      -20.00
04493            -120.00      -20.00
04494            -120.00        0.00
04495            -140.00       20.00
04496            -140.00        0.00
04497             -40.00        0.00
04498            -120.00      -20.00
04499            -120.00      -20.00
04500            -140.00        0.00
04501             -60.00        0.00
04502             -80.00        0.00
04503            -140.00      -20.00
04504            -120.00      -20.00
04505            -120.00        0.00
04506             -80.00        0.00
04507            -140.00        0.00
04508            -140.00        0.00
04509            -120.00        0.00
04510            -120.00        0.00
04511            -160.00        0.00
04512            -160.00        0.00
04513            -120.00      -20.00
04514            -140.00        0.00
04515            -180.00        0.00
04516            -160.00      -20.00
04517            -160.00        0.00
04518            -160.00      -20.00
04519            -160.00        0.00
04520            -180.00        0.00
04521            -160.00        0.00
04522            -180.00        0.00
04523            -180.00      -20.00
04524            -180.00        0.00
04525            -180.00      -20.00
04526            -180.00      -20.00
04527            -200.00        0.00
04528            -160.00       20.00
04529            -220.00        0.00
04530            -200.00        0.00
04531            -160.00        0.00
04532            -200.00        0.00
04533            -180.00        0.00
04534            -200.00        0.00
04535            -180.00        0.00
04536            -240.00        0.00
04537            -240.00        0.00
04538            -200.00        0.00
04539            -220.00      -20.00
04540            -260.00        0.00
04541            -240.00      -20.00
04542            -220.00      -20.00
04543            -220.00        0.00
04544            -240.00        0.00
04545            -280.00        0.00
04546            -260.00        0.00
04547            -220.00        0.00
04548            -260.00        0.00
04549            -240.00        0.00
04550            -260.00       20.00
04551            -280.00        0.00
04552            -300.00       20.00
04553            -280.00        0.00
04554            -280.00       20.00
04555            -280.00        0.00
04556            -220.00        0.00
04557            -300.00      -20.00
04558            -260.00      -20.00
04559            -320.00        0.00
04560            -320.00        0.00
04561            -260.00      -20.00
04562            -240.00        0.00
04563            -260.00        0.00
04564            -280.00      -20.00
04565            -300.00      -20.00
04566            -320.00        0.00
04567            -300.00        0.00
04568            -300.00        0.00
04569            -320.00        0.00
04570            -280.00        0.00
04571            -280.00        0.00
04572            -300.00        0.00
04573            -280.00      -20.00
04574            -300.00        0.00
04575            -320.00        0.00
04576            -320.00        0.00
04577            -320.00        0.00
04578            -360.00        0.00
04579            -340.00      -20.00
04580            -300.00       20.00
04581            -260.00      -20.00
04582            -300.00        0.00
04583            -300.00       20.00
04584            -320.00      -20.00
04585            -340.00        0.00
04586            -320.00        0.00
04587            -360.00      -20.00
04588            -300.00        0.00
04589            -340.00        0.00
04590            -360.00        0.00
04591            -340.00        0.00
04592            -360.00      -20.00
04593            -340.00        0.00
04594            -340.00        0.00
04595            -340.00        0.00
04596            -360.00        0.00
04597            -320.00        0.00
04598            -360.00        0.00
04599            -320.00        0.00
04600            -340.00      -20.00
04601            -340.00       20.00
04602            -360.00      -20.00
04603            -340.00        0.00
04604            -340.00        0.00
04605            -360.00        0.00
04606            -320.00        0.00
04607            -360.00      -20.00
04608            -340.00        0.00
04609            -340.00        0.00
04610            -360.00        0.00
04611            -380.00        0.00
04612            -360.00      -20.00
04613            -340.00        0.00
04614            -340.00      -20.00
04615            -360.00      -20.00
04616            -320.00        0.00
04617            -360.00      -20.00
04618            -360.00      -20.00
04619            -340.00        0.00
04620            -360.00        0.00
04621            -380.00        0.00
04622            -380.00        0.00
04623            -320.00      -20.00
04624            -360.00      -20.00
04625            -360.00      -20.00
04626            -320.00        0.00
04627            -360.00      -20.00
04628            -340.00        0.00
04629            -360.00      -20.00
04630            -340.00        0.00
04631            -340.00        0.00
04632            -340.00      -20.00
04633            -360.00        0.00
04634            -360.00        0.00
04635            -340.00        0.00
04636            -340.00        0.00
04637            -320.00        0.00
04638            -360.00        0.00
04639            -360.00        0.00
04640            -340.00        0.00
04641            -320.00      -20.00
04642            -360.00      -20.00
04643            -360.00      -20.00
04644            -340.00      -20.00
04645            -340.00        0.00
04646            -340.00      -20.00
04647            -380.00      -20.00
04648            -320.00        0.00
04649            -340.00        0.00
04650            -340.00        0.00
04651            -340.00        0.00
04652            -320.00      -20.00
04653            -340.00      -20.00
04654            -320.00        0.00
04655            -320.00        0.00
04656            -340.00        0.00
04657            -320.00        0.00
04658            -300.00       20.00
04659            -320.00        0.00
04660            -320.00      -20.00
04661            -320.00        0.00
04662            -300.00        0.00
04663            -340.00      -20.00
04664            -340.00        0.00
04665            -300.00        0.00
04666            -320.00        0.00
04667            -340.00        0.00
04668            -300.00      -20.00
04669            -280.00        0.00
04670            -280.00      -20.00
04671            -280.00      -20.00
04672            -300.00      -20.00
04673            -320.00      -20.00
04674            -280.00      -20.00
04675            -320.00        0.00
04676            -280.00        0.00
04677            -300.00        0.00
04678            -320.00        0.00
04679            -320.00      -20.00
04680            -300.00      -20.00
04681            -300.00        0.00
04682            -300.00      -20.00
04683            -240.00        0.00
04684            -300.00        0.00
04685            -240.00        0.00
04686            -300.00        0.00
04687            -280.00        0.00
04688            -240.00      -20.00
04689            -220.00      -20.00
04690            -240.00        0.00
04691            -240.00        0.00
04692            -280.00      -20.00
04693            -280.00      -20.00
04694            -240.00        0.00
04695            -260.00      -20.00
04696            -240.00        0.00
04697            -220.00      -20.00
04698            -240.00        0.00
04699            -240.00      -20.00
04700            -220.00      -20.00
04701            -200.00      -20.00
04702            -240.00      -20.00
04703            -240.00        0.00
04704            -200.00        0.00
04705            -260.00        0.00
04706            -240.00        0.00
04707            -200.00      -20.00
04708            -180.00        0.00
04709            -180.00        0.00
04710            -180.00        0.00
04711            -200.00        0.00
04712            -220.00        0.00
04713            -180.00        0.00
04714            -220.00        0.00
04715            -160.00        0.00
04716            -220.00      -20.00
04717            -200.00        0.00
04718            -200.00        0.00
04719            -180.00        0.00
04720            -180.00      -20.00
04721            -180.00        0.00
04722            -140.00        0.00
04723            -180.00        0.00
04724            -140.00        0.00
04725            -160.00      -20.00
04726            -160.00        0.00
04727            -140.00        0.00
04728            -140.00      -20.00
04729            -120.00      -20.00
04730            -120.00        0.00
04731            -100.00        0.00
04732            -160.00        0.00
04733            -120.00      -20.00
04734            -140.00        0.00
04735            -100.00      -20.00
04736            -120.00        0.00
04737            -140.00        0.00
04738            -120.00      -20.00
04739            -120.00        0.00
04740            -100.00        0.00
04741             -80.00       20.00
04742             -80.00       20.00
04743            -100.00        0.00
04744            -100.00        0.00
04745             -80.00      -20.00
04746             -80.00        0.00
04747            -100.00        0.00
04748             -60.00      -20.00
04749             -80.00        0.00
04750             -60.00      -20.00
04751             -40.00      -20.00
04752             -60.00      -20.00
04753             -60.00      -20.00
04754             -40.00      -20.00
04755             -20.00        0.00
04756             -60.00      -20.00
04757             -60.00        0.00
04758             -60.00      -20.00
04759             -40.00        0.00
04760             -20.00      -20.00
04761              40.00      -20.00
04762             -40.00        0.00
04763               0.00        0.00
04764             -40.00        0.00
04765             -20.00        0.00
04766              20.00        0.00
04767              60.00        0.00
04768              20.00      -20.00
04769              40.00      -20.00
04770             -40.00      -20.00
04771              20.00        0.00
04772              60.00        0.00
04773               0.00        0.00
04774             -20.00        0.00
04775              60.00        0.00
04776              60.00        0.00
04777              20.00      -20.00
04778              40.00      -20.00
04779              80.00      -20.00
04780              40.00        0.00
04781             -40.00        0.00
04782             120.00        0.00
04783             -20.00        0.00
04784              40.00       20.00
04785             120.00      -20.00
04786              60.00        0.00
04787              80.00        0.00
04788              80.00      -20.00
04789             160.00        0.00
04790              40.00        0.00
04791              20.00        0.00
04792             140.00        0.00
04793              40.00      -20.00
04794              20.00        0.00
04795             100.00      -20.00
04796             160.00        0.00
04797             160.00        0.00
04798             140.00        0.00
04799              60.00        0.00
04800              20.00        0.00
04801             200.00        0.00
04802              20.00      -20.00
04803             180.00      -20.00
04804             120.00      -20.00
04805               0.00        0.00
04806              20.00      -20.00
04807              20.00        0.00
04808              20.00      -20.00
04809             100.00        0.00
04810             200.00        0.00
04811              20.00        0.00
04812             200.00       20.00
04813              60.00      -20.00
04814              60.00        0.00
04815             180.00        0.00
04816             200.00        0.00
04817             200.00      -20.00
04818             120.00        0.00
04819              40.00      -20.00
04820             220.00        0.00
04821             100.00        0.00
04822             200.00        0.00
04823              40.00      -20.00
04824             140.00       20.00
04825             240.00        0.00
04826             240.00        0.00
04827             240.00        0.00
04828             100.00        0.00
04829              60.00      -20.00
04830             240.00      -20.00
04831              80.00      -20.00
04832             220.00        0.00
04833              60.00        0.00
04834             120.00        0.00
04835             180.00      -20.00
04836             220.00        0.00
04837             140.00        0.00
04838              80.00      -20.00
04839             180.00      -20.00
04840             220.00        0.00
04841             120.00        0.00
04842             200.00       20.00
04843             260.00        0.00
04844             200.00      -20.00
04845             120.00        0.00
04846             160.00        0.00
04847             180.00      -20.00
04848             280.00        0.00
04849             180.00      -20.00
04850             160.00        0.00
04851             240.00        0.00
04852             240.00        0.00
04853             140.00        0.00
04854             160.00      -20.00
04855             200.00        0.00
04856             200.00      -20.00
04857             160.00        0.00
04858             180.00      -20.00
04859             280.00      -20.00
04860             180.00      -20.00
04861             260.00      -20.00
04862             180.00        0.00
04863             220.00        0.00
04864             240.00        0.00
04865             280.00      -40.00
04866             240.00        0.00
04867             240.00      -20.00
04868             200.00        0.00
04869             280.00      -20.00
04870             200.00        0.00
04871             280.00        0.00
04872             220.00        0.00
04873             200.00       20.00
04874             240.00      -20.00
04875             260.00        0.00
04876             240.00      -20.00
04877             220.00        0.00
04878             280.00        0.00
04879             280.00        0.00
04880             220.00        0.00
04881             260.00        0.00
04882             300.00        0.00
04883             240.00        0.00
04884             240.00      -20.00
04885             220.00      -20.00
04886             280.00        0.00
04887             280.00        0.00
04888             280.00        0.00
04889             260.00      -20.00
04890             280.00      -20.00
04891             260.00        0.00
04892             240.00        0.00
04893             260.00        0.00
04894             280.00      -20.00
04895             300.00        0.00
04896             260.00      -20.00
04897             260.00        0.00
04898             280.00      -20.00
04899             280.00        0.00
04900             300.00      -20.00
04901             280.00        0.00
04902             280.00        0.00
04903             300.00        0.00
04904             300.00        0.00
04905             300.00        0.00
04906             280.00      -20.00
04907             260.00      -20.00
04908             280.00        0.00
04909             280.00      -20.00
04910             300.00      -20.00
04911             280.00        0.00
04912             280.00        0.00
04913             300.00        0.00
04914             300.00        0.00
04915             300.00        0.00
04916             280.00        0.00
04917             300.00        0.00
04918             280.00        0.00
04919             280.00      -20.00
04920             300.00        0.00
04921             280.00      -20.00
04922             280.00        0.00
04923             280.00        0.00
04924             280.00      -20.00
04925             280.00       20.00
04926             300.00      -20.00
04927             300.00        0.00
04928             300.00        0.00
04929             300.00      -20.00
04930             280.00        0.00
04931             300.00      -20.00
04932             280.00      -20.00
04933             280.00      -20.00
04934             300.00        0.00
04935             280.00      -20.00
04936             280.00       20.00
04937             300.00      -20.00
04938             300.00        0.00
04939             280.00      -20.00
04940             280.00        0.00
04941             320.00      -20.00
04942             280.00        0.00
04943             280.00        0.00
04944             300.00        0.00
04945             300.00        0.00
04946             300.00        0.00
04947             300.00        0.00
04948             300.00      -20.00
04949             280.00        0.00
04950             280.00      -20.00
04951             280.00      -20.00
04952             280.00        0.00
04953             280.00      -20.00
04954             280.00        0.00
04955             280.00      -20.00
04956             300.00        0.00
04957             300.00        0.00
04958             280.00        0.00
04959             280.00        0.00
04960             300.00        0.00
04961             280.00        0.00
04962             280.00      -20.00
04963             280.00        0.00
04964             280.00      -20.00
04965             300.00        0.00
04966             280.00      -20.00
04967             280.00        0.00
04968             300.00      -20.00
04969             280.00      -20.00
04970             260.00        0.00
04971             280.00      -20.00
04972             260.00        0.00
04973             280.00      -20.00
04974             280.00        0.00
04975             260.00      -20.00
04976             260.00        0.00
04977             280.00        0.00
04978             260.00        0.00
04979             280.00        0.00
04980             280.00      -20.00
04981             260.00      -20.00
04982             260.00        0.00
04983             260.00      -20.00
04984             280.00        0.00
04985             280.00      -20.00
04986             240.00        0.00
04987             260.00      -20.00
04988             240.00        0.00
04989             280.00      -20.00
04990             260.00        0.00
04991             240.00        0.00
04992             240.00        0.00
04993             240.00      -20.00
04994             240.00        0.00
04995             260.00      -20.00
04996             240.00        0.00
04997             260.00      -40.00
04998             220.00      -20.00
04999             260.00        0.00
05000             260.00      -20.00
