Unit:(mV)
                     CH1         CH2
Frequency              ?   1.196 kHz
Period                 ?  836.120 us
00001             360.00      -20.00
00002             280.00      -20.00
00003             240.00      -12.00
00004             160.00      -16.00
00005              80.00      -16.00
00006               0.00      -16.00
00007             -40.00      -16.00
00008            -120.00      -16.00
00009            -160.00      -16.00
00010            -240.00      -16.00
00011            -760.00      500.00
00012            -600.00      500.00
00013            -440.00      -20.00
00014            -280.00      -36.00
00015            -160.00      -36.00
00016             -80.00      -28.00
00017             120.00      -32.00
00018             200.00      -36.00
00019             320.00      -32.00
00020             440.00      -32.00
00021             560.00      -28.00
00022             640.00      -32.00
00023             800.00      -24.00
00024             840.00      -28.00
00025             960.00      -32.00
00026            1040.00      -28.00
00027            1160.00      -28.00
00028            1200.00      -32.00
00029            1320.00      -28.00
00030            1400.00      -28.00
00031            1480.00      -28.00
00032            1560.00      -24.00
00033            1600.00      -24.00
00034            1640.00      -24.00
00035            1680.00      -28.00
00036            1760.00      -20.00
00037            1760.00      -24.00
00038            1760.00      -28.00
00039            1800.00      -24.00
00040            1840.00      -24.00
00041            1840.00      -24.00
00042            1800.00      -20.00
00043            1800.00      -28.00
00044            1800.00      -20.00
00045            1760.00      -16.00
00046            1760.00      -24.00
00047            1760.00      -24.00
00048            1720.00      -28.00
00049            1680.00      -24.00
00050            1640.00      -16.00
00051            1640.00      -24.00
00052            1560.00      -16.00
00053            1560.00      -24.00
00054            1520.00      -24.00
00055            1480.00      -20.00
00056            1480.00      -20.00
00057            1440.00      -24.00
00058            1440.00      -20.00
00059            1400.00      -20.00
00060            1360.00      -20.00
00061            1320.00      -16.00
00062            1280.00      -20.00
00063            1200.00      -24.00
00064            1200.00      -20.00
00065            1160.00      -12.00
00066            1120.00      -16.00
00067            1040.00      -20.00
00068            1000.00      -16.00
00069             960.00      -16.00
00070             920.00      -20.00
00071             920.00      -16.00
00072             920.00      -16.00
00073             960.00      -16.00
00074             960.00      -20.00
00075            1000.00      -20.00
00076            1040.00      -20.00
00077            1040.00      -12.00
00078            1040.00      -16.00
00079            1080.00      -20.00
00080            1080.00      -16.00
00081            1080.00      -12.00
00082            1080.00      -16.00
00083            1080.00      -24.00
00084            1000.00      -20.00
00085            1000.00      -16.00
00086            1000.00      -20.00
00087             920.00      -16.00
00088             840.00      -20.00
00089             800.00      -12.00
00090             760.00      -12.00
00091             680.00      -16.00
00092             640.00      -20.00
00093             560.00      -16.00
00094             520.00      -12.00
00095             400.00      -16.00
00096             440.00      -28.00
00097             320.00      -20.00
00098             240.00      -16.00
00099             200.00      -12.00
00100              80.00      -16.00
00101              40.00      -20.00
00102             -40.00      -16.00
00103            -120.00      -16.00
00104            -200.00      -20.00
00105            -360.00      -16.00
00106            -480.00      -12.00
00107            -600.00      -20.00
00108            -720.00      -16.00
00109            -920.00      -16.00
00110           -1040.00      -16.00
00111           -1200.00      -20.00
00112           -1320.00      -12.00
00113           -1480.00      -12.00
00114           -1600.00      -16.00
00115           -1720.00      -20.00
00116           -1840.00      -20.00
00117           -1840.00      -12.00
00118           -2000.00      -16.00
00119           -2000.00      -16.00
00120           -2120.00      -12.00
00121           -2240.00      -12.00
00122           -2360.00      -20.00
00123           -2440.00      -16.00
00124           -2560.00      -20.00
00125           -2640.00      -20.00
00126           -2840.00      -16.00
00127           -2920.00      -16.00
00128           -3040.00      -16.00
00129           -3160.00      -16.00
00130           -3200.00      -20.00
00131           -3280.00      -16.00
00132           -3360.00      -16.00
00133           -3440.00      -20.00
00134           -3440.00      -16.00
00135           -3520.00      -16.00
00136           -3480.00      -16.00
00137           -3560.00      -12.00
00138           -3560.00      -16.00
00139           -3560.00      -20.00
00140           -3560.00      -20.00
00141           -3560.00      -20.00
00142           -3520.00      -16.00
00143           -3520.00      -16.00
00144           -3520.00      -20.00
00145           -3480.00      -24.00
00146           -3440.00      -20.00
00147           -3440.00      -16.00
00148           -3400.00      -12.00
00149           -3400.00      -20.00
00150           -3360.00      -16.00
00151           -3360.00      -16.00
00152           -3320.00      -24.00
00153           -3280.00      -16.00
00154           -3280.00      -20.00
00155           -3200.00      -20.00
00156           -3160.00      -16.00
00157           -3120.00      -16.00
00158           -3040.00      -20.00
00159           -2920.00      -20.00
00160           -2840.00      -20.00
00161           -2720.00      -20.00
00162           -2640.00      -20.00
00163           -2480.00      -12.00
00164           -2320.00      -24.00
00165           -2120.00      -16.00
00166           -1960.00      -12.00
00167           -1800.00      -16.00
00168           -1640.00      -16.00
00169           -1400.00      -16.00
00170           -1280.00      -20.00
00171           -1040.00      -24.00
00172            -880.00      -16.00
00173            -720.00      -16.00
00174            -600.00      -20.00
00175            -400.00      -16.00
00176            -280.00      -16.00
00177            -160.00      -20.00
00178             120.00      -16.00
00179              80.00      -24.00
00180             360.00      -20.00
00181             440.00      -20.00
00182             560.00      -20.00
00183             680.00      -16.00
00184             760.00      -16.00
00185             840.00      -16.00
00186             880.00      -16.00
00187            1000.00      -16.00
00188            1080.00      -20.00
00189            1080.00      -16.00
00190            1040.00      -24.00
00191            1120.00      -24.00
00192            1200.00      -24.00
00193            1200.00      -20.00
00194            1240.00      -20.00
00195            1200.00      -20.00
00196            1200.00      -16.00
00197            1200.00      -20.00
00198            1200.00      -20.00
00199            1200.00      -24.00
00200            1240.00      -16.00
00201            1240.00      -24.00
00202            1280.00      -16.00
00203            1320.00      -20.00
00204            1360.00      -16.00
00205            1360.00      -20.00
00206            1440.00      -20.00
00207            1480.00      -12.00
00208            1520.00      -24.00
00209            1520.00      -20.00
00210            1560.00      -20.00
00211            1600.00      -16.00
00212            1600.00      -20.00
00213            1640.00      -28.00
00214            1600.00      -20.00
00215            1600.00      -16.00
00216            1560.00      -24.00
00217            1520.00      -20.00
00218            1480.00      -16.00
00219            1480.00      -24.00
00220            1440.00      -20.00
00221            1400.00      -20.00
00222            1360.00      -28.00
00223            1360.00      -20.00
00224            1360.00      -24.00
00225            1360.00      -16.00
00226            1360.00      -20.00
00227            1360.00      -16.00
00228            1400.00      -16.00
00229            1440.00      -20.00
00230            1440.00      -20.00
00231            1440.00      -20.00
00232            1520.00      -20.00
00233            1520.00      -16.00
00234            1520.00      -16.00
00235            1520.00      -16.00
00236            1520.00      -16.00
00237            1520.00      -20.00
00238            1480.00      -20.00
00239            1440.00      -20.00
00240            1360.00      -24.00
00241            1280.00      -20.00
00242            1200.00      -20.00
00243            1120.00      -20.00
00244            1040.00      -16.00
00245             960.00      -20.00
00246             840.00      -16.00
00247             680.00      -20.00
00248             640.00      -20.00
00249             560.00      -20.00
00250             400.00      -20.00
00251             360.00      -16.00
00252             280.00       -4.00
00253             200.00      -24.00
00254             120.00      -20.00
00255             120.00      -20.00
00256              40.00      -16.00
00257             -40.00      -20.00
00258            -120.00      -20.00
00259            -160.00      -16.00
00260            -240.00      -24.00
00261            -680.00      500.00
00262            -520.00      500.00
00263            -480.00      -32.00
00264            -280.00      -36.00
00265            -160.00      -40.00
00266               0.00      -36.00
00267              80.00      -44.00
00268             200.00      -36.00
00269             360.00      -36.00
00270             400.00      -32.00
00271             560.00      -32.00
00272             680.00      -36.00
00273             760.00      -36.00
00274             840.00      -32.00
00275             920.00      -36.00
00276            1040.00      -36.00
00277            1160.00      -28.00
00278            1200.00      -36.00
00279            1320.00      -32.00
00280            1360.00      -32.00
00281            1440.00      -28.00
00282            1520.00      -28.00
00283            1640.00      -32.00
00284            1640.00      -32.00
00285            1720.00      -28.00
00286            1760.00      -28.00
00287            1760.00      -28.00
00288            1800.00      -28.00
00289            1800.00      -24.00
00290            1800.00      -32.00
00291            1840.00      -24.00
00292            1840.00      -24.00
00293            1800.00      -24.00
00294            1840.00      -32.00
00295            1760.00      -24.00
00296            1760.00      -20.00
00297            1760.00      -24.00
00298            1720.00      -28.00
00299            1680.00      -24.00
00300            1680.00      -24.00
00301            1640.00      -24.00
00302            1600.00      -24.00
00303            1560.00      -24.00
00304            1520.00      -32.00
00305            1480.00      -24.00
00306            1480.00      -28.00
00307            1440.00      -24.00
00308            1400.00      -24.00
00309            1400.00      -20.00
00310            1360.00      -20.00
00311            1320.00      -24.00
00312            1280.00      -20.00
00313            1240.00      -24.00
00314            1200.00      -24.00
00315            1160.00      -24.00
00316            1120.00      -20.00
00317            1000.00      -28.00
00318            1000.00      -20.00
00319             960.00      -24.00
00320             960.00      -20.00
00321             920.00      -24.00
00322             920.00      -24.00
00323             920.00      -20.00
00324             960.00      -24.00
00325            1000.00      -24.00
00326            1040.00      -20.00
00327            1040.00      -20.00
00328            1040.00      -20.00
00329            1040.00      -20.00
00330            1080.00      -16.00
00331            1080.00      -24.00
00332            1080.00      -20.00
00333            1040.00      -24.00
00334            1040.00      -20.00
00335            1000.00      -16.00
00336             960.00      -16.00
00337             880.00      -16.00
00338             840.00      -20.00
00339             800.00      -20.00
00340             760.00      -20.00
00341             680.00      -20.00
00342             600.00      -24.00
00343             560.00      -16.00
00344             480.00      -28.00
00345             480.00      -24.00
00346             400.00      -24.00
00347             320.00      -16.00
00348             240.00      -20.00
00349             200.00      -20.00
00350             120.00      -16.00
00351              40.00      -16.00
00352             -40.00      -20.00
00353             -80.00      -24.00
00354            -240.00      -16.00
00355            -360.00      -20.00
00356            -520.00      -16.00
00357            -600.00      -16.00
00358            -760.00      -24.00
00359            -880.00      -20.00
00360           -1080.00      -20.00
00361           -1200.00      -20.00
00362           -1320.00      -24.00
00363           -1480.00      -16.00
00364           -1560.00      -20.00
00365           -1680.00      -20.00
00366           -1840.00      -20.00
00367           -1840.00      -20.00
00368           -1920.00      -12.00
00369           -2040.00      -16.00
00370           -2160.00      -24.00
00371           -2240.00      -16.00
00372           -2320.00      -16.00
00373           -2440.00      -20.00
00374           -2560.00      -16.00
00375           -2680.00      -20.00
00376           -2800.00      -16.00
00377           -2960.00      -20.00
00378           -3080.00      -16.00
00379           -3160.00      -20.00
00380           -3200.00      -16.00
00381           -3320.00      -16.00
00382           -3360.00      -20.00
00383           -3400.00      -20.00
00384           -3440.00      -24.00
00385           -3480.00      -20.00
00386           -3520.00      -12.00
00387           -3520.00      -12.00
00388           -3520.00      -20.00
00389           -3520.00      -16.00
00390           -3560.00      -20.00
00391           -3520.00      -16.00
00392           -3520.00      -16.00
00393           -3520.00      -20.00
00394           -3520.00      -16.00
00395           -3480.00      -16.00
00396           -3480.00      -16.00
00397           -3440.00      -16.00
00398           -3440.00      -16.00
00399           -3400.00      -24.00
00400           -3400.00      -16.00
00401           -3360.00      -20.00
00402           -3320.00      -16.00
00403           -3280.00      -16.00
00404           -3240.00      -20.00
00405           -3240.00      -24.00
00406           -3160.00      -16.00
00407           -3080.00      -12.00
00408           -3040.00      -20.00
00409           -2920.00      -20.00
00410           -2840.00      -16.00
00411           -2760.00      -20.00
00412           -2640.00      -16.00
00413           -2480.00      -16.00
00414           -2320.00      -16.00
00415           -2120.00      -16.00
00416           -2000.00      -16.00
00417           -1800.00      -20.00
00418           -1560.00      -20.00
00419           -1440.00      -16.00
00420           -1280.00      -12.00
00421           -1080.00      -16.00
00422            -880.00      -16.00
00423            -760.00      -16.00
00424            -560.00      -16.00
00425            -440.00      -20.00
00426            -240.00      -12.00
00427            -120.00      -16.00
00428              80.00      -16.00
00429             160.00      -12.00
00430             320.00      -20.00
00431             480.00      -20.00
00432             560.00      -12.00
00433             680.00      -12.00
00434             760.00      -20.00
00435             840.00      -16.00
00436             880.00      -20.00
00437            1000.00      -20.00
00438            1040.00      -20.00
00439            1120.00      -12.00
00440            1160.00      -20.00
00441            1160.00      -12.00
00442            1200.00      -20.00
00443            1200.00      -16.00
00444            1200.00      -20.00
00445            1240.00      -12.00
00446            1200.00      -20.00
00447            1200.00      -16.00
00448            1200.00      -12.00
00449            1240.00      -12.00
00450            1200.00      -16.00
00451            1240.00      -16.00
00452            1280.00      -16.00
00453            1280.00      -20.00
00454            1360.00      -16.00
00455            1400.00      -16.00
00456            1440.00      -16.00
00457            1480.00      -16.00
00458            1480.00      -12.00
00459            1520.00      -16.00
00460            1560.00      -12.00
00461            1560.00      -20.00
00462            1600.00      -16.00
00463            1600.00      -12.00
00464            1600.00      -12.00
00465            1560.00      -16.00
00466            1560.00      -16.00
00467            1480.00      -20.00
00468            1520.00      -20.00
00469            1480.00      -16.00
00470            1400.00      -16.00
00471            1400.00      -16.00
00472            1360.00      -16.00
00473            1360.00      -12.00
00474            1320.00      -20.00
00475            1320.00      -16.00
00476            1360.00      -12.00
00477            1360.00      -12.00
00478            1400.00      -20.00
00479            1400.00      -16.00
00480            1440.00      -12.00
00481            1480.00      -16.00
00482            1480.00      -12.00
00483            1520.00      -16.00
00484            1520.00      -16.00
00485            1520.00      -20.00
00486            1480.00      -16.00
00487            1480.00      -20.00
00488            1480.00      -16.00
00489            1440.00      -12.00
00490            1360.00      -16.00
00491            1280.00      -12.00
00492            1240.00      -16.00
00493            1080.00      -12.00
00494            1000.00      -16.00
00495             920.00      -16.00
00496             760.00      -20.00
00497             680.00      -12.00
00498             600.00      -16.00
00499             520.00      -16.00
00500             400.00      -12.00
00501             320.00      -12.00
00502             320.00      -12.00
00503             160.00      -16.00
00504             160.00      -20.00
00505              80.00      -16.00
00506              40.00      -16.00
00507             -40.00      -20.00
00508             -80.00      -12.00
00509            -200.00      -12.00
00510            -200.00      -16.00
00511            -760.00      500.00
00512            -640.00      500.00
00513            -480.00      -24.00
00514            -320.00      -28.00
00515            -160.00      -36.00
00516             -40.00      -32.00
00517              80.00      -36.00
00518             240.00      -36.00
00519             360.00      -32.00
00520             480.00      -28.00
00521             560.00      -28.00
00522             680.00      -20.00
00523             720.00      -36.00
00524             840.00      -32.00
00525             920.00      -32.00
00526            1080.00      -28.00
00527            1160.00      -32.00
00528            1240.00      -32.00
00529            1280.00      -36.00
00530            1360.00      -28.00
00531            1480.00      -28.00
00532            1520.00      -28.00
00533            1600.00      -28.00
00534            1640.00      -28.00
00535            1680.00      -32.00
00536            1720.00      -24.00
00537            1760.00      -36.00
00538            1800.00      -28.00
00539            1800.00      -28.00
00540            1840.00      -24.00
00541            1840.00      -28.00
00542            1840.00      -24.00
00543            1800.00      -32.00
00544            1760.00      -32.00
00545            1760.00      -24.00
00546            1760.00      -28.00
00547            1720.00      -24.00
00548            1720.00      -28.00
00549            1720.00      -28.00
00550            1680.00      -28.00
00551            1640.00      -24.00
00552            1600.00      -24.00
00553            1600.00      -20.00
00554            1520.00      -24.00
00555            1520.00      -24.00
00556            1440.00      -28.00
00557            1440.00      -20.00
00558            1400.00      -28.00
00559            1360.00      -28.00
00560            1360.00      -24.00
00561            1280.00      -24.00
00562            1280.00      -28.00
00563            1240.00      -28.00
00564            1200.00      -24.00
00565            1120.00      -24.00
00566            1080.00      -24.00
00567            1040.00      -24.00
00568            1000.00      -20.00
00569             960.00      -20.00
00570             960.00      -24.00
00571             920.00      -24.00
00572             920.00      -24.00
00573             920.00      -20.00
00574             920.00      -20.00
00575            1000.00      -20.00
00576            1040.00      -24.00
00577            1040.00      -24.00
00578            1080.00      -20.00
00579            1040.00      -24.00
00580            1040.00      -20.00
00581            1080.00      -24.00
00582            1040.00      -20.00
00583            1040.00      -24.00
00584            1000.00      -16.00
00585            1000.00      -20.00
00586             960.00      -28.00
00587             880.00      -20.00
00588             880.00      -24.00
00589             800.00      -24.00
00590             760.00      -20.00
00591             680.00      -20.00
00592             640.00      -24.00
00593             560.00      -20.00
00594             480.00      -24.00
00595             440.00      -16.00
00596             400.00       -8.00
00597             360.00      -16.00
00598             240.00      -20.00
00599             160.00      -20.00
00600              80.00      -24.00
00601              40.00      -24.00
00602             -40.00      -24.00
00603            -120.00      -16.00
00604            -200.00      -24.00
00605            -360.00      -20.00
00606            -480.00      -24.00
00607            -640.00      -20.00
00608            -760.00      -28.00
00609            -880.00      -24.00
00610           -1040.00      -20.00
00611           -1200.00      -20.00
00612           -1280.00      -24.00
00613           -1440.00      -24.00
00614           -1600.00      -20.00
00615           -1680.00      -20.00
00616           -1800.00      -16.00
00617           -1840.00      -28.00
00618           -1920.00      -24.00
00619           -2040.00      -20.00
00620           -2120.00      -16.00
00621           -2240.00      -28.00
00622           -2320.00      -20.00
00623           -2480.00      -20.00
00624           -2600.00      -24.00
00625           -2680.00      -16.00
00626           -2840.00      -20.00
00627           -2960.00      -20.00
00628           -3120.00      -20.00
00629           -3160.00      -20.00
00630           -3200.00      -16.00
00631           -3280.00      -24.00
00632           -3360.00      -20.00
00633           -3400.00      -20.00
00634           -3480.00      -20.00
00635           -3480.00      -20.00
00636           -3520.00      -16.00
00637           -3520.00      -20.00
00638           -3520.00      -24.00
00639           -3560.00      -20.00
00640           -3520.00      -16.00
00641           -3560.00      -20.00
00642           -3520.00      -20.00
00643           -3480.00      -24.00
00644           -3480.00      -16.00
00645           -3480.00      -16.00
00646           -3480.00      -16.00
00647           -3440.00      -24.00
00648           -3440.00      -16.00
00649           -3400.00      -20.00
00650           -3400.00      -20.00
00651           -3360.00      -24.00
00652           -3320.00      -20.00
00653           -3280.00      -16.00
00654           -3280.00      -16.00
00655           -3240.00      -20.00
00656           -3160.00      -20.00
00657           -3080.00      -16.00
00658           -3040.00      -20.00
00659           -2960.00      -20.00
00660           -2840.00      -16.00
00661           -2720.00      -24.00
00662           -2640.00      -16.00
00663           -2480.00      -12.00
00664           -2320.00      -16.00
00665           -2160.00      -20.00
00666           -1960.00      -16.00
00667           -1760.00      -20.00
00668           -1640.00      -20.00
00669           -1360.00      -16.00
00670           -1280.00      -24.00
00671           -1040.00      -20.00
00672            -920.00      -16.00
00673            -800.00      -16.00
00674            -560.00      -20.00
00675            -440.00      -20.00
00676            -240.00      -24.00
00677            -120.00      -20.00
00678              80.00      -20.00
00679             200.00      -16.00
00680             280.00      -20.00
00681             520.00      -20.00
00682             480.00      -16.00
00683             600.00      -20.00
00684             800.00      -12.00
00685             840.00      -24.00
00686             920.00      -16.00
00687            1000.00      -20.00
00688            1040.00      -16.00
00689            1040.00      -24.00
00690            1160.00      -20.00
00691            1160.00      -12.00
00692            1200.00      -20.00
00693            1200.00      -20.00
00694            1200.00      -20.00
00695            1240.00      -16.00
00696            1200.00      -24.00
00697            1200.00      -20.00
00698            1240.00      -20.00
00699            1200.00      -24.00
00700            1240.00      -24.00
00701            1240.00      -20.00
00702            1280.00      -20.00
00703            1320.00      -20.00
00704            1360.00      -20.00
00705            1360.00      -28.00
00706            1400.00      -20.00
00707            1440.00      -16.00
00708            1520.00      -20.00
00709            1560.00      -20.00
00710            1560.00      -16.00
00711            1600.00      -20.00
00712            1560.00      -16.00
00713            1600.00      -20.00
00714            1560.00      -20.00
00715            1560.00      -20.00
00716            1520.00      -12.00
00717            1520.00      -20.00
00718            1520.00      -20.00
00719            1480.00      -20.00
00720            1400.00      -20.00
00721            1400.00      -20.00
00722            1360.00      -20.00
00723            1360.00      -20.00
00724            1360.00      -20.00
00725            1360.00      -16.00
00726            1360.00      -16.00
00727            1360.00      -16.00
00728            1400.00      -20.00
00729            1400.00      -20.00
00730            1440.00      -16.00
00731            1480.00      -20.00
00732            1520.00      -24.00
00733            1520.00      -20.00
00734            1520.00      -20.00
00735            1520.00      -20.00
00736            1520.00      -20.00
00737            1520.00      -20.00
00738            1480.00      -20.00
00739            1440.00      -24.00
00740            1400.00      -20.00
00741            1280.00      -20.00
00742            1200.00      -12.00
00743            1120.00      -20.00
00744            1000.00      -16.00
00745             920.00      -20.00
00746             840.00      -16.00
00747             720.00      -24.00
00748             600.00      -16.00
00749             520.00      -12.00
00750             480.00      -20.00
00751             360.00      -20.00
00752             240.00      -16.00
00753             240.00      -24.00
00754             160.00      -16.00
00755              80.00      -24.00
00756              40.00      -20.00
00757             -40.00      -20.00
00758             -80.00      -16.00
00759            -160.00      -16.00
00760            -280.00      -16.00
00761            -720.00      500.00
00762            -560.00      500.00
00763            -440.00      -24.00
00764            -240.00      -32.00
00765            -160.00      -32.00
00766               0.00      -28.00
00767              80.00      -32.00
00768             200.00      -32.00
00769             360.00      -28.00
00770             400.00      -32.00
00771             560.00      -36.00
00772             680.00      -36.00
00773             720.00      -32.00
00774             840.00      -32.00
00775             960.00      -28.00
00776            1080.00      -28.00
00777            1120.00      -28.00
00778            1280.00      -32.00
00779            1320.00      -28.00
00780            1360.00      -28.00
00781            1480.00      -24.00
00782            1520.00      -24.00
00783            1600.00      -24.00
00784            1640.00      -24.00
00785            1680.00      -20.00
00786            1720.00      -20.00
00787            1760.00      -16.00
00788            1800.00      -20.00
00789            1800.00      -20.00
00790            1840.00      -28.00
00791            1800.00      -20.00
00792            1840.00      -28.00
00793            1800.00      -20.00
00794            1800.00      -20.00
00795            1760.00      -24.00
00796            1760.00      -28.00
00797            1720.00      -24.00
00798            1720.00      -20.00
00799            1680.00      -20.00
00800            1680.00      -20.00
00801            1640.00      -28.00
00802            1560.00      -20.00
00803            1520.00      -20.00
00804            1520.00      -24.00
00805            1480.00      -20.00
00806            1480.00      -20.00
00807            1440.00      -24.00
00808            1400.00      -20.00
00809            1360.00      -20.00
00810            1400.00      -16.00
00811            1320.00      -20.00
00812            1280.00      -24.00
00813            1240.00      -20.00
00814            1200.00      -20.00
00815            1160.00      -20.00
00816            1120.00      -24.00
00817            1080.00      -20.00
00818            1040.00      -16.00
00819            1000.00      -20.00
00820             960.00      -20.00
00821             920.00      -16.00
00822             920.00      -16.00
00823             880.00      -20.00
00824             960.00      -12.00
00825            1000.00      -16.00
00826            1000.00      -16.00
00827            1040.00      -24.00
00828            1080.00      -20.00
00829            1040.00      -20.00
00830            1080.00      -16.00
00831            1080.00      -16.00
00832            1080.00      -20.00
00833            1040.00      -12.00
00834            1040.00      -16.00
00835             960.00      -16.00
00836             960.00      -20.00
00837             920.00      -12.00
00838             880.00      -20.00
00839             760.00      -16.00
00840             760.00      -20.00
00841             680.00      -20.00
00842             640.00      -20.00
00843             560.00      -16.00
00844             480.00      -12.00
00845             480.00      -16.00
00846             360.00      -20.00
00847             320.00      -20.00
00848             240.00      -16.00
00849             200.00      -16.00
00850             120.00      -16.00
00851              40.00      -16.00
00852               0.00      -12.00
00853            -120.00      -16.00
00854            -240.00      -20.00
00855            -360.00      -20.00
00856            -520.00      -16.00
00857            -640.00      -16.00
00858            -760.00      -12.00
00859            -920.00      -12.00
00860           -1040.00      -24.00
00861           -1160.00      -20.00
00862           -1320.00      -20.00
00863           -1480.00      -12.00
00864           -1600.00      -16.00
00865           -1680.00      -16.00
00866           -1800.00      -12.00
00867           -1880.00      -16.00
00868           -2000.00      -20.00
00869           -2040.00      -16.00
00870           -2160.00      -16.00
00871           -2240.00      -16.00
00872           -2360.00      -16.00
00873           -2480.00      -20.00
00874           -2560.00      -16.00
00875           -2720.00      -24.00
00876           -2840.00      -16.00
00877           -2920.00      -20.00
00878           -3040.00      -12.00
00879           -3120.00      -16.00
00880           -3200.00      -20.00
00881           -3280.00      -16.00
00882           -3360.00      -20.00
00883           -3440.00      -20.00
00884           -3440.00      -20.00
00885           -3480.00      -20.00
00886           -3480.00      -16.00
00887           -3520.00      -24.00
00888           -3560.00      -20.00
00889           -3520.00      -20.00
00890           -3520.00      -12.00
00891           -3520.00      -20.00
00892           -3520.00      -16.00
00893           -3520.00      -12.00
00894           -3480.00      -20.00
00895           -3520.00      -20.00
00896           -3480.00      -20.00
00897           -3440.00      -16.00
00898           -3440.00      -12.00
00899           -3400.00      -20.00
00900           -3360.00      -16.00
00901           -3360.00      -20.00
00902           -3320.00      -20.00
00903           -3280.00      -24.00
00904           -3240.00      -16.00
00905           -3200.00      -16.00
00906           -3160.00      -20.00
00907           -3080.00      -16.00
00908           -3040.00      -16.00
00909           -2920.00      -16.00
00910           -2840.00      -24.00
00911           -2760.00      -20.00
00912           -2600.00      -24.00
00913           -2480.00      -16.00
00914           -2360.00      -20.00
00915           -2120.00      -20.00
00916           -2000.00      -16.00
00917           -1800.00      -16.00
00918           -1560.00      -16.00
00919           -1400.00      -16.00
00920           -1200.00      -16.00
00921           -1080.00      -16.00
00922            -920.00      -20.00
00923            -800.00      -20.00
00924            -600.00      -16.00
00925            -440.00      -24.00
00926            -280.00      -24.00
00927            -120.00      -16.00
00928              80.00      -16.00
00929             160.00      -20.00
00930             280.00      -16.00
00931             480.00      -16.00
00932             520.00      -16.00
00933             640.00      -16.00
00934             800.00      -20.00
00935             840.00      -24.00
00936             960.00      -16.00
00937             960.00      -16.00
00938            1000.00      -16.00
00939            1040.00      -24.00
00940            1160.00      -16.00
00941            1200.00      -20.00
00942            1200.00      -16.00
00943            1200.00      -20.00
00944            1200.00      -20.00
00945            1200.00      -24.00
00946            1200.00      -16.00
00947            1200.00      -20.00
00948            1200.00      -20.00
00949            1240.00      -16.00
00950            1200.00      -20.00
00951            1240.00      -16.00
00952            1240.00      -20.00
00953            1320.00      -20.00
00954            1360.00      -28.00
00955            1400.00      -20.00
00956            1400.00      -20.00
00957            1480.00      -20.00
00958            1520.00      -16.00
00959            1520.00      -16.00
00960            1560.00      -16.00
00961            1560.00      -16.00
00962            1600.00      -20.00
00963            1560.00      -20.00
00964            1600.00      -16.00
00965            1600.00      -20.00
00966            1560.00      -20.00
00967            1560.00      -24.00
00968            1480.00      -16.00
00969            1480.00      -20.00
00970            1400.00      -16.00
00971            1400.00      -20.00
00972            1360.00      -20.00
00973            1360.00      -24.00
00974            1360.00      -24.00
00975            1360.00      -20.00
00976            1360.00      -20.00
00977            1360.00      -16.00
00978            1400.00      -20.00
00979            1440.00      -20.00
00980            1440.00      -20.00
00981            1480.00      -16.00
00982            1480.00      -20.00
00983            1520.00      -20.00
00984            1520.00      -20.00
00985            1520.00      -20.00
00986            1520.00      -20.00
00987            1480.00      -20.00
00988            1480.00      -20.00
00989            1400.00      -16.00
00990            1360.00      -12.00
00991            1280.00      -24.00
00992            1240.00      -20.00
00993            1120.00      -24.00
00994            1000.00      -16.00
00995             920.00      -20.00
00996             840.00      -16.00
00997             720.00      -20.00
00998             600.00      -24.00
00999             520.00      -20.00
01000             440.00      -20.00
01001             360.00      -20.00
01002             280.00      -20.00
01003             240.00      -20.00
01004              80.00      -16.00
01005              40.00      -16.00
01006              40.00      -20.00
01007             -80.00      -16.00
01008            -120.00      -16.00
01009            -160.00      -20.00
01010            -240.00      -20.00
01011            -720.00      500.00
01012            -600.00      500.00
01013            -440.00      -20.00
01014            -320.00      -36.00
01015            -160.00      -32.00
01016             -40.00      -40.00
01017             160.00      -40.00
01018             200.00      -40.00
01019             320.00      -36.00
01020             480.00      -36.00
01021             520.00      -32.00
01022             640.00      -36.00
01023             760.00      -32.00
01024             880.00      -36.00
01025            1000.00      -32.00
01026            1000.00      -28.00
01027            1120.00      -32.00
01028            1240.00      -28.00
01029            1280.00      -36.00
01030            1360.00      -28.00
01031            1440.00      -32.00
01032            1520.00      -32.00
01033            1640.00      -28.00
01034            1640.00      -32.00
01035            1680.00      -32.00
01036            1720.00      -28.00
01037            1760.00      -28.00
01038            1840.00      -32.00
01039            1800.00      -28.00
01040            1800.00      -28.00
01041            1800.00      -28.00
01042            1840.00      -24.00
01043            1800.00      -32.00
01044            1760.00      -24.00
01045            1800.00      -24.00
01046            1720.00      -28.00
01047            1720.00      -24.00
01048            1720.00      -24.00
01049            1680.00      -24.00
01050            1680.00      -20.00
01051            1640.00      -20.00
01052            1600.00      -20.00
01053            1560.00      -24.00
01054            1520.00      -28.00
01055            1480.00      -24.00
01056            1480.00      -20.00
01057            1440.00      -28.00
01058            1440.00      -32.00
01059            1400.00      -24.00
01060            1400.00      -20.00
01061            1320.00      -20.00
01062            1280.00      -20.00
01063            1240.00      -24.00
01064            1200.00      -24.00
01065            1160.00      -20.00
01066            1120.00      -20.00
01067            1080.00      -24.00
01068            1000.00      -20.00
01069             960.00      -24.00
01070             920.00      -20.00
01071             920.00      -20.00
01072             920.00      -20.00
01073             920.00      -20.00
01074             920.00      -16.00
01075             960.00      -24.00
01076            1000.00      -20.00
01077            1040.00      -20.00
01078            1040.00      -20.00
01079            1040.00      -24.00
01080            1080.00      -20.00
01081            1080.00      -20.00
01082            1080.00      -20.00
01083            1040.00      -16.00
01084            1040.00      -20.00
01085            1000.00      -20.00
01086             920.00      -20.00
01087             880.00      -24.00
01088             880.00      -16.00
01089             800.00      -16.00
01090             720.00      -16.00
01091             680.00      -20.00
01092             640.00      -20.00
01093             560.00      -16.00
01094             480.00      -20.00
01095             440.00      -20.00
01096             360.00      -16.00
01097             280.00      -20.00
01098             240.00      -12.00
01099             200.00      -16.00
01100             120.00      -20.00
01101              40.00      -16.00
01102             -40.00      -16.00
01103            -160.00      -16.00
01104            -200.00      -20.00
01105            -400.00      -20.00
01106            -480.00      -20.00
01107            -640.00      -20.00
01108            -800.00      -16.00
01109            -920.00      -20.00
01110           -1080.00      -24.00
01111           -1200.00      -16.00
01112           -1320.00      -20.00
01113           -1480.00      -16.00
01114           -1560.00      -20.00
01115           -1680.00      -12.00
01116           -1800.00      -20.00
01117           -1920.00      -16.00
01118           -1960.00      -16.00
01119           -2000.00      -16.00
01120           -2120.00      -16.00
01121           -2240.00      -20.00
01122           -2360.00      -20.00
01123           -2440.00      -16.00
01124           -2600.00      -16.00
01125           -2720.00      -16.00
01126           -2760.00      -16.00
01127           -2920.00      -16.00
01128           -3000.00      -16.00
01129           -3120.00      -16.00
01130           -3200.00      -16.00
01131           -3320.00      -20.00
01132           -3360.00      -16.00
01133           -3400.00      -16.00
01134           -3480.00      -16.00
01135           -3480.00      -12.00
01136           -3520.00      -20.00
01137           -3520.00      -20.00
01138           -3520.00      -12.00
01139           -3520.00      -12.00
01140           -3560.00      -20.00
01141           -3520.00      -20.00
01142           -3560.00      -28.00
01143           -3560.00      -16.00
01144           -3480.00      -12.00
01145           -3480.00      -16.00
01146           -3440.00      -16.00
01147           -3440.00      -12.00
01148           -3440.00      -20.00
01149           -3400.00      -16.00
01150           -3400.00      -20.00
01151           -3320.00      -20.00
01152           -3320.00      -28.00
01153           -3280.00      -16.00
01154           -3280.00      -16.00
01155           -3200.00      -12.00
01156           -3160.00      -16.00
01157           -3080.00      -20.00
01158           -3000.00      -16.00
01159           -3000.00      -20.00
01160           -2840.00      -16.00
01161           -2720.00      -20.00
01162           -2600.00      -16.00
01163           -2480.00      -12.00
01164           -2320.00      -12.00
01165           -2200.00      -16.00
01166           -1960.00      -16.00
01167           -1800.00      -16.00
01168           -1600.00      -20.00
01169           -1440.00      -16.00
01170           -1320.00      -20.00
01171           -1080.00      -20.00
01172            -880.00      -16.00
01173            -800.00      -16.00
01174            -560.00      -12.00
01175            -440.00      -16.00
01176            -280.00      -16.00
01177             -80.00      -16.00
01178              40.00      -16.00
01179             200.00      -24.00
01180             280.00      -12.00
01181             480.00      -16.00
01182             560.00      -12.00
01183             680.00      -16.00
01184             800.00      -16.00
01185             880.00      -16.00
01186             920.00      -16.00
01187             920.00      -12.00
01188            1040.00      -20.00
01189            1040.00      -12.00
01190            1160.00      -12.00
01191            1200.00      -16.00
01192            1200.00      -16.00
01193            1240.00      -12.00
01194            1240.00      -20.00
01195            1200.00      -20.00
01196            1200.00      -16.00
01197            1200.00      -16.00
01198            1200.00      -12.00
01199            1240.00      -12.00
01200            1240.00      -16.00
01201            1280.00      -12.00
01202            1280.00      -16.00
01203            1320.00      -16.00
01204            1320.00      -12.00
01205            1360.00      -16.00
01206            1440.00      -16.00
01207            1480.00      -16.00
01208            1520.00      -20.00
01209            1520.00      -16.00
01210            1560.00      -16.00
01211            1600.00       -8.00
01212            1640.00      -12.00
01213            1600.00      -16.00
01214            1560.00      -16.00
01215            1560.00      -16.00
01216            1520.00      -16.00
01217            1520.00      -12.00
01218            1480.00      -16.00
01219            1480.00      -24.00
01220            1400.00      -12.00
01221            1400.00      -12.00
01222            1360.00      -16.00
01223            1360.00      -16.00
01224            1360.00      -16.00
01225            1360.00      -20.00
01226            1360.00      -20.00
01227            1360.00      -12.00
01228            1400.00      -16.00
01229            1440.00      -12.00
01230            1480.00      -16.00
01231            1480.00      -16.00
01232            1520.00      -12.00
01233            1520.00      -12.00
01234            1520.00      -16.00
01235            1560.00      -16.00
01236            1480.00      -16.00
01237            1480.00      -12.00
01238            1480.00      -16.00
01239            1440.00       -8.00
01240            1400.00      -12.00
01241            1280.00      -16.00
01242            1200.00      -16.00
01243            1120.00      -20.00
01244            1040.00      -16.00
01245             920.00      -12.00
01246             840.00      -16.00
01247             720.00      -12.00
01248             600.00      -16.00
01249             480.00      -12.00
01250             440.00      -16.00
01251             360.00      -16.00
01252             280.00      -16.00
01253             240.00      -20.00
01254             160.00      -12.00
01255              80.00      -16.00
01256              40.00      -16.00
01257               0.00      -16.00
01258             -80.00      -16.00
01259            -120.00      -16.00
01260            -240.00      -12.00
01261            -720.00      500.00
01262            -520.00      500.00
01263            -400.00      -28.00
01264            -280.00      -36.00
01265            -200.00      -32.00
01266             -40.00      -36.00
01267              80.00      -28.00
01268             200.00      -36.00
01269             320.00      -36.00
01270             440.00      -32.00
01271             520.00      -44.00
01272             640.00      -36.00
01273             840.00      -28.00
01274             880.00      -32.00
01275             960.00      -28.00
01276            1040.00      -24.00
01277            1120.00      -32.00
01278            1200.00      -36.00
01279            1280.00      -32.00
01280            1360.00      -32.00
01281            1480.00      -28.00
01282            1560.00      -32.00
01283            1640.00      -28.00
01284            1640.00      -28.00
01285            1680.00      -24.00
01286            1760.00      -28.00
01287            1800.00      -28.00
01288            1760.00      -28.00
01289            1800.00      -28.00
01290            1800.00      -28.00
01291            1800.00      -24.00
01292            1800.00      -24.00
01293            1840.00      -20.00
01294            1800.00      -28.00
01295            1760.00      -28.00
01296            1760.00      -24.00
01297            1720.00      -28.00
01298            1720.00      -24.00
01299            1680.00      -24.00
01300            1680.00      -20.00
01301            1640.00      -24.00
01302            1600.00      -24.00
01303            1560.00      -24.00
01304            1520.00      -24.00
01305            1520.00      -24.00
01306            1480.00      -24.00
01307            1440.00      -16.00
01308            1400.00      -24.00
01309            1400.00      -20.00
01310            1320.00      -24.00
01311            1320.00      -24.00
01312            1280.00      -24.00
01313            1240.00      -20.00
01314            1200.00      -20.00
01315            1160.00      -20.00
01316            1080.00      -24.00
01317            1080.00      -20.00
01318            1000.00      -28.00
01319             960.00      -24.00
01320             960.00      -20.00
01321             920.00      -24.00
01322             920.00      -24.00
01323             920.00      -20.00
01324             960.00      -16.00
01325             960.00      -20.00
01326            1000.00      -24.00
01327            1000.00      -24.00
01328            1040.00      -20.00
01329            1080.00      -28.00
01330            1080.00      -24.00
01331            1040.00      -24.00
01332            1080.00      -20.00
01333            1080.00      -20.00
01334            1000.00      -24.00
01335            1000.00      -20.00
01336             920.00      -20.00
01337             920.00      -24.00
01338             880.00      -20.00
01339             800.00      -16.00
01340             720.00      -20.00
01341             680.00      -20.00
01342             600.00      -24.00
01343             560.00      -16.00
01344             520.00      -24.00
01345             440.00      -20.00
01346             360.00      -20.00
01347             320.00      -16.00
01348             280.00      -20.00
01349             200.00      -20.00
01350             120.00      -16.00
01351               0.00      -20.00
01352             -40.00      -20.00
01353            -120.00      -24.00
01354            -280.00      -24.00
01355            -360.00      -20.00
01356            -520.00      -20.00
01357            -640.00      -16.00
01358            -800.00      -16.00
01359            -920.00      -16.00
01360           -1080.00      -12.00
01361           -1200.00      -20.00
01362           -1320.00      -20.00
01363           -1440.00      -24.00
01364           -1560.00      -20.00
01365           -1680.00      -24.00
01366           -1760.00      -20.00
01367           -1880.00      -24.00
01368           -1960.00      -20.00
01369           -2040.00      -16.00
01370           -2160.00      -20.00
01371           -2200.00       -8.00
01372           -2320.00      -20.00
01373           -2480.00      -16.00
01374           -2560.00      -20.00
01375           -2720.00      -20.00
01376           -2800.00      -20.00
01377           -2960.00      -20.00
01378           -3040.00      -12.00
01379           -3120.00      -20.00
01380           -3200.00      -16.00
01381           -3320.00      -20.00
01382           -3360.00      -16.00
01383           -3440.00      -20.00
01384           -3440.00      -16.00
01385           -3480.00      -20.00
01386           -3520.00      -20.00
01387           -3520.00      -16.00
01388           -3520.00      -20.00
01389           -3560.00      -16.00
01390           -3560.00      -16.00
01391           -3560.00      -16.00
01392           -3560.00      -24.00
01393           -3520.00      -16.00
01394           -3480.00      -12.00
01395           -3520.00      -16.00
01396           -3480.00      -16.00
01397           -3440.00      -24.00
01398           -3440.00      -16.00
01399           -3400.00      -20.00
01400           -3360.00      -20.00
01401           -3360.00      -20.00
01402           -3320.00      -16.00
01403           -3320.00      -12.00
01404           -3240.00      -24.00
01405           -3240.00      -20.00
01406           -3160.00      -16.00
01407           -3080.00      -16.00
01408           -3040.00      -16.00
01409           -2960.00      -20.00
01410           -2840.00      -16.00
01411           -2760.00      -16.00
01412           -2640.00      -16.00
01413           -2480.00      -16.00
01414           -2360.00      -20.00
01415           -2160.00      -20.00
01416           -2000.00      -16.00
01417           -1800.00      -16.00
01418           -1560.00      -16.00
01419           -1440.00      -16.00
01420           -1280.00      -24.00
01421           -1080.00      -16.00
01422            -880.00      -12.00
01423            -800.00      -16.00
01424            -600.00      -16.00
01425            -480.00      -16.00
01426            -240.00      -16.00
01427            -120.00      -16.00
01428              40.00      -20.00
01429             200.00      -20.00
01430             320.00      -20.00
01431             480.00      -20.00
01432             640.00      -20.00
01433             680.00      -20.00
01434             800.00      -20.00
01435             880.00      -20.00
01436             920.00      -16.00
01437            1000.00      -16.00
01438            1000.00      -16.00
01439            1040.00      -16.00
01440            1120.00      -20.00
01441            1200.00      -12.00
01442            1200.00      -16.00
01443            1240.00      -12.00
01444            1200.00      -16.00
01445            1240.00      -20.00
01446            1200.00      -16.00
01447            1200.00      -16.00
01448            1200.00      -16.00
01449            1200.00      -20.00
01450            1200.00      -12.00
01451            1240.00      -16.00
01452            1240.00      -24.00
01453            1320.00      -16.00
01454            1360.00      -24.00
01455            1360.00      -20.00
01456            1400.00      -20.00
01457            1480.00      -20.00
01458            1520.00      -12.00
01459            1520.00      -16.00
01460            1600.00      -16.00
01461            1560.00      -16.00
01462            1600.00      -20.00
01463            1600.00      -20.00
01464            1600.00      -20.00
01465            1560.00      -20.00
01466            1560.00      -16.00
01467            1520.00      -20.00
01468            1480.00      -20.00
01469            1440.00      -20.00
01470            1440.00      -16.00
01471            1400.00      -16.00
01472            1360.00      -16.00
01473            1360.00      -16.00
01474            1360.00      -16.00
01475            1400.00      -16.00
01476            1360.00      -16.00
01477            1400.00      -20.00
01478            1360.00      -16.00
01479            1440.00      -16.00
01480            1440.00      -16.00
01481            1480.00      -20.00
01482            1480.00      -16.00
01483            1520.00      -16.00
01484            1480.00      -12.00
01485            1520.00      -16.00
01486            1520.00      -20.00
01487            1520.00      -20.00
01488            1480.00      -20.00
01489            1440.00      -16.00
01490            1360.00      -20.00
01491            1320.00      -20.00
01492            1200.00      -20.00
01493            1120.00      -16.00
01494            1040.00      -12.00
01495             920.00      -16.00
01496             840.00      -16.00
01497             720.00      -16.00
01498             640.00      -20.00
01499             520.00      -16.00
01500             440.00      -16.00
01501             400.00      -20.00
01502             280.00      -16.00
01503             200.00      -20.00
01504             120.00      -12.00
01505              80.00      -12.00
01506               0.00      -20.00
01507               0.00      -12.00
01508             -80.00      -16.00
01509            -200.00      -20.00
01510            -240.00      -20.00
01511            -720.00      500.00
01512            -600.00      500.00
01513            -480.00      -24.00
01514            -280.00      -40.00
01515            -160.00      -36.00
01516             -40.00      -36.00
01517             120.00      -32.00
01518             240.00      -36.00
01519             320.00      -36.00
01520             440.00      -32.00
01521             520.00      -32.00
01522             640.00      -28.00
01523             760.00      -32.00
01524             800.00      -28.00
01525             960.00      -36.00
01526            1040.00      -28.00
01527            1160.00      -24.00
01528            1240.00      -28.00
01529            1320.00      -28.00
01530            1400.00      -28.00
01531            1440.00      -28.00
01532            1520.00      -28.00
01533            1600.00      -28.00
01534            1640.00      -24.00
01535            1720.00      -24.00
01536            1720.00      -28.00
01537            1760.00      -32.00
01538            1760.00      -24.00
01539            1800.00      -24.00
01540            1800.00      -20.00
01541            1800.00      -16.00
01542            1800.00      -16.00
01543            1840.00      -20.00
01544            1760.00      -20.00
01545            1760.00      -20.00
01546            1760.00      -24.00
01547            1760.00      -24.00
01548            1720.00      -20.00
01549            1720.00      -20.00
01550            1680.00      -24.00
01551            1600.00      -16.00
01552            1600.00      -16.00
01553            1560.00      -16.00
01554            1560.00      -20.00
01555            1520.00      -20.00
01556            1480.00      -20.00
01557            1440.00      -28.00
01558            1440.00       -8.00
01559            1400.00      -20.00
01560            1320.00      -20.00
01561            1320.00      -20.00
01562            1280.00      -20.00
01563            1240.00      -20.00
01564            1200.00      -20.00
01565            1120.00      -16.00
01566            1080.00      -20.00
01567            1080.00      -20.00
01568            1000.00      -16.00
01569             920.00      -20.00
01570             960.00      -16.00
01571             920.00      -20.00
01572             880.00      -20.00
01573             920.00      -16.00
01574             960.00      -16.00
01575            1000.00      -20.00
01576            1000.00      -20.00
01577            1040.00      -16.00
01578            1040.00        0.00
01579            1040.00      -16.00
01580            1040.00      -16.00
01581            1080.00      -20.00
01582            1080.00      -24.00
01583            1080.00      -16.00
01584            1000.00      -16.00
01585            1000.00      -16.00
01586             920.00      -16.00
01587             920.00      -16.00
01588             880.00      -16.00
01589             800.00      -12.00
01590             760.00      -20.00
01591             640.00      -16.00
01592             600.00      -16.00
01593             560.00      -16.00
01594             520.00      -16.00
01595             440.00      -20.00
01596             360.00      -16.00
01597             280.00      -16.00
01598             240.00      -16.00
01599             160.00      -12.00
01600             120.00      -16.00
01601              40.00      -16.00
01602             -40.00      -20.00
01603            -120.00      -12.00
01604            -240.00      -20.00
01605            -360.00      -12.00
01606            -480.00      -16.00
01607            -640.00      -12.00
01608            -760.00      -16.00
01609            -920.00      -16.00
01610           -1080.00      -16.00
01611           -1200.00      -16.00
01612           -1360.00      -20.00
01613           -1480.00      -16.00
01614           -1560.00      -16.00
01615           -1720.00      -12.00
01616           -1800.00       -8.00
01617           -1920.00      -20.00
01618           -2000.00      -20.00
01619           -2040.00      -20.00
01620           -2120.00      -20.00
01621           -2200.00      -16.00
01622           -2320.00      -16.00
01623           -2440.00      -16.00
01624           -2600.00      -20.00
01625           -2680.00      -12.00
01626           -2800.00      -16.00
01627           -2960.00      -16.00
01628           -3080.00      -16.00
01629           -3120.00      -20.00
01630           -3200.00      -16.00
01631           -3320.00      -24.00
01632           -3360.00      -16.00
01633           -3400.00      -16.00
01634           -3480.00      -16.00
01635           -3480.00      -12.00
01636           -3520.00      -16.00
01637           -3560.00      -16.00
01638           -3520.00      -16.00
01639           -3520.00      -20.00
01640           -3560.00      -16.00
01641           -3520.00      -16.00
01642           -3520.00      -16.00
01643           -3520.00      -16.00
01644           -3480.00      -20.00
01645           -3480.00      -12.00
01646           -3480.00      -16.00
01647           -3440.00      -16.00
01648           -3440.00      -16.00
01649           -3440.00      -20.00
01650           -3400.00      -20.00
01651           -3360.00      -16.00
01652           -3320.00      -16.00
01653           -3280.00      -16.00
01654           -3240.00      -16.00
01655           -3160.00      -12.00
01656           -3200.00      -16.00
01657           -3080.00      -16.00
01658           -3040.00      -16.00
01659           -2960.00      -16.00
01660           -2880.00      -16.00
01661           -2720.00      -12.00
01662           -2640.00      -16.00
01663           -2480.00      -16.00
01664           -2320.00      -16.00
01665           -2120.00      -16.00
01666           -1920.00      -24.00
01667           -1840.00      -12.00
01668           -1640.00      -20.00
01669           -1480.00      -24.00
01670           -1360.00      -20.00
01671           -1120.00      -20.00
01672            -880.00      -16.00
01673            -800.00      -16.00
01674            -600.00      -16.00
01675            -400.00      -20.00
01676            -280.00      -24.00
01677             -80.00      -20.00
01678              40.00      -20.00
01679             240.00      -24.00
01680             360.00      -24.00
01681             440.00      -16.00
01682             600.00      -16.00
01683             680.00      -24.00
01684             800.00      -16.00
01685             880.00      -16.00
01686             960.00      -20.00
01687             960.00      -20.00
01688            1040.00      -16.00
01689            1040.00      -12.00
01690            1120.00      -16.00
01691            1160.00      -16.00
01692            1200.00      -16.00
01693            1200.00      -16.00
01694            1240.00      -20.00
01695            1200.00      -20.00
01696            1200.00      -24.00
01697            1200.00      -20.00
01698            1160.00      -20.00
01699            1200.00      -20.00
01700            1240.00      -24.00
01701            1240.00      -20.00
01702            1280.00      -20.00
01703            1280.00      -20.00
01704            1360.00      -16.00
01705            1400.00      -16.00
01706            1440.00      -20.00
01707            1480.00      -20.00
01708            1520.00      -24.00
01709            1520.00      -24.00
01710            1600.00      -16.00
01711            1600.00      -12.00
01712            1600.00      -20.00
01713            1600.00      -16.00
01714            1600.00      -20.00
01715            1560.00      -12.00
01716            1520.00      -20.00
01717            1520.00      -16.00
01718            1440.00      -16.00
01719            1440.00      -24.00
01720            1400.00      -20.00
01721            1400.00      -20.00
01722            1360.00      -20.00
01723            1400.00      -20.00
01724            1360.00      -20.00
01725            1360.00      -24.00
01726            1360.00      -16.00
01727            1360.00      -20.00
01728            1360.00      -16.00
01729            1440.00      -20.00
01730            1440.00      -16.00
01731            1480.00      -16.00
01732            1480.00      -20.00
01733            1520.00      -20.00
01734            1520.00      -20.00
01735            1520.00      -16.00
01736            1520.00      -20.00
01737            1520.00      -16.00
01738            1520.00      -16.00
01739            1440.00      -16.00
01740            1360.00      -16.00
01741            1280.00      -12.00
01742            1240.00      -20.00
01743            1120.00      -16.00
01744            1040.00      -20.00
01745             920.00      -20.00
01746             800.00      -20.00
01747             720.00      -20.00
01748             640.00      -16.00
01749             520.00      -16.00
01750             400.00      -16.00
01751             360.00      -20.00
01752             240.00      -24.00
01753             200.00      -32.00
01754             160.00      -20.00
01755             120.00      -16.00
01756               0.00      -20.00
01757               0.00      -20.00
01758             -80.00      -20.00
01759            -160.00      -20.00
01760            -280.00      -16.00
01761            -720.00      500.00
01762            -600.00      500.00
01763            -440.00      -24.00
01764            -360.00      -32.00
01765            -160.00      -36.00
01766             -40.00      -40.00
01767              80.00      -32.00
01768             240.00      -36.00
01769             400.00      -36.00
01770             440.00      -32.00
01771             560.00      -40.00
01772             640.00      -32.00
01773             720.00      -36.00
01774             840.00      -24.00
01775             920.00      -36.00
01776            1080.00      -32.00
01777            1160.00      -28.00
01778            1200.00      -32.00
01779            1320.00      -28.00
01780            1400.00      -32.00
01781            1480.00      -32.00
01782            1520.00      -28.00
01783            1600.00      -32.00
01784            1680.00      -24.00
01785            1720.00      -28.00
01786            1760.00      -24.00
01787            1760.00      -28.00
01788            1760.00      -28.00
01789            1800.00      -28.00
01790            1840.00      -24.00
01791            1840.00      -28.00
01792            1800.00      -32.00
01793            1840.00      -24.00
01794            1800.00      -24.00
01795            1800.00      -20.00
01796            1760.00      -24.00
01797            1760.00      -24.00
01798            1720.00      -20.00
01799            1720.00      -24.00
01800            1680.00      -28.00
01801            1640.00      -24.00
01802            1600.00      -28.00
01803            1520.00      -20.00
01804            1520.00      -32.00
01805            1480.00      -20.00
01806            1480.00      -20.00
01807            1440.00      -20.00
01808            1400.00      -24.00
01809            1360.00      -24.00
01810            1360.00      -20.00
01811            1280.00      -24.00
01812            1320.00      -24.00
01813            1240.00      -28.00
01814            1200.00      -20.00
01815            1160.00      -20.00
01816            1120.00      -20.00
01817            1040.00      -20.00
01818            1000.00      -20.00
01819            1000.00      -20.00
01820             920.00      -20.00
01821             920.00      -20.00
01822             920.00      -20.00
01823             960.00      -20.00
01824             920.00      -20.00
01825            1000.00      -20.00
01826            1000.00      -20.00
01827            1000.00      -16.00
01828            1040.00      -20.00
01829            1080.00      -16.00
01830            1080.00      -20.00
01831            1080.00      -20.00
01832            1040.00      -20.00
01833            1040.00      -16.00
01834            1040.00      -20.00
01835            1000.00      -24.00
01836             960.00      -20.00
01837             920.00      -24.00
01838             840.00      -16.00
01839             800.00      -20.00
01840             760.00      -16.00
01841             680.00      -16.00
01842             600.00      -12.00
01843             560.00      -16.00
01844             480.00      -16.00
01845             440.00      -24.00
01846             360.00      -20.00
01847             320.00      -24.00
01848             240.00      -16.00
01849             160.00      -20.00
01850             120.00      -20.00
01851              40.00      -16.00
01852             -40.00      -16.00
01853            -160.00      -16.00
01854            -240.00      -20.00
01855            -360.00      -16.00
01856            -480.00      -20.00
01857            -600.00      -20.00
01858            -720.00      -16.00
01859            -960.00      -20.00
01860           -1080.00      -16.00
01861           -1200.00      -16.00
01862           -1320.00      -16.00
01863           -1440.00      -12.00
01864           -1560.00      -20.00
01865           -1720.00      -20.00
01866           -1760.00      -12.00
01867           -1880.00      -16.00
01868           -2000.00      -20.00
01869           -2040.00      -12.00
01870           -2160.00      -20.00
01871           -2240.00      -16.00
01872           -2360.00      -16.00
01873           -2480.00      -20.00
01874           -2560.00      -16.00
01875           -2720.00      -20.00
01876           -2800.00      -16.00
01877           -2960.00      -12.00
01878           -3040.00      -16.00
01879           -3160.00      -20.00
01880           -3240.00      -16.00
01881           -3320.00      -16.00
01882           -3360.00      -16.00
01883           -3400.00      -16.00
01884           -3480.00      -16.00
01885           -3480.00      -16.00
01886           -3520.00      -16.00
01887           -3560.00      -12.00
01888           -3520.00      -16.00
01889           -3560.00      -12.00
01890           -3560.00      -16.00
01891           -3520.00      -12.00
01892           -3520.00      -20.00
01893           -3520.00      -16.00
01894           -3520.00      -16.00
01895           -3480.00      -16.00
01896           -3480.00      -20.00
01897           -3440.00      -16.00
01898           -3400.00      -16.00
01899           -3440.00      -16.00
01900           -3360.00      -12.00
01901           -3360.00      -24.00
01902           -3320.00      -12.00
01903           -3280.00      -16.00
01904           -3280.00      -16.00
01905           -3200.00      -16.00
01906           -3160.00      -16.00
01907           -3120.00      -16.00
01908           -3040.00      -16.00
01909           -2960.00      -12.00
01910           -2880.00      -20.00
01911           -2720.00      -12.00
01912           -2600.00      -16.00
01913           -2520.00      -12.00
01914           -2320.00      -16.00
01915           -2160.00      -16.00
01916           -2000.00      -16.00
01917           -1840.00      -16.00
01918           -1640.00      -16.00
01919           -1440.00      -16.00
01920           -1280.00      -12.00
01921           -1120.00      -12.00
01922            -920.00      -16.00
01923            -680.00      -12.00
01924            -640.00      -16.00
01925            -440.00      -16.00
01926            -280.00      -20.00
01927            -120.00      -12.00
01928               0.00      -16.00
01929             160.00      -12.00
01930             360.00      -16.00
01931             480.00      -16.00
01932             600.00      -20.00
01933             680.00      -12.00
01934             760.00      -16.00
01935             920.00      -16.00
01936             920.00       -8.00
01937             960.00      -12.00
01938            1000.00      -16.00
01939            1040.00      -16.00
01940            1080.00      -20.00
01941            1160.00      -12.00
01942            1200.00      -12.00
01943            1200.00      -12.00
01944            1200.00      -16.00
01945            1240.00      -12.00
01946            1200.00      -12.00
01947            1200.00      -20.00
01948            1200.00      -16.00
01949            1200.00      -20.00
01950            1240.00       -8.00
01951            1240.00      -12.00
01952            1280.00      -16.00
01953            1280.00      -16.00
01954            1320.00      -16.00
01955            1400.00      -16.00
01956            1440.00      -16.00
01957            1480.00      -16.00
01958            1520.00      -16.00
01959            1560.00      -16.00
01960            1520.00      -16.00
01961            1560.00      -12.00
01962            1560.00      -16.00
01963            1640.00      -20.00
01964            1600.00      -12.00
01965            1600.00      -12.00
01966            1520.00      -12.00
01967            1520.00      -20.00
01968            1480.00      -12.00
01969            1440.00      -16.00
01970            1400.00      -16.00
01971            1400.00      -16.00
01972            1360.00      -16.00
01973            1400.00      -16.00
01974            1360.00      -16.00
01975            1360.00      -12.00
01976            1360.00      -16.00
01977            1400.00       -4.00
01978            1400.00      -12.00
01979            1440.00      -12.00
01980            1480.00      -12.00
01981            1480.00      -20.00
01982            1480.00      -12.00
01983            1520.00      -16.00
01984            1520.00      -12.00
01985            1480.00      -20.00
01986            1520.00      -12.00
01987            1520.00      -16.00
01988            1480.00      -20.00
01989            1440.00      -12.00
01990            1400.00      -16.00
01991            1280.00      -16.00
01992            1200.00      -20.00
01993            1120.00      -12.00
01994            1040.00      -12.00
01995             960.00      -12.00
01996             840.00      -20.00
01997             680.00      -16.00
01998             640.00      -20.00
01999             520.00      -16.00
02000             400.00      -12.00
02001             360.00      -20.00
02002             240.00      -16.00
02003             200.00      -16.00
02004              80.00      -16.00
02005              40.00      -12.00
02006              40.00      -12.00
02007             -40.00      -20.00
02008            -160.00      -12.00
02009            -160.00      -16.00
02010            -240.00      -16.00
02011            -680.00      500.00
02012            -600.00      500.00
02013            -480.00      -28.00
02014            -360.00      -36.00
02015            -120.00      -32.00
02016              40.00      -40.00
02017             120.00      -36.00
02018             200.00      -36.00
02019             320.00      -36.00
02020             440.00      -32.00
02021             560.00      -32.00
02022             680.00      -36.00
02023             720.00      -32.00
02024             840.00      -28.00
02025             920.00      -36.00
02026            1040.00      -36.00
02027            1120.00      -32.00
02028            1240.00      -32.00
02029            1320.00      -32.00
02030            1320.00      -32.00
02031            1480.00      -28.00
02032            1520.00      -24.00
02033            1560.00      -32.00
02034            1680.00      -32.00
02035            1680.00      -24.00
02036            1760.00      -28.00
02037            1760.00      -28.00
02038            1800.00      -24.00
02039            1800.00      -20.00
02040            1800.00      -28.00
02041            1840.00      -28.00
02042            1800.00      -24.00
02043            1800.00      -24.00
02044            1800.00      -24.00
02045            1760.00      -28.00
02046            1760.00      -28.00
02047            1760.00      -24.00
02048            1720.00      -28.00
02049            1720.00      -28.00
02050            1680.00      -24.00
02051            1640.00      -24.00
02052            1560.00      -28.00
02053            1520.00      -20.00
02054            1520.00      -20.00
02055            1520.00      -24.00
02056            1480.00      -24.00
02057            1440.00      -24.00
02058            1440.00      -20.00
02059            1360.00      -20.00
02060            1400.00      -24.00
02061            1320.00      -24.00
02062            1280.00      -20.00
02063            1240.00      -20.00
02064            1240.00      -24.00
02065            1160.00      -24.00
02066            1080.00      -20.00
02067            1040.00      -24.00
02068            1000.00      -24.00
02069             960.00      -16.00
02070             960.00      -20.00
02071             920.00      -20.00
02072             920.00      -20.00
02073             960.00      -20.00
02074             920.00      -20.00
02075            1000.00      -24.00
02076            1000.00      -24.00
02077            1040.00      -16.00
02078            1040.00      -20.00
02079            1080.00      -20.00
02080            1080.00      -20.00
02081            1080.00      -24.00
02082            1120.00      -24.00
02083            1080.00      -20.00
02084            1000.00      -24.00
02085             960.00      -20.00
02086             960.00      -20.00
02087             920.00      -20.00
02088             840.00      -20.00
02089             800.00      -16.00
02090             760.00      -20.00
02091             680.00      -20.00
02092             600.00      -24.00
02093             520.00      -20.00
02094             480.00      -16.00
02095             440.00      -24.00
02096             400.00      -20.00
02097             320.00      -16.00
02098             240.00      -20.00
02099             160.00      -16.00
02100             120.00      -20.00
02101              40.00      -24.00
02102             -80.00      -16.00
02103            -120.00      -20.00
02104            -240.00      -20.00
02105            -360.00      -24.00
02106            -480.00      -16.00
02107            -640.00      -20.00
02108            -800.00      -16.00
02109            -920.00      -20.00
02110           -1040.00      -20.00
02111           -1240.00      -28.00
02112           -1320.00      -12.00
02113           -1480.00      -16.00
02114           -1560.00      -20.00
02115           -1680.00      -20.00
02116           -1760.00      -12.00
02117           -1880.00      -20.00
02118           -2000.00      -20.00
02119           -2080.00      -20.00
02120           -2160.00      -16.00
02121           -2280.00      -16.00
02122           -2360.00      -20.00
02123           -2400.00      -20.00
02124           -2600.00      -24.00
02125           -2680.00      -24.00
02126           -2800.00      -16.00
02127           -2960.00      -16.00
02128           -3040.00      -24.00
02129           -3160.00      -16.00
02130           -3240.00      -20.00
02131           -3280.00      -20.00
02132           -3360.00      -16.00
02133           -3400.00      -20.00
02134           -3440.00      -20.00
02135           -3520.00      -24.00
02136           -3520.00      -16.00
02137           -3560.00      -20.00
02138           -3520.00      -20.00
02139           -3560.00      -16.00
02140           -3520.00      -16.00
02141           -3560.00      -12.00
02142           -3560.00      -16.00
02143           -3520.00      -12.00
02144           -3480.00      -24.00
02145           -3480.00      -16.00
02146           -3480.00      -16.00
02147           -3440.00      -20.00
02148           -3440.00      -16.00
02149           -3440.00      -20.00
02150           -3360.00      -20.00
02151           -3320.00      -12.00
02152           -3320.00      -20.00
02153           -3280.00      -20.00
02154           -3240.00      -20.00
02155           -3240.00      -16.00
02156           -3160.00      -16.00
02157           -3080.00      -16.00
02158           -3040.00      -16.00
02159           -2960.00      -20.00
02160           -2880.00      -16.00
02161           -2760.00      -20.00
02162           -2640.00      -20.00
02163           -2440.00      -20.00
02164           -2320.00      -16.00
02165           -2160.00      -20.00
02166           -1960.00      -24.00
02167           -1880.00      -16.00
02168           -1640.00      -16.00
02169           -1440.00      -16.00
02170           -1320.00      -12.00
02171           -1080.00      -16.00
02172            -920.00      -20.00
02173            -720.00      -16.00
02174            -600.00      -20.00
02175            -400.00      -16.00
02176            -280.00      -20.00
02177             -80.00      -20.00
02178               0.00      -16.00
02179             200.00      -16.00
02180             360.00      -16.00
02181             480.00      -12.00
02182             560.00      -16.00
02183             680.00      -12.00
02184             760.00      -16.00
02185             880.00      -20.00
02186             880.00      -16.00
02187            1000.00      -20.00
02188            1000.00      -20.00
02189            1120.00      -20.00
02190            1120.00      -20.00
02191            1200.00      -20.00
02192            1160.00      -16.00
02193            1200.00      -12.00
02194            1200.00      -20.00
02195            1200.00      -12.00
02196            1200.00      -16.00
02197            1200.00      -16.00
02198            1200.00      -16.00
02199            1200.00      -16.00
02200            1240.00      -16.00
02201            1240.00      -20.00
02202            1280.00      -16.00
02203            1320.00      -16.00
02204            1360.00      -16.00
02205            1400.00      -16.00
02206            1440.00      -16.00
02207            1440.00      -20.00
02208            1480.00      -20.00
02209            1560.00      -12.00
02210            1560.00      -16.00
02211            1600.00      -24.00
02212            1640.00      -12.00
02213            1600.00      -20.00
02214            1560.00      -20.00
02215            1560.00      -16.00
02216            1560.00      -20.00
02217            1520.00      -16.00
02218            1480.00      -16.00
02219            1440.00      -20.00
02220            1440.00      -20.00
02221            1400.00      -12.00
02222            1360.00      -16.00
02223            1360.00      -20.00
02224            1360.00      -16.00
02225            1360.00      -16.00
02226            1360.00      -20.00
02227            1360.00      -16.00
02228            1400.00      -16.00
02229            1440.00      -16.00
02230            1440.00      -16.00
02231            1480.00      -12.00
02232            1440.00      -12.00
02233            1520.00      -16.00
02234            1520.00      -16.00
02235            1560.00      -16.00
02236            1520.00      -16.00
02237            1520.00      -16.00
02238            1480.00      -16.00
02239            1440.00      -12.00
02240            1360.00      -16.00
02241            1320.00      -16.00
02242            1240.00      -20.00
02243            1160.00      -16.00
02244            1040.00      -12.00
02245             920.00      -16.00
02246             840.00      -24.00
02247             720.00      -20.00
02248             600.00      -16.00
02249             520.00      -16.00
02250             440.00      -12.00
02251             360.00      -16.00
02252             320.00      -20.00
02253             240.00      -12.00
02254             160.00      -16.00
02255              80.00      -20.00
02256              40.00      -16.00
02257             -40.00      -16.00
02258            -120.00      -16.00
02259            -160.00      -16.00
02260            -240.00      -16.00
02261            -800.00      500.00
02262            -600.00      500.00
02263            -400.00     -168.00
02264            -280.00      -36.00
02265            -200.00      -36.00
02266             -80.00      -36.00
02267             120.00      -32.00
02268             200.00      -32.00
02269             320.00      -28.00
02270             480.00      -28.00
02271             520.00      -32.00
02272             680.00      -36.00
02273             800.00      -28.00
02274             880.00      -32.00
02275             960.00      -28.00
02276            1000.00      -32.00
02277            1080.00      -28.00
02278            1200.00      -28.00
02279            1280.00      -24.00
02280            1360.00      -24.00
02281            1440.00      -28.00
02282            1520.00      -24.00
02283            1560.00      -32.00
02284            1680.00      -24.00
02285            1680.00      -24.00
02286            1720.00      -28.00
02287            1760.00      -24.00
02288            1800.00      -20.00
02289            1800.00      -20.00
02290            1800.00      -28.00
02291            1800.00      -20.00
02292            1800.00      -20.00
02293            1800.00      -20.00
02294            1760.00      -20.00
02295            1800.00      -24.00
02296            1760.00      -20.00
02297            1760.00      -28.00
02298            1720.00      -20.00
02299            1680.00      -20.00
02300            1640.00      -16.00
02301            1640.00      -20.00
02302            1600.00      -20.00
02303            1560.00      -20.00
02304            1560.00      -20.00
02305            1520.00      -24.00
02306            1480.00      -16.00
02307            1480.00      -20.00
02308            1440.00      -16.00
02309            1360.00      -24.00
02310            1360.00      -20.00
02311            1320.00      -12.00
02312            1280.00      -24.00
02313            1240.00      -16.00
02314            1200.00      -20.00
02315            1160.00      -16.00
02316            1120.00      -12.00
02317            1080.00      -12.00
02318            1000.00      -16.00
02319             960.00      -20.00
02320             920.00      -16.00
02321             920.00      -16.00
02322             920.00      -20.00
02323             880.00      -16.00
02324             920.00      -24.00
02325            1000.00      -12.00
02326            1000.00      -16.00
02327            1040.00      -16.00
02328            1040.00      -16.00
02329            1080.00      -12.00
02330            1080.00      -16.00
02331            1080.00      -16.00
02332            1080.00      -20.00
02333            1080.00      -12.00
02334            1000.00      -20.00
02335            1000.00      -20.00
02336             920.00      -12.00
02337             880.00      -12.00
02338             840.00      -16.00
02339             800.00      -20.00
02340             720.00      -16.00
02341             680.00      -12.00
02342             600.00      -12.00
02343             560.00      -16.00
02344             520.00      -16.00
02345             440.00      -16.00
02346             360.00      -16.00
02347             280.00      -16.00
02348             240.00      -20.00
02349             160.00      -16.00
02350              80.00      -16.00
02351              40.00      -20.00
02352               0.00      -16.00
02353            -160.00      -16.00
02354            -200.00      -12.00
02355            -320.00      -16.00
02356            -480.00      -12.00
02357            -600.00      -16.00
02358            -760.00      -16.00
02359            -960.00      -20.00
02360           -1040.00      -12.00
02361           -1240.00      -16.00
02362           -1360.00      -20.00
02363           -1480.00      -16.00
02364           -1600.00      -16.00
02365           -1680.00      -12.00
02366           -1800.00      -12.00
02367           -1880.00      -20.00
02368           -1960.00      -16.00
02369           -2040.00      -16.00
02370           -2160.00      -12.00
02371           -2240.00      -16.00
02372           -2320.00      -20.00
02373           -2440.00      -16.00
02374           -2600.00      -12.00
02375           -2680.00      -16.00
02376           -2840.00      -16.00
02377           -2960.00      -20.00
02378           -3000.00      -16.00
02379           -3120.00      -16.00
02380           -3200.00      -12.00
02381           -3320.00      -16.00
02382           -3360.00      -20.00
02383           -3440.00      -24.00
02384           -3440.00      -16.00
02385           -3480.00      -16.00
02386           -3520.00      -16.00
02387           -3520.00      -20.00
02388           -3560.00      -20.00
02389           -3560.00      -20.00
02390           -3520.00      -16.00
02391           -3560.00      -20.00
02392           -3560.00      -16.00
02393           -3520.00      -16.00
02394           -3520.00      -12.00
02395           -3480.00      -16.00
02396           -3440.00      -12.00
02397           -3440.00      -20.00
02398           -3440.00      -16.00
02399           -3400.00      -20.00
02400           -3360.00      -12.00
02401           -3360.00      -20.00
02402           -3320.00      -16.00
02403           -3320.00      -20.00
02404           -3240.00      -20.00
02405           -3200.00      -24.00
02406           -3120.00      -20.00
02407           -3080.00      -16.00
02408           -3040.00      -24.00
02409           -2960.00      -12.00
02410           -2880.00      -20.00
02411           -2720.00      -16.00
02412           -2560.00      -16.00
02413           -2480.00      -20.00
02414           -2320.00      -16.00
02415           -2160.00      -20.00
02416           -1960.00      -16.00
02417           -1800.00      -16.00
02418           -1600.00      -20.00
02419           -1400.00      -16.00
02420           -1240.00      -20.00
02421           -1160.00      -16.00
02422           -1000.00       -8.00
02423            -720.00      -20.00
02424            -640.00      -16.00
02425            -400.00      -24.00
02426            -280.00      -20.00
02427             -80.00      -16.00
02428               0.00      -20.00
02429             200.00      -20.00
02430             360.00      -12.00
02431             400.00      -20.00
02432             560.00      -16.00
02433             680.00      -16.00
02434             760.00      -16.00
02435             880.00      -16.00
02436             880.00      -16.00
02437            1040.00      -20.00
02438            1040.00      -20.00
02439            1120.00      -20.00
02440            1080.00      -20.00
02441            1120.00      -16.00
02442            1200.00      -20.00
02443            1240.00      -20.00
02444            1200.00      -16.00
02445            1200.00      -16.00
02446            1160.00      -12.00
02447            1200.00      -16.00
02448            1200.00      -20.00
02449            1240.00      -16.00
02450            1240.00      -16.00
02451            1240.00      -16.00
02452            1280.00      -20.00
02453            1320.00      -24.00
02454            1320.00      -20.00
02455            1360.00      -24.00
02456            1440.00      -12.00
02457            1480.00      -24.00
02458            1520.00      -16.00
02459            1520.00      -20.00
02460            1600.00      -20.00
02461            1600.00      -16.00
02462            1600.00      -20.00
02463            1600.00      -16.00
02464            1600.00      -16.00
02465            1560.00      -20.00
02466            1560.00      -16.00
02467            1520.00      -20.00
02468            1480.00      -16.00
02469            1440.00      -16.00
02470            1440.00      -20.00
02471            1400.00      -16.00
02472            1360.00      -12.00
02473            1360.00      -16.00
02474            1360.00      -16.00
02475            1360.00      -20.00
02476            1400.00      -20.00
02477            1360.00      -20.00
02478            1400.00      -20.00
02479            1440.00      -12.00
02480            1440.00      -24.00
02481            1480.00      -20.00
02482            1520.00      -20.00
02483            1520.00      -20.00
02484            1520.00      -16.00
02485            1520.00      -16.00
02486            1520.00      -16.00
02487            1520.00      -20.00
02488            1480.00      -20.00
02489            1400.00      -16.00
02490            1360.00      -16.00
02491            1280.00      -16.00
02492            1240.00      -20.00
02493            1160.00      -20.00
02494            1000.00      -20.00
02495             920.00      -16.00
02496             840.00      -20.00
02497             720.00       -8.00
02498             600.00      -12.00
02499             520.00      -16.00
02500             400.00      -16.00
02501             360.00      -16.00
02502             240.00      -20.00
02503             240.00      -20.00
02504             160.00      -20.00
02505              80.00      -16.00
02506              40.00      -16.00
02507               0.00      -16.00
02508            -120.00      -16.00
02509            -120.00      -24.00
02510            -200.00      -16.00
02511            -760.00      500.00
02512            -600.00      500.00
02513            -480.00     -332.00
02514            -200.00      -40.00
02515            -160.00      -32.00
02516             -40.00      -32.00
02517              80.00      -36.00
02518             200.00      -36.00
02519             360.00      -40.00
02520             440.00      -28.00
02521             560.00      -36.00
02522             640.00      -32.00
02523             800.00      -32.00
02524             880.00      -32.00
02525             960.00      -32.00
02526            1000.00      -28.00
02527            1120.00      -28.00
02528            1200.00      -32.00
02529            1280.00      -32.00
02530            1400.00      -20.00
02531            1440.00      -28.00
02532            1520.00      -32.00
02533            1600.00      -28.00
02534            1640.00      -28.00
02535            1680.00      -28.00
02536            1720.00      -20.00
02537            1800.00      -32.00
02538            1840.00      -28.00
02539            1840.00      -28.00
02540            1800.00      -28.00
02541            1800.00      -32.00
02542            1840.00      -28.00
02543            1800.00      -20.00
02544            1800.00      -24.00
02545            1760.00      -24.00
02546            1760.00      -20.00
02547            1760.00      -24.00
02548            1720.00      -24.00
02549            1680.00      -20.00
02550            1680.00      -24.00
02551            1640.00      -24.00
02552            1600.00      -20.00
02553            1520.00      -28.00
02554            1520.00      -20.00
02555            1520.00      -24.00
02556            1480.00      -24.00
02557            1440.00      -20.00
02558            1440.00      -20.00
02559            1360.00      -20.00
02560            1360.00      -16.00
02561            1320.00      -20.00
02562            1280.00      -24.00
02563            1240.00      -16.00
02564            1200.00      -20.00
02565            1160.00      -20.00
02566            1160.00      -16.00
02567            1000.00      -20.00
02568            1000.00      -20.00
02569            1000.00      -20.00
02570             960.00      -16.00
02571             920.00      -20.00
02572             920.00      -16.00
02573             920.00      -16.00
02574             920.00      -20.00
02575            1000.00      -16.00
02576            1040.00      -20.00
02577            1040.00      -16.00
02578            1040.00      -20.00
02579            1080.00      -16.00
02580            1080.00      -20.00
02581            1080.00      -20.00
02582            1120.00      -20.00
02583            1080.00      -24.00
02584            1040.00      -20.00
02585            1040.00      -16.00
02586             960.00      -20.00
02587             880.00      -24.00
02588             840.00      -16.00
02589             800.00      -28.00
02590             720.00      -16.00
02591             680.00      -24.00
02592             640.00      -16.00
02593             600.00      -16.00
02594             480.00      -20.00
02595             440.00      -20.00
02596             360.00      -20.00
02597             320.00      -12.00
02598             240.00      -20.00
02599             160.00      -16.00
02600             120.00      -20.00
02601              40.00      -20.00
02602             -40.00      -16.00
02603            -120.00      -16.00
02604            -240.00      -20.00
02605            -320.00      -20.00
02606            -480.00      -16.00
02607            -600.00      -24.00
02608            -720.00      -12.00
02609            -920.00      -16.00
02610           -1080.00      -20.00
02611           -1200.00      -16.00
02612           -1320.00      -16.00
02613           -1440.00      -16.00
02614           -1560.00      -24.00
02615           -1680.00      -16.00
02616           -1760.00      -16.00
02617           -1880.00      -20.00
02618           -1960.00      -16.00
02619           -2040.00      -16.00
02620           -2120.00      -24.00
02621           -2200.00      -16.00
02622           -2320.00      -16.00
02623           -2440.00      -16.00
02624           -2560.00      -20.00
02625           -2680.00      -16.00
02626           -2800.00      -16.00
02627           -2960.00      -20.00
02628           -3040.00      -12.00
02629           -3080.00      -20.00
02630           -3200.00      -16.00
02631           -3320.00      -12.00
02632           -3400.00      -16.00
02633           -3440.00      -16.00
02634           -3480.00      -16.00
02635           -3480.00      -20.00
02636           -3520.00      -16.00
02637           -3520.00      -16.00
02638           -3560.00       -8.00
02639           -3520.00      -16.00
02640           -3520.00      -12.00
02641           -3520.00      -12.00
02642           -3520.00      -12.00
02643           -3520.00      -12.00
02644           -3480.00      -16.00
02645           -3520.00      -12.00
02646           -3480.00      -20.00
02647           -3480.00      -12.00
02648           -3440.00      -20.00
02649           -3440.00       -8.00
02650           -3360.00      -16.00
02651           -3360.00      -16.00
02652           -3320.00      -12.00
02653           -3280.00      -16.00
02654           -3280.00      -16.00
02655           -3200.00      -12.00
02656           -3160.00      -16.00
02657           -3120.00      -16.00
02658           -3040.00      -16.00
02659           -2960.00      -12.00
02660           -2840.00      -16.00
02661           -2760.00      -12.00
02662           -2560.00      -12.00
02663           -2480.00      -16.00
02664           -2320.00      -16.00
02665           -2200.00      -16.00
02666           -1960.00      -12.00
02667           -1800.00      -12.00
02668           -1600.00      -16.00
02669           -1480.00      -16.00
02670           -1280.00      -12.00
02671           -1120.00      -12.00
02672           -1040.00      -16.00
02673            -720.00      -12.00
02674            -600.00      -12.00
02675            -440.00      -12.00
02676            -320.00      -12.00
02677            -160.00      -16.00
02678             -40.00      -12.00
02679             200.00      -12.00
02680             280.00      -16.00
02681             400.00      -20.00
02682             560.00      -12.00
02683             680.00      -12.00
02684             720.00      -12.00
02685             880.00       -8.00
02686             920.00       -8.00
02687            1000.00      -12.00
02688            1040.00      -12.00
02689            1080.00      -12.00
02690            1080.00      -12.00
02691            1160.00      -16.00
02692            1200.00      -16.00
02693            1200.00      -12.00
02694            1240.00      -16.00
02695            1200.00      -12.00
02696            1200.00      -20.00
02697            1200.00      -12.00
02698            1200.00      -12.00
02699            1240.00      -12.00
02700            1200.00      -12.00
02701            1240.00      -12.00
02702            1280.00      -16.00
02703            1280.00      -12.00
02704            1320.00      -12.00
02705            1360.00      -16.00
02706            1440.00      -12.00
02707            1440.00      -16.00
02708            1480.00      -16.00
02709            1520.00      -16.00
02710            1560.00      -16.00
02711            1600.00      -16.00
02712            1600.00      -12.00
02713            1600.00      -16.00
02714            1600.00      -12.00
02715            1560.00      -12.00
02716            1520.00      -12.00
02717            1520.00      -12.00
02718            1480.00       -8.00
02719            1480.00      -16.00
02720            1440.00      -16.00
02721            1400.00      -12.00
02722            1400.00      -12.00
02723            1360.00      -16.00
02724            1360.00      -12.00
02725            1360.00      -16.00
02726            1320.00      -12.00
02727            1360.00      -12.00
02728            1400.00       -8.00
02729            1400.00      -12.00
02730            1440.00      -16.00
02731            1480.00      -12.00
02732            1480.00      -20.00
02733            1520.00      -20.00
02734            1520.00      -16.00
02735            1520.00      -16.00
02736            1520.00      -16.00
02737            1520.00      -12.00
02738            1480.00      -20.00
02739            1440.00      -12.00
02740            1360.00      -16.00
02741            1280.00      -12.00
02742            1200.00      -12.00
02743            1120.00      -16.00
02744            1040.00      -16.00
02745             920.00      -16.00
02746             800.00      -12.00
02747             680.00      -12.00
02748             640.00      -20.00
02749             560.00      -12.00
02750             440.00      -16.00
02751             320.00      -16.00
02752             320.00      -16.00
02753             200.00      -16.00
02754             160.00       -8.00
02755             120.00      -12.00
02756              40.00      -16.00
02757             -40.00      -20.00
02758             -80.00      -16.00
02759            -240.00      -12.00
02760            -200.00      -12.00
02761            -720.00      500.00
02762            -600.00      500.00
02763            -480.00      500.00
02764            -320.00      -36.00
02765            -200.00      -36.00
02766             -80.00      -36.00
02767              40.00      -36.00
02768             240.00      -36.00
02769             320.00      -36.00
02770             440.00      -32.00
02771             560.00      -32.00
02772             680.00      -32.00
02773             760.00      -32.00
02774             840.00      -28.00
02775             960.00      -32.00
02776            1040.00      -36.00
02777            1120.00      -32.00
02778            1200.00      -28.00
02779            1320.00      -28.00
02780            1400.00      -32.00
02781            1440.00      -32.00
02782            1560.00      -24.00
02783            1640.00      -28.00
02784            1640.00      -20.00
02785            1680.00      -28.00
02786            1760.00      -32.00
02787            1760.00      -28.00
02788            1760.00      -28.00
02789            1840.00      -32.00
02790            1800.00      -24.00
02791            1800.00      -24.00
02792            1800.00      -24.00
02793            1840.00      -28.00
02794            1800.00      -24.00
02795            1760.00      -24.00
02796            1760.00      -28.00
02797            1720.00      -28.00
02798            1720.00      -20.00
02799            1680.00      -24.00
02800            1680.00      -24.00
02801            1640.00      -28.00
02802            1600.00      -24.00
02803            1520.00      -20.00
02804            1520.00      -20.00
02805            1520.00      -24.00
02806            1480.00      -24.00
02807            1440.00      -28.00
02808            1440.00      -16.00
02809            1400.00      -24.00
02810            1360.00      -20.00
02811            1320.00      -24.00
02812            1280.00      -20.00
02813            1280.00      -20.00
02814            1200.00      -28.00
02815            1160.00      -24.00
02816            1120.00      -24.00
02817            1040.00      -20.00
02818            1000.00      -20.00
02819            1000.00      -20.00
02820             920.00      -20.00
02821             920.00      -20.00
02822             920.00      -20.00
02823             920.00      -24.00
02824             960.00      -20.00
02825             960.00      -24.00
02826            1000.00      -20.00
02827            1040.00      -20.00
02828            1040.00      -24.00
02829            1040.00      -24.00
02830            1040.00      -24.00
02831            1120.00      -20.00
02832            1080.00      -20.00
02833            1040.00      -16.00
02834            1040.00      -20.00
02835            1000.00      -20.00
02836             920.00      -24.00
02837             880.00      -16.00
02838             880.00      -24.00
02839             800.00      -24.00
02840             720.00      -20.00
02841             680.00      -28.00
02842             640.00      -20.00
02843             560.00      -24.00
02844             520.00      -16.00
02845             440.00      -24.00
02846             360.00      -16.00
02847             280.00      -20.00
02848             200.00      -20.00
02849             200.00      -16.00
02850              80.00      -20.00
02851              40.00      -20.00
02852             -40.00      -16.00
02853            -160.00      -20.00
02854            -240.00      -20.00
02855            -360.00      -20.00
02856            -520.00      -20.00
02857            -600.00      -20.00
02858            -760.00      -20.00
02859            -920.00      -16.00
02860           -1080.00      -16.00
02861           -1240.00      -20.00
02862           -1320.00      -16.00
02863           -1480.00      -16.00
02864           -1600.00      -20.00
02865           -1720.00      -16.00
02866           -1800.00      -20.00
02867           -1880.00      -16.00
02868           -1960.00      -16.00
02869           -2080.00      -16.00
02870           -2160.00      -12.00
02871           -2240.00      -16.00
02872           -2360.00      -20.00
02873           -2480.00      -16.00
02874           -2560.00      -24.00
02875           -2720.00      -20.00
02876           -2800.00      -24.00
02877           -2960.00      -16.00
02878           -3080.00      -24.00
02879           -3120.00      -20.00
02880           -3240.00      -16.00
02881           -3320.00      -20.00
02882           -3360.00      -16.00
02883           -3440.00      -16.00
02884           -3480.00      -20.00
02885           -3520.00      -12.00
02886           -3520.00      -20.00
02887           -3520.00      -16.00
02888           -3560.00      -12.00
02889           -3560.00      -16.00
02890           -3560.00      -16.00
02891           -3560.00      -16.00
02892           -3520.00      -24.00
02893           -3480.00      -16.00
02894           -3560.00      -16.00
02895           -3480.00      -16.00
02896           -3480.00      -16.00
02897           -3440.00      -24.00
02898           -3400.00      -16.00
02899           -3400.00      -16.00
02900           -3360.00      -20.00
02901           -3360.00      -20.00
02902           -3320.00      -12.00
02903           -3320.00      -20.00
02904           -3280.00      -20.00
02905           -3200.00      -20.00
02906           -3160.00      -16.00
02907           -3080.00      -16.00
02908           -3040.00      -12.00
02909           -2960.00      -16.00
02910           -2840.00      -20.00
02911           -2760.00      -16.00
02912           -2600.00      -24.00
02913           -2480.00      -12.00
02914           -2320.00      -20.00
02915           -2200.00      -12.00
02916           -1960.00      -16.00
02917           -1800.00      -16.00
02918           -1680.00      -16.00
02919           -1440.00      -20.00
02920           -1200.00      -16.00
02921           -1120.00      -12.00
02922            -920.00      -16.00
02923            -720.00      -16.00
02924            -560.00      -20.00
02925            -400.00      -20.00
02926            -360.00      -20.00
02927            -200.00      -16.00
02928              40.00      -16.00
02929             200.00      -16.00
02930             360.00      -12.00
02931             400.00      -20.00
02932             560.00      -16.00
02933             680.00      -16.00
02934             760.00      -16.00
02935             800.00      -20.00
02936             880.00      -20.00
02937            1000.00      -20.00
02938            1080.00      -16.00
02939            1120.00      -16.00
02940            1120.00      -16.00
02941            1120.00      -16.00
02942            1200.00      -20.00
02943            1200.00      -20.00
02944            1200.00      -20.00
02945            1200.00      -20.00
02946            1200.00      -12.00
02947            1160.00      -16.00
02948            1200.00      -12.00
02949            1200.00      -16.00
02950            1240.00      -20.00
02951            1240.00      -16.00
02952            1280.00      -16.00
02953            1320.00      -20.00
02954            1320.00      -16.00
02955            1360.00      -16.00
02956            1440.00      -16.00
02957            1480.00      -16.00
02958            1480.00      -20.00
02959            1520.00      -16.00
02960            1520.00      -16.00
02961            1600.00      -20.00
02962            1600.00      -16.00
02963            1600.00      -20.00
02964            1600.00      -20.00
02965            1520.00      -16.00
02966            1560.00      -12.00
02967            1520.00      -16.00
02968            1480.00      -16.00
02969            1480.00      -24.00
02970            1440.00      -16.00
02971            1400.00      -16.00
02972            1360.00      -16.00
02973            1360.00      -16.00
02974            1360.00      -16.00
02975            1360.00      -12.00
02976            1360.00      -12.00
02977            1360.00      -12.00
02978            1400.00      -16.00
02979            1400.00      -24.00
02980            1440.00      -24.00
02981            1480.00      -12.00
02982            1480.00      -20.00
02983            1520.00      -12.00
02984            1520.00      -16.00
02985            1520.00      -16.00
02986            1520.00      -16.00
02987            1520.00      -20.00
02988            1480.00      -12.00
02989            1440.00      -16.00
02990            1360.00      -16.00
02991            1280.00      -16.00
02992            1240.00      -16.00
02993            1160.00      -16.00
02994            1000.00      -16.00
02995             960.00      -16.00
02996             800.00      -20.00
02997             760.00      -12.00
02998             600.00      -16.00
02999             560.00      -16.00
03000             400.00      -16.00
03001             320.00      -12.00
03002             240.00      -24.00
03003             200.00      -12.00
03004             200.00      -16.00
03005             120.00      -12.00
03006              40.00      -20.00
03007               0.00      -16.00
03008             -80.00      -16.00
03009            -120.00      -20.00
03010            -240.00      -16.00
03011            -720.00      500.00
03012            -600.00      500.00
03013            -480.00      500.00
03014            -320.00      -32.00
03015            -160.00      -36.00
03016              40.00      -32.00
03017              80.00      -32.00
03018             280.00      -32.00
03019             400.00      -28.00
03020             440.00      -32.00
03021             560.00      -36.00
03022             680.00      -28.00
03023             720.00      -28.00
03024             840.00      -28.00
03025             960.00      -32.00
03026            1080.00      -28.00
03027            1160.00      -28.00
03028            1200.00      -24.00
03029            1320.00      -32.00
03030            1360.00      -28.00
03031            1480.00      -20.00
03032            1480.00      -24.00
03033            1600.00      -24.00
03034            1640.00      -20.00
03035            1680.00      -24.00
03036            1760.00      -24.00
03037            1760.00      -16.00
03038            1800.00      -20.00
03039            1800.00      -24.00
03040            1800.00      -24.00
03041            1840.00      -16.00
03042            1800.00      -24.00
03043            1840.00      -24.00
03044            1800.00      -20.00
03045            1760.00      -24.00
03046            1800.00      -20.00
03047            1760.00      -24.00
03048            1720.00      -24.00
03049            1680.00      -16.00
03050            1680.00      -20.00
03051            1640.00      -16.00
03052            1560.00      -20.00
03053            1600.00      -16.00
03054            1560.00      -12.00
03055            1520.00      -16.00
03056            1520.00      -16.00
03057            1440.00      -16.00
03058            1400.00      -12.00
03059            1400.00      -20.00
03060            1320.00      -20.00
03061            1320.00      -20.00
03062            1280.00      -20.00
03063            1280.00      -20.00
03064            1200.00      -20.00
03065            1160.00      -16.00
03066            1120.00      -16.00
03067            1080.00      -20.00
03068            1000.00      -20.00
03069             960.00      -16.00
03070             920.00      -12.00
03071             960.00      -16.00
03072             960.00      -12.00
03073             920.00      -16.00
03074             920.00      -16.00
03075             960.00      -20.00
03076            1000.00      -16.00
03077            1040.00      -16.00
03078            1080.00      -16.00
03079            1120.00      -16.00
03080            1080.00       -8.00
03081            1080.00      -16.00
03082            1040.00      -20.00
03083            1080.00      -12.00
03084            1040.00      -16.00
03085            1000.00      -12.00
03086            1000.00      -20.00
03087             880.00      -16.00
03088             880.00      -12.00
03089             760.00       -8.00
03090             760.00      -12.00
03091             680.00      -16.00
03092             640.00      -20.00
03093             600.00      -12.00
03094             520.00      -20.00
03095             400.00      -20.00
03096             400.00      -16.00
03097             320.00      -16.00
03098             240.00      -16.00
03099             120.00      -16.00
03100             120.00      -16.00
03101              40.00      -12.00
03102               0.00      -16.00
03103            -160.00      -16.00
03104            -200.00      -16.00
03105            -400.00      -16.00
03106            -520.00      -16.00
03107            -600.00      -16.00
03108            -720.00      -16.00
03109            -920.00      -20.00
03110           -1040.00      -16.00
03111           -1200.00      -12.00
03112           -1360.00      -16.00
03113           -1440.00      -20.00
03114           -1560.00      -16.00
03115           -1720.00      -12.00
03116           -1840.00      -16.00
03117           -1880.00      -12.00
03118           -1960.00      -16.00
03119           -2080.00      -20.00
03120           -2120.00      -12.00
03121           -2240.00      -12.00
03122           -2360.00      -20.00
03123           -2480.00      -16.00
03124           -2600.00      -20.00
03125           -2680.00      -20.00
03126           -2840.00      -16.00
03127           -2960.00      -12.00
03128           -3040.00      -12.00
03129           -3160.00      -20.00
03130           -3240.00      -16.00
03131           -3320.00      -16.00
03132           -3360.00      -16.00
03133           -3440.00      -16.00
03134           -3440.00      -16.00
03135           -3480.00      -20.00
03136           -3520.00      -16.00
03137           -3520.00      -16.00
03138           -3560.00      -20.00
03139           -3520.00      -16.00
03140           -3560.00      -16.00
03141           -3560.00      -20.00
03142           -3520.00      -16.00
03143           -3480.00      -20.00
03144           -3520.00      -16.00
03145           -3480.00      -16.00
03146           -3440.00      -16.00
03147           -3440.00      -16.00
03148           -3440.00      -20.00
03149           -3440.00      -20.00
03150           -3400.00      -20.00
03151           -3360.00      -16.00
03152           -3320.00      -16.00
03153           -3280.00      -16.00
03154           -3280.00      -16.00
03155           -3200.00      -16.00
03156           -3160.00      -16.00
03157           -3080.00      -20.00
03158           -3040.00      -16.00
03159           -2960.00      -16.00
03160           -2840.00      -20.00
03161           -2760.00      -16.00
03162           -2560.00      -16.00
03163           -2480.00      -16.00
03164           -2320.00      -12.00
03165           -2160.00      -16.00
03166           -2000.00      -16.00
03167           -1760.00      -16.00
03168           -1640.00      -16.00
03169           -1480.00      -16.00
03170           -1200.00      -16.00
03171           -1120.00      -16.00
03172            -920.00      -16.00
03173            -720.00      -20.00
03174            -560.00      -16.00
03175            -480.00      -16.00
03176            -320.00      -20.00
03177            -200.00      -20.00
03178              80.00      -20.00
03179             160.00      -16.00
03180             360.00      -16.00
03181             440.00      -20.00
03182             560.00      -16.00
03183             640.00      -16.00
03184             800.00      -16.00
03185             760.00      -12.00
03186             960.00      -16.00
03187            1000.00      -20.00
03188            1040.00      -20.00
03189            1080.00      -16.00
03190            1120.00      -20.00
03191            1160.00      -20.00
03192            1200.00      -16.00
03193            1240.00      -16.00
03194            1200.00      -20.00
03195            1200.00      -16.00
03196            1200.00      -16.00
03197            1200.00      -16.00
03198            1200.00      -20.00
03199            1200.00      -20.00
03200            1200.00      -20.00
03201            1240.00      -16.00
03202            1280.00      -24.00
03203            1320.00      -16.00
03204            1360.00      -24.00
03205            1360.00      -20.00
03206            1440.00      -16.00
03207            1480.00      -24.00
03208            1480.00      -16.00
03209            1520.00      -20.00
03210            1560.00      -28.00
03211            1560.00      -16.00
03212            1600.00      -20.00
03213            1600.00      -12.00
03214            1600.00      -20.00
03215            1560.00      -20.00
03216            1560.00      -16.00
03217            1520.00      -20.00
03218            1480.00      -16.00
03219            1440.00      -16.00
03220            1400.00      -20.00
03221            1400.00      -24.00
03222            1360.00      -12.00
03223            1360.00      -20.00
03224            1360.00      -20.00
03225            1360.00      -28.00
03226            1360.00      -16.00
03227            1360.00      -16.00
03228            1400.00      -20.00
03229            1440.00      -24.00
03230            1480.00      -16.00
03231            1480.00      -20.00
03232            1480.00      -16.00
03233            1480.00      -16.00
03234            1520.00      -16.00
03235            1480.00      -20.00
03236            1520.00      -16.00
03237            1520.00      -20.00
03238            1480.00      -16.00
03239            1440.00      -20.00
03240            1320.00      -16.00
03241            1320.00      -12.00
03242            1240.00      -20.00
03243            1080.00      -20.00
03244            1000.00      -16.00
03245             920.00      -20.00
03246             840.00      -24.00
03247             720.00      -16.00
03248             600.00      -12.00
03249             560.00      -16.00
03250             440.00      -20.00
03251             360.00      -16.00
03252             280.00      -20.00
03253             200.00      -16.00
03254             160.00      -16.00
03255              80.00      -16.00
03256              80.00      -20.00
03257             -80.00      -16.00
03258            -160.00      -20.00
03259            -200.00      -20.00
03260            -200.00      -16.00
03261            -760.00      500.00
03262            -600.00      500.00
03263            -440.00      500.00
03264            -320.00      -36.00
03265            -160.00      -32.00
03266             -40.00      -28.00
03267             120.00      -36.00
03268             200.00      -36.00
03269             280.00      -36.00
03270             480.00      -32.00
03271             560.00      -32.00
03272             680.00      -28.00
03273             720.00      -32.00
03274             840.00      -32.00
03275             920.00      -28.00
03276            1040.00      -28.00
03277            1120.00      -32.00
03278            1240.00      -28.00
03279            1280.00      -28.00
03280            1360.00      -28.00
03281            1480.00      -28.00
03282            1480.00      -28.00
03283            1560.00      -28.00
03284            1680.00      -28.00
03285            1680.00      -28.00
03286            1760.00      -24.00
03287            1800.00      -28.00
03288            1800.00      -24.00
03289            1800.00      -28.00
03290            1840.00      -20.00
03291            1800.00      -24.00
03292            1840.00      -24.00
03293            1840.00      -28.00
03294            1800.00      -28.00
03295            1800.00      -28.00
03296            1760.00      -24.00
03297            1760.00      -24.00
03298            1680.00      -24.00
03299            1680.00      -28.00
03300            1640.00      -24.00
03301            1640.00      -20.00
03302            1600.00      -24.00
03303            1520.00      -20.00
03304            1520.00      -28.00
03305            1520.00      -20.00
03306            1480.00      -24.00
03307            1440.00      -20.00
03308            1440.00      -16.00
03309            1360.00      -20.00
03310            1360.00      -24.00
03311            1320.00      -20.00
03312            1320.00      -28.00
03313            1280.00      -20.00
03314            1200.00      -24.00
03315            1160.00      -20.00
03316            1120.00      -24.00
03317            1080.00      -20.00
03318             960.00      -16.00
03319             920.00      -24.00
03320             920.00      -24.00
03321             920.00      -20.00
03322             920.00      -16.00
03323             920.00      -20.00
03324             960.00      -16.00
03325            1000.00      -20.00
03326            1040.00      -20.00
03327            1040.00      -20.00
03328            1040.00      -16.00
03329            1080.00      -16.00
03330            1080.00      -20.00
03331            1080.00      -20.00
03332            1080.00      -24.00
03333            1040.00      -16.00
03334            1080.00      -16.00
03335            1000.00      -16.00
03336             960.00      -16.00
03337             920.00      -16.00
03338             840.00      -16.00
03339             800.00      -16.00
03340             760.00      -20.00
03341             680.00      -20.00
03342             600.00      -16.00
03343             560.00      -20.00
03344             520.00      -20.00
03345             400.00      -20.00
03346             400.00      -20.00
03347             320.00      -12.00
03348             240.00      -16.00
03349             160.00      -20.00
03350             120.00      -16.00
03351              80.00      -16.00
03352             -40.00      -20.00
03353            -160.00      -16.00
03354            -200.00      -16.00
03355            -360.00      -16.00
03356            -480.00      -16.00
03357            -640.00      -12.00
03358            -760.00      -20.00
03359            -920.00      -16.00
03360           -1040.00      -20.00
03361           -1200.00      -16.00
03362           -1360.00      -20.00
03363           -1480.00      -16.00
03364           -1640.00      -20.00
03365           -1680.00      -16.00
03366           -1840.00      -16.00
03367           -1880.00      -16.00
03368           -1960.00      -16.00
03369           -2040.00      -16.00
03370           -2160.00      -20.00
03371           -2240.00      -12.00
03372           -2320.00      -16.00
03373           -2440.00      -16.00
03374           -2560.00      -16.00
03375           -2640.00      -16.00
03376           -2840.00      -16.00
03377           -2960.00      -12.00
03378           -3040.00      -20.00
03379           -3160.00      -24.00
03380           -3240.00      -16.00
03381           -3280.00      -12.00
03382           -3360.00      -16.00
03383           -3400.00      -16.00
03384           -3480.00      -16.00
03385           -3480.00      -12.00
03386           -3520.00      -20.00
03387           -3520.00      -12.00
03388           -3560.00      -20.00
03389           -3560.00      -16.00
03390           -3560.00      -20.00
03391           -3560.00      -16.00
03392           -3520.00      -20.00
03393           -3520.00      -12.00
03394           -3480.00      -12.00
03395           -3480.00      -12.00
03396           -3480.00      -12.00
03397           -3440.00      -16.00
03398           -3400.00      -12.00
03399           -3440.00      -16.00
03400           -3360.00      -16.00
03401           -3360.00      -20.00
03402           -3360.00      -20.00
03403           -3320.00      -16.00
03404           -3280.00      -16.00
03405           -3200.00      -12.00
03406           -3160.00      -16.00
03407           -3080.00      -16.00
03408           -3040.00      -12.00
03409           -2960.00      -16.00
03410           -2840.00      -16.00
03411           -2760.00      -16.00
03412           -2640.00      -16.00
03413           -2440.00      -12.00
03414           -2320.00      -12.00
03415           -2200.00      -16.00
03416           -2000.00      -16.00
03417           -1720.00      -16.00
03418           -1680.00      -16.00
03419           -1480.00      -12.00
03420           -1280.00      -20.00
03421           -1120.00      -12.00
03422            -880.00      -12.00
03423            -760.00      -12.00
03424            -600.00      -12.00
03425            -400.00      -12.00
03426            -240.00      -16.00
03427            -120.00      -16.00
03428             120.00      -12.00
03429             120.00      -20.00
03430             280.00      -16.00
03431             440.00      -12.00
03432             560.00      -12.00
03433             640.00      -12.00
03434             760.00      -16.00
03435             800.00      -12.00
03436             920.00      -12.00
03437            1000.00      -16.00
03438            1000.00      -16.00
03439            1080.00      -12.00
03440            1160.00      -16.00
03441            1160.00      -16.00
03442            1240.00      -12.00
03443            1200.00      -12.00
03444            1240.00      -12.00
03445            1240.00      -12.00
03446            1200.00      -12.00
03447            1200.00      -12.00
03448            1160.00      -12.00
03449            1200.00      -16.00
03450            1200.00      -12.00
03451            1240.00      -12.00
03452            1280.00      -16.00
03453            1320.00      -12.00
03454            1360.00      -16.00
03455            1400.00      -16.00
03456            1440.00      -16.00
03457            1480.00      -12.00
03458            1480.00      -12.00
03459            1520.00      -16.00
03460            1560.00      -12.00
03461            1600.00      -16.00
03462            1600.00      -12.00
03463            1600.00      -12.00
03464            1600.00      -16.00
03465            1560.00      -12.00
03466            1520.00      -12.00
03467            1520.00      -16.00
03468            1480.00      -12.00
03469            1440.00      -12.00
03470            1440.00      -16.00
03471            1400.00      -16.00
03472            1360.00      -12.00
03473            1360.00      -12.00
03474            1360.00      -12.00
03475            1360.00      -16.00
03476            1360.00      -12.00
03477            1400.00      -16.00
03478            1400.00      -16.00
03479            1440.00      -16.00
03480            1440.00       -4.00
03481            1480.00      -16.00
03482            1480.00      -16.00
03483            1520.00      -12.00
03484            1520.00      -16.00
03485            1520.00      -16.00
03486            1520.00      -16.00
03487            1520.00      -16.00
03488            1520.00      -16.00
03489            1440.00      -20.00
03490            1360.00      -20.00
03491            1280.00      -16.00
03492            1200.00      -20.00
03493            1120.00      -12.00
03494            1040.00      -16.00
03495             960.00      -20.00
03496             800.00      -16.00
03497             720.00      -12.00
03498             600.00      -16.00
03499             520.00      -12.00
03500             400.00      -16.00
03501             360.00      -20.00
03502             280.00      -16.00
03503             240.00      -16.00
03504             160.00      -12.00
03505              80.00      -12.00
03506              40.00      -16.00
03507               0.00      -16.00
03508             -80.00      -16.00
03509            -120.00      -16.00
03510            -240.00      -16.00
03511            -760.00      500.00
03512            -560.00      500.00
03513            -400.00      500.00
03514            -280.00      -32.00
03515            -200.00      -40.00
03516             -40.00      -36.00
03517             120.00      -36.00
03518             160.00      -32.00
03519             320.00      -32.00
03520             480.00      -28.00
03521             520.00      -32.00
03522             640.00      -32.00
03523             760.00      -32.00
03524             880.00      -28.00
03525             960.00      -36.00
03526            1000.00      -28.00
03527            1120.00      -32.00
03528            1200.00      -28.00
03529            1320.00      -28.00
03530            1360.00      -32.00
03531            1440.00      -28.00
03532            1520.00      -28.00
03533            1600.00      -28.00
03534            1640.00      -32.00
03535            1680.00      -32.00
03536            1760.00      -28.00
03537            1760.00      -24.00
03538            1800.00      -32.00
03539            1800.00      -28.00
03540            1800.00      -28.00
03541            1800.00      -32.00
03542            1800.00      -28.00
03543            1800.00      -32.00
03544            1800.00      -24.00
03545            1800.00      -32.00
03546            1760.00      -28.00
03547            1760.00      -24.00
03548            1720.00      -28.00
03549            1680.00      -28.00
03550            1680.00      -28.00
03551            1680.00      -28.00
03552            1600.00      -24.00
03553            1560.00      -24.00
03554            1520.00      -28.00
03555            1480.00      -24.00
03556            1440.00      -16.00
03557            1440.00      -24.00
03558            1400.00      -24.00
03559            1360.00      -20.00
03560            1360.00      -24.00
03561            1320.00      -24.00
03562            1320.00      -24.00
03563            1280.00      -24.00
03564            1200.00      -20.00
03565            1160.00      -20.00
03566            1080.00      -20.00
03567            1080.00      -20.00
03568            1000.00      -20.00
03569             960.00      -24.00
03570             960.00      -28.00
03571             920.00      -20.00
03572             920.00      -20.00
03573             920.00      -20.00
03574             960.00      -24.00
03575             960.00      -16.00
03576            1000.00      -16.00
03577            1000.00      -24.00
03578            1080.00      -20.00
03579            1040.00      -20.00
03580            1040.00      -20.00
03581            1080.00      -20.00
03582            1080.00      -20.00
03583            1040.00      -20.00
03584            1040.00      -16.00
03585            1000.00      -16.00
03586             960.00      -24.00
03587             880.00      -20.00
03588             880.00      -20.00
03589             800.00      -20.00
03590             760.00      -28.00
03591             680.00      -16.00
03592             600.00      -16.00
03593             560.00      -24.00
03594             520.00      -16.00
03595             440.00      -20.00
03596             440.00      -24.00
03597             360.00      -20.00
03598             240.00      -20.00
03599             200.00      -20.00
03600              80.00      -20.00
03601              40.00      -20.00
03602               0.00      -16.00
03603            -120.00      -20.00
03604            -240.00      -20.00
03605            -360.00      -20.00
03606            -480.00      -20.00
03607            -640.00      -20.00
03608            -720.00      -20.00
03609            -880.00      -20.00
03610           -1040.00      -16.00
03611           -1200.00      -20.00
03612           -1360.00      -20.00
03613           -1480.00      -20.00
03614           -1560.00      -20.00
03615           -1680.00      -16.00
03616           -1800.00      -20.00
03617           -1840.00      -20.00
03618           -1960.00      -20.00
03619           -2040.00      -16.00
03620           -2160.00      -20.00
03621           -2280.00      -20.00
03622           -2320.00      -20.00
03623           -2480.00      -16.00
03624           -2560.00      -20.00
03625           -2680.00      -12.00
03626           -2840.00      -16.00
03627           -2920.00      -20.00
03628           -3080.00      -20.00
03629           -3120.00      -20.00
03630           -3240.00      -16.00
03631           -3280.00      -16.00
03632           -3400.00      -16.00
03633           -3400.00      -16.00
03634           -3480.00      -16.00
03635           -3480.00      -20.00
03636           -3520.00      -20.00
03637           -3560.00      -20.00
03638           -3520.00      -12.00
03639           -3560.00      -16.00
03640           -3560.00      -20.00
03641           -3520.00      -20.00
03642           -3520.00      -12.00
03643           -3520.00      -12.00
03644           -3520.00      -20.00
03645           -3480.00      -16.00
03646           -3480.00      -16.00
03647           -3440.00      -16.00
03648           -3400.00      -16.00
03649           -3440.00      -12.00
03650           -3360.00      -20.00
03651           -3360.00      -16.00
03652           -3320.00      -16.00
03653           -3280.00      -16.00
03654           -3240.00      -20.00
03655           -3200.00      -16.00
03656           -3160.00      -16.00
03657           -3120.00      -16.00
03658           -3040.00      -20.00
03659           -2960.00      -20.00
03660           -2840.00      -12.00
03661           -2760.00      -16.00
03662           -2600.00      -20.00
03663           -2440.00      -12.00
03664           -2280.00      -20.00
03665           -2120.00      -20.00
03666           -2000.00      -16.00
03667           -1800.00      -20.00
03668           -1680.00      -16.00
03669           -1480.00      -16.00
03670           -1240.00      -16.00
03671           -1160.00      -12.00
03672            -880.00      -20.00
03673            -720.00      -16.00
03674            -600.00      -16.00
03675            -440.00      -20.00
03676            -280.00      -20.00
03677            -120.00      -16.00
03678              40.00      -16.00
03679             120.00      -20.00
03680             240.00      -24.00
03681             480.00      -16.00
03682             520.00      -24.00
03683             640.00      -20.00
03684             800.00      -20.00
03685             880.00      -20.00
03686             920.00      -12.00
03687             920.00      -16.00
03688            1040.00      -16.00
03689            1040.00      -16.00
03690            1160.00      -16.00
03691            1160.00      -16.00
03692            1160.00      -16.00
03693            1240.00      -16.00
03694            1240.00      -20.00
03695            1200.00      -20.00
03696            1200.00      -12.00
03697            1200.00      -20.00
03698            1200.00      -20.00
03699            1160.00      -16.00
03700            1200.00      -12.00
03701            1280.00      -16.00
03702            1280.00      -20.00
03703            1280.00      -12.00
03704            1360.00      -16.00
03705            1360.00      -20.00
03706            1440.00      -16.00
03707            1480.00      -16.00
03708            1520.00      -16.00
03709            1520.00      -16.00
03710            1560.00      -20.00
03711            1600.00      -12.00
03712            1600.00      -12.00
03713            1600.00      -16.00
03714            1600.00      -12.00
03715            1600.00      -20.00
03716            1600.00      -20.00
03717            1480.00      -16.00
03718            1520.00      -16.00
03719            1440.00      -16.00
03720            1440.00      -16.00
03721            1400.00      -16.00
03722            1360.00      -28.00
03723            1360.00      -12.00
03724            1360.00      -16.00
03725            1360.00      -16.00
03726            1360.00      -20.00
03727            1360.00      -20.00
03728            1440.00      -20.00
03729            1440.00      -20.00
03730            1400.00      -12.00
03731            1480.00      -16.00
03732            1480.00      -12.00
03733            1520.00      -16.00
03734            1480.00      -16.00
03735            1520.00      -20.00
03736            1480.00      -16.00
03737            1520.00       -8.00
03738            1480.00      -12.00
03739            1400.00      -16.00
03740            1360.00      -16.00
03741            1280.00      -20.00
03742            1240.00      -20.00
03743            1120.00      -16.00
03744            1040.00      -20.00
03745             920.00      -16.00
03746             840.00      -20.00
03747             720.00      -16.00
03748             640.00      -16.00
03749             480.00      -16.00
03750             440.00      -16.00
03751             360.00      -16.00
03752             240.00      -20.00
03753             240.00      -16.00
03754             160.00      -20.00
03755              80.00      -16.00
03756               0.00      -16.00
03757               0.00       -8.00
03758             -80.00      -16.00
03759            -200.00      -20.00
03760            -200.00      -16.00
03761            -720.00      500.00
03762            -640.00      500.00
03763            -480.00      500.00
03764            -280.00      -32.00
03765            -200.00      -36.00
03766             -80.00      -32.00
03767              40.00      -24.00
03768             200.00      -32.00
03769             320.00      -28.00
03770             400.00      -28.00
03771             560.00      -28.00
03772             680.00      -28.00
03773             800.00      -28.00
03774             840.00      -24.00
03775             960.00      -20.00
03776            1000.00      -28.00
03777            1120.00      -28.00
03778            1240.00      -28.00
03779            1280.00      -28.00
03780            1360.00      -28.00
03781            1480.00      -28.00
03782            1520.00      -20.00
03783            1560.00      -28.00
03784            1640.00      -28.00
03785            1720.00      -20.00
03786            1720.00      -20.00
03787            1760.00      -24.00
03788            1800.00      -20.00
03789            1840.00      -20.00
03790            1760.00      -24.00
03791            1800.00      -20.00
03792            1840.00      -24.00
03793            1800.00      -20.00
03794            1800.00      -20.00
03795            1760.00      -20.00
03796            1760.00      -24.00
03797            1760.00      -20.00
03798            1760.00      -20.00
03799            1680.00      -24.00
03800            1680.00      -16.00
03801            1640.00      -28.00
03802            1600.00      -20.00
03803            1560.00      -20.00
03804            1520.00      -16.00
03805            1520.00      -12.00
03806            1480.00      -20.00
03807            1440.00      -20.00
03808            1440.00      -16.00
03809            1400.00      -16.00
03810            1360.00      -20.00
03811            1320.00      -20.00
03812            1280.00      -12.00
03813            1200.00      -16.00
03814            1200.00      -20.00
03815            1160.00      -12.00
03816            1120.00      -20.00
03817            1040.00      -20.00
03818            1000.00      -20.00
03819            1000.00      -12.00
03820             920.00      -16.00
03821             920.00      -24.00
03822             920.00      -16.00
03823             920.00      -20.00
03824             960.00      -24.00
03825            1000.00      -12.00
03826            1000.00      -20.00
03827            1040.00      -12.00
03828            1040.00      -16.00
03829            1040.00      -16.00
03830            1080.00      -20.00
03831            1080.00      -12.00
03832            1080.00      -16.00
03833            1080.00      -12.00
03834            1040.00      -12.00
03835            1040.00      -20.00
03836             920.00      -20.00
03837             920.00      -16.00
03838             840.00      -20.00
03839             760.00      -16.00
03840             760.00      -20.00
03841             640.00      -12.00
03842             640.00      -16.00
03843             560.00      -16.00
03844             480.00      -16.00
03845             440.00      -16.00
03846             400.00      -12.00
03847             360.00      -16.00
03848             240.00      -20.00
03849             160.00      -16.00
03850              80.00      -20.00
03851              40.00      -20.00
03852             -80.00      -16.00
03853            -120.00      -12.00
03854            -240.00      -16.00
03855            -360.00      -20.00
03856            -480.00      -16.00
03857            -640.00      -16.00
03858            -760.00      -20.00
03859            -880.00      -20.00
03860           -1040.00      -20.00
03861           -1200.00      -16.00
03862           -1360.00      -12.00
03863           -1480.00      -20.00
03864           -1600.00      -16.00
03865           -1680.00      -16.00
03866           -1800.00      -20.00
03867           -1880.00      -20.00
03868           -1960.00      -16.00
03869           -2080.00      -16.00
03870           -2160.00      -16.00
03871           -2240.00      -20.00
03872           -2320.00      -16.00
03873           -2480.00      -16.00
03874           -2600.00      -20.00
03875           -2680.00      -24.00
03876           -2840.00      -16.00
03877           -2920.00      -12.00
03878           -3040.00      -16.00
03879           -3160.00      -20.00
03880           -3240.00      -20.00
03881           -3280.00      -12.00
03882           -3320.00      -16.00
03883           -3440.00      -20.00
03884           -3440.00      -12.00
03885           -3480.00      -20.00
03886           -3520.00      -20.00
03887           -3560.00      -20.00
03888           -3560.00      -16.00
03889           -3560.00      -20.00
03890           -3520.00      -20.00
03891           -3560.00      -16.00
03892           -3560.00      -16.00
03893           -3520.00      -16.00
03894           -3480.00      -24.00
03895           -3480.00      -20.00
03896           -3480.00      -16.00
03897           -3440.00      -20.00
03898           -3440.00      -24.00
03899           -3440.00      -20.00
03900           -3400.00      -12.00
03901           -3400.00      -24.00
03902           -3320.00      -20.00
03903           -3320.00      -20.00
03904           -3240.00      -20.00
03905           -3200.00      -24.00
03906           -3200.00      -16.00
03907           -3080.00      -20.00
03908           -3040.00      -20.00
03909           -2960.00      -16.00
03910           -2880.00      -16.00
03911           -2760.00      -16.00
03912           -2640.00      -12.00
03913           -2400.00      -20.00
03914           -2320.00      -20.00
03915           -2120.00      -16.00
03916           -1960.00      -16.00
03917           -1800.00      -20.00
03918           -1640.00      -20.00
03919           -1480.00      -16.00
03920           -1320.00      -20.00
03921           -1080.00      -24.00
03922            -880.00      -24.00
03923            -800.00      -16.00
03924            -600.00      -20.00
03925            -480.00      -20.00
03926            -240.00      -20.00
03927             -80.00      -16.00
03928               0.00      -16.00
03929             160.00      -16.00
03930             280.00      -20.00
03931             480.00      -16.00
03932             560.00      -20.00
03933             680.00      -24.00
03934             760.00      -20.00
03935             840.00      -12.00
03936             920.00      -20.00
03937            1000.00      -12.00
03938            1000.00      -20.00
03939            1040.00      -20.00
03940            1120.00      -16.00
03941            1160.00      -20.00
03942            1160.00      -24.00
03943            1200.00      -12.00
03944            1240.00      -16.00
03945            1200.00      -12.00
03946            1200.00      -20.00
03947            1160.00      -20.00
03948            1200.00      -16.00
03949            1200.00      -12.00
03950            1240.00      -20.00
03951            1240.00      -20.00
03952            1240.00      -20.00
03953            1320.00      -20.00
03954            1320.00      -16.00
03955            1360.00      -20.00
03956            1440.00      -20.00
03957            1480.00      -20.00
03958            1480.00      -20.00
03959            1480.00      -20.00
03960            1560.00      -24.00
03961            1600.00      -20.00
03962            1600.00      -16.00
03963            1600.00      -16.00
03964            1560.00      -24.00
03965            1560.00      -16.00
03966            1520.00      -16.00
03967            1520.00      -24.00
03968            1520.00      -24.00
03969            1440.00      -16.00
03970            1440.00      -20.00
03971            1360.00      -12.00
03972            1360.00      -20.00
03973            1360.00      -20.00
03974            1360.00      -16.00
03975            1360.00      -12.00
03976            1360.00      -12.00
03977            1400.00      -16.00
03978            1400.00      -16.00
03979            1400.00      -16.00
03980            1440.00      -20.00
03981            1440.00      -20.00
03982            1520.00      -20.00
03983            1520.00      -20.00
03984            1520.00      -16.00
03985            1520.00      -20.00
03986            1520.00      -20.00
03987            1520.00      -16.00
03988            1440.00      -20.00
03989            1440.00      -20.00
03990            1360.00      -20.00
03991            1320.00      -20.00
03992            1200.00      -20.00
03993            1120.00      -16.00
03994            1040.00      -16.00
03995             880.00      -16.00
03996             840.00      -16.00
03997             720.00      -20.00
03998             600.00      -20.00
03999             520.00      -20.00
04000             440.00      -20.00
04001             320.00      -24.00
04002             280.00      -20.00
04003             200.00      -24.00
04004             160.00      -16.00
04005              80.00      -20.00
04006              40.00      -24.00
04007               0.00      -20.00
04008             -80.00      -12.00
04009            -160.00      -20.00
04010            -240.00      -20.00
04011            -760.00      500.00
04012            -600.00      500.00
04013            -440.00      500.00
04014            -320.00      -36.00
04015            -160.00      -32.00
04016               0.00      -56.00
04017              80.00      -40.00
04018             240.00      -36.00
04019             360.00      -36.00
04020             440.00      -32.00
04021             600.00      -32.00
04022             640.00      -32.00
04023             760.00      -36.00
04024             840.00      -28.00
04025             920.00      -32.00
04026            1040.00      -32.00
04027            1160.00      -32.00
04028            1200.00      -32.00
04029            1320.00      -28.00
04030            1400.00      -24.00
04031            1440.00      -28.00
04032            1560.00      -28.00
04033            1600.00      -28.00
04034            1680.00      -24.00
04035            1720.00      -32.00
04036            1720.00      -28.00
04037            1800.00      -28.00
04038            1800.00      -28.00
04039            1800.00      -24.00
04040            1800.00      -28.00
04041            1800.00      -24.00
04042            1800.00      -20.00
04043            1800.00      -28.00
04044            1800.00      -24.00
04045            1800.00      -28.00
04046            1760.00      -20.00
04047            1720.00      -24.00
04048            1720.00      -24.00
04049            1680.00      -28.00
04050            1680.00      -20.00
04051            1640.00      -16.00
04052            1600.00      -24.00
04053            1560.00      -24.00
04054            1520.00      -24.00
04055            1520.00      -20.00
04056            1480.00      -24.00
04057            1440.00      -20.00
04058            1400.00      -24.00
04059            1400.00      -28.00
04060            1360.00      -20.00
04061            1320.00      -20.00
04062            1280.00      -28.00
04063            1240.00      -20.00
04064            1200.00      -20.00
04065            1160.00      -20.00
04066            1080.00      -24.00
04067            1040.00      -24.00
04068            1040.00      -16.00
04069             960.00      -20.00
04070             880.00      -16.00
04071             920.00      -20.00
04072             880.00      -16.00
04073             920.00      -16.00
04074             920.00      -16.00
04075            1000.00      -16.00
04076            1000.00      -20.00
04077            1000.00      -16.00
04078            1040.00      -16.00
04079            1040.00      -16.00
04080            1080.00      -16.00
04081            1040.00      -20.00
04082            1080.00      -20.00
04083            1040.00      -20.00
04084            1000.00      -16.00
04085            1000.00      -24.00
04086             920.00      -20.00
04087             880.00      -16.00
04088             880.00      -16.00
04089             800.00      -16.00
04090             760.00      -16.00
04091             680.00      -16.00
04092             640.00      -24.00
04093             560.00      -16.00
04094             480.00      -20.00
04095             480.00      -16.00
04096             360.00      -20.00
04097             320.00      -20.00
04098             240.00      -20.00
04099             200.00      -16.00
04100              80.00      -12.00
04101              40.00      -20.00
04102             -40.00      -16.00
04103             -80.00      -20.00
04104            -240.00      -16.00
04105            -360.00      -20.00
04106            -440.00      -12.00
04107            -640.00      -20.00
04108            -760.00      -16.00
04109            -920.00      -12.00
04110           -1080.00      -12.00
04111           -1200.00      -16.00
04112           -1360.00      -20.00
04113           -1480.00      -20.00
04114           -1560.00      -20.00
04115           -1680.00      -20.00
04116           -1760.00      -20.00
04117           -1880.00      -16.00
04118           -2000.00      -16.00
04119           -2040.00      -12.00
04120           -2120.00      -20.00
04121           -2240.00      -16.00
04122           -2320.00      -16.00
04123           -2480.00      -16.00
04124           -2600.00      -16.00
04125           -2720.00      -20.00
04126           -2800.00      -20.00
04127           -2960.00      -16.00
04128           -3040.00      -16.00
04129           -3120.00      -20.00
04130           -3200.00      -16.00
04131           -3320.00      -20.00
04132           -3320.00      -16.00
04133           -3440.00      -20.00
04134           -3480.00      -12.00
04135           -3520.00      -12.00
04136           -3520.00      -16.00
04137           -3560.00      -16.00
04138           -3560.00      -12.00
04139           -3560.00      -12.00
04140           -3560.00      -16.00
04141           -3520.00      -16.00
04142           -3520.00      -20.00
04143           -3520.00      -16.00
04144           -3520.00      -16.00
04145           -3480.00      -20.00
04146           -3480.00      -12.00
04147           -3440.00      -12.00
04148           -3440.00      -20.00
04149           -3440.00      -16.00
04150           -3400.00      -16.00
04151           -3360.00      -16.00
04152           -3360.00      -20.00
04153           -3280.00      -16.00
04154           -3240.00      -20.00
04155           -3240.00      -24.00
04156           -3160.00      -16.00
04157           -3120.00      -12.00
04158           -3000.00      -12.00
04159           -2960.00      -16.00
04160           -2840.00      -12.00
04161           -2760.00      -20.00
04162           -2600.00      -16.00
04163           -2520.00      -16.00
04164           -2320.00      -16.00
04165           -2040.00      -12.00
04166           -1920.00      -16.00
04167           -1800.00      -16.00
04168           -1640.00      -12.00
04169           -1440.00      -12.00
04170           -1240.00      -12.00
04171           -1120.00      -16.00
04172            -920.00      -12.00
04173            -800.00      -12.00
04174            -640.00      -16.00
04175            -440.00      -12.00
04176            -240.00      -16.00
04177             -80.00      -12.00
04178               0.00      -20.00
04179             120.00      -20.00
04180             280.00      -16.00
04181             480.00      -12.00
04182             560.00      -16.00
04183             680.00      -20.00
04184             760.00      -16.00
04185             880.00      -12.00
04186             960.00      -16.00
04187             960.00      -20.00
04188             960.00      -12.00
04189            1040.00      -20.00
04190            1120.00      -16.00
04191            1200.00      -16.00
04192            1200.00      -16.00
04193            1240.00      -16.00
04194            1240.00      -16.00
04195            1200.00      -12.00
04196            1200.00      -20.00
04197            1200.00      -16.00
04198            1200.00      -20.00
04199            1240.00      -20.00
04200            1240.00      -20.00
04201            1240.00      -20.00
04202            1280.00      -16.00
04203            1320.00      -16.00
04204            1320.00      -16.00
04205            1360.00      -16.00
04206            1400.00      -16.00
04207            1440.00      -16.00
04208            1520.00      -12.00
04209            1520.00      -16.00
04210            1560.00      -16.00
04211            1600.00      -12.00
04212            1600.00      -16.00
04213            1600.00      -16.00
04214            1560.00      -16.00
04215            1560.00      -16.00
04216            1560.00      -12.00
04217            1520.00      -16.00
04218            1480.00      -16.00
04219            1440.00      -12.00
04220            1400.00      -16.00
04221            1400.00      -20.00
04222            1360.00      -16.00
04223            1360.00      -16.00
04224            1360.00      -16.00
04225            1360.00      -16.00
04226            1360.00      -16.00
04227            1360.00      -12.00
04228            1400.00      -16.00
04229            1440.00      -16.00
04230            1440.00      -12.00
04231            1440.00      -12.00
04232            1480.00      -16.00
04233            1520.00      -16.00
04234            1520.00      -20.00
04235            1520.00      -20.00
04236            1520.00      -16.00
04237            1520.00      -20.00
04238            1480.00      -16.00
04239            1440.00      -16.00
04240            1360.00      -20.00
04241            1280.00      -12.00
04242            1200.00      -20.00
04243            1120.00      -20.00
04244            1000.00      -16.00
04245             880.00      -20.00
04246             800.00      -20.00
04247             680.00      -20.00
04248             600.00      -12.00
04249             520.00      -16.00
04250             400.00      -16.00
04251             320.00      -16.00
04252             240.00      -16.00
04253             240.00      -16.00
04254             200.00      -16.00
04255             120.00      -16.00
04256              40.00      -20.00
04257             -40.00      -16.00
04258             -80.00      -16.00
04259            -160.00      -16.00
04260            -240.00      -12.00
04261            -720.00      500.00
04262            -640.00      500.00
04263            -440.00      500.00
04264            -320.00      -44.00
04265            -120.00      -32.00
04266              40.00      -44.00
04267             120.00      -32.00
04268             200.00      -32.00
04269             360.00      -40.00
04270             400.00      -28.00
04271             560.00      -36.00
04272             640.00      -36.00
04273             760.00      -36.00
04274             840.00      -36.00
04275             920.00      -36.00
04276            1040.00      -28.00
04277            1200.00      -40.00
04278            1200.00      -28.00
04279            1320.00      -28.00
04280            1400.00      -28.00
04281            1480.00      -28.00
04282            1520.00      -32.00
04283            1600.00      -32.00
04284            1640.00      -28.00
04285            1680.00      -32.00
04286            1720.00      -32.00
04287            1760.00      -32.00
04288            1760.00      -28.00
04289            1800.00      -24.00
04290            1840.00      -24.00
04291            1800.00      -28.00
04292            1800.00      -24.00
04293            1800.00      -28.00
04294            1800.00      -24.00
04295            1760.00      -24.00
04296            1760.00      -32.00
04297            1760.00      -28.00
04298            1760.00      -28.00
04299            1680.00      -28.00
04300            1640.00      -32.00
04301            1640.00      -28.00
04302            1600.00      -28.00
04303            1560.00      -32.00
04304            1520.00      -24.00
04305            1480.00      -24.00
04306            1440.00      -20.00
04307            1440.00      -28.00
04308            1440.00      -24.00
04309            1360.00      -20.00
04310            1360.00      -20.00
04311            1320.00      -24.00
04312            1320.00      -24.00
04313            1200.00      -28.00
04314            1200.00      -16.00
04315            1160.00      -24.00
04316            1080.00      -20.00
04317            1040.00      -24.00
04318            1040.00      -20.00
04319             960.00      -20.00
04320             960.00      -24.00
04321             960.00      -24.00
04322             880.00      -20.00
04323             960.00      -24.00
04324             920.00      -20.00
04325            1000.00      -28.00
04326             960.00      -24.00
04327            1000.00      -20.00
04328            1040.00      -24.00
04329            1040.00      -20.00
04330            1080.00      -28.00
04331            1080.00      -24.00
04332            1080.00      -20.00
04333            1040.00      -24.00
04334            1000.00      -20.00
04335            1000.00      -16.00
04336             960.00      -20.00
04337             920.00      -24.00
04338             880.00      -20.00
04339             800.00      -16.00
04340             760.00      -24.00
04341             640.00      -24.00
04342             640.00      -20.00
04343             560.00      -20.00
04344             480.00      -20.00
04345             520.00      -24.00
04346             400.00      -24.00
04347             320.00      -16.00
04348             240.00      -20.00
04349             200.00      -24.00
04350             120.00      -24.00
04351              40.00      -20.00
04352             -80.00      -20.00
04353             -80.00      -20.00
04354            -280.00      -28.00
04355            -360.00      -16.00
04356            -480.00      -20.00
04357            -640.00      -24.00
04358            -800.00      -16.00
04359            -920.00      -16.00
04360           -1080.00      -20.00
04361           -1200.00      -20.00
04362           -1360.00      -20.00
04363           -1480.00      -24.00
04364           -1640.00      -20.00
04365           -1680.00      -20.00
04366           -1800.00      -16.00
04367           -1880.00      -20.00
04368           -1960.00      -20.00
04369           -2040.00      -20.00
04370           -2160.00      -24.00
04371           -2200.00      -16.00
04372           -2360.00      -20.00
04373           -2440.00      -16.00
04374           -2560.00      -20.00
04375           -2680.00      -16.00
04376           -2800.00      -20.00
04377           -2960.00      -16.00
04378           -3040.00      -20.00
04379           -3120.00      -20.00
04380           -3240.00      -24.00
04381           -3280.00      -20.00
04382           -3360.00      -20.00
04383           -3440.00      -20.00
04384           -3440.00      -16.00
04385           -3480.00      -20.00
04386           -3480.00      -16.00
04387           -3560.00      -16.00
04388           -3560.00      -20.00
04389           -3520.00      -24.00
04390           -3560.00      -12.00
04391           -3520.00      -12.00
04392           -3520.00      -20.00
04393           -3520.00      -16.00
04394           -3480.00      -16.00
04395           -3480.00      -16.00
04396           -3440.00      -20.00
04397           -3440.00      -16.00
04398           -3440.00      -20.00
04399           -3440.00      -20.00
04400           -3400.00      -16.00
04401           -3360.00      -24.00
04402           -3320.00      -20.00
04403           -3280.00      -20.00
04404           -3240.00      -16.00
04405           -3200.00      -20.00
04406           -3160.00      -16.00
04407           -3080.00      -16.00
04408           -3040.00      -16.00
04409           -2960.00      -20.00
04410           -2880.00      -24.00
04411           -2760.00      -20.00
04412           -2640.00      -16.00
04413           -2480.00      -24.00
04414           -2320.00      -16.00
04415           -2160.00      -20.00
04416           -1920.00      -24.00
04417           -1800.00      -20.00
04418           -1600.00      -20.00
04419           -1400.00      -24.00
04420           -1240.00      -20.00
04421           -1080.00      -20.00
04422            -920.00      -16.00
04423            -720.00      -20.00
04424            -600.00      -24.00
04425            -520.00      -20.00
04426            -200.00      -20.00
04427             -80.00      -16.00
04428              40.00      -20.00
04429             160.00      -24.00
04430             320.00      -20.00
04431             400.00      -16.00
04432             640.00      -16.00
04433             720.00      -20.00
04434             760.00      -16.00
04435             880.00      -16.00
04436             960.00      -20.00
04437             960.00      -16.00
04438            1000.00      -20.00
04439            1040.00      -24.00
04440            1120.00      -20.00
04441            1160.00      -16.00
04442            1120.00      -16.00
04443            1200.00      -16.00
04444            1200.00      -24.00
04445            1200.00      -20.00
04446            1200.00      -20.00
04447            1200.00      -16.00
04448            1200.00      -20.00
04449            1200.00      -16.00
04450            1240.00      -12.00
04451            1200.00      -16.00
04452            1280.00      -16.00
04453            1320.00      -16.00
04454            1360.00      -16.00
04455            1360.00      -24.00
04456            1400.00      -20.00
04457            1480.00      -20.00
04458            1520.00      -20.00
04459            1520.00      -20.00
04460            1560.00      -20.00
04461            1560.00      -16.00
04462            1560.00      -16.00
04463            1600.00      -20.00
04464            1640.00      -20.00
04465            1560.00      -16.00
04466            1520.00      -20.00
04467            1520.00      -20.00
04468            1440.00      -16.00
04469            1440.00      -20.00
04470            1400.00      -20.00
04471            1400.00      -20.00
04472            1400.00      -20.00
04473            1360.00      -16.00
04474            1360.00      -20.00
04475            1400.00      -16.00
04476            1360.00      -16.00
04477            1400.00      -16.00
04478            1400.00      -20.00
04479            1400.00      -16.00
04480            1440.00      -16.00
04481            1480.00      -20.00
04482            1480.00      -16.00
04483            1520.00      -16.00
04484            1520.00      -20.00
04485            1520.00      -24.00
04486            1520.00      -16.00
04487            1480.00      -20.00
04488            1520.00      -20.00
04489            1440.00      -16.00
04490            1360.00      -20.00
04491            1280.00       -8.00
04492            1200.00      -20.00
04493            1080.00      -20.00
04494            1000.00      -24.00
04495             920.00      -16.00
04496             840.00      -16.00
04497             720.00      -20.00
04498             640.00      -20.00
04499             520.00      -16.00
04500             440.00      -12.00
04501             360.00      -12.00
04502             280.00      -12.00
04503             200.00      -16.00
04504             120.00      -12.00
04505              80.00      -16.00
04506              40.00      -20.00
04507             -40.00      -12.00
04508            -120.00      -16.00
04509            -160.00      -16.00
04510            -200.00      -16.00
04511            -760.00      500.00
04512            -600.00      500.00
04513            -400.00      500.00
04514            -320.00      -36.00
04515            -200.00      -32.00
04516             -80.00      -32.00
04517             160.00      -28.00
04518             200.00      -32.00
04519             280.00      -32.00
04520             520.00      -32.00
04521             520.00      -32.00
04522             720.00      -36.00
04523             720.00      -28.00
04524             880.00      -28.00
04525             920.00      -24.00
04526            1040.00      -28.00
04527            1080.00      -24.00
04528            1240.00      -28.00
04529            1280.00      -32.00
04530            1360.00      -28.00
04531            1480.00      -28.00
04532            1520.00      -24.00
04533            1560.00      -28.00
04534            1640.00      -28.00
04535            1720.00      -20.00
04536            1760.00      -24.00
04537            1800.00      -20.00
04538            1800.00      -28.00
04539            1800.00      -24.00
04540            1800.00      -24.00
04541            1840.00      -24.00
04542            1800.00      -20.00
04543            1840.00      -24.00
04544            1800.00      -20.00
04545            1760.00      -20.00
04546            1760.00      -24.00
04547            1760.00      -20.00
04548            1760.00      -20.00
04549            1680.00      -24.00
04550            1680.00      -24.00
04551            1640.00      -24.00
04552            1600.00      -20.00
04553            1560.00      -20.00
04554            1520.00      -20.00
04555            1480.00      -20.00
04556            1520.00      -20.00
04557            1440.00      -20.00
04558            1400.00      -20.00
04559            1400.00      -20.00
04560            1360.00      -16.00
04561            1320.00      -20.00
04562            1280.00      -24.00
04563            1240.00      -16.00
04564            1200.00      -20.00
04565            1120.00      -20.00
04566            1080.00      -16.00
04567            1080.00      -20.00
04568            1040.00      -24.00
04569            1000.00      -20.00
04570             920.00      -16.00
04571             920.00      -16.00
04572             920.00      -20.00
04573             920.00      -24.00
04574             960.00      -16.00
04575             960.00      -20.00
04576            1000.00      -20.00
04577            1040.00      -12.00
04578            1040.00      -24.00
04579            1080.00      -16.00
04580            1120.00      -24.00
04581            1040.00      -16.00
04582            1120.00      -20.00
04583            1040.00      -20.00
04584            1000.00      -12.00
04585            1040.00      -12.00
04586             920.00      -20.00
04587             920.00      -16.00
04588             880.00      -24.00
04589             800.00      -20.00
04590             720.00      -12.00
04591             680.00      -16.00
04592             640.00      -20.00
04593             560.00      -20.00
04594             480.00      -12.00
04595             480.00      -20.00
04596             360.00      -16.00
04597             280.00      -20.00
04598             240.00      -16.00
04599             200.00      -20.00
04600              80.00      -24.00
04601               0.00      -16.00
04602             -40.00      -20.00
04603            -120.00      -16.00
04604            -240.00      -16.00
04605            -360.00      -20.00
04606            -440.00      -16.00
04607            -640.00      -16.00
04608            -800.00      -16.00
04609            -920.00      -20.00
04610           -1080.00      -20.00
04611           -1240.00      -20.00
04612           -1320.00      -28.00
04613           -1440.00      -20.00
04614           -1600.00      -20.00
04615           -1680.00      -16.00
04616           -1760.00      -16.00
04617           -1880.00      -24.00
04618           -1880.00      -16.00
04619           -2040.00      -16.00
04620           -2120.00      -20.00
04621           -2200.00      -16.00
04622           -2320.00      -20.00
04623           -2480.00      -16.00
04624           -2560.00      -16.00
04625           -2720.00      -16.00
04626           -2840.00      -20.00
04627           -2960.00      -24.00
04628           -3080.00      -20.00
04629           -3120.00      -16.00
04630           -3240.00      -16.00
04631           -3280.00      -20.00
04632           -3400.00      -16.00
04633           -3400.00      -20.00
04634           -3480.00      -24.00
04635           -3480.00      -16.00
04636           -3520.00      -16.00
04637           -3560.00      -16.00
04638           -3520.00      -20.00
04639           -3520.00      -20.00
04640           -3560.00      -20.00
04641           -3560.00      -24.00
04642           -3520.00      -16.00
04643           -3480.00      -16.00
04644           -3480.00      -20.00
04645           -3480.00      -12.00
04646           -3480.00      -16.00
04647           -3440.00      -16.00
04648           -3440.00      -20.00
04649           -3400.00      -20.00
04650           -3360.00      -24.00
04651           -3360.00      -16.00
04652           -3320.00      -20.00
04653           -3280.00      -20.00
04654           -3240.00      -20.00
04655           -3200.00      -20.00
04656           -3160.00      -20.00
04657           -3120.00      -16.00
04658           -3040.00      -20.00
04659           -2960.00      -24.00
04660           -2840.00      -20.00
04661           -2720.00      -20.00
04662           -2600.00      -20.00
04663           -2480.00      -16.00
04664           -2320.00      -16.00
04665           -2120.00      -16.00
04666           -2000.00      -20.00
04667           -1800.00      -24.00
04668           -1600.00      -16.00
04669           -1400.00      -20.00
04670           -1320.00      -12.00
04671           -1080.00      -16.00
04672            -920.00      -24.00
04673            -800.00      -16.00
04674            -600.00      -16.00
04675            -480.00      -20.00
04676            -280.00      -20.00
04677            -160.00      -20.00
04678              80.00      -16.00
04679             240.00      -20.00
04680             360.00      -16.00
04681             440.00      -24.00
04682             560.00      -20.00
04683             720.00      -24.00
04684             760.00      -24.00
04685             840.00      -20.00
04686            1000.00      -24.00
04687            1000.00      -20.00
04688            1000.00      -20.00
04689            1080.00      -20.00
04690            1080.00      -20.00
04691            1160.00      -20.00
04692            1200.00      -24.00
04693            1200.00      -20.00
04694            1240.00      -24.00
04695            1200.00      -16.00
04696            1160.00      -20.00
04697            1200.00      -20.00
04698            1200.00      -20.00
04699            1240.00      -20.00
04700            1200.00      -20.00
04701            1240.00      -16.00
04702            1280.00      -20.00
04703            1320.00      -20.00
04704            1320.00      -20.00
04705            1360.00      -16.00
04706            1400.00      -20.00
04707            1440.00      -16.00
04708            1480.00      -20.00
04709            1560.00      -16.00
04710            1560.00      -20.00
04711            1560.00      -20.00
04712            1600.00      -20.00
04713            1560.00      -20.00
04714            1600.00      -20.00
04715            1600.00      -16.00
04716            1560.00      -16.00
04717            1520.00      -20.00
04718            1480.00      -16.00
04719            1440.00      -20.00
04720            1400.00      -20.00
04721            1400.00      -16.00
04722            1360.00      -20.00
04723            1360.00      -20.00
04724            1360.00      -20.00
04725            1360.00      -20.00
04726            1360.00      -20.00
04727            1360.00      -20.00
04728            1360.00      -16.00
04729            1440.00      -16.00
04730            1440.00      -20.00
04731            1480.00      -16.00
04732            1520.00      -20.00
04733            1480.00      -20.00
04734            1520.00      -16.00
04735            1480.00      -24.00
04736            1560.00      -16.00
04737            1520.00      -24.00
04738            1480.00      -16.00
04739            1440.00      -20.00
04740            1360.00      -24.00
04741            1320.00      -16.00
04742            1200.00      -20.00
04743            1160.00      -16.00
04744            1000.00      -20.00
04745             920.00      -16.00
04746             840.00      -24.00
04747             680.00      -16.00
04748             600.00      -16.00
04749             520.00      -16.00
04750             400.00      -16.00
04751             360.00      -20.00
04752             280.00      -28.00
04753             240.00      -16.00
04754             200.00      -20.00
04755             120.00      -20.00
04756              40.00      -20.00
04757               0.00      -12.00
04758             -80.00      -20.00
04759            -120.00      -20.00
04760            -200.00      -24.00
04761            -720.00      500.00
04762            -560.00      500.00
04763            -480.00      500.00
04764            -280.00      -36.00
04765            -160.00      -36.00
04766             -40.00      -36.00
04767              40.00      -40.00
04768             200.00      -32.00
04769             360.00      -40.00
04770             480.00      -36.00
04771             520.00      -40.00
04772             600.00      -36.00
04773             760.00      -36.00
04774             880.00      -36.00
04775             920.00      -32.00
04776            1000.00      -28.00
04777            1120.00      -36.00
04778            1200.00      -32.00
04779            1280.00      -28.00
04780            1360.00      -32.00
04781            1480.00      -32.00
04782            1520.00      -36.00
04783            1600.00      -28.00
04784            1680.00      -32.00
04785            1680.00      -28.00
04786            1760.00      -24.00
04787            1760.00      -28.00
04788            1800.00      -28.00
04789            1800.00      -32.00
04790            1840.00      -24.00
04791            1840.00      -20.00
04792            1840.00      -28.00
04793            1800.00      -24.00
04794            1800.00      -32.00
04795            1760.00      -24.00
04796            1720.00      -24.00
04797            1760.00      -28.00
04798            1720.00      -24.00
04799            1680.00      -28.00
04800            1680.00      -24.00
04801            1640.00      -20.00
04802            1600.00      -20.00
04803            1560.00      -20.00
04804            1560.00      -16.00
04805            1520.00      -28.00
04806            1480.00      -24.00
04807            1440.00      -20.00
04808            1440.00      -20.00
04809            1400.00      -16.00
04810            1320.00      -20.00
04811            1320.00      -20.00
04812            1280.00      -24.00
04813            1240.00      -24.00
04814            1200.00      -20.00
04815            1200.00      -20.00
04816            1120.00      -20.00
04817            1080.00      -20.00
04818            1040.00      -20.00
04819            1000.00      -20.00
04820             920.00      -20.00
04821             960.00      -20.00
04822             920.00      -20.00
04823             880.00      -20.00
04824             960.00      -20.00
04825             960.00      -16.00
04826            1000.00      -20.00
04827            1040.00      -24.00
04828            1080.00      -20.00
04829            1080.00      -20.00
04830            1120.00      -20.00
04831            1040.00      -20.00
04832            1080.00      -28.00
04833            1080.00      -12.00
04834            1040.00      -16.00
04835            1000.00      -24.00
04836             960.00      -24.00
04837             920.00      -20.00
04838             840.00      -16.00
04839             800.00      -20.00
04840             720.00      -20.00
04841             680.00      -20.00
04842             640.00      -16.00
04843             600.00      -16.00
04844             480.00      -20.00
04845             440.00      -16.00
04846             360.00      -24.00
04847             320.00      -20.00
04848             240.00      -20.00
04849             200.00      -20.00
04850             120.00      -20.00
04851              40.00      -16.00
04852             -40.00      -20.00
04853             -80.00      -16.00
04854            -200.00      -16.00
04855            -320.00      -16.00
04856            -480.00      -20.00
04857            -640.00      -20.00
04858            -800.00      -16.00
04859            -880.00      -20.00
04860           -1080.00      -20.00
04861           -1200.00      -12.00
04862           -1280.00      -12.00
04863           -1520.00      -12.00
04864           -1560.00      -16.00
04865           -1680.00      -16.00
04866           -1760.00      -20.00
04867           -1880.00      -20.00
04868           -1960.00      -16.00
04869           -2040.00      -16.00
04870           -2160.00      -16.00
04871           -2240.00      -20.00
04872           -2320.00      -16.00
04873           -2440.00      -16.00
04874           -2560.00      -20.00
04875           -2680.00      -16.00
04876           -2840.00      -16.00
04877           -2920.00      -16.00
04878           -3040.00      -20.00
04879           -3120.00      -20.00
04880           -3240.00      -20.00
04881           -3280.00      -20.00
04882           -3360.00      -20.00
04883           -3400.00      -20.00
04884           -3440.00      -16.00
04885           -3520.00      -20.00
04886           -3480.00      -20.00
04887           -3520.00      -20.00
04888           -3520.00      -16.00
04889           -3560.00      -16.00
04890           -3560.00      -16.00
04891           -3560.00      -20.00
04892           -3520.00      -16.00
04893           -3520.00      -16.00
04894           -3480.00      -20.00
04895           -3480.00      -16.00
04896           -3480.00      -12.00
04897           -3440.00      -20.00
04898           -3440.00      -20.00
04899           -3400.00      -16.00
04900           -3360.00      -20.00
04901           -3360.00      -16.00
04902           -3320.00      -12.00
04903           -3280.00      -16.00
04904           -3280.00      -20.00
04905           -3200.00      -20.00
04906           -3160.00      -24.00
04907           -3120.00      -12.00
04908           -3040.00      -16.00
04909           -2960.00      -16.00
04910           -2840.00      -16.00
04911           -2720.00      -16.00
04912           -2640.00      -16.00
04913           -2480.00      -16.00
04914           -2320.00      -16.00
04915           -2120.00      -12.00
04916           -1960.00      -16.00
04917           -1840.00      -20.00
04918           -1600.00      -12.00
04919           -1440.00      -12.00
04920           -1240.00      -12.00
04921           -1080.00      -16.00
04922            -960.00      -20.00
04923            -800.00      -12.00
04924            -600.00      -16.00
04925            -480.00      -12.00
04926            -240.00      -12.00
04927            -160.00      -16.00
04928              80.00      -12.00
04929             200.00      -16.00
04930             320.00      -12.00
04931             480.00      -12.00
04932             560.00      -12.00
04933             680.00      -12.00
04934             800.00      -16.00
04935             880.00      -16.00
04936             920.00      -16.00
04937            1000.00      -16.00
04938            1040.00      -12.00
04939            1080.00      -12.00
04940            1120.00      -16.00
04941            1080.00      -16.00
04942            1200.00      -16.00
04943            1200.00      -16.00
04944            1200.00      -16.00
04945            1200.00      -12.00
04946            1200.00      -16.00
04947            1200.00      -20.00
04948            1200.00      -16.00
04949            1240.00      -16.00
04950            1240.00      -12.00
04951            1240.00      -12.00
04952            1280.00      -20.00
04953            1320.00      -16.00
04954            1320.00      -16.00
04955            1360.00      -12.00
04956            1440.00      -16.00
04957            1440.00      -12.00
04958            1480.00       -4.00
04959            1560.00      -12.00
04960            1560.00      -20.00
04961            1600.00      -12.00
04962            1600.00      -16.00
04963            1600.00      -20.00
04964            1640.00      -20.00
04965            1560.00       -8.00
04966            1520.00      -20.00
04967            1520.00      -20.00
04968            1440.00      -12.00
04969            1440.00      -12.00
04970            1440.00      -16.00
04971            1360.00      -12.00
04972            1360.00      -16.00
04973            1360.00      -16.00
04974            1360.00      -16.00
04975            1360.00      -12.00
04976            1360.00      -16.00
04977            1360.00      -16.00
04978            1400.00      -12.00
04979            1440.00      -12.00
04980            1440.00      -16.00
04981            1480.00      -24.00
04982            1520.00      -12.00
04983            1520.00      -12.00
04984            1520.00      -16.00
04985            1520.00      -20.00
04986            1560.00      -16.00
04987            1520.00      -20.00
04988            1520.00      -20.00
04989            1440.00      -24.00
04990            1360.00      -16.00
04991            1280.00      -16.00
04992            1240.00      -20.00
04993            1080.00      -20.00
04994            1000.00      -20.00
04995             920.00      -20.00
04996             840.00      -16.00
04997             720.00      -16.00
04998             600.00      -12.00
04999             520.00      -20.00
05000             400.00      -16.00
