Unit:(mV)
                     CH1         CH2
Frequency              ?   1.185 kHz
Period                 ?  843.882 us
00001             240.00      -20.00
00002             200.00      -12.00
00003             120.00      -16.00
00004              80.00      -12.00
00005              80.00      -16.00
00006              40.00      -20.00
00007             -40.00      -12.00
00008             -80.00      -12.00
00009             -40.00      -12.00
00010            -120.00      -16.00
00011            -560.00      500.00
00012            -400.00      500.00
00013            -280.00      -28.00
00014            -160.00      -36.00
00015               0.00      -32.00
00016              40.00      -36.00
00017             200.00      -32.00
00018             320.00      -32.00
00019             440.00      -36.00
00020             480.00      -36.00
00021             640.00      -36.00
00022             680.00      -36.00
00023             800.00      -28.00
00024             880.00      -28.00
00025             920.00      -32.00
00026            1040.00      -28.00
00027            1160.00      -28.00
00028            1280.00      -32.00
00029            1280.00      -28.00
00030            1360.00      -28.00
00031            1440.00      -24.00
00032            1520.00      -28.00
00033            1600.00      -32.00
00034            1640.00      -24.00
00035            1680.00      -28.00
00036            1720.00      -28.00
00037            1800.00      -28.00
00038            1800.00      -20.00
00039            1840.00      -28.00
00040            1840.00      -24.00
00041            1840.00      -24.00
00042            1840.00      -24.00
00043            1880.00      -28.00
00044            1840.00      -24.00
00045            1840.00      -24.00
00046            1840.00      -20.00
00047            1800.00      -20.00
00048            1800.00      -24.00
00049            1760.00      -24.00
00050            1720.00      -20.00
00051            1680.00      -24.00
00052            1640.00      -20.00
00053            1560.00      -24.00
00054            1520.00      -20.00
00055            1520.00      -20.00
00056            1480.00      -24.00
00057            1440.00      -24.00
00058            1400.00      -20.00
00059            1400.00      -24.00
00060            1360.00      -20.00
00061            1320.00      -20.00
00062            1280.00      -24.00
00063            1280.00      -20.00
00064            1240.00      -24.00
00065            1200.00      -24.00
00066            1120.00      -20.00
00067            1080.00      -24.00
00068            1040.00      -20.00
00069            1040.00      -24.00
00070            1040.00      -24.00
00071            1000.00      -24.00
00072            1040.00      -20.00
00073            1000.00      -16.00
00074            1040.00      -16.00
00075            1080.00      -16.00
00076            1080.00      -24.00
00077            1120.00      -24.00
00078            1160.00      -20.00
00079            1200.00      -24.00
00080            1200.00      -20.00
00081            1200.00      -20.00
00082            1200.00      -24.00
00083            1200.00      -20.00
00084            1160.00      -20.00
00085            1120.00      -20.00
00086            1080.00      -24.00
00087             960.00      -24.00
00088             920.00      -20.00
00089             840.00      -24.00
00090             800.00      -20.00
00091             680.00      -20.00
00092             600.00      -24.00
00093             480.00      -20.00
00094             440.00      -16.00
00095             360.00      -20.00
00096             240.00      -24.00
00097             160.00      -20.00
00098              80.00      -20.00
00099               0.00      -24.00
00100               0.00      -20.00
00101            -120.00      -20.00
00102            -200.00      -16.00
00103            -320.00      -16.00
00104            -400.00      -20.00
00105            -520.00      -20.00
00106            -640.00      -24.00
00107            -760.00      -24.00
00108            -920.00      -16.00
00109           -1000.00      -20.00
00110           -1160.00      -20.00
00111           -1320.00      -16.00
00112           -1480.00      -20.00
00113           -1560.00      -16.00
00114           -1680.00      -20.00
00115           -1760.00      -20.00
00116           -1880.00      -20.00
00117           -1960.00      -20.00
00118           -2040.00      -20.00
00119           -2120.00      -20.00
00120           -2160.00      -16.00
00121           -2240.00      -16.00
00122           -2320.00      -12.00
00123           -2440.00      -16.00
00124           -2520.00      -24.00
00125           -2600.00      -24.00
00126           -2720.00      -16.00
00127           -2800.00      -20.00
00128           -2920.00      -24.00
00129           -3000.00      -20.00
00130           -3080.00      -20.00
00131           -3200.00      -16.00
00132           -3280.00      -20.00
00133           -3320.00      -16.00
00134           -3360.00      -20.00
00135           -3400.00      -20.00
00136           -3440.00      -20.00
00137           -3440.00      -20.00
00138           -3440.00      -20.00
00139           -3480.00      -20.00
00140           -3440.00      -16.00
00141           -3480.00      -16.00
00142           -3440.00      -20.00
00143           -3440.00      -20.00
00144           -3400.00      -20.00
00145           -3360.00      -16.00
00146           -3400.00      -20.00
00147           -3360.00      -24.00
00148           -3320.00      -16.00
00149           -3320.00      -16.00
00150           -3280.00      -12.00
00151           -3280.00      -16.00
00152           -3280.00      -20.00
00153           -3200.00      -12.00
00154           -3160.00      -16.00
00155           -3160.00      -24.00
00156           -3120.00      -20.00
00157           -3040.00      -20.00
00158           -2960.00      -20.00
00159           -2920.00      -16.00
00160           -2840.00      -12.00
00161           -2680.00      -12.00
00162           -2600.00      -20.00
00163           -2520.00      -16.00
00164           -2360.00      -20.00
00165           -2200.00      -20.00
00166           -2040.00      -16.00
00167           -1800.00      -16.00
00168           -1680.00      -16.00
00169           -1440.00      -16.00
00170           -1360.00      -16.00
00171           -1160.00      -20.00
00172           -1040.00      -24.00
00173            -840.00      -20.00
00174            -640.00      -12.00
00175            -560.00      -16.00
00176            -400.00      -16.00
00177            -200.00      -20.00
00178            -120.00      -16.00
00179            -120.00      -12.00
00180              40.00      -20.00
00181             200.00      -12.00
00182             320.00      -16.00
00183             400.00      -20.00
00184             480.00      -24.00
00185             560.00      -20.00
00186             600.00      -12.00
00187             720.00      -16.00
00188             720.00      -16.00
00189             880.00      -20.00
00190             880.00      -20.00
00191             960.00      -20.00
00192            1040.00      -16.00
00193            1120.00      -20.00
00194            1120.00      -16.00
00195            1160.00      -24.00
00196            1160.00      -16.00
00197            1160.00      -16.00
00198            1200.00      -16.00
00199            1200.00      -12.00
00200            1240.00      -20.00
00201            1280.00      -12.00
00202            1320.00      -16.00
00203            1360.00      -20.00
00204            1440.00      -16.00
00205            1520.00      -16.00
00206            1560.00      -12.00
00207            1640.00      -12.00
00208            1600.00      -20.00
00209            1680.00      -16.00
00210            1680.00      -20.00
00211            1720.00      -20.00
00212            1720.00      -20.00
00213            1760.00      -24.00
00214            1720.00      -24.00
00215            1720.00      -24.00
00216            1680.00      -16.00
00217            1680.00      -16.00
00218            1640.00      -16.00
00219            1600.00      -28.00
00220            1560.00      -16.00
00221            1520.00      -16.00
00222            1520.00      -20.00
00223            1480.00      -20.00
00224            1480.00      -16.00
00225            1440.00      -16.00
00226            1400.00      -16.00
00227            1400.00      -16.00
00228            1400.00      -16.00
00229            1400.00      -24.00
00230            1440.00      -20.00
00231            1400.00      -24.00
00232            1440.00      -16.00
00233            1440.00      -20.00
00234            1440.00      -16.00
00235            1400.00      -16.00
00236            1440.00      -16.00
00237            1360.00      -20.00
00238            1400.00      -20.00
00239            1320.00      -16.00
00240            1280.00      -16.00
00241            1200.00      -16.00
00242            1160.00      -20.00
00243            1000.00      -16.00
00244             920.00      -20.00
00245             840.00      -16.00
00246             640.00      -20.00
00247             600.00      -16.00
00248             520.00      -20.00
00249             400.00      -16.00
00250             360.00      -20.00
00251             240.00      -20.00
00252             200.00      -12.00
00253             160.00      -12.00
00254              80.00      -20.00
00255              80.00      -20.00
00256              40.00      -20.00
00257               0.00      -16.00
00258             -40.00      -16.00
00259             -80.00      -20.00
00260            -120.00      -16.00
00261            -560.00      500.00
00262            -440.00      500.00
00263            -200.00      -20.00
00264            -160.00      -28.00
00265             -80.00      -32.00
00266              80.00      -40.00
00267             120.00      -36.00
00268             280.00      -32.00
00269             400.00      -32.00
00270             480.00      -32.00
00271             600.00      -28.00
00272             720.00      -32.00
00273             800.00      -28.00
00274             920.00      -32.00
00275             960.00      -28.00
00276            1040.00      -32.00
00277            1080.00      -32.00
00278            1240.00      -32.00
00279            1280.00      -28.00
00280            1360.00      -28.00
00281            1400.00      -28.00
00282            1520.00      -28.00
00283            1600.00      -24.00
00284            1640.00      -28.00
00285            1680.00      -20.00
00286            1760.00      -28.00
00287            1760.00      -28.00
00288            1800.00      -24.00
00289            1840.00      -24.00
00290            1880.00      -24.00
00291            1840.00      -20.00
00292            1880.00      -20.00
00293            1840.00      -20.00
00294            1840.00      -28.00
00295            1840.00      -24.00
00296            1840.00      -20.00
00297            1840.00      -24.00
00298            1800.00      -20.00
00299            1800.00      -20.00
00300            1720.00      -20.00
00301            1680.00      -20.00
00302            1640.00      -20.00
00303            1600.00      -16.00
00304            1560.00      -20.00
00305            1480.00      -20.00
00306            1480.00      -20.00
00307            1480.00      -16.00
00308            1400.00      -20.00
00309            1360.00      -20.00
00310            1360.00      -20.00
00311            1320.00      -20.00
00312            1280.00      -20.00
00313            1240.00      -20.00
00314            1240.00      -16.00
00315            1200.00      -16.00
00316            1160.00      -16.00
00317            1080.00      -20.00
00318            1040.00      -20.00
00319            1040.00      -16.00
00320            1000.00      -12.00
00321            1000.00      -20.00
00322            1000.00      -16.00
00323            1000.00      -20.00
00324            1000.00      -12.00
00325            1080.00      -16.00
00326            1080.00      -20.00
00327            1120.00      -16.00
00328            1160.00      -20.00
00329            1160.00      -16.00
00330            1200.00      -16.00
00331            1200.00      -16.00
00332            1200.00      -20.00
00333            1200.00      -12.00
00334            1120.00      -20.00
00335            1120.00      -16.00
00336            1080.00      -12.00
00337            1000.00      -16.00
00338             880.00      -20.00
00339             840.00      -16.00
00340             760.00      -16.00
00341             640.00      -12.00
00342             600.00      -16.00
00343             480.00      -20.00
00344             400.00      -16.00
00345             360.00      -16.00
00346             240.00      -16.00
00347             160.00      -16.00
00348              80.00      -16.00
00349               0.00      -12.00
00350             -40.00      -16.00
00351            -120.00      -16.00
00352            -200.00      -12.00
00353            -280.00      -16.00
00354            -400.00      -16.00
00355            -520.00      -16.00
00356            -600.00      -12.00
00357            -760.00      -20.00
00358            -880.00      -12.00
00359           -1000.00      -12.00
00360           -1200.00      -16.00
00361           -1280.00      -20.00
00362           -1440.00      -16.00
00363           -1520.00      -16.00
00364           -1680.00      -12.00
00365           -1840.00      -12.00
00366           -1880.00      -20.00
00367           -2000.00      -12.00
00368           -2080.00      -16.00
00369           -2080.00      -24.00
00370           -2120.00      -12.00
00371           -2200.00      -12.00
00372           -2320.00      -16.00
00373           -2440.00      -20.00
00374           -2520.00      -12.00
00375           -2600.00      -16.00
00376           -2720.00      -16.00
00377           -2840.00      -16.00
00378           -2920.00      -12.00
00379           -2960.00      -20.00
00380           -3120.00      -12.00
00381           -3200.00      -20.00
00382           -3240.00      -16.00
00383           -3320.00      -20.00
00384           -3360.00      -12.00
00385           -3400.00      -16.00
00386           -3440.00      -16.00
00387           -3440.00      -20.00
00388           -3440.00      -16.00
00389           -3480.00      -16.00
00390           -3440.00      -16.00
00391           -3440.00      -12.00
00392           -3480.00      -16.00
00393           -3440.00      -16.00
00394           -3440.00      -16.00
00395           -3440.00      -16.00
00396           -3400.00      -16.00
00397           -3360.00      -20.00
00398           -3320.00      -16.00
00399           -3320.00      -16.00
00400           -3280.00      -20.00
00401           -3240.00      -12.00
00402           -3240.00      -20.00
00403           -3200.00      -16.00
00404           -3160.00      -16.00
00405           -3160.00      -12.00
00406           -3120.00      -16.00
00407           -3040.00      -12.00
00408           -3040.00      -20.00
00409           -2920.00      -20.00
00410           -2800.00      -16.00
00411           -2760.00      -20.00
00412           -2600.00      -20.00
00413           -2480.00      -20.00
00414           -2360.00      -20.00
00415           -2160.00      -16.00
00416           -2040.00      -20.00
00417           -1880.00      -16.00
00418           -1680.00      -20.00
00419           -1520.00      -20.00
00420           -1280.00      -16.00
00421           -1120.00      -20.00
00422           -1000.00      -16.00
00423            -800.00      -16.00
00424            -720.00      -12.00
00425            -600.00      -16.00
00426            -440.00      -20.00
00427            -280.00      -20.00
00428            -120.00      -16.00
00429               0.00      -20.00
00430              40.00      -20.00
00431             240.00      -16.00
00432             240.00      -20.00
00433             400.00      -16.00
00434             520.00      -16.00
00435             560.00      -16.00
00436             640.00      -16.00
00437             760.00      -12.00
00438             800.00      -24.00
00439             880.00      -20.00
00440             880.00      -12.00
00441            1000.00      -20.00
00442            1040.00      -20.00
00443            1080.00      -20.00
00444            1120.00      -12.00
00445            1120.00      -16.00
00446            1160.00      -16.00
00447            1160.00      -20.00
00448            1200.00      -20.00
00449            1200.00      -20.00
00450            1240.00      -24.00
00451            1280.00      -20.00
00452            1320.00      -16.00
00453            1400.00      -20.00
00454            1440.00      -16.00
00455            1480.00      -16.00
00456            1560.00      -16.00
00457            1560.00      -24.00
00458            1640.00      -20.00
00459            1680.00      -16.00
00460            1680.00      -20.00
00461            1720.00      -16.00
00462            1720.00      -12.00
00463            1760.00      -16.00
00464            1720.00      -16.00
00465            1720.00      -20.00
00466            1680.00      -20.00
00467            1680.00      -16.00
00468            1640.00      -16.00
00469            1560.00      -12.00
00470            1560.00      -24.00
00471            1520.00      -20.00
00472            1520.00      -16.00
00473            1480.00      -16.00
00474            1440.00      -20.00
00475            1440.00      -20.00
00476            1400.00      -12.00
00477            1400.00      -20.00
00478            1440.00      -24.00
00479            1400.00      -20.00
00480            1440.00      -20.00
00481            1440.00      -20.00
00482            1400.00      -16.00
00483            1440.00      -16.00
00484            1440.00      -24.00
00485            1440.00      -20.00
00486            1440.00      -20.00
00487            1400.00      -16.00
00488            1360.00      -20.00
00489            1360.00      -16.00
00490            1280.00      -20.00
00491            1240.00      -24.00
00492            1160.00      -16.00
00493            1040.00      -20.00
00494             920.00      -16.00
00495             840.00      -16.00
00496             760.00      -16.00
00497             640.00      -16.00
00498             520.00      -20.00
00499             400.00      -16.00
00500             320.00      -20.00
00501             240.00      -16.00
00502             160.00      -16.00
00503              80.00      -24.00
00504             120.00      -16.00
00505              80.00      -20.00
00506              40.00      -20.00
00507               0.00      -20.00
00508               0.00      -20.00
00509             -40.00      -20.00
00510             -80.00      -16.00
00511            -560.00      500.00
00512            -400.00      500.00
00513            -320.00      -32.00
00514            -160.00      -40.00
00515             -40.00      -44.00
00516              80.00      -40.00
00517             240.00      -36.00
00518             320.00      -32.00
00519             440.00      -32.00
00520             520.00      -32.00
00521             640.00      -32.00
00522             760.00      -40.00
00523             800.00      -36.00
00524             880.00      -32.00
00525            1000.00      -36.00
00526            1040.00      -32.00
00527            1120.00      -28.00
00528            1200.00      -32.00
00529            1280.00      -32.00
00530            1360.00      -24.00
00531            1440.00      -32.00
00532            1520.00      -32.00
00533            1600.00      -24.00
00534            1640.00      -28.00
00535            1720.00      -28.00
00536            1720.00      -28.00
00537            1760.00      -28.00
00538            1840.00      -28.00
00539            1840.00      -32.00
00540            1840.00      -24.00
00541            1880.00      -28.00
00542            1840.00      -28.00
00543            1840.00      -28.00
00544            1880.00      -28.00
00545            1880.00      -28.00
00546            1840.00      -28.00
00547            1800.00      -24.00
00548            1800.00      -28.00
00549            1760.00      -24.00
00550            1720.00      -24.00
00551            1680.00      -24.00
00552            1640.00      -24.00
00553            1600.00      -24.00
00554            1560.00      -24.00
00555            1560.00      -20.00
00556            1480.00      -28.00
00557            1440.00      -24.00
00558            1440.00      -16.00
00559            1360.00      -24.00
00560            1360.00      -28.00
00561            1320.00      -16.00
00562            1320.00      -24.00
00563            1240.00      -24.00
00564            1200.00      -20.00
00565            1160.00      -20.00
00566            1120.00      -20.00
00567            1120.00      -20.00
00568            1080.00      -20.00
00569            1000.00      -16.00
00570            1000.00      -24.00
00571            1000.00      -24.00
00572            1000.00      -24.00
00573            1000.00      -20.00
00574            1040.00      -20.00
00575            1080.00      -24.00
00576            1120.00      -20.00
00577            1120.00      -16.00
00578            1200.00      -16.00
00579            1200.00      -16.00
00580            1200.00      -16.00
00581            1240.00      -16.00
00582            1200.00      -20.00
00583            1200.00      -16.00
00584            1160.00      -20.00
00585            1120.00      -20.00
00586            1040.00      -20.00
00587            1000.00      -16.00
00588             920.00      -16.00
00589             840.00      -12.00
00590             800.00      -24.00
00591             640.00      -16.00
00592             600.00      -20.00
00593             480.00      -20.00
00594             400.00      -20.00
00595             360.00      -16.00
00596             240.00      -20.00
00597             160.00      -16.00
00598             120.00      -12.00
00599               0.00      -20.00
00600             -80.00      -16.00
00601            -120.00      -16.00
00602            -200.00      -16.00
00603            -320.00      -20.00
00604            -400.00      -16.00
00605            -520.00      -16.00
00606            -600.00      -12.00
00607            -800.00      -16.00
00608            -880.00      -20.00
00609           -1000.00      -20.00
00610           -1200.00      -16.00
00611           -1320.00      -20.00
00612           -1400.00      -16.00
00613           -1560.00      -20.00
00614           -1640.00      -20.00
00615           -1800.00      -20.00
00616           -1880.00      -16.00
00617           -1960.00      -20.00
00618           -2040.00      -12.00
00619           -2080.00      -24.00
00620           -2200.00      -16.00
00621           -2280.00      -16.00
00622           -2320.00      -16.00
00623           -2400.00      -16.00
00624           -2520.00      -16.00
00625           -2600.00      -12.00
00626           -2680.00      -12.00
00627           -2840.00      -16.00
00628           -2920.00      -16.00
00629           -3040.00      -20.00
00630           -3120.00      -16.00
00631           -3200.00      -20.00
00632           -3240.00      -20.00
00633           -3320.00      -16.00
00634           -3360.00      -20.00
00635           -3440.00      -16.00
00636           -3440.00      -16.00
00637           -3440.00      -20.00
00638           -3440.00      -16.00
00639           -3480.00      -20.00
00640           -3480.00      -20.00
00641           -3440.00      -20.00
00642           -3440.00      -16.00
00643           -3440.00      -16.00
00644           -3400.00      -20.00
00645           -3400.00      -20.00
00646           -3360.00      -12.00
00647           -3360.00      -16.00
00648           -3360.00      -20.00
00649           -3320.00      -16.00
00650           -3280.00      -20.00
00651           -3280.00      -20.00
00652           -3200.00      -16.00
00653           -3200.00      -12.00
00654           -3160.00      -12.00
00655           -3160.00      -20.00
00656           -3120.00      -12.00
00657           -3040.00      -16.00
00658           -3000.00      -16.00
00659           -2920.00      -20.00
00660           -2840.00      -16.00
00661           -2760.00      -12.00
00662           -2680.00      -16.00
00663           -2480.00      -16.00
00664           -2360.00      -16.00
00665           -2120.00      -20.00
00666           -2040.00      -16.00
00667           -1800.00      -16.00
00668           -1680.00      -12.00
00669           -1520.00      -20.00
00670           -1280.00      -16.00
00671           -1160.00      -20.00
00672           -1040.00      -16.00
00673            -760.00      -12.00
00674            -720.00      -16.00
00675            -560.00      -16.00
00676            -400.00      -16.00
00677            -280.00      -16.00
00678            -160.00      -16.00
00679             -40.00      -12.00
00680              80.00      -12.00
00681             200.00      -12.00
00682             240.00      -12.00
00683             400.00      -16.00
00684             520.00      -16.00
00685             520.00      -16.00
00686             640.00      -16.00
00687             720.00      -20.00
00688             800.00      -16.00
00689             880.00      -12.00
00690             880.00      -16.00
00691             960.00      -12.00
00692            1040.00      -12.00
00693            1080.00      -16.00
00694            1120.00      -16.00
00695            1120.00      -16.00
00696            1160.00      -16.00
00697            1160.00      -12.00
00698            1160.00      -16.00
00699            1240.00      -16.00
00700            1240.00      -12.00
00701            1320.00      -12.00
00702            1360.00      -12.00
00703            1400.00      -12.00
00704            1440.00      -16.00
00705            1480.00      -16.00
00706            1520.00      -12.00
00707            1600.00      -16.00
00708            1640.00      -12.00
00709            1680.00       -4.00
00710            1680.00      -16.00
00711            1720.00      -12.00
00712            1760.00      -12.00
00713            1720.00      -16.00
00714            1720.00      -16.00
00715            1720.00      -16.00
00716            1680.00      -12.00
00717            1680.00      -16.00
00718            1640.00      -12.00
00719            1560.00      -12.00
00720            1560.00      -16.00
00721            1520.00      -16.00
00722            1520.00      -16.00
00723            1480.00      -12.00
00724            1440.00      -16.00
00725            1400.00      -12.00
00726            1400.00      -12.00
00727            1440.00      -16.00
00728            1360.00      -16.00
00729            1360.00      -16.00
00730            1440.00      -16.00
00731            1440.00      -12.00
00732            1440.00      -16.00
00733            1440.00      -16.00
00734            1440.00      -16.00
00735            1440.00      -12.00
00736            1440.00      -16.00
00737            1360.00      -12.00
00738            1400.00      -16.00
00739            1360.00      -16.00
00740            1280.00      -12.00
00741            1200.00      -16.00
00742            1120.00      -12.00
00743            1000.00      -12.00
00744             920.00      -16.00
00745             840.00      -16.00
00746             680.00      -16.00
00747             640.00      -16.00
00748             480.00      -16.00
00749             400.00      -16.00
00750             320.00      -12.00
00751             280.00      -12.00
00752             200.00      -16.00
00753             120.00      -16.00
00754              80.00      -16.00
00755              80.00      -12.00
00756               0.00      -16.00
00757               0.00      -20.00
00758             -40.00      -16.00
00759            -120.00      -12.00
00760             -80.00      -12.00
00761            -560.00      500.00
00762            -400.00      500.00
00763            -320.00      -24.00
00764            -200.00      -36.00
00765             -40.00      -32.00
00766              80.00      -28.00
00767             200.00      -32.00
00768             360.00      -32.00
00769             400.00      -36.00
00770             520.00      -32.00
00771             640.00      -32.00
00772             720.00      -32.00
00773             800.00      -28.00
00774             880.00      -32.00
00775            1000.00      -36.00
00776            1080.00      -28.00
00777            1160.00      -32.00
00778            1200.00      -28.00
00779            1320.00      -28.00
00780            1360.00      -24.00
00781            1440.00      -32.00
00782            1520.00      -28.00
00783            1640.00      -24.00
00784            1640.00      -28.00
00785            1720.00      -32.00
00786            1720.00      -28.00
00787            1760.00      -24.00
00788            1800.00      -28.00
00789            1840.00      -28.00
00790            1840.00      -28.00
00791            1840.00      -28.00
00792            1880.00      -20.00
00793            1840.00      -28.00
00794            1880.00      -32.00
00795            1840.00      -24.00
00796            1840.00      -24.00
00797            1800.00      -20.00
00798            1800.00      -28.00
00799            1760.00      -24.00
00800            1720.00      -24.00
00801            1640.00      -20.00
00802            1640.00      -20.00
00803            1600.00      -24.00
00804            1560.00      -28.00
00805            1520.00      -20.00
00806            1480.00      -24.00
00807            1440.00      -24.00
00808            1400.00      -24.00
00809            1400.00      -24.00
00810            1360.00      -24.00
00811            1320.00      -20.00
00812            1280.00      -28.00
00813            1280.00      -20.00
00814            1200.00      -20.00
00815            1160.00      -16.00
00816            1120.00      -20.00
00817            1120.00      -24.00
00818            1040.00      -16.00
00819            1000.00      -24.00
00820            1000.00      -24.00
00821            1000.00      -16.00
00822            1000.00      -24.00
00823            1000.00      -16.00
00824            1040.00      -20.00
00825            1080.00      -24.00
00826            1080.00      -20.00
00827            1120.00      -16.00
00828            1160.00      -24.00
00829            1200.00      -20.00
00830            1200.00      -20.00
00831            1200.00      -20.00
00832            1200.00      -20.00
00833            1200.00      -20.00
00834            1120.00      -16.00
00835            1080.00      -16.00
00836            1080.00      -16.00
00837            1000.00      -20.00
00838             920.00      -20.00
00839             800.00      -20.00
00840             760.00      -20.00
00841             680.00      -16.00
00842             600.00      -24.00
00843             520.00      -20.00
00844             400.00      -12.00
00845             320.00      -28.00
00846             240.00      -12.00
00847             160.00      -24.00
00848              80.00      -16.00
00849               0.00      -16.00
00850            -120.00      -24.00
00851            -160.00      -20.00
00852            -160.00      -24.00
00853            -280.00      -12.00
00854            -400.00      -16.00
00855            -520.00      -16.00
00856            -640.00      -16.00
00857            -720.00      -20.00
00858            -920.00      -20.00
00859           -1040.00      -20.00
00860           -1200.00      -20.00
00861           -1280.00      -16.00
00862           -1440.00      -20.00
00863           -1520.00      -24.00
00864           -1640.00      -20.00
00865           -1760.00      -20.00
00866           -1840.00      -20.00
00867           -1960.00      -16.00
00868           -2000.00      -20.00
00869           -2080.00      -16.00
00870           -2160.00      -16.00
00871           -2240.00      -16.00
00872           -2320.00      -20.00
00873           -2480.00      -16.00
00874           -2520.00      -20.00
00875           -2640.00      -16.00
00876           -2680.00      -20.00
00877           -2840.00      -16.00
00878           -2920.00      -16.00
00879           -3000.00      -16.00
00880           -3160.00      -20.00
00881           -3160.00      -16.00
00882           -3280.00      -20.00
00883           -3360.00      -20.00
00884           -3360.00      -16.00
00885           -3400.00      -20.00
00886           -3440.00      -20.00
00887           -3480.00      -20.00
00888           -3440.00      -20.00
00889           -3440.00      -16.00
00890           -3440.00      -24.00
00891           -3440.00      -20.00
00892           -3440.00      -12.00
00893           -3440.00      -24.00
00894           -3400.00      -12.00
00895           -3400.00      -16.00
00896           -3360.00      -16.00
00897           -3360.00      -16.00
00898           -3320.00      -20.00
00899           -3320.00      -16.00
00900           -3280.00      -20.00
00901           -3280.00      -20.00
00902           -3200.00      -16.00
00903           -3200.00      -20.00
00904           -3200.00      -16.00
00905           -3160.00      -16.00
00906           -3120.00      -16.00
00907           -3040.00      -16.00
00908           -3000.00      -12.00
00909           -2920.00      -20.00
00910           -2840.00      -16.00
00911           -2720.00      -16.00
00912           -2640.00      -20.00
00913           -2520.00      -20.00
00914           -2360.00      -16.00
00915           -2160.00      -16.00
00916           -2000.00      -16.00
00917           -1800.00      -20.00
00918           -1760.00      -20.00
00919           -1520.00      -20.00
00920           -1280.00      -16.00
00921           -1240.00      -20.00
00922           -1040.00      -20.00
00923            -800.00      -16.00
00924            -680.00      -16.00
00925            -560.00      -16.00
00926            -360.00      -20.00
00927            -240.00      -20.00
00928            -160.00      -16.00
00929              40.00      -16.00
00930              80.00      -16.00
00931             200.00      -20.00
00932             240.00      -24.00
00933             360.00      -20.00
00934             560.00      -20.00
00935             600.00      -20.00
00936             680.00      -20.00
00937             760.00      -16.00
00938             800.00      -16.00
00939             840.00      -16.00
00940             880.00      -12.00
00941             960.00      -12.00
00942            1040.00      -16.00
00943            1080.00      -16.00
00944            1120.00      -20.00
00945            1080.00      -16.00
00946            1120.00      -12.00
00947            1160.00      -16.00
00948            1160.00      -16.00
00949            1200.00      -16.00
00950            1240.00      -16.00
00951            1320.00      -20.00
00952            1320.00      -16.00
00953            1400.00      -20.00
00954            1440.00      -12.00
00955            1480.00      -16.00
00956            1520.00      -16.00
00957            1600.00      -16.00
00958            1640.00      -20.00
00959            1680.00      -20.00
00960            1720.00      -20.00
00961            1720.00      -20.00
00962            1720.00      -16.00
00963            1760.00      -16.00
00964            1760.00      -16.00
00965            1720.00      -16.00
00966            1680.00      -16.00
00967            1680.00      -12.00
00968            1640.00      -16.00
00969            1560.00      -20.00
00970            1560.00      -16.00
00971            1520.00      -20.00
00972            1520.00      -16.00
00973            1480.00      -12.00
00974            1400.00      -20.00
00975            1440.00      -24.00
00976            1400.00      -16.00
00977            1400.00      -16.00
00978            1400.00      -16.00
00979            1400.00      -12.00
00980            1360.00      -20.00
00981            1440.00      -24.00
00982            1400.00      -16.00
00983            1400.00      -16.00
00984            1440.00      -20.00
00985            1440.00      -16.00
00986            1400.00      -24.00
00987            1360.00      -20.00
00988            1360.00      -16.00
00989            1320.00      -16.00
00990            1240.00      -16.00
00991            1200.00      -16.00
00992            1120.00      -16.00
00993            1000.00      -20.00
00994             960.00      -12.00
00995             800.00      -20.00
00996             720.00      -16.00
00997             600.00      -16.00
00998             520.00      -16.00
00999             440.00      -16.00
01000             320.00      -16.00
01001             240.00      -16.00
01002             200.00      -16.00
01003             120.00      -12.00
01004             120.00      -20.00
01005              80.00      -20.00
01006              40.00      -16.00
01007               0.00      -20.00
01008             -40.00      -12.00
01009             -40.00      -12.00
01010            -120.00      -20.00
01011            -520.00      500.00
01012            -400.00      500.00
01013            -280.00      -28.00
01014            -200.00      -32.00
01015               0.00      -36.00
01016              80.00      -32.00
01017             200.00      -32.00
01018             240.00      -32.00
01019             400.00      -32.00
01020             560.00      -28.00
01021             600.00      -28.00
01022             680.00      -32.00
01023             840.00      -28.00
01024             880.00      -28.00
01025            1000.00      -28.00
01026            1040.00      -28.00
01027            1160.00      -28.00
01028            1200.00      -24.00
01029            1320.00      -24.00
01030            1360.00      -28.00
01031            1440.00      -28.00
01032            1520.00      -28.00
01033            1560.00      -20.00
01034            1640.00      -20.00
01035            1680.00      -24.00
01036            1760.00      -20.00
01037            1760.00      -24.00
01038            1800.00      -24.00
01039            1800.00      -24.00
01040            1840.00      -20.00
01041            1840.00      -20.00
01042            1840.00      -20.00
01043            1880.00      -20.00
01044            1840.00      -20.00
01045            1840.00      -16.00
01046            1840.00      -28.00
01047            1840.00      -16.00
01048            1800.00      -16.00
01049            1760.00      -20.00
01050            1720.00      -24.00
01051            1680.00      -20.00
01052            1640.00      -20.00
01053            1600.00      -20.00
01054            1520.00      -20.00
01055            1520.00      -20.00
01056            1480.00      -16.00
01057            1440.00      -20.00
01058            1440.00      -20.00
01059            1360.00      -20.00
01060            1360.00      -20.00
01061            1320.00      -16.00
01062            1280.00      -16.00
01063            1240.00      -16.00
01064            1200.00      -16.00
01065            1200.00      -20.00
01066            1120.00      -16.00
01067            1120.00      -20.00
01068            1040.00      -16.00
01069            1000.00      -20.00
01070            1040.00      -20.00
01071            1000.00      -16.00
01072            1000.00      -20.00
01073            1040.00      -12.00
01074            1040.00      -16.00
01075            1040.00      -16.00
01076            1120.00      -16.00
01077            1120.00      -16.00
01078            1160.00      -20.00
01079            1200.00      -16.00
01080            1240.00      -20.00
01081            1200.00      -16.00
01082            1200.00      -12.00
01083            1200.00      -16.00
01084            1120.00      -20.00
01085            1120.00      -20.00
01086            1040.00      -20.00
01087             960.00      -12.00
01088             920.00      -12.00
01089             840.00      -16.00
01090             760.00      -20.00
01091             680.00      -20.00
01092             560.00      -12.00
01093             520.00      -16.00
01094             440.00      -12.00
01095             320.00      -12.00
01096             240.00      -16.00
01097             160.00      -12.00
01098              80.00      -12.00
01099               0.00      -16.00
01100             -80.00      -20.00
01101            -160.00      -16.00
01102            -200.00      -16.00
01103            -280.00      -16.00
01104            -400.00      -20.00
01105            -520.00      -16.00
01106            -600.00      -16.00
01107            -760.00      -16.00
01108            -920.00      -12.00
01109           -1040.00      -16.00
01110           -1160.00      -16.00
01111           -1320.00      -16.00
01112           -1480.00      -16.00
01113           -1560.00      -20.00
01114           -1640.00      -16.00
01115           -1800.00      -16.00
01116           -1880.00      -16.00
01117           -1960.00      -16.00
01118           -2040.00      -12.00
01119           -2120.00      -16.00
01120           -2160.00      -12.00
01121           -2240.00      -20.00
01122           -2320.00      -20.00
01123           -2440.00      -12.00
01124           -2480.00      -20.00
01125           -2560.00      -16.00
01126           -2760.00      -16.00
01127           -2840.00      -16.00
01128           -2920.00      -16.00
01129           -3040.00      -16.00
01130           -3120.00      -16.00
01131           -3200.00      -16.00
01132           -3240.00      -20.00
01133           -3320.00      -20.00
01134           -3360.00      -16.00
01135           -3400.00      -20.00
01136           -3440.00      -16.00
01137           -3480.00      -20.00
01138           -3440.00      -16.00
01139           -3440.00      -12.00
01140           -3440.00      -16.00
01141           -3440.00      -20.00
01142           -3440.00      -16.00
01143           -3400.00      -16.00
01144           -3400.00      -12.00
01145           -3400.00      -16.00
01146           -3400.00      -16.00
01147           -3360.00      -20.00
01148           -3320.00      -12.00
01149           -3280.00      -16.00
01150           -3280.00      -16.00
01151           -3240.00      -20.00
01152           -3240.00      -12.00
01153           -3200.00      -16.00
01154           -3200.00      -20.00
01155           -3160.00      -20.00
01156           -3120.00      -16.00
01157           -3080.00      -12.00
01158           -3000.00      -16.00
01159           -2920.00      -16.00
01160           -2840.00      -16.00
01161           -2800.00      -24.00
01162           -2640.00      -16.00
01163           -2480.00      -20.00
01164           -2400.00      -16.00
01165           -2160.00      -20.00
01166           -2040.00      -20.00
01167           -1840.00      -16.00
01168           -1680.00      -16.00
01169           -1520.00      -12.00
01170           -1320.00      -20.00
01171           -1200.00      -20.00
01172           -1000.00      -16.00
01173            -760.00      -20.00
01174            -720.00      -16.00
01175            -560.00      -20.00
01176            -400.00      -16.00
01177            -280.00      -12.00
01178            -120.00      -16.00
01179             -40.00      -20.00
01180              80.00      -20.00
01181             200.00      -20.00
01182             280.00      -20.00
01183             400.00      -16.00
01184             520.00      -16.00
01185             560.00      -16.00
01186             680.00      -16.00
01187             720.00      -16.00
01188             800.00      -16.00
01189             880.00      -16.00
01190             920.00      -24.00
01191            1000.00      -24.00
01192            1040.00      -20.00
01193            1080.00      -16.00
01194            1120.00      -20.00
01195            1120.00      -12.00
01196            1160.00      -20.00
01197            1160.00      -16.00
01198            1200.00      -28.00
01199            1200.00      -16.00
01200            1280.00      -16.00
01201            1280.00      -20.00
01202            1320.00      -20.00
01203            1400.00      -20.00
01204            1440.00      -16.00
01205            1480.00      -12.00
01206            1520.00      -16.00
01207            1600.00      -16.00
01208            1640.00      -16.00
01209            1680.00      -12.00
01210            1680.00      -24.00
01211            1720.00      -24.00
01212            1720.00      -20.00
01213            1760.00      -20.00
01214            1720.00      -16.00
01215            1720.00      -16.00
01216            1680.00      -20.00
01217            1640.00      -16.00
01218            1640.00      -12.00
01219            1600.00      -20.00
01220            1520.00      -20.00
01221            1520.00      -20.00
01222            1480.00      -20.00
01223            1480.00      -20.00
01224            1440.00      -12.00
01225            1440.00      -12.00
01226            1400.00      -20.00
01227            1400.00      -16.00
01228            1400.00      -20.00
01229            1400.00      -20.00
01230            1400.00      -16.00
01231            1400.00      -16.00
01232            1440.00      -12.00
01233            1440.00      -16.00
01234            1400.00      -16.00
01235            1440.00      -16.00
01236            1400.00      -20.00
01237            1440.00      -16.00
01238            1360.00      -16.00
01239            1320.00      -20.00
01240            1320.00      -20.00
01241            1200.00      -20.00
01242            1120.00      -16.00
01243            1000.00      -16.00
01244             920.00      -16.00
01245             840.00      -20.00
01246             680.00      -20.00
01247             560.00      -16.00
01248             520.00      -16.00
01249             360.00      -20.00
01250             320.00      -20.00
01251             240.00      -16.00
01252             200.00      -16.00
01253             160.00      -16.00
01254             120.00      -20.00
01255              80.00      -16.00
01256              40.00      -20.00
01257             -40.00      -16.00
01258             -80.00      -16.00
01259             -80.00      -16.00
01260             -80.00      -16.00
01261            -560.00      500.00
01262            -440.00      500.00
01263            -200.00      -28.00
01264            -160.00      -32.00
01265             -80.00      -32.00
01266              40.00      -36.00
01267             200.00      -40.00
01268             280.00      -32.00
01269             400.00      -32.00
01270             480.00      -32.00
01271             640.00      -32.00
01272             720.00      -36.00
01273             800.00      -32.00
01274             880.00      -36.00
01275             960.00      -32.00
01276            1080.00      -28.00
01277            1160.00      -36.00
01278            1240.00      -24.00
01279            1320.00      -28.00
01280            1320.00      -40.00
01281            1480.00      -24.00
01282            1480.00      -28.00
01283            1600.00      -28.00
01284            1640.00      -28.00
01285            1680.00      -28.00
01286            1720.00      -32.00
01287            1760.00      -28.00
01288            1840.00      -28.00
01289            1840.00      -20.00
01290            1840.00      -24.00
01291            1840.00      -28.00
01292            1840.00      -24.00
01293            1840.00      -20.00
01294            1840.00      -24.00
01295            1840.00      -28.00
01296            1840.00      -24.00
01297            1800.00      -20.00
01298            1800.00      -20.00
01299            1760.00      -20.00
01300            1720.00      -24.00
01301            1680.00      -24.00
01302            1640.00      -24.00
01303            1600.00      -20.00
01304            1520.00      -24.00
01305            1520.00      -24.00
01306            1480.00      -20.00
01307            1440.00      -24.00
01308            1440.00      -20.00
01309            1360.00      -16.00
01310            1360.00      -24.00
01311            1320.00      -20.00
01312            1280.00      -24.00
01313            1280.00      -24.00
01314            1240.00      -16.00
01315            1200.00      -28.00
01316            1080.00      -28.00
01317            1120.00      -16.00
01318            1080.00      -20.00
01319            1000.00      -20.00
01320            1040.00      -24.00
01321            1000.00      -20.00
01322            1000.00      -16.00
01323            1000.00      -20.00
01324            1000.00      -20.00
01325            1040.00      -16.00
01326            1080.00      -24.00
01327            1120.00      -16.00
01328            1160.00      -16.00
01329            1200.00      -20.00
01330            1200.00      -24.00
01331            1240.00      -20.00
01332            1200.00      -20.00
01333            1160.00      -20.00
01334            1200.00      -20.00
01335            1080.00      -16.00
01336            1040.00      -16.00
01337            1000.00      -16.00
01338             920.00      -16.00
01339             840.00      -16.00
01340             720.00      -16.00
01341             680.00      -16.00
01342             560.00      -20.00
01343             520.00      -16.00
01344             400.00      -20.00
01345             360.00      -16.00
01346             240.00      -16.00
01347             160.00      -20.00
01348              80.00      -20.00
01349               0.00      -16.00
01350             -80.00      -20.00
01351            -120.00      -16.00
01352            -240.00      -16.00
01353            -280.00      -20.00
01354            -440.00      -24.00
01355            -520.00      -20.00
01356            -640.00      -16.00
01357            -720.00      -20.00
01358            -880.00      -20.00
01359           -1000.00      -20.00
01360           -1160.00      -20.00
01361           -1280.00      -16.00
01362           -1400.00      -16.00
01363           -1600.00      -20.00
01364           -1680.00      -16.00
01365           -1800.00      -16.00
01366           -1880.00      -20.00
01367           -1920.00      -20.00
01368           -2000.00      -20.00
01369           -2080.00      -20.00
01370           -2160.00      -20.00
01371           -2240.00      -20.00
01372           -2320.00      -16.00
01373           -2400.00      -20.00
01374           -2520.00       -8.00
01375           -2600.00      -16.00
01376           -2720.00      -20.00
01377           -2840.00      -20.00
01378           -2920.00      -20.00
01379           -3040.00      -16.00
01380           -3120.00      -16.00
01381           -3160.00      -20.00
01382           -3280.00      -16.00
01383           -3320.00      -12.00
01384           -3400.00      -16.00
01385           -3440.00      -16.00
01386           -3440.00      -16.00
01387           -3440.00      -16.00
01388           -3440.00      -20.00
01389           -3480.00      -12.00
01390           -3440.00      -16.00
01391           -3440.00      -16.00
01392           -3440.00      -16.00
01393           -3440.00      -16.00
01394           -3400.00      -16.00
01395           -3400.00      -16.00
01396           -3400.00      -16.00
01397           -3360.00      -16.00
01398           -3360.00      -12.00
01399           -3280.00      -16.00
01400           -3280.00      -16.00
01401           -3280.00      -20.00
01402           -3240.00      -16.00
01403           -3200.00      -20.00
01404           -3160.00      -12.00
01405           -3160.00      -20.00
01406           -3120.00      -12.00
01407           -3040.00      -16.00
01408           -2960.00      -20.00
01409           -2920.00      -12.00
01410           -2840.00      -16.00
01411           -2760.00      -12.00
01412           -2640.00      -16.00
01413           -2520.00      -16.00
01414           -2360.00      -16.00
01415           -2160.00       -8.00
01416           -2000.00      -16.00
01417           -1840.00      -16.00
01418           -1600.00      -12.00
01419           -1520.00      -16.00
01420           -1320.00      -12.00
01421           -1160.00      -12.00
01422           -1040.00      -16.00
01423            -800.00      -12.00
01424            -600.00      -12.00
01425            -560.00      -12.00
01426            -440.00      -16.00
01427            -280.00      -16.00
01428            -160.00      -12.00
01429              40.00      -16.00
01430             120.00      -12.00
01431             160.00      -20.00
01432             320.00      -16.00
01433             400.00      -20.00
01434             520.00      -16.00
01435             600.00      -12.00
01436             680.00      -16.00
01437             720.00      -16.00
01438             800.00      -12.00
01439             840.00      -12.00
01440             960.00      -16.00
01441             960.00      -12.00
01442            1040.00      -20.00
01443            1040.00      -20.00
01444            1080.00       -8.00
01445            1160.00      -16.00
01446            1120.00      -12.00
01447            1120.00      -12.00
01448            1160.00      -12.00
01449            1200.00      -16.00
01450            1240.00      -12.00
01451            1280.00       -8.00
01452            1360.00      -16.00
01453            1360.00      -12.00
01454            1440.00      -16.00
01455            1520.00      -12.00
01456            1520.00      -16.00
01457            1560.00      -20.00
01458            1680.00      -16.00
01459            1680.00      -12.00
01460            1720.00      -12.00
01461            1720.00      -12.00
01462            1720.00      -12.00
01463            1760.00       -8.00
01464            1720.00      -16.00
01465            1720.00      -16.00
01466            1720.00      -12.00
01467            1680.00      -16.00
01468            1640.00      -16.00
01469            1600.00      -12.00
01470            1560.00      -12.00
01471            1520.00      -16.00
01472            1480.00      -12.00
01473            1480.00      -12.00
01474            1440.00      -16.00
01475            1440.00      -12.00
01476            1400.00      -16.00
01477            1360.00      -16.00
01478            1360.00       -8.00
01479            1400.00      -16.00
01480            1400.00       -8.00
01481            1440.00      -16.00
01482            1400.00      -16.00
01483            1440.00      -16.00
01484            1440.00      -20.00
01485            1440.00      -16.00
01486            1400.00      -16.00
01487            1400.00      -12.00
01488            1400.00      -20.00
01489            1320.00      -16.00
01490            1280.00      -16.00
01491            1200.00      -12.00
01492            1080.00      -12.00
01493            1080.00      -24.00
01494             920.00      -12.00
01495             840.00      -16.00
01496             680.00      -16.00
01497             600.00      -12.00
01498             480.00      -12.00
01499             400.00      -20.00
01500             320.00      -12.00
01501             240.00      -20.00
01502             240.00      -12.00
01503             120.00      -12.00
01504             120.00      -16.00
01505              40.00      -16.00
01506              40.00      -16.00
01507              40.00      -12.00
01508               0.00      -12.00
01509             -80.00      -16.00
01510             -80.00      -12.00
01511            -560.00      500.00
01512            -400.00      500.00
01513            -280.00      -28.00
01514            -120.00      -36.00
01515             -80.00      -32.00
01516              80.00      -36.00
01517             160.00      -32.00
01518             280.00      -36.00
01519             400.00      -40.00
01520             560.00      -36.00
01521             600.00      -36.00
01522             720.00      -36.00
01523             800.00      -28.00
01524             840.00      -32.00
01525            1000.00      -32.00
01526            1080.00      -28.00
01527            1080.00      -32.00
01528            1280.00      -28.00
01529            1280.00      -28.00
01530            1360.00      -28.00
01531            1440.00      -28.00
01532            1520.00      -28.00
01533            1560.00      -28.00
01534            1640.00      -28.00
01535            1680.00      -16.00
01536            1760.00      -28.00
01537            1800.00      -28.00
01538            1800.00      -24.00
01539            1840.00      -28.00
01540            1840.00      -28.00
01541            1840.00      -28.00
01542            1840.00      -24.00
01543            1840.00      -20.00
01544            1840.00      -20.00
01545            1800.00      -24.00
01546            1840.00      -16.00
01547            1840.00      -24.00
01548            1800.00      -24.00
01549            1720.00      -24.00
01550            1720.00      -24.00
01551            1680.00      -24.00
01552            1600.00      -20.00
01553            1600.00      -24.00
01554            1520.00      -24.00
01555            1520.00      -16.00
01556            1480.00      -28.00
01557            1440.00      -24.00
01558            1400.00      -24.00
01559            1400.00      -28.00
01560            1320.00      -20.00
01561            1280.00      -24.00
01562            1280.00      -20.00
01563            1280.00      -20.00
01564            1200.00      -16.00
01565            1200.00      -24.00
01566            1120.00      -24.00
01567            1080.00      -20.00
01568            1040.00      -16.00
01569            1040.00      -24.00
01570             960.00      -20.00
01571            1000.00      -20.00
01572             960.00      -28.00
01573            1000.00      -16.00
01574            1040.00      -20.00
01575            1040.00      -24.00
01576            1080.00      -20.00
01577            1120.00      -20.00
01578            1160.00      -24.00
01579            1160.00      -20.00
01580            1200.00      -20.00
01581            1200.00      -20.00
01582            1200.00      -20.00
01583            1160.00      -12.00
01584            1160.00      -24.00
01585            1120.00      -16.00
01586            1040.00      -20.00
01587            1000.00      -16.00
01588             920.00      -24.00
01589             880.00      -20.00
01590             760.00      -24.00
01591             680.00      -20.00
01592             560.00      -20.00
01593             480.00      -16.00
01594             400.00      -16.00
01595             360.00      -16.00
01596             240.00      -16.00
01597             160.00      -20.00
01598             120.00      -20.00
01599               0.00      -16.00
01600             -80.00      -20.00
01601            -120.00      -16.00
01602            -200.00      -20.00
01603            -320.00      -20.00
01604            -400.00      -16.00
01605            -520.00      -20.00
01606            -640.00      -20.00
01607            -720.00      -20.00
01608            -880.00      -20.00
01609           -1040.00      -20.00
01610           -1120.00      -20.00
01611           -1320.00      -20.00
01612           -1400.00      -16.00
01613           -1560.00      -20.00
01614           -1600.00      -16.00
01615           -1800.00      -24.00
01616           -1880.00      -16.00
01617           -1960.00      -16.00
01618           -2000.00      -20.00
01619           -2080.00      -24.00
01620           -2160.00      -20.00
01621           -2240.00      -12.00
01622           -2360.00      -20.00
01623           -2400.00      -12.00
01624           -2560.00      -20.00
01625           -2640.00      -24.00
01626           -2720.00      -16.00
01627           -2840.00      -20.00
01628           -2960.00      -16.00
01629           -3000.00      -16.00
01630           -3120.00      -16.00
01631           -3160.00      -16.00
01632           -3240.00      -20.00
01633           -3320.00      -16.00
01634           -3360.00      -16.00
01635           -3400.00      -20.00
01636           -3440.00      -20.00
01637           -3440.00      -16.00
01638           -3480.00      -20.00
01639           -3480.00      -16.00
01640           -3480.00      -16.00
01641           -3440.00      -24.00
01642           -3440.00      -20.00
01643           -3440.00      -20.00
01644           -3440.00      -16.00
01645           -3400.00      -20.00
01646           -3360.00      -16.00
01647           -3360.00      -20.00
01648           -3360.00      -12.00
01649           -3280.00      -20.00
01650           -3280.00      -16.00
01651           -3280.00      -20.00
01652           -3280.00      -20.00
01653           -3240.00      -16.00
01654           -3200.00      -16.00
01655           -3120.00      -20.00
01656           -3120.00      -16.00
01657           -3040.00      -16.00
01658           -3000.00      -12.00
01659           -2960.00      -16.00
01660           -2840.00      -20.00
01661           -2760.00      -20.00
01662           -2640.00      -16.00
01663           -2480.00      -16.00
01664           -2360.00      -16.00
01665           -2200.00      -20.00
01666           -2000.00      -16.00
01667           -1880.00       -8.00
01668           -1680.00      -20.00
01669           -1400.00      -20.00
01670           -1320.00      -16.00
01671           -1120.00      -24.00
01672           -1000.00      -16.00
01673            -800.00      -16.00
01674            -680.00      -16.00
01675            -520.00      -20.00
01676            -400.00      -20.00
01677            -240.00      -16.00
01678            -200.00      -16.00
01679             -40.00      -20.00
01680             120.00      -20.00
01681             240.00      -16.00
01682             320.00      -12.00
01683             400.00      -12.00
01684             480.00      -20.00
01685             600.00      -16.00
01686             680.00      -16.00
01687             640.00      -12.00
01688             800.00      -20.00
01689             800.00      -16.00
01690             960.00      -16.00
01691            1000.00      -16.00
01692            1040.00      -16.00
01693            1040.00      -12.00
01694            1120.00      -12.00
01695            1120.00      -16.00
01696            1160.00      -16.00
01697            1160.00      -24.00
01698            1160.00      -20.00
01699            1240.00      -16.00
01700            1280.00      -20.00
01701            1280.00      -20.00
01702            1320.00      -20.00
01703            1360.00      -16.00
01704            1440.00      -20.00
01705            1520.00      -16.00
01706            1520.00      -12.00
01707            1600.00      -20.00
01708            1680.00      -16.00
01709            1680.00      -16.00
01710            1720.00      -16.00
01711            1720.00      -16.00
01712            1760.00      -20.00
01713            1760.00      -20.00
01714            1720.00      -20.00
01715            1720.00      -16.00
01716            1720.00      -16.00
01717            1640.00      -12.00
01718            1640.00      -16.00
01719            1600.00      -20.00
01720            1560.00      -12.00
01721            1520.00      -20.00
01722            1520.00      -20.00
01723            1480.00      -20.00
01724            1440.00      -16.00
01725            1440.00      -12.00
01726            1440.00      -20.00
01727            1360.00      -20.00
01728            1400.00      -16.00
01729            1400.00      -24.00
01730            1400.00      -16.00
01731            1400.00      -16.00
01732            1440.00      -16.00
01733            1440.00      -16.00
01734            1400.00      -16.00
01735            1440.00      -16.00
01736            1440.00      -20.00
01737            1440.00      -16.00
01738            1360.00      -16.00
01739            1320.00      -20.00
01740            1280.00      -16.00
01741            1240.00      -16.00
01742            1160.00      -20.00
01743            1040.00      -16.00
01744             960.00      -16.00
01745             800.00      -16.00
01746             720.00      -16.00
01747             640.00      -12.00
01748             520.00      -12.00
01749             400.00      -12.00
01750             360.00      -16.00
01751             240.00      -12.00
01752             160.00      -16.00
01753             120.00      -16.00
01754              80.00      -12.00
01755             120.00      -12.00
01756               0.00      -16.00
01757               0.00       -8.00
01758             -40.00      -16.00
01759             -80.00      -20.00
01760            -120.00      -12.00
01761            -600.00      500.00
01762            -400.00      500.00
01763            -320.00      -28.00
01764            -160.00      -32.00
01765             -40.00      -32.00
01766             120.00      -36.00
01767             200.00      -32.00
01768             360.00      -36.00
01769             440.00      -32.00
01770             520.00      -28.00
01771             640.00      -32.00
01772             680.00      -32.00
01773             800.00      -28.00
01774             880.00      -24.00
01775            1000.00      -28.00
01776            1040.00      -28.00
01777            1080.00      -28.00
01778            1200.00      -24.00
01779            1280.00      -24.00
01780            1360.00      -28.00
01781            1480.00      -24.00
01782            1520.00      -24.00
01783            1600.00      -24.00
01784            1640.00      -24.00
01785            1680.00      -20.00
01786            1720.00      -20.00
01787            1760.00      -20.00
01788            1800.00      -24.00
01789            1840.00      -28.00
01790            1840.00      -16.00
01791            1880.00      -16.00
01792            1840.00      -20.00
01793            1840.00      -20.00
01794            1840.00      -24.00
01795            1800.00      -24.00
01796            1840.00      -20.00
01797            1840.00      -20.00
01798            1800.00      -24.00
01799            1760.00      -20.00
01800            1720.00      -20.00
01801            1640.00      -16.00
01802            1640.00      -24.00
01803            1560.00      -20.00
01804            1560.00      -20.00
01805            1520.00      -16.00
01806            1520.00      -20.00
01807            1440.00      -20.00
01808            1440.00      -20.00
01809            1400.00      -16.00
01810            1320.00      -16.00
01811            1280.00      -16.00
01812            1280.00      -20.00
01813            1280.00      -20.00
01814            1200.00      -20.00
01815            1160.00      -20.00
01816            1120.00      -20.00
01817            1080.00      -16.00
01818            1040.00      -16.00
01819            1000.00      -16.00
01820            1000.00      -16.00
01821            1000.00      -16.00
01822            1000.00      -20.00
01823            1000.00      -16.00
01824            1080.00      -16.00
01825            1080.00      -16.00
01826            1120.00      -20.00
01827            1120.00      -16.00
01828            1200.00      -12.00
01829            1160.00      -16.00
01830            1200.00      -16.00
01831            1240.00      -16.00
01832            1200.00      -16.00
01833            1200.00      -16.00
01834            1120.00      -12.00
01835            1080.00      -20.00
01836            1040.00      -20.00
01837            1000.00      -16.00
01838             920.00      -16.00
01839             880.00      -12.00
01840             760.00      -16.00
01841             680.00      -16.00
01842             600.00      -20.00
01843             480.00      -16.00
01844             440.00      -16.00
01845             320.00      -24.00
01846             240.00      -16.00
01847             160.00      -12.00
01848              80.00      -16.00
01849              40.00      -12.00
01850             -80.00      -16.00
01851             -80.00      -16.00
01852            -200.00      -16.00
01853            -280.00      -20.00
01854            -400.00      -20.00
01855            -520.00      -20.00
01856            -640.00       -8.00
01857            -760.00      -12.00
01858            -880.00      -16.00
01859           -1040.00      -20.00
01860           -1160.00      -12.00
01861           -1280.00      -20.00
01862           -1400.00      -20.00
01863           -1520.00      -12.00
01864           -1640.00      -20.00
01865           -1800.00      -20.00
01866           -1880.00      -12.00
01867           -2000.00      -12.00
01868           -2040.00      -16.00
01869           -2080.00      -20.00
01870           -2120.00      -16.00
01871           -2200.00      -16.00
01872           -2320.00      -20.00
01873           -2400.00      -20.00
01874           -2520.00      -20.00
01875           -2640.00      -16.00
01876           -2720.00      -12.00
01877           -2840.00      -16.00
01878           -2920.00      -16.00
01879           -3000.00      -16.00
01880           -3120.00      -16.00
01881           -3200.00      -16.00
01882           -3240.00      -20.00
01883           -3320.00      -24.00
01884           -3400.00      -16.00
01885           -3400.00      -12.00
01886           -3480.00      -16.00
01887           -3440.00      -16.00
01888           -3480.00      -16.00
01889           -3480.00      -20.00
01890           -3480.00      -20.00
01891           -3440.00      -16.00
01892           -3480.00      -20.00
01893           -3440.00      -32.00
01894           -3400.00      -12.00
01895           -3400.00      -16.00
01896           -3360.00      -12.00
01897           -3360.00      -16.00
01898           -3320.00      -24.00
01899           -3320.00      -16.00
01900           -3280.00      -16.00
01901           -3280.00      -20.00
01902           -3240.00      -20.00
01903           -3240.00      -16.00
01904           -3160.00      -16.00
01905           -3120.00      -12.00
01906           -3120.00      -24.00
01907           -3080.00      -16.00
01908           -3000.00      -24.00
01909           -2920.00      -12.00
01910           -2840.00      -16.00
01911           -2760.00      -20.00
01912           -2640.00      -16.00
01913           -2560.00      -20.00
01914           -2400.00      -20.00
01915           -2240.00      -16.00
01916           -2000.00      -20.00
01917           -1840.00      -24.00
01918           -1640.00      -28.00
01919           -1480.00      -20.00
01920           -1360.00      -20.00
01921           -1120.00      -24.00
01922            -960.00      -16.00
01923            -800.00      -16.00
01924            -680.00      -20.00
01925            -480.00      -20.00
01926            -440.00      -20.00
01927            -280.00      -16.00
01928            -160.00      -16.00
01929             -40.00      -20.00
01930             120.00      -16.00
01931             200.00      -20.00
01932             320.00      -20.00
01933             400.00      -16.00
01934             480.00      -16.00
01935             640.00      -20.00
01936             720.00      -24.00
01937             680.00      -16.00
01938             720.00      -24.00
01939             800.00      -16.00
01940             920.00      -16.00
01941            1000.00      -16.00
01942            1040.00      -16.00
01943            1040.00      -16.00
01944            1080.00      -24.00
01945            1160.00      -24.00
01946            1160.00      -20.00
01947            1160.00      -12.00
01948            1200.00      -20.00
01949            1240.00      -20.00
01950            1240.00      -20.00
01951            1280.00      -16.00
01952            1320.00      -16.00
01953            1400.00      -20.00
01954            1440.00      -16.00
01955            1480.00      -20.00
01956            1520.00      -24.00
01957            1600.00      -20.00
01958            1640.00      -20.00
01959            1640.00      -20.00
01960            1720.00      -20.00
01961            1720.00      -20.00
01962            1720.00      -16.00
01963            1720.00      -16.00
01964            1720.00      -24.00
01965            1720.00      -24.00
01966            1680.00      -16.00
01967            1640.00      -20.00
01968            1640.00      -20.00
01969            1600.00      -16.00
01970            1560.00      -12.00
01971            1520.00      -16.00
01972            1480.00      -16.00
01973            1480.00      -20.00
01974            1480.00      -16.00
01975            1440.00      -16.00
01976            1400.00      -16.00
01977            1400.00      -16.00
01978            1400.00      -16.00
01979            1400.00      -20.00
01980            1440.00      -16.00
01981            1400.00      -20.00
01982            1440.00      -20.00
01983            1440.00      -16.00
01984            1440.00      -20.00
01985            1440.00      -16.00
01986            1400.00      -16.00
01987            1440.00      -20.00
01988            1360.00      -16.00
01989            1320.00      -16.00
01990            1280.00      -12.00
01991            1240.00      -20.00
01992            1120.00      -20.00
01993            1040.00      -16.00
01994             920.00      -20.00
01995             800.00      -16.00
01996             720.00      -20.00
01997             560.00      -16.00
01998             480.00      -20.00
01999             400.00      -16.00
02000             320.00      -16.00
02001             280.00      -16.00
02002             200.00      -20.00
02003             120.00      -16.00
02004              80.00      -20.00
02005              40.00      -16.00
02006              40.00      -24.00
02007               0.00      -16.00
02008               0.00      -16.00
02009             -80.00      -16.00
02010            -120.00      -12.00
02011            -560.00      500.00
02012            -440.00      500.00
02013            -280.00      -28.00
02014            -200.00      -36.00
02015               0.00      -36.00
02016             120.00      -40.00
02017             200.00      -36.00
02018             280.00      -32.00
02019             400.00      -40.00
02020             520.00      -36.00
02021             600.00      -32.00
02022             720.00      -28.00
02023             800.00      -32.00
02024             920.00      -36.00
02025             960.00      -32.00
02026            1040.00      -32.00
02027            1120.00      -28.00
02028            1200.00      -32.00
02029            1320.00      -40.00
02030            1360.00      -28.00
02031            1400.00      -32.00
02032            1520.00      -28.00
02033            1640.00      -24.00
02034            1600.00      -32.00
02035            1720.00      -24.00
02036            1760.00      -20.00
02037            1760.00      -24.00
02038            1760.00      -28.00
02039            1840.00      -32.00
02040            1840.00      -24.00
02041            1840.00      -24.00
02042            1880.00      -28.00
02043            1840.00      -20.00
02044            1840.00      -24.00
02045            1840.00      -20.00
02046            1840.00      -20.00
02047            1800.00      -16.00
02048            1800.00      -20.00
02049            1760.00      -24.00
02050            1760.00      -24.00
02051            1680.00      -24.00
02052            1640.00      -28.00
02053            1600.00      -24.00
02054            1560.00      -24.00
02055            1520.00      -24.00
02056            1480.00      -20.00
02057            1440.00      -20.00
02058            1400.00      -20.00
02059            1360.00      -24.00
02060            1360.00      -28.00
02061            1320.00      -16.00
02062            1280.00      -24.00
02063            1240.00      -20.00
02064            1200.00      -20.00
02065            1160.00      -20.00
02066            1120.00      -16.00
02067            1080.00      -24.00
02068            1080.00      -20.00
02069            1040.00      -12.00
02070            1040.00      -24.00
02071            1000.00      -20.00
02072            1000.00      -20.00
02073            1040.00      -20.00
02074            1040.00      -16.00
02075            1080.00      -16.00
02076            1120.00      -16.00
02077            1080.00      -24.00
02078            1200.00      -20.00
02079            1200.00      -24.00
02080            1200.00      -16.00
02081            1200.00      -20.00
02082            1200.00      -16.00
02083            1200.00      -20.00
02084            1160.00      -20.00
02085            1080.00      -16.00
02086            1040.00      -16.00
02087            1000.00      -16.00
02088             880.00      -20.00
02089             880.00      -12.00
02090             760.00      -16.00
02091             640.00      -16.00
02092             560.00      -20.00
02093             520.00      -16.00
02094             440.00      -20.00
02095             360.00      -12.00
02096             280.00      -16.00
02097             160.00      -16.00
02098              80.00      -24.00
02099              40.00      -16.00
02100             -40.00      -20.00
02101            -160.00      -12.00
02102            -240.00      -12.00
02103            -280.00      -16.00
02104            -400.00      -12.00
02105            -480.00      -16.00
02106            -640.00      -20.00
02107            -760.00      -24.00
02108            -880.00      -16.00
02109           -1080.00      -20.00
02110           -1200.00      -12.00
02111           -1280.00      -16.00
02112           -1400.00      -12.00
02113           -1560.00      -16.00
02114           -1640.00      -16.00
02115           -1840.00      -20.00
02116           -1880.00      -16.00
02117           -1960.00      -16.00
02118           -2000.00      -16.00
02119           -2040.00      -12.00
02120           -2200.00      -16.00
02121           -2240.00      -12.00
02122           -2320.00      -16.00
02123           -2400.00      -24.00
02124           -2520.00      -12.00
02125           -2600.00      -16.00
02126           -2680.00      -16.00
02127           -2840.00      -20.00
02128           -2920.00      -16.00
02129           -3000.00      -16.00
02130           -3120.00      -16.00
02131           -3200.00      -12.00
02132           -3280.00      -12.00
02133           -3320.00      -20.00
02134           -3360.00      -20.00
02135           -3440.00      -16.00
02136           -3440.00      -20.00
02137           -3440.00      -16.00
02138           -3440.00      -16.00
02139           -3480.00      -12.00
02140           -3440.00      -16.00
02141           -3480.00      -16.00
02142           -3440.00      -20.00
02143           -3400.00      -20.00
02144           -3400.00      -16.00
02145           -3400.00      -12.00
02146           -3360.00      -12.00
02147           -3360.00      -20.00
02148           -3360.00      -16.00
02149           -3280.00      -20.00
02150           -3240.00      -12.00
02151           -3240.00      -16.00
02152           -3240.00      -20.00
02153           -3240.00      -24.00
02154           -3160.00      -12.00
02155           -3120.00      -16.00
02156           -3120.00      -12.00
02157           -3080.00      -20.00
02158           -3000.00      -20.00
02159           -2960.00      -12.00
02160           -2840.00      -16.00
02161           -2720.00       -8.00
02162           -2640.00      -16.00
02163           -2520.00      -16.00
02164           -2400.00      -12.00
02165           -2200.00      -16.00
02166           -2040.00      -16.00
02167           -1840.00      -12.00
02168           -1640.00      -16.00
02169           -1480.00      -12.00
02170           -1320.00      -12.00
02171           -1120.00       -8.00
02172            -920.00      -20.00
02173            -800.00      -20.00
02174            -640.00      -20.00
02175            -520.00      -16.00
02176            -440.00      -12.00
02177            -280.00      -16.00
02178            -160.00      -12.00
02179             -80.00      -12.00
02180              80.00      -16.00
02181             160.00      -16.00
02182             320.00      -16.00
02183             400.00        4.00
02184             480.00      -16.00
02185             640.00      -16.00
02186             680.00      -12.00
02187             680.00      -16.00
02188             760.00      -16.00
02189             800.00      -12.00
02190             920.00      -12.00
02191             960.00      -16.00
02192            1000.00      -16.00
02193            1080.00      -12.00
02194            1120.00      -16.00
02195            1120.00      -16.00
02196            1160.00      -12.00
02197            1200.00      -12.00
02198            1200.00      -12.00
02199            1200.00      -12.00
02200            1240.00      -16.00
02201            1280.00       -8.00
02202            1320.00      -20.00
02203            1400.00      -16.00
02204            1440.00      -16.00
02205            1480.00      -12.00
02206            1560.00      -16.00
02207            1560.00      -12.00
02208            1640.00      -16.00
02209            1680.00      -16.00
02210            1680.00      -16.00
02211            1720.00       -8.00
02212            1720.00      -16.00
02213            1760.00      -12.00
02214            1720.00      -16.00
02215            1720.00      -20.00
02216            1720.00      -12.00
02217            1680.00      -12.00
02218            1640.00      -16.00
02219            1600.00      -12.00
02220            1600.00      -20.00
02221            1520.00      -16.00
02222            1520.00      -16.00
02223            1480.00      -16.00
02224            1440.00      -20.00
02225            1440.00      -16.00
02226            1400.00      -16.00
02227            1400.00      -12.00
02228            1440.00      -16.00
02229            1400.00      -12.00
02230            1400.00      -16.00
02231            1440.00      -16.00
02232            1440.00      -16.00
02233            1440.00      -20.00
02234            1440.00      -12.00
02235            1440.00      -16.00
02236            1400.00      -16.00
02237            1440.00      -16.00
02238            1400.00      -12.00
02239            1320.00      -12.00
02240            1280.00      -16.00
02241            1200.00      -16.00
02242            1120.00      -20.00
02243            1080.00      -16.00
02244             920.00      -20.00
02245             800.00      -16.00
02246             720.00      -16.00
02247             640.00      -20.00
02248             520.00      -16.00
02249             400.00      -20.00
02250             320.00      -20.00
02251             240.00      -20.00
02252             160.00      -16.00
02253             160.00      -16.00
02254             120.00      -12.00
02255              40.00      -16.00
02256              40.00      -16.00
02257             -80.00      -12.00
02258             -40.00      -12.00
02259             -80.00      -20.00
02260            -120.00      -24.00
02261            -520.00      500.00
02262            -440.00      500.00
02263            -320.00      -28.00
02264            -200.00      -36.00
02265               0.00      -36.00
02266              40.00      -40.00
02267             240.00      -36.00
02268             280.00      -32.00
02269             440.00      -32.00
02270             520.00      -32.00
02271             600.00      -36.00
02272             680.00      -28.00
02273             840.00      -28.00
02274             880.00      -32.00
02275            1000.00      -32.00
02276            1040.00      -28.00
02277            1120.00      -32.00
02278            1200.00      -32.00
02279            1280.00      -32.00
02280            1400.00      -32.00
02281            1480.00      -28.00
02282            1480.00      -28.00
02283            1560.00      -28.00
02284            1640.00      -28.00
02285            1680.00      -24.00
02286            1760.00      -24.00
02287            1760.00      -28.00
02288            1800.00      -28.00
02289            1840.00      -28.00
02290            1840.00      -28.00
02291            1840.00      -32.00
02292            1840.00      -32.00
02293            1840.00      -20.00
02294            1840.00      -28.00
02295            1840.00      -24.00
02296            1840.00      -20.00
02297            1840.00      -28.00
02298            1800.00      -28.00
02299            1760.00      -28.00
02300            1720.00      -24.00
02301            1680.00      -24.00
02302            1600.00      -20.00
02303            1600.00      -24.00
02304            1560.00      -28.00
02305            1520.00      -28.00
02306            1480.00      -28.00
02307            1440.00      -24.00
02308            1400.00      -20.00
02309            1400.00      -28.00
02310            1360.00      -20.00
02311            1320.00      -20.00
02312            1280.00      -24.00
02313            1240.00      -20.00
02314            1200.00      -28.00
02315            1200.00      -24.00
02316            1120.00      -20.00
02317            1120.00      -24.00
02318            1040.00      -20.00
02319            1040.00      -24.00
02320            1000.00      -20.00
02321            1000.00      -24.00
02322            1000.00      -20.00
02323            1040.00      -24.00
02324            1040.00      -20.00
02325            1080.00      -24.00
02326            1120.00      -24.00
02327            1120.00      -24.00
02328            1160.00      -20.00
02329            1200.00      -20.00
02330            1200.00      -24.00
02331            1200.00      -24.00
02332            1160.00      -20.00
02333            1200.00      -24.00
02334            1160.00      -20.00
02335            1120.00      -20.00
02336            1080.00      -20.00
02337            1000.00      -20.00
02338             880.00      -20.00
02339             840.00      -20.00
02340             800.00      -20.00
02341             640.00      -20.00
02342             600.00      -24.00
02343             560.00      -24.00
02344             440.00      -24.00
02345             320.00      -20.00
02346             280.00      -24.00
02347             240.00      -20.00
02348             120.00      -16.00
02349              40.00      -24.00
02350             -40.00      -24.00
02351            -120.00      -24.00
02352            -240.00      -20.00
02353            -280.00      -20.00
02354            -400.00      -20.00
02355            -520.00      -20.00
02356            -600.00      -24.00
02357            -760.00      -16.00
02358            -880.00      -16.00
02359           -1040.00      -16.00
02360           -1120.00      -20.00
02361           -1280.00      -24.00
02362           -1400.00      -20.00
02363           -1600.00      -16.00
02364           -1640.00      -20.00
02365           -1800.00      -20.00
02366           -1880.00      -20.00
02367           -1960.00      -16.00
02368           -2040.00      -16.00
02369           -2080.00      -20.00
02370           -2160.00      -16.00
02371           -2240.00      -16.00
02372           -2320.00      -20.00
02373           -2440.00      -24.00
02374           -2520.00      -20.00
02375           -2600.00      -20.00
02376           -2680.00      -16.00
02377           -2800.00      -20.00
02378           -2880.00      -16.00
02379           -3000.00      -20.00
02380           -3120.00      -20.00
02381           -3200.00      -20.00
02382           -3280.00      -16.00
02383           -3320.00      -20.00
02384           -3360.00      -24.00
02385           -3400.00      -20.00
02386           -3440.00      -16.00
02387           -3440.00      -20.00
02388           -3480.00      -16.00
02389           -3440.00      -20.00
02390           -3480.00      -20.00
02391           -3440.00      -20.00
02392           -3440.00      -20.00
02393           -3440.00      -20.00
02394           -3440.00      -16.00
02395           -3440.00      -20.00
02396           -3400.00      -20.00
02397           -3360.00      -16.00
02398           -3320.00      -24.00
02399           -3360.00      -24.00
02400           -3280.00      -16.00
02401           -3280.00      -16.00
02402           -3240.00      -20.00
02403           -3200.00      -16.00
02404           -3200.00      -20.00
02405           -3160.00      -16.00
02406           -3120.00      -12.00
02407           -3040.00      -20.00
02408           -2960.00      -12.00
02409           -2960.00      -20.00
02410           -2840.00      -16.00
02411           -2720.00      -16.00
02412           -2600.00      -16.00
02413           -2520.00      -16.00
02414           -2360.00      -20.00
02415           -2160.00      -20.00
02416           -2000.00      -20.00
02417           -1880.00      -20.00
02418           -1680.00      -24.00
02419           -1480.00      -24.00
02420           -1360.00      -20.00
02421           -1120.00      -20.00
02422           -1040.00      -20.00
02423            -840.00      -16.00
02424            -680.00      -16.00
02425            -520.00      -20.00
02426            -400.00      -16.00
02427            -320.00      -16.00
02428            -120.00      -20.00
02429             -40.00      -20.00
02430              80.00      -16.00
02431             160.00      -16.00
02432             320.00      -20.00
02433             440.00      -16.00
02434             440.00      -16.00
02435             600.00      -12.00
02436             640.00      -16.00
02437             720.00      -20.00
02438             800.00      -20.00
02439             880.00      -16.00
02440             920.00      -20.00
02441            1000.00      -16.00
02442            1000.00      -16.00
02443            1080.00      -20.00
02444            1120.00      -24.00
02445            1080.00      -16.00
02446            1160.00      -20.00
02447            1160.00      -16.00
02448            1200.00      -20.00
02449            1240.00      -20.00
02450            1240.00      -24.00
02451            1280.00      -16.00
02452            1360.00      -12.00
02453            1360.00      -20.00
02454            1480.00      -20.00
02455            1480.00      -16.00
02456            1520.00      -20.00
02457            1600.00      -16.00
02458            1640.00      -16.00
02459            1680.00      -16.00
02460            1680.00      -24.00
02461            1760.00      -12.00
02462            1720.00      -16.00
02463            1720.00      -20.00
02464            1720.00      -16.00
02465            1720.00      -20.00
02466            1680.00      -20.00
02467            1640.00      -20.00
02468            1640.00      -16.00
02469            1600.00      -16.00
02470            1560.00      -12.00
02471            1520.00      -16.00
02472            1440.00      -20.00
02473            1480.00      -16.00
02474            1440.00      -20.00
02475            1440.00      -24.00
02476            1400.00      -16.00
02477            1360.00      -16.00
02478            1400.00      -20.00
02479            1400.00      -20.00
02480            1400.00      -16.00
02481            1400.00      -12.00
02482            1440.00      -20.00
02483            1400.00      -16.00
02484            1400.00      -16.00
02485            1440.00      -20.00
02486            1440.00      -16.00
02487            1400.00      -12.00
02488            1400.00      -20.00
02489            1360.00      -16.00
02490            1320.00      -12.00
02491            1200.00      -12.00
02492            1120.00      -16.00
02493            1000.00      -20.00
02494             920.00      -20.00
02495             880.00      -20.00
02496             720.00      -16.00
02497             560.00      -12.00
02498             520.00      -20.00
02499             400.00      -12.00
02500             320.00      -12.00
02501             280.00      -20.00
02502             200.00      -16.00
02503             120.00      -20.00
02504             120.00      -16.00
02505              80.00      -12.00
02506              40.00      -16.00
02507               0.00      -16.00
02508             -40.00      -12.00
02509             -80.00      -16.00
02510             -80.00      -16.00
02511            -600.00      500.00
02512            -480.00      500.00
02513            -280.00      -28.00
02514            -120.00      -40.00
02515             -80.00      -32.00
02516              80.00      -32.00
02517             160.00      -36.00
02518             320.00      -36.00
02519             360.00      -28.00
02520             480.00      -32.00
02521             600.00      -32.00
02522             720.00      -24.00
02523             800.00      -28.00
02524             880.00      -24.00
02525             920.00      -28.00
02526            1040.00      -32.00
02527            1160.00      -24.00
02528            1200.00      -28.00
02529            1280.00      -28.00
02530            1320.00      -24.00
02531            1480.00      -32.00
02532            1520.00      -28.00
02533            1520.00      -24.00
02534            1680.00      -24.00
02535            1640.00      -28.00
02536            1720.00      -28.00
02537            1800.00      -28.00
02538            1800.00      -20.00
02539            1840.00      -24.00
02540            1800.00      -24.00
02541            1840.00      -24.00
02542            1840.00      -20.00
02543            1880.00      -20.00
02544            1840.00      -24.00
02545            1840.00      -20.00
02546            1840.00      -20.00
02547            1840.00      -24.00
02548            1760.00      -20.00
02549            1760.00      -20.00
02550            1720.00      -44.00
02551            1640.00      -20.00
02552            1640.00      -24.00
02553            1560.00      -20.00
02554            1560.00      -20.00
02555            1520.00      -20.00
02556            1520.00      -16.00
02557            1440.00      -28.00
02558            1440.00      -20.00
02559            1360.00      -16.00
02560            1320.00      -24.00
02561            1320.00      -24.00
02562            1280.00      -16.00
02563            1240.00      -20.00
02564            1200.00      -16.00
02565            1200.00      -16.00
02566            1120.00      -20.00
02567            1120.00      -16.00
02568            1080.00      -20.00
02569            1040.00      -20.00
02570             960.00      -20.00
02571            1000.00      -20.00
02572            1000.00      -20.00
02573            1000.00      -24.00
02574            1040.00      -16.00
02575            1040.00      -16.00
02576            1080.00      -16.00
02577            1120.00      -20.00
02578            1160.00      -20.00
02579            1200.00      -20.00
02580            1200.00      -16.00
02581            1200.00      -20.00
02582            1200.00      -16.00
02583            1160.00      -16.00
02584            1120.00      -16.00
02585            1080.00      -16.00
02586            1040.00      -16.00
02587            1000.00      -20.00
02588             920.00      -16.00
02589             840.00      -16.00
02590             760.00      -20.00
02591             680.00      -20.00
02592             600.00      -16.00
02593             560.00      -16.00
02594             440.00      -16.00
02595             360.00      -20.00
02596             280.00      -16.00
02597             200.00      -20.00
02598              80.00      -16.00
02599              40.00      -24.00
02600             -80.00      -20.00
02601            -160.00      -20.00
02602            -200.00      -20.00
02603            -360.00      -16.00
02604            -400.00      -20.00
02605            -520.00      -16.00
02606            -640.00      -20.00
02607            -720.00      -20.00
02608            -920.00      -16.00
02609           -1000.00      -16.00
02610           -1160.00      -20.00
02611           -1280.00      -20.00
02612           -1440.00      -20.00
02613           -1600.00      -12.00
02614           -1680.00      -16.00
02615           -1760.00      -20.00
02616           -1880.00      -20.00
02617           -1920.00      -20.00
02618           -2000.00      -20.00
02619           -2080.00       -8.00
02620           -2160.00      -24.00
02621           -2240.00      -20.00
02622           -2320.00      -16.00
02623           -2400.00      -20.00
02624           -2480.00      -24.00
02625           -2640.00      -20.00
02626           -2720.00      -20.00
02627           -2840.00      -16.00
02628           -2920.00      -20.00
02629           -3040.00      -16.00
02630           -3120.00      -16.00
02631           -3200.00      -20.00
02632           -3240.00      -20.00
02633           -3320.00      -20.00
02634           -3400.00      -16.00
02635           -3440.00      -20.00
02636           -3440.00      -20.00
02637           -3440.00      -20.00
02638           -3480.00      -24.00
02639           -3480.00      -16.00
02640           -3480.00      -12.00
02641           -3480.00      -20.00
02642           -3440.00      -16.00
02643           -3440.00      -20.00
02644           -3440.00      -20.00
02645           -3400.00      -20.00
02646           -3360.00      -20.00
02647           -3360.00      -20.00
02648           -3320.00      -16.00
02649           -3320.00      -20.00
02650           -3280.00      -12.00
02651           -3280.00      -20.00
02652           -3240.00      -20.00
02653           -3240.00      -16.00
02654           -3160.00      -20.00
02655           -3160.00      -24.00
02656           -3120.00      -24.00
02657           -3040.00      -20.00
02658           -3040.00      -20.00
02659           -2960.00      -16.00
02660           -2840.00      -16.00
02661           -2760.00      -16.00
02662           -2600.00      -24.00
02663           -2480.00      -20.00
02664           -2320.00      -16.00
02665           -2200.00      -20.00
02666           -2040.00      -20.00
02667           -1840.00      -24.00
02668           -1640.00      -20.00
02669           -1480.00      -24.00
02670           -1320.00      -20.00
02671           -1120.00      -16.00
02672            -960.00      -12.00
02673            -920.00      -24.00
02674            -640.00      -20.00
02675            -520.00      -20.00
02676            -400.00      -20.00
02677            -320.00      -24.00
02678             -80.00      -24.00
02679             -80.00      -24.00
02680              80.00      -20.00
02681             120.00      -24.00
02682             320.00      -20.00
02683             400.00      -20.00
02684             440.00      -20.00
02685             560.00      -12.00
02686             680.00      -20.00
02687             720.00      -20.00
02688             760.00      -20.00
02689             880.00      -24.00
02690             880.00      -24.00
02691             960.00      -16.00
02692            1000.00      -20.00
02693            1120.00      -20.00
02694            1080.00      -20.00
02695            1080.00      -20.00
02696            1120.00      -16.00
02697            1160.00      -20.00
02698            1200.00      -20.00
02699            1240.00      -20.00
02700            1240.00      -24.00
02701            1280.00      -20.00
02702            1360.00      -28.00
02703            1360.00      -20.00
02704            1440.00      -16.00
02705            1520.00      -16.00
02706            1560.00      -20.00
02707            1560.00      -24.00
02708            1600.00      -24.00
02709            1680.00      -20.00
02710            1720.00      -24.00
02711            1720.00      -20.00
02712            1760.00      -24.00
02713            1720.00      -20.00
02714            1760.00      -20.00
02715            1720.00      -16.00
02716            1680.00      -12.00
02717            1640.00      -20.00
02718            1640.00      -16.00
02719            1600.00      -20.00
02720            1560.00      -16.00
02721            1520.00      -20.00
02722            1520.00      -16.00
02723            1480.00      -20.00
02724            1440.00      -16.00
02725            1400.00      -16.00
02726            1440.00      -16.00
02727            1400.00      -20.00
02728            1400.00      -16.00
02729            1400.00      -16.00
02730            1400.00      -20.00
02731            1440.00      -20.00
02732            1440.00      -20.00
02733            1440.00      -28.00
02734            1440.00      -16.00
02735            1440.00      -24.00
02736            1440.00      -20.00
02737            1400.00      -20.00
02738            1360.00      -24.00
02739            1320.00      -20.00
02740            1280.00      -20.00
02741            1200.00      -20.00
02742            1120.00      -20.00
02743            1040.00      -16.00
02744             880.00      -16.00
02745             800.00      -20.00
02746             680.00      -20.00
02747             560.00      -20.00
02748             480.00      -16.00
02749             440.00      -12.00
02750             320.00      -20.00
02751             240.00      -20.00
02752             200.00      -24.00
02753             120.00      -16.00
02754              80.00      -20.00
02755              40.00      -16.00
02756              40.00      -16.00
02757               0.00      -24.00
02758             -40.00      -20.00
02759             -40.00      -20.00
02760            -120.00      -20.00
02761            -560.00      500.00
02762            -400.00      500.00
02763            -320.00      -28.00
02764            -120.00      -36.00
02765               0.00      -40.00
02766              80.00      -36.00
02767             160.00      -40.00
02768             320.00      -40.00
02769             440.00      -40.00
02770             520.00      -32.00
02771             640.00      -28.00
02772             720.00      -32.00
02773             800.00      -28.00
02774             880.00      -32.00
02775            1000.00      -36.00
02776            1080.00      -28.00
02777            1160.00      -40.00
02778            1240.00      -32.00
02779            1280.00      -36.00
02780            1360.00      -36.00
02781            1440.00      -28.00
02782            1520.00      -28.00
02783            1560.00      -28.00
02784            1640.00      -28.00
02785            1680.00      -28.00
02786            1720.00      -24.00
02787            1800.00      -28.00
02788            1800.00      -28.00
02789            1800.00      -28.00
02790            1840.00      -24.00
02791            1840.00      -24.00
02792            1840.00      -28.00
02793            1840.00      -28.00
02794            1840.00      -24.00
02795            1840.00      -28.00
02796            1840.00      -28.00
02797            1840.00      -20.00
02798            1760.00      -24.00
02799            1760.00      -20.00
02800            1720.00      -20.00
02801            1680.00      -24.00
02802            1640.00      -28.00
02803            1600.00      -24.00
02804            1560.00      -24.00
02805            1520.00      -28.00
02806            1480.00      -20.00
02807            1440.00      -20.00
02808            1400.00      -24.00
02809            1400.00      -20.00
02810            1360.00      -20.00
02811            1280.00      -20.00
02812            1240.00      -24.00
02813            1280.00      -20.00
02814            1160.00      -20.00
02815            1160.00      -24.00
02816            1120.00      -24.00
02817            1080.00      -24.00
02818            1080.00      -24.00
02819            1000.00      -20.00
02820            1000.00      -24.00
02821            1000.00      -20.00
02822            1000.00      -24.00
02823            1000.00      -20.00
02824            1040.00      -16.00
02825            1080.00      -16.00
02826            1080.00      -20.00
02827            1160.00      -16.00
02828            1160.00      -24.00
02829            1160.00      -20.00
02830            1200.00      -20.00
02831            1200.00      -16.00
02832            1200.00      -24.00
02833            1200.00      -24.00
02834            1160.00      -20.00
02835            1080.00      -16.00
02836            1040.00      -16.00
02837             960.00      -20.00
02838             920.00      -20.00
02839             840.00      -20.00
02840             720.00      -20.00
02841             720.00      -16.00
02842             560.00      -20.00
02843             520.00      -20.00
02844             440.00      -20.00
02845             360.00      -20.00
02846             240.00      -16.00
02847             160.00      -16.00
02848              40.00      -20.00
02849              40.00      -12.00
02850             -80.00      -24.00
02851            -120.00      -12.00
02852            -240.00      -16.00
02853            -280.00      -20.00
02854            -400.00      -12.00
02855            -480.00      -16.00
02856            -600.00      -16.00
02857            -760.00      -12.00
02858            -880.00      -16.00
02859           -1040.00      -20.00
02860           -1160.00      -20.00
02861           -1320.00      -20.00
02862           -1440.00      -16.00
02863           -1560.00      -16.00
02864           -1680.00      -20.00
02865           -1760.00      -20.00
02866           -1880.00      -12.00
02867           -1960.00      -20.00
02868           -2000.00      -16.00
02869           -2080.00      -16.00
02870           -2160.00      -12.00
02871           -2240.00      -16.00
02872           -2320.00      -16.00
02873           -2440.00      -16.00
02874           -2520.00      -16.00
02875           -2600.00      -16.00
02876           -2680.00      -16.00
02877           -2840.00      -16.00
02878           -2960.00      -16.00
02879           -3040.00      -20.00
02880           -3160.00      -20.00
02881           -3200.00      -16.00
02882           -3280.00      -16.00
02883           -3320.00      -20.00
02884           -3400.00      -16.00
02885           -3440.00      -16.00
02886           -3440.00      -16.00
02887           -3480.00      -16.00
02888           -3480.00      -20.00
02889           -3480.00      -16.00
02890           -3440.00      -20.00
02891           -3440.00      -20.00
02892           -3440.00      -20.00
02893           -3440.00      -12.00
02894           -3400.00      -12.00
02895           -3400.00      -12.00
02896           -3400.00      -20.00
02897           -3360.00      -16.00
02898           -3320.00      -16.00
02899           -3320.00      -16.00
02900           -3280.00      -16.00
02901           -3280.00      -20.00
02902           -3240.00      -16.00
02903           -3200.00      -12.00
02904           -3160.00      -12.00
02905           -3160.00      -16.00
02906           -3120.00      -20.00
02907           -3080.00      -16.00
02908           -3000.00      -16.00
02909           -2960.00      -16.00
02910           -2840.00      -16.00
02911           -2720.00      -12.00
02912           -2640.00      -12.00
02913           -2520.00      -12.00
02914           -2400.00      -16.00
02915           -2200.00      -16.00
02916           -2000.00      -16.00
02917           -1880.00      -16.00
02918           -1720.00      -16.00
02919           -1480.00      -16.00
02920           -1320.00      -16.00
02921           -1160.00      -28.00
02922           -1000.00      -12.00
02923            -880.00      -16.00
02924            -680.00      -16.00
02925            -560.00      -20.00
02926            -400.00      -16.00
02927            -280.00      -20.00
02928             -80.00      -20.00
02929             -80.00      -12.00
02930              40.00      -20.00
02931             160.00      -12.00
02932             280.00      -16.00
02933             440.00      -20.00
02934             480.00      -20.00
02935             560.00      -12.00
02936             640.00      -20.00
02937             720.00      -20.00
02938             800.00      -20.00
02939             880.00      -12.00
02940             880.00       -8.00
02941             960.00      -12.00
02942            1040.00      -16.00
02943            1040.00      -16.00
02944            1120.00      -16.00
02945            1120.00      -12.00
02946            1120.00      -20.00
02947            1160.00      -16.00
02948            1200.00       -8.00
02949            1200.00      -12.00
02950            1240.00      -16.00
02951            1280.00      -20.00
02952            1320.00      -20.00
02953            1360.00      -20.00
02954            1440.00      -16.00
02955            1480.00      -12.00
02956            1520.00      -16.00
02957            1520.00      -16.00
02958            1640.00      -16.00
02959            1640.00      -16.00
02960            1720.00      -12.00
02961            1720.00      -24.00
02962            1760.00      -16.00
02963            1760.00      -20.00
02964            1760.00      -12.00
02965            1720.00      -16.00
02966            1680.00      -16.00
02967            1680.00      -20.00
02968            1640.00      -16.00
02969            1600.00      -16.00
02970            1560.00      -16.00
02971            1560.00      -16.00
02972            1480.00      -12.00
02973            1480.00      -20.00
02974            1440.00      -16.00
02975            1400.00      -16.00
02976            1400.00      -16.00
02977            1360.00      -16.00
02978            1400.00      -12.00
02979            1400.00      -16.00
02980            1400.00      -20.00
02981            1400.00      -16.00
02982            1400.00      -16.00
02983            1440.00      -16.00
02984            1440.00      -20.00
02985            1440.00      -16.00
02986            1440.00      -20.00
02987            1400.00      -16.00
02988            1360.00      -16.00
02989            1320.00      -16.00
02990            1280.00      -16.00
02991            1200.00      -20.00
02992            1120.00      -16.00
02993            1040.00      -16.00
02994             920.00      -24.00
02995             880.00      -16.00
02996             720.00      -16.00
02997             600.00      -20.00
02998             560.00      -28.00
02999             400.00      -20.00
03000             320.00      -20.00
03001             240.00      -20.00
03002             160.00      -16.00
03003             160.00      -24.00
03004              80.00      -16.00
03005              80.00      -16.00
03006               0.00      -20.00
03007               0.00      -16.00
03008             -80.00      -20.00
03009             -80.00      -20.00
03010             -80.00      -16.00
03011            -560.00      500.00
03012            -480.00      500.00
03013            -320.00      -32.00
03014            -200.00      -40.00
03015             -80.00      -28.00
03016             120.00      -40.00
03017             160.00      -36.00
03018             360.00      -36.00
03019             440.00      -40.00
03020             520.00      -40.00
03021             680.00      -36.00
03022             720.00      -32.00
03023             800.00      -32.00
03024             920.00      -32.00
03025             920.00      -36.00
03026            1040.00      -36.00
03027            1120.00      -32.00
03028            1240.00      -32.00
03029            1280.00      -32.00
03030            1360.00      -28.00
03031            1440.00      -32.00
03032            1520.00      -28.00
03033            1520.00      -36.00
03034            1640.00      -32.00
03035            1680.00      -32.00
03036            1760.00      -28.00
03037            1760.00      -28.00
03038            1760.00      -32.00
03039            1800.00      -28.00
03040            1840.00      -28.00
03041            1840.00      -28.00
03042            1840.00      -20.00
03043            1840.00      -32.00
03044            1840.00      -24.00
03045            1840.00      -28.00
03046            1800.00      -24.00
03047            1800.00      -32.00
03048            1800.00      -28.00
03049            1760.00      -28.00
03050            1720.00      -28.00
03051            1640.00      -28.00
03052            1640.00      -24.00
03053            1600.00      -28.00
03054            1600.00      -32.00
03055            1520.00      -28.00
03056            1480.00      -20.00
03057            1440.00      -28.00
03058            1440.00      -28.00
03059            1360.00      -24.00
03060            1360.00      -24.00
03061            1320.00      -20.00
03062            1280.00      -16.00
03063            1240.00      -28.00
03064            1240.00      -20.00
03065            1160.00      -28.00
03066            1120.00      -28.00
03067            1120.00      -24.00
03068            1040.00      -28.00
03069            1000.00      -24.00
03070            1040.00      -24.00
03071             960.00      -16.00
03072            1000.00      -24.00
03073            1040.00      -28.00
03074            1040.00      -24.00
03075            1080.00      -28.00
03076            1120.00      -20.00
03077            1120.00      -20.00
03078            1160.00      -24.00
03079            1200.00      -24.00
03080            1200.00      -24.00
03081            1200.00      -24.00
03082            1200.00      -20.00
03083            1200.00      -20.00
03084            1160.00      -20.00
03085            1160.00      -20.00
03086            1040.00      -24.00
03087             960.00      -20.00
03088             920.00      -24.00
03089             840.00      -16.00
03090             760.00      -20.00
03091             680.00      -24.00
03092             600.00      -20.00
03093             520.00      -24.00
03094             400.00      -24.00
03095             360.00      -24.00
03096             240.00      -24.00
03097             160.00      -24.00
03098              80.00      -24.00
03099               0.00      -20.00
03100             -40.00      -24.00
03101            -200.00      -24.00
03102            -200.00      -24.00
03103            -280.00      -16.00
03104            -400.00      -20.00
03105            -480.00      -20.00
03106            -640.00      -20.00
03107            -760.00      -28.00
03108            -880.00      -20.00
03109           -1000.00      -24.00
03110           -1160.00      -24.00
03111           -1280.00      -24.00
03112           -1440.00      -24.00
03113           -1520.00      -20.00
03114           -1640.00      -24.00
03115           -1760.00      -20.00
03116           -1840.00      -24.00
03117           -1960.00      -16.00
03118           -1960.00      -20.00
03119           -2080.00      -24.00
03120           -2160.00      -24.00
03121           -2240.00      -16.00
03122           -2320.00      -20.00
03123           -2440.00      -16.00
03124           -2560.00      -16.00
03125           -2560.00      -16.00
03126           -2680.00      -20.00
03127           -2800.00      -16.00
03128           -2920.00      -16.00
03129           -3000.00      -20.00
03130           -3120.00      -20.00
03131           -3200.00      -20.00
03132           -3280.00      -24.00
03133           -3360.00      -24.00
03134           -3360.00      -16.00
03135           -3400.00      -24.00
03136           -3440.00      -20.00
03137           -3440.00      -16.00
03138           -3480.00      -24.00
03139           -3440.00      -16.00
03140           -3480.00      -24.00
03141           -3480.00      -20.00
03142           -3440.00      -20.00
03143           -3440.00      -24.00
03144           -3440.00      -20.00
03145           -3400.00      -16.00
03146           -3360.00      -16.00
03147           -3360.00      -16.00
03148           -3360.00      -20.00
03149           -3320.00      -20.00
03150           -3280.00      -20.00
03151           -3280.00      -16.00
03152           -3280.00      -20.00
03153           -3200.00      -20.00
03154           -3160.00      -20.00
03155           -3160.00      -24.00
03156           -3120.00      -16.00
03157           -3080.00      -20.00
03158           -3000.00      -20.00
03159           -2960.00      -24.00
03160           -2840.00      -20.00
03161           -2800.00      -20.00
03162           -2600.00      -16.00
03163           -2520.00      -24.00
03164           -2320.00      -12.00
03165           -2200.00      -12.00
03166           -2040.00      -24.00
03167           -1880.00      -16.00
03168           -1680.00      -16.00
03169           -1520.00      -20.00
03170           -1320.00      -20.00
03171           -1160.00      -16.00
03172            -960.00      -20.00
03173            -880.00      -24.00
03174            -640.00      -16.00
03175            -560.00      -24.00
03176            -400.00      -16.00
03177            -240.00      -16.00
03178            -160.00      -20.00
03179             -80.00      -20.00
03180              40.00      -20.00
03181             200.00      -16.00
03182             280.00      -20.00
03183             360.00      -16.00
03184             520.00      -20.00
03185             560.00      -24.00
03186             680.00      -16.00
03187             720.00      -20.00
03188             800.00      -20.00
03189             840.00      -24.00
03190             880.00      -16.00
03191             920.00      -16.00
03192            1000.00      -20.00
03193            1040.00      -16.00
03194            1080.00      -16.00
03195            1120.00      -20.00
03196            1160.00      -20.00
03197            1120.00      -16.00
03198            1160.00      -20.00
03199            1200.00      -20.00
03200            1280.00      -20.00
03201            1280.00      -16.00
03202            1360.00      -16.00
03203            1360.00      -16.00
03204            1440.00      -20.00
03205            1480.00      -16.00
03206            1520.00      -16.00
03207            1600.00      -20.00
03208            1640.00      -20.00
03209            1680.00      -20.00
03210            1720.00      -24.00
03211            1720.00      -16.00
03212            1720.00      -20.00
03213            1760.00      -24.00
03214            1760.00      -24.00
03215            1720.00      -12.00
03216            1680.00      -16.00
03217            1640.00      -12.00
03218            1640.00      -20.00
03219            1600.00      -20.00
03220            1560.00      -20.00
03221            1520.00      -20.00
03222            1480.00      -16.00
03223            1440.00      -24.00
03224            1440.00      -16.00
03225            1400.00      -20.00
03226            1440.00      -20.00
03227            1400.00      -20.00
03228            1440.00      -16.00
03229            1360.00      -20.00
03230            1360.00      -12.00
03231            1400.00      -16.00
03232            1400.00      -16.00
03233            1440.00      -20.00
03234            1400.00      -12.00
03235            1440.00      -24.00
03236            1400.00      -20.00
03237            1400.00      -20.00
03238            1400.00      -20.00
03239            1360.00      -16.00
03240            1280.00      -16.00
03241            1240.00      -16.00
03242            1120.00      -20.00
03243            1000.00      -16.00
03244             920.00      -12.00
03245             800.00      -12.00
03246             720.00      -16.00
03247             600.00      -12.00
03248             480.00      -20.00
03249             440.00      -16.00
03250             320.00      -12.00
03251             240.00      -20.00
03252             160.00      -16.00
03253             120.00      -16.00
03254              40.00      -16.00
03255              40.00      -16.00
03256              40.00      -20.00
03257              40.00      -20.00
03258             -40.00      -20.00
03259               0.00      -16.00
03260            -120.00      -16.00
03261            -480.00      500.00
03262            -440.00      500.00
03263            -320.00      -28.00
03264            -200.00      -32.00
03265               0.00      -36.00
03266              80.00      -36.00
03267             240.00      -32.00
03268             280.00      -32.00
03269             400.00      -36.00
03270             600.00      -36.00
03271             560.00      -32.00
03272             720.00      -32.00
03273             840.00      -32.00
03274             960.00      -32.00
03275            1000.00      -32.00
03276            1000.00      -32.00
03277            1120.00      -28.00
03278            1200.00      -28.00
03279            1280.00      -28.00
03280            1400.00      -28.00
03281            1480.00      -20.00
03282            1520.00      -28.00
03283            1600.00      -24.00
03284            1680.00      -24.00
03285            1680.00      -28.00
03286            1720.00      -24.00
03287            1760.00      -28.00
03288            1800.00      -28.00
03289            1800.00      -28.00
03290            1840.00      -24.00
03291            1840.00      -24.00
03292            1840.00      -24.00
03293            1840.00      -24.00
03294            1840.00      -24.00
03295            1840.00      -32.00
03296            1840.00      -20.00
03297            1800.00      -20.00
03298            1800.00      -24.00
03299            1720.00      -24.00
03300            1720.00      -28.00
03301            1680.00      -24.00
03302            1640.00      -20.00
03303            1600.00      -24.00
03304            1560.00      -24.00
03305            1480.00      -24.00
03306            1480.00      -20.00
03307            1400.00      -20.00
03308            1400.00      -20.00
03309            1400.00      -24.00
03310            1320.00      -20.00
03311            1320.00      -24.00
03312            1280.00      -20.00
03313            1240.00      -16.00
03314            1200.00      -24.00
03315            1160.00      -12.00
03316            1080.00      -28.00
03317            1120.00      -20.00
03318            1040.00      -20.00
03319            1040.00      -20.00
03320            1000.00      -16.00
03321            1000.00      -16.00
03322             960.00      -20.00
03323            1040.00      -24.00
03324            1040.00      -20.00
03325            1040.00      -20.00
03326            1080.00      -20.00
03327            1120.00      -24.00
03328            1160.00      -20.00
03329            1200.00      -16.00
03330            1200.00      -24.00
03331            1200.00      -16.00
03332            1200.00      -20.00
03333            1200.00      -20.00
03334            1120.00      -20.00
03335            1160.00      -20.00
03336            1080.00      -16.00
03337            1000.00      -16.00
03338             880.00      -20.00
03339             880.00      -16.00
03340             800.00      -16.00
03341             680.00      -20.00
03342             600.00      -28.00
03343             520.00      -24.00
03344             400.00      -20.00
03345             360.00      -20.00
03346             280.00      -20.00
03347             160.00      -16.00
03348              80.00      -24.00
03349              40.00      -20.00
03350             -80.00      -20.00
03351            -160.00      -20.00
03352            -200.00      -20.00
03353            -280.00      -24.00
03354            -400.00      -24.00
03355            -480.00      -20.00
03356            -640.00      -20.00
03357            -760.00      -20.00
03358            -880.00      -20.00
03359           -1000.00      -20.00
03360           -1120.00      -20.00
03361           -1320.00      -20.00
03362           -1440.00      -20.00
03363           -1560.00      -24.00
03364           -1680.00      -20.00
03365           -1800.00      -16.00
03366           -1880.00      -24.00
03367           -1920.00      -16.00
03368           -2000.00      -16.00
03369           -2080.00      -20.00
03370           -2160.00      -16.00
03371           -2240.00      -20.00
03372           -2360.00      -24.00
03373           -2440.00      -24.00
03374           -2520.00      -20.00
03375           -2600.00      -20.00
03376           -2720.00      -24.00
03377           -2840.00      -20.00
03378           -2920.00      -16.00
03379           -3000.00      -24.00
03380           -3120.00      -20.00
03381           -3160.00      -16.00
03382           -3240.00      -20.00
03383           -3320.00      -20.00
03384           -3360.00      -24.00
03385           -3440.00      -24.00
03386           -3440.00      -24.00
03387           -3480.00      -20.00
03388           -3480.00      -16.00
03389           -3440.00      -20.00
03390           -3480.00      -20.00
03391           -3440.00      -16.00
03392           -3440.00      -20.00
03393           -3440.00      -20.00
03394           -3440.00      -24.00
03395           -3400.00      -24.00
03396           -3360.00      -16.00
03397           -3400.00      -20.00
03398           -3360.00      -16.00
03399           -3320.00      -16.00
03400           -3280.00      -16.00
03401           -3240.00      -24.00
03402           -3280.00      -24.00
03403           -3200.00      -24.00
03404           -3200.00      -20.00
03405           -3160.00      -24.00
03406           -3080.00      -16.00
03407           -3080.00      -20.00
03408           -3000.00      -20.00
03409           -2960.00      -16.00
03410           -2840.00      -20.00
03411           -2760.00      -16.00
03412           -2640.00      -20.00
03413           -2480.00      -24.00
03414           -2360.00      -20.00
03415           -2160.00      -16.00
03416           -2000.00      -24.00
03417           -1880.00      -24.00
03418           -1680.00      -16.00
03419           -1520.00      -20.00
03420           -1360.00      -20.00
03421           -1160.00      -20.00
03422            -920.00      -24.00
03423            -880.00      -20.00
03424            -640.00       -8.00
03425            -560.00      -20.00
03426            -400.00      -20.00
03427            -240.00      -20.00
03428            -120.00      -20.00
03429             -40.00      -20.00
03430              40.00      -20.00
03431             200.00      -16.00
03432             240.00      -20.00
03433             360.00      -16.00
03434             560.00      -16.00
03435             560.00      -20.00
03436             600.00      -20.00
03437             720.00      -16.00
03438             800.00      -20.00
03439             800.00      -20.00
03440             920.00      -20.00
03441             960.00      -16.00
03442            1000.00      -20.00
03443            1040.00      -16.00
03444            1080.00      -20.00
03445            1120.00      -20.00
03446            1120.00      -20.00
03447            1200.00      -20.00
03448            1160.00      -20.00
03449            1200.00      -16.00
03450            1240.00      -20.00
03451            1280.00      -16.00
03452            1320.00      -20.00
03453            1360.00      -20.00
03454            1440.00      -16.00
03455            1480.00      -20.00
03456            1520.00      -20.00
03457            1600.00      -20.00
03458            1640.00      -24.00
03459            1640.00      -28.00
03460            1680.00      -24.00
03461            1720.00      -16.00
03462            1720.00      -24.00
03463            1760.00      -24.00
03464            1760.00      -24.00
03465            1680.00      -16.00
03466            1680.00      -20.00
03467            1640.00      -20.00
03468            1640.00      -16.00
03469            1600.00      -20.00
03470            1520.00      -20.00
03471            1520.00      -20.00
03472            1480.00      -24.00
03473            1480.00      -20.00
03474            1440.00      -16.00
03475            1440.00      -20.00
03476            1400.00      -16.00
03477            1360.00      -16.00
03478            1400.00      -20.00
03479            1360.00      -20.00
03480            1360.00      -20.00
03481            1440.00      -24.00
03482            1400.00      -16.00
03483            1440.00      -16.00
03484            1440.00      -20.00
03485            1440.00      -20.00
03486            1400.00      -20.00
03487            1400.00      -24.00
03488            1400.00      -16.00
03489            1360.00      -24.00
03490            1280.00      -20.00
03491            1200.00      -20.00
03492            1120.00      -24.00
03493            1040.00      -20.00
03494             920.00      -20.00
03495             840.00      -24.00
03496             720.00      -24.00
03497             640.00      -20.00
03498             520.00      -12.00
03499             400.00      -20.00
03500             320.00      -20.00
03501             240.00      -20.00
03502             200.00      -16.00
03503             120.00      -16.00
03504              80.00      -20.00
03505              40.00      -16.00
03506               0.00      -28.00
03507               0.00      -16.00
03508             -40.00      -16.00
03509             -40.00      -24.00
03510             -80.00      -16.00
03511            -600.00      500.00
03512            -440.00      500.00
03513            -280.00      -32.00
03514            -160.00      -40.00
03515             -40.00      -28.00
03516              40.00      -36.00
03517             200.00      -36.00
03518             280.00      -40.00
03519             440.00      -32.00
03520             560.00      -36.00
03521             640.00      -40.00
03522             680.00      -32.00
03523             800.00      -32.00
03524             840.00      -36.00
03525            1000.00      -36.00
03526            1080.00      -32.00
03527            1120.00      -32.00
03528            1200.00      -28.00
03529            1280.00      -32.00
03530            1360.00      -28.00
03531            1480.00      -32.00
03532            1520.00      -32.00
03533            1560.00      -16.00
03534            1640.00      -32.00
03535            1680.00      -36.00
03536            1760.00      -28.00
03537            1760.00      -28.00
03538            1800.00      -28.00
03539            1800.00      -28.00
03540            1840.00      -24.00
03541            1840.00      -24.00
03542            1840.00      -28.00
03543            1840.00      -28.00
03544            1840.00      -28.00
03545            1840.00      -24.00
03546            1840.00      -24.00
03547            1800.00      -28.00
03548            1800.00      -20.00
03549            1760.00      -24.00
03550            1680.00      -24.00
03551            1640.00      -24.00
03552            1640.00      -28.00
03553            1560.00      -28.00
03554            1560.00      -28.00
03555            1520.00      -24.00
03556            1480.00      -20.00
03557            1440.00      -16.00
03558            1400.00      -20.00
03559            1360.00      -20.00
03560            1320.00      -24.00
03561            1280.00      -24.00
03562            1280.00      -24.00
03563            1200.00      -28.00
03564            1200.00      -20.00
03565            1160.00      -20.00
03566            1120.00      -24.00
03567            1080.00      -24.00
03568            1040.00      -20.00
03569            1040.00      -24.00
03570            1000.00      -28.00
03571            1000.00      -28.00
03572            1000.00      -24.00
03573            1000.00      -20.00
03574            1000.00      -20.00
03575            1040.00      -24.00
03576            1080.00      -20.00
03577            1120.00      -20.00
03578            1120.00      -24.00
03579            1160.00      -20.00
03580            1200.00      -24.00
03581            1200.00      -20.00
03582            1240.00      -24.00
03583            1200.00      -20.00
03584            1120.00      -20.00
03585            1120.00      -24.00
03586            1040.00      -20.00
03587            1000.00      -20.00
03588             920.00      -20.00
03589             840.00      -20.00
03590             760.00      -20.00
03591             680.00      -20.00
03592             600.00      -20.00
03593             480.00      -20.00
03594             400.00      -16.00
03595             320.00      -20.00
03596             240.00      -16.00
03597             160.00      -16.00
03598              80.00      -24.00
03599              40.00      -12.00
03600             -40.00      -16.00
03601            -120.00      -24.00
03602            -240.00      -24.00
03603            -280.00      -20.00
03604            -360.00      -16.00
03605            -440.00      -20.00
03606            -640.00      -24.00
03607            -720.00      -20.00
03608            -880.00      -20.00
03609           -1000.00      -20.00
03610           -1160.00      -20.00
03611           -1320.00      -20.00
03612           -1400.00      -20.00
03613           -1520.00      -20.00
03614           -1680.00      -16.00
03615           -1760.00      -20.00
03616           -1840.00      -20.00
03617           -1960.00      -20.00
03618           -2000.00      -16.00
03619           -2120.00      -16.00
03620           -2200.00      -16.00
03621           -2240.00      -16.00
03622           -2320.00      -20.00
03623           -2440.00      -12.00
03624           -2520.00      -16.00
03625           -2640.00      -16.00
03626           -2680.00      -16.00
03627           -2800.00      -20.00
03628           -2920.00      -20.00
03629           -3000.00      -16.00
03630           -3120.00      -24.00
03631           -3160.00      -16.00
03632           -3240.00      -28.00
03633           -3360.00      -20.00
03634           -3360.00      -16.00
03635           -3400.00      -16.00
03636           -3440.00      -20.00
03637           -3440.00      -20.00
03638           -3480.00      -20.00
03639           -3480.00      -16.00
03640           -3440.00      -16.00
03641           -3440.00      -16.00
03642           -3440.00      -20.00
03643           -3440.00      -16.00
03644           -3440.00      -16.00
03645           -3440.00      -16.00
03646           -3360.00      -16.00
03647           -3360.00      -16.00
03648           -3360.00      -16.00
03649           -3280.00      -16.00
03650           -3280.00      -20.00
03651           -3280.00      -12.00
03652           -3240.00      -20.00
03653           -3200.00      -24.00
03654           -3200.00      -12.00
03655           -3160.00      -16.00
03656           -3120.00      -20.00
03657           -3080.00      -16.00
03658           -3000.00      -24.00
03659           -2920.00      -16.00
03660           -2880.00      -16.00
03661           -2760.00      -20.00
03662           -2600.00      -20.00
03663           -2520.00      -12.00
03664           -2360.00      -16.00
03665           -2240.00      -20.00
03666           -2000.00      -16.00
03667           -1880.00      -16.00
03668           -1680.00      -20.00
03669           -1480.00      -20.00
03670           -1320.00      -16.00
03671           -1120.00      -16.00
03672           -1000.00      -12.00
03673            -840.00      -16.00
03674            -720.00      -16.00
03675            -560.00      -16.00
03676            -400.00      -20.00
03677            -200.00      -16.00
03678            -160.00      -16.00
03679             -40.00      -16.00
03680              80.00      -20.00
03681             240.00      -12.00
03682             240.00      -12.00
03683             360.00      -16.00
03684             560.00      -20.00
03685             560.00      -16.00
03686             680.00      -16.00
03687             720.00      -20.00
03688             800.00      -16.00
03689             840.00      -16.00
03690             880.00      -20.00
03691            1000.00      -20.00
03692            1040.00      -16.00
03693            1080.00      -20.00
03694            1080.00      -20.00
03695            1080.00      -16.00
03696            1120.00      -16.00
03697            1160.00      -16.00
03698            1200.00      -16.00
03699            1240.00      -16.00
03700            1280.00      -20.00
03701            1280.00      -20.00
03702            1320.00      -16.00
03703            1360.00      -12.00
03704            1440.00      -16.00
03705            1480.00      -12.00
03706            1520.00      -20.00
03707            1560.00      -12.00
03708            1640.00      -16.00
03709            1680.00      -24.00
03710            1680.00      -20.00
03711            1720.00      -16.00
03712            1760.00      -16.00
03713            1720.00      -16.00
03714            1720.00      -16.00
03715            1720.00      -24.00
03716            1680.00      -24.00
03717            1680.00      -16.00
03718            1640.00      -20.00
03719            1600.00      -16.00
03720            1560.00      -12.00
03721            1520.00      -20.00
03722            1520.00      -16.00
03723            1480.00      -32.00
03724            1440.00      -20.00
03725            1400.00      -20.00
03726            1400.00      -20.00
03727            1360.00      -20.00
03728            1400.00      -20.00
03729            1400.00      -16.00
03730            1360.00      -16.00
03731            1440.00      -24.00
03732            1360.00      -16.00
03733            1440.00      -20.00
03734            1440.00      -16.00
03735            1400.00      -20.00
03736            1400.00      -16.00
03737            1440.00      -24.00
03738            1360.00      -20.00
03739            1320.00      -16.00
03740            1280.00      -20.00
03741            1200.00      -20.00
03742            1160.00      -24.00
03743            1040.00      -16.00
03744             920.00      -20.00
03745             840.00      -20.00
03746             680.00      -20.00
03747             600.00      -20.00
03748             520.00      -16.00
03749             400.00      -16.00
03750             320.00      -16.00
03751             240.00      -20.00
03752             200.00      -24.00
03753              80.00      -20.00
03754              80.00      -24.00
03755              40.00      -20.00
03756              40.00      -20.00
03757              40.00      -20.00
03758               0.00      -24.00
03759             -40.00      -20.00
03760            -120.00      -20.00
03761            -600.00      500.00
03762            -400.00      500.00
03763            -280.00      -28.00
03764            -120.00      -36.00
03765             -40.00      -36.00
03766              80.00      -36.00
03767             160.00      -40.00
03768             280.00      -40.00
03769             400.00      -36.00
03770             520.00      -36.00
03771             600.00      -40.00
03772             720.00      -36.00
03773             760.00      -36.00
03774             880.00      -32.00
03775             920.00      -36.00
03776            1080.00      -32.00
03777            1160.00      -36.00
03778            1200.00      -36.00
03779            1280.00      -32.00
03780            1400.00      -36.00
03781            1480.00      -28.00
03782            1480.00      -36.00
03783            1560.00      -32.00
03784            1640.00      -32.00
03785            1680.00      -32.00
03786            1760.00      -32.00
03787            1760.00      -28.00
03788            1800.00      -32.00
03789            1800.00      -32.00
03790            1840.00      -32.00
03791            1840.00      -28.00
03792            1840.00      -28.00
03793            1840.00      -28.00
03794            1840.00      -28.00
03795            1840.00      -28.00
03796            1840.00      -28.00
03797            1800.00      -24.00
03798            1760.00      -24.00
03799            1760.00      -32.00
03800            1720.00      -28.00
03801            1680.00      -24.00
03802            1600.00      -28.00
03803            1600.00      -28.00
03804            1560.00      -24.00
03805            1520.00      -24.00
03806            1480.00      -28.00
03807            1440.00      -28.00
03808            1400.00      -24.00
03809            1360.00      -24.00
03810            1320.00      -24.00
03811            1320.00      -20.00
03812            1280.00      -24.00
03813            1240.00      -20.00
03814            1200.00      -28.00
03815            1160.00      -20.00
03816            1120.00      -20.00
03817            1080.00      -20.00
03818            1040.00      -24.00
03819            1000.00      -24.00
03820            1000.00      -24.00
03821            1000.00      -24.00
03822            1000.00      -24.00
03823            1000.00       -4.00
03824            1040.00      -24.00
03825            1040.00      -20.00
03826            1080.00      -24.00
03827            1160.00      -24.00
03828            1200.00      -20.00
03829            1160.00      -24.00
03830            1160.00      -24.00
03831            1200.00      -24.00
03832            1200.00       -4.00
03833            1160.00      -20.00
03834            1200.00      -16.00
03835            1080.00      -16.00
03836            1040.00      -20.00
03837             960.00      -20.00
03838             920.00      -24.00
03839             880.00      -20.00
03840             760.00      -20.00
03841             640.00      -20.00
03842             600.00      -20.00
03843             520.00      -20.00
03844             400.00      -24.00
03845             320.00      -20.00
03846             240.00      -20.00
03847             160.00      -20.00
03848              80.00      -16.00
03849               0.00      -16.00
03850             -40.00      -20.00
03851            -120.00      -20.00
03852            -200.00      -24.00
03853            -280.00      -16.00
03854            -400.00      -20.00
03855            -440.00      -24.00
03856            -640.00      -16.00
03857            -720.00      -16.00
03858            -840.00      -20.00
03859           -1000.00      -24.00
03860           -1200.00      -20.00
03861           -1280.00      -20.00
03862           -1400.00      -20.00
03863           -1520.00      -24.00
03864           -1720.00      -16.00
03865           -1760.00      -24.00
03866           -1880.00      -20.00
03867           -2000.00      -20.00
03868           -2000.00      -20.00
03869           -2080.00      -20.00
03870           -2200.00      -24.00
03871           -2240.00      -20.00
03872           -2320.00      -16.00
03873           -2480.00      -20.00
03874           -2480.00      -16.00
03875           -2600.00      -20.00
03876           -2720.00      -16.00
03877           -2840.00      -24.00
03878           -2960.00      -20.00
03879           -3040.00      -20.00
03880           -3120.00      -20.00
03881           -3160.00      -20.00
03882           -3280.00      -16.00
03883           -3320.00      -16.00
03884           -3400.00      -20.00
03885           -3440.00      -20.00
03886           -3400.00      -24.00
03887           -3440.00      -20.00
03888           -3480.00      -16.00
03889           -3480.00      -16.00
03890           -3480.00      -20.00
03891           -3480.00      -20.00
03892           -3480.00      -20.00
03893           -3440.00      -20.00
03894           -3400.00      -20.00
03895           -3440.00      -20.00
03896           -3400.00      -12.00
03897           -3360.00      -16.00
03898           -3360.00      -24.00
03899           -3320.00      -16.00
03900           -3280.00      -20.00
03901           -3280.00      -20.00
03902           -3200.00      -20.00
03903           -3200.00      -20.00
03904           -3200.00      -16.00
03905           -3200.00      -20.00
03906           -3120.00      -20.00
03907           -3080.00      -16.00
03908           -3040.00      -20.00
03909           -2920.00      -20.00
03910           -2840.00      -20.00
03911           -2760.00      -16.00
03912           -2640.00      -20.00
03913           -2520.00      -24.00
03914           -2360.00      -24.00
03915           -2200.00      -20.00
03916           -2080.00      -20.00
03917           -1920.00      -16.00
03918           -1680.00      -16.00
03919           -1520.00      -16.00
03920           -1360.00      -20.00
03921           -1160.00      -20.00
03922           -1040.00      -24.00
03923            -840.00      -16.00
03924            -720.00      -16.00
03925            -560.00      -20.00
03926            -400.00      -20.00
03927            -280.00      -16.00
03928            -160.00      -20.00
03929             -40.00      -12.00
03930              80.00      -12.00
03931             200.00      -20.00
03932             320.00      -20.00
03933             360.00      -20.00
03934             560.00      -16.00
03935             600.00      -20.00
03936             680.00      -20.00
03937             720.00      -16.00
03938             720.00      -20.00
03939             840.00      -24.00
03940             880.00      -44.00
03941             960.00      -16.00
03942            1040.00      -24.00
03943            1040.00      -20.00
03944            1120.00      -20.00
03945            1160.00      -16.00
03946            1160.00      -24.00
03947            1160.00      -20.00
03948            1200.00      -16.00
03949            1240.00      -16.00
03950            1280.00      -16.00
03951            1280.00      -24.00
03952            1320.00      -20.00
03953            1360.00      -16.00
03954            1440.00      -16.00
03955            1520.00      -20.00
03956            1520.00      -24.00
03957            1560.00      -20.00
03958            1640.00      -16.00
03959            1680.00      -20.00
03960            1680.00      -16.00
03961            1720.00      -16.00
03962            1720.00      -20.00
03963            1720.00      -20.00
03964            1720.00      -20.00
03965            1720.00      -20.00
03966            1680.00      -16.00
03967            1640.00      -20.00
03968            1640.00      -16.00
03969            1560.00      -20.00
03970            1560.00      -16.00
03971            1520.00      -20.00
03972            1480.00      -20.00
03973            1480.00      -16.00
03974            1440.00      -20.00
03975            1440.00      -20.00
03976            1400.00      -16.00
03977            1400.00      -20.00
03978            1400.00      -24.00
03979            1400.00      -20.00
03980            1400.00      -20.00
03981            1440.00      -20.00
03982            1440.00      -20.00
03983            1440.00      -16.00
03984            1440.00      -20.00
03985            1440.00      -20.00
03986            1440.00      -20.00
03987            1400.00      -16.00
03988            1400.00      -16.00
03989            1320.00      -16.00
03990            1280.00      -16.00
03991            1200.00      -16.00
03992            1160.00      -16.00
03993            1040.00      -24.00
03994             920.00      -16.00
03995             840.00      -16.00
03996             720.00      -12.00
03997             640.00      -16.00
03998             520.00      -20.00
03999             440.00      -20.00
04000             320.00      -16.00
04001             240.00      -20.00
04002             200.00      -16.00
04003              80.00      -20.00
04004             160.00      -20.00
04005              80.00      -20.00
04006               0.00      -16.00
04007               0.00      -16.00
04008             -80.00      -16.00
04009             -80.00      -16.00
04010             -40.00      -12.00
04011            -600.00      500.00
04012            -440.00      500.00
04013            -320.00      -32.00
04014            -240.00      -32.00
04015             -80.00      -36.00
04016              40.00      -36.00
04017             120.00      -36.00
04018             360.00      -36.00
04019             440.00      -36.00
04020             480.00      -32.00
04021             640.00      -32.00
04022             760.00      -40.00
04023             800.00      -28.00
04024             840.00      -36.00
04025             960.00      -28.00
04026            1040.00      -28.00
04027            1120.00      -28.00
04028            1280.00      -32.00
04029            1280.00      -28.00
04030            1360.00      -28.00
04031            1440.00      -28.00
04032            1480.00      -28.00
04033            1600.00      -24.00
04034            1640.00      -28.00
04035            1680.00      -20.00
04036            1720.00      -32.00
04037            1800.00      -28.00
04038            1840.00      -24.00
04039            1800.00      -28.00
04040            1800.00      -20.00
04041            1840.00      -28.00
04042            1840.00      -24.00
04043            1880.00      -20.00
04044            1840.00      -24.00
04045            1800.00      -28.00
04046            1840.00      -24.00
04047            1840.00      -32.00
04048            1800.00      -24.00
04049            1760.00      -20.00
04050            1720.00      -20.00
04051            1640.00      -24.00
04052            1640.00      -24.00
04053            1600.00      -20.00
04054            1560.00      -28.00
04055            1520.00      -24.00
04056            1480.00      -16.00
04057            1440.00      -20.00
04058            1400.00      -20.00
04059            1360.00      -20.00
04060            1320.00      -20.00
04061            1320.00      -24.00
04062            1320.00      -24.00
04063            1200.00      -20.00
04064            1200.00      -24.00
04065            1200.00      -16.00
04066            1120.00      -24.00
04067            1080.00      -20.00
04068            1040.00      -20.00
04069            1040.00      -28.00
04070            1000.00      -20.00
04071            1000.00      -20.00
04072            1000.00      -20.00
04073            1000.00      -16.00
04074            1000.00      -20.00
04075            1040.00      -24.00
04076            1080.00      -20.00
04077            1120.00      -20.00
04078            1160.00      -16.00
04079            1200.00      -24.00
04080            1160.00      -20.00
04081            1200.00      -16.00
04082            1200.00      -20.00
04083            1200.00      -16.00
04084            1160.00      -24.00
04085            1040.00      -12.00
04086            1040.00      -20.00
04087            1000.00      -24.00
04088             920.00      -24.00
04089             840.00      -24.00
04090             720.00      -20.00
04091             640.00      -16.00
04092             600.00      -16.00
04093             480.00      -20.00
04094             400.00       -4.00
04095             360.00      -20.00
04096             240.00      -20.00
04097             160.00      -20.00
04098             120.00      -24.00
04099               0.00      -16.00
04100             -40.00      -24.00
04101            -120.00      -20.00
04102            -240.00      -16.00
04103            -280.00      -16.00
04104            -360.00      -24.00
04105            -480.00      -16.00
04106            -600.00      -24.00
04107            -760.00      -24.00
04108            -880.00      -20.00
04109           -1040.00      -28.00
04110           -1120.00      -20.00
04111           -1280.00      -16.00
04112           -1400.00      -20.00
04113           -1520.00      -16.00
04114           -1680.00      -24.00
04115           -1840.00      -20.00
04116           -1880.00      -16.00
04117           -1960.00      -20.00
04118           -2000.00      -20.00
04119           -2120.00      -20.00
04120           -2160.00      -16.00
04121           -2280.00      -24.00
04122           -2320.00      -20.00
04123           -2400.00      -20.00
04124           -2520.00      -20.00
04125           -2600.00      -20.00
04126           -2720.00      -24.00
04127           -2840.00      -24.00
04128           -2920.00      -16.00
04129           -3000.00      -20.00
04130           -3120.00      -20.00
04131           -3200.00      -20.00
04132           -3280.00      -20.00
04133           -3320.00      -16.00
04134           -3400.00      -16.00
04135           -3400.00      -20.00
04136           -3480.00      -24.00
04137           -3440.00      -20.00
04138           -3480.00      -24.00
04139           -3480.00      -20.00
04140           -3480.00      -16.00
04141           -3480.00      -20.00
04142           -3440.00      -20.00
04143           -3440.00      -20.00
04144           -3400.00      -20.00
04145           -3360.00      -20.00
04146           -3360.00      -20.00
04147           -3360.00      -24.00
04148           -3360.00      -20.00
04149           -3280.00      -32.00
04150           -3280.00      -24.00
04151           -3280.00      -20.00
04152           -3240.00      -20.00
04153           -3240.00      -24.00
04154           -3200.00      -20.00
04155           -3200.00      -20.00
04156           -3120.00      -16.00
04157           -3040.00      -24.00
04158           -3000.00      -20.00
04159           -2920.00      -24.00
04160           -2840.00      -20.00
04161           -2760.00      -20.00
04162           -2640.00      -24.00
04163           -2480.00      -20.00
04164           -2360.00      -20.00
04165           -2200.00      -20.00
04166           -2040.00      -16.00
04167           -1840.00      -20.00
04168           -1680.00      -24.00
04169           -1520.00      -20.00
04170           -1360.00      -24.00
04171           -1120.00      -20.00
04172           -1040.00      -24.00
04173            -720.00      -20.00
04174            -720.00      -24.00
04175            -520.00      -20.00
04176            -440.00      -20.00
04177            -240.00      -20.00
04178            -160.00      -24.00
04179               0.00      -20.00
04180              80.00      -20.00
04181             200.00      -16.00
04182             320.00      -20.00
04183             400.00      -20.00
04184             520.00      -20.00
04185             640.00      -16.00
04186             680.00      -20.00
04187             720.00      -20.00
04188             760.00      -20.00
04189             840.00      -28.00
04190             880.00      -20.00
04191            1000.00      -16.00
04192            1040.00      -24.00
04193            1040.00      -20.00
04194            1080.00      -24.00
04195            1120.00      -20.00
04196            1160.00      -16.00
04197            1160.00      -16.00
04198            1200.00      -20.00
04199            1200.00      -20.00
04200            1240.00      -20.00
04201            1280.00      -24.00
04202            1320.00      -20.00
04203            1360.00      -20.00
04204            1440.00      -20.00
04205            1480.00      -12.00
04206            1520.00      -20.00
04207            1560.00      -20.00
04208            1640.00      -16.00
04209            1680.00      -24.00
04210            1680.00      -16.00
04211            1720.00      -32.00
04212            1760.00      -20.00
04213            1760.00      -20.00
04214            1720.00      -12.00
04215            1720.00      -16.00
04216            1680.00      -20.00
04217            1680.00      -16.00
04218            1640.00      -16.00
04219            1600.00      -24.00
04220            1520.00      -24.00
04221            1520.00      -24.00
04222            1520.00      -20.00
04223            1480.00      -20.00
04224            1440.00      -20.00
04225            1400.00      -16.00
04226            1400.00      -16.00
04227            1400.00      -20.00
04228            1400.00      -24.00
04229            1400.00      -16.00
04230            1400.00      -20.00
04231            1440.00      -20.00
04232            1440.00      -20.00
04233            1440.00      -12.00
04234            1440.00      -20.00
04235            1400.00      -24.00
04236            1440.00      -20.00
04237            1400.00      -20.00
04238            1360.00      -20.00
04239            1320.00      -24.00
04240            1280.00      -20.00
04241            1200.00      -24.00
04242            1120.00      -20.00
04243            1000.00      -24.00
04244             960.00      -20.00
04245             880.00      -20.00
04246             720.00      -16.00
04247             560.00      -20.00
04248             480.00      -20.00
04249             400.00      -20.00
04250             360.00      -20.00
04251             240.00      -16.00
04252             160.00      -16.00
04253             160.00      -16.00
04254              80.00      -16.00
04255              80.00      -16.00
04256               0.00      -20.00
04257              40.00      -24.00
04258              40.00      -20.00
04259             -40.00      -20.00
04260            -120.00      -20.00
04261            -560.00      500.00
04262            -440.00      500.00
04263            -320.00      -32.00
04264            -200.00      -36.00
04265             -40.00      -40.00
04266              80.00      -36.00
04267             200.00      -36.00
04268             320.00      -40.00
04269             400.00      -36.00
04270             520.00      -36.00
04271             600.00      -36.00
04272             760.00      -40.00
04273             800.00      -36.00
04274             880.00      -36.00
04275             960.00      -36.00
04276            1040.00      -28.00
04277            1120.00      -36.00
04278            1240.00      -32.00
04279            1280.00      -28.00
04280            1360.00      -28.00
04281            1440.00      -32.00
04282            1480.00      -24.00
04283            1560.00      -28.00
04284            1640.00      -28.00
04285            1680.00      -24.00
04286            1760.00      -28.00
04287            1760.00      -24.00
04288            1760.00      -28.00
04289            1840.00      -28.00
04290            1840.00      -24.00
04291            1840.00      -20.00
04292            1840.00      -28.00
04293            1840.00      -28.00
04294            1840.00      -28.00
04295            1840.00      -28.00
04296            1840.00      -24.00
04297            1800.00      -20.00
04298            1760.00      -24.00
04299            1760.00      -24.00
04300            1720.00      -24.00
04301            1640.00      -32.00
04302            1640.00      -28.00
04303            1560.00      -20.00
04304            1520.00      -20.00
04305            1480.00      -24.00
04306            1480.00      -20.00
04307            1440.00      -24.00
04308            1400.00      -24.00
04309            1400.00      -24.00
04310            1320.00      -20.00
04311            1320.00      -20.00
04312            1280.00      -24.00
04313            1240.00      -24.00
04314            1200.00      -20.00
04315            1160.00      -20.00
04316            1160.00      -16.00
04317            1120.00      -24.00
04318            1080.00      -24.00
04319            1040.00      -12.00
04320            1000.00      -16.00
04321            1040.00      -20.00
04322            1000.00      -20.00
04323            1000.00      -28.00
04324            1000.00      -20.00
04325            1040.00      -24.00
04326            1120.00      -20.00
04327            1120.00      -24.00
04328            1160.00      -20.00
04329            1160.00      -20.00
04330            1200.00      -20.00
04331            1200.00      -20.00
04332            1240.00      -16.00
04333            1200.00      -20.00
04334            1120.00      -24.00
04335            1080.00      -20.00
04336            1040.00      -20.00
04337            1000.00      -20.00
04338             920.00      -20.00
04339             880.00      -20.00
04340             800.00      -24.00
04341             680.00      -20.00
04342             600.00      -16.00
04343             520.00      -20.00
04344             400.00      -20.00
04345             320.00      -24.00
04346             240.00      -20.00
04347             160.00      -16.00
04348             120.00      -16.00
04349               0.00      -16.00
04350             -40.00      -20.00
04351            -120.00      -16.00
04352            -200.00      -24.00
04353            -280.00      -16.00
04354            -360.00      -16.00
04355            -480.00      -16.00
04356            -600.00      -20.00
04357            -760.00      -20.00
04358            -840.00      -20.00
04359           -1040.00      -20.00
04360           -1160.00      -16.00
04361           -1280.00      -16.00
04362           -1400.00      -16.00
04363           -1560.00      -20.00
04364           -1680.00      -16.00
04365           -1760.00      -16.00
04366           -1880.00      -16.00
04367           -1960.00      -16.00
04368           -2000.00      -16.00
04369           -2120.00      -12.00
04370           -2160.00      -20.00
04371           -2280.00      -20.00
04372           -2320.00      -20.00
04373           -2400.00      -20.00
04374           -2520.00      -16.00
04375           -2640.00      -20.00
04376           -2720.00      -16.00
04377           -2840.00      -16.00
04378           -2960.00      -20.00
04379           -3040.00      -16.00
04380           -3120.00      -20.00
04381           -3200.00      -20.00
04382           -3280.00      -12.00
04383           -3320.00      -20.00
04384           -3360.00      -16.00
04385           -3400.00      -16.00
04386           -3440.00      -16.00
04387           -3440.00      -16.00
04388           -3480.00      -16.00
04389           -3480.00      -12.00
04390           -3440.00      -20.00
04391           -3440.00      -20.00
04392           -3480.00      -20.00
04393           -3480.00      -16.00
04394           -3440.00      -12.00
04395           -3400.00      -16.00
04396           -3400.00      -20.00
04397           -3360.00      -16.00
04398           -3360.00      -16.00
04399           -3320.00      -16.00
04400           -3320.00      -16.00
04401           -3280.00      -20.00
04402           -3240.00      -12.00
04403           -3200.00      -16.00
04404           -3200.00      -12.00
04405           -3120.00      -16.00
04406           -3120.00      -20.00
04407           -3080.00      -16.00
04408           -3000.00      -12.00
04409           -2960.00      -12.00
04410           -2840.00      -16.00
04411           -2720.00      -20.00
04412           -2640.00      -16.00
04413           -2520.00      -16.00
04414           -2360.00      -20.00
04415           -2240.00      -20.00
04416           -2040.00      -16.00
04417           -1840.00      -16.00
04418           -1720.00      -20.00
04419           -1520.00      -12.00
04420           -1400.00      -16.00
04421           -1160.00      -16.00
04422           -1040.00      -12.00
04423            -760.00      -24.00
04424            -760.00      -20.00
04425            -560.00      -16.00
04426            -440.00      -16.00
04427            -240.00      -16.00
04428            -160.00       -8.00
04429             -40.00      -20.00
04430             120.00      -16.00
04431             160.00      -16.00
04432             320.00      -20.00
04433             440.00      -20.00
04434             560.00      -20.00
04435             640.00      -16.00
04436             680.00      -16.00
04437             680.00      -16.00
04438             800.00      -16.00
04439             840.00      -16.00
04440             880.00      -12.00
04441             960.00      -16.00
04442            1040.00      -16.00
04443            1040.00      -16.00
04444            1120.00      -16.00
04445            1120.00      -16.00
04446            1160.00      -16.00
04447            1160.00      -16.00
04448            1200.00      -16.00
04449            1240.00      -20.00
04450            1280.00      -12.00
04451            1280.00      -16.00
04452            1320.00      -20.00
04453            1360.00      -16.00
04454            1440.00      -20.00
04455            1480.00      -12.00
04456            1520.00      -16.00
04457            1560.00      -24.00
04458            1640.00      -24.00
04459            1640.00      -20.00
04460            1720.00       -8.00
04461            1720.00      -20.00
04462            1720.00      -20.00
04463            1720.00      -16.00
04464            1720.00      -16.00
04465            1720.00      -20.00
04466            1720.00      -24.00
04467            1640.00      -20.00
04468            1640.00      -24.00
04469            1600.00      -20.00
04470            1560.00      -16.00
04471            1520.00      -20.00
04472            1520.00      -20.00
04473            1480.00      -24.00
04474            1440.00      -16.00
04475            1440.00      -16.00
04476            1400.00      -24.00
04477            1400.00      -16.00
04478            1360.00      -16.00
04479            1400.00      -20.00
04480            1400.00      -16.00
04481            1400.00      -16.00
04482            1440.00      -12.00
04483            1440.00      -16.00
04484            1400.00      -20.00
04485            1440.00      -16.00
04486            1440.00      -24.00
04487            1400.00      -16.00
04488            1360.00      -16.00
04489            1360.00      -20.00
04490            1320.00      -16.00
04491            1240.00      -20.00
04492            1120.00      -20.00
04493            1040.00      -24.00
04494             920.00      -20.00
04495             840.00      -20.00
04496             720.00      -24.00
04497             600.00      -12.00
04498             480.00      -20.00
04499             400.00      -20.00
04500             320.00      -20.00
04501             240.00      -16.00
04502             240.00      -20.00
04503             120.00      -16.00
04504              80.00      -20.00
04505              40.00      -16.00
04506              40.00      -20.00
04507             -40.00      -20.00
04508             -80.00      -20.00
04509             -40.00      -16.00
04510             -80.00      -16.00
04511            -520.00      500.00
04512            -400.00      500.00
04513            -280.00      -28.00
04514            -200.00      -40.00
04515               0.00      -44.00
04516              40.00      -36.00
04517             200.00      -40.00
04518             280.00      -40.00
04519             400.00      -40.00
04520             520.00      -40.00
04521             600.00      -40.00
04522             680.00      -44.00
04523             840.00      -36.00
04524             920.00      -36.00
04525            1000.00      -32.00
04526            1040.00      -32.00
04527            1120.00      -36.00
04528            1200.00      -36.00
04529            1280.00      -36.00
04530            1400.00      -28.00
04531            1400.00      -32.00
04532            1520.00      -32.00
04533            1600.00      -28.00
04534            1640.00      -32.00
04535            1680.00      -28.00
04536            1720.00      -32.00
04537            1800.00      -32.00
04538            1760.00      -28.00
04539            1800.00      -28.00
04540            1840.00      -28.00
04541            1800.00      -24.00
04542            1840.00      -32.00
04543            1880.00      -28.00
04544            1840.00      -28.00
04545            1840.00      -24.00
04546            1840.00      -28.00
04547            1800.00      -28.00
04548            1760.00      -28.00
04549            1720.00      -24.00
04550            1720.00      -28.00
04551            1680.00      -32.00
04552            1640.00      -32.00
04553            1600.00      -28.00
04554            1560.00      -24.00
04555            1520.00      -24.00
04556            1480.00      -28.00
04557            1440.00      -28.00
04558            1440.00      -28.00
04559            1360.00      -24.00
04560            1360.00      -28.00
04561            1320.00      -20.00
04562            1280.00      -20.00
04563            1240.00      -24.00
04564            1160.00      -24.00
04565            1160.00      -24.00
04566            1160.00      -28.00
04567            1120.00      -24.00
04568            1080.00      -24.00
04569            1040.00      -24.00
04570            1000.00      -28.00
04571            1000.00      -24.00
04572            1000.00      -20.00
04573            1000.00      -20.00
04574            1040.00      -16.00
04575            1080.00      -24.00
04576            1080.00      -28.00
04577            1120.00      -24.00
04578            1120.00      -20.00
04579            1200.00      -24.00
04580            1240.00      -20.00
04581            1200.00      -20.00
04582            1200.00      -20.00
04583            1160.00      -20.00
04584            1120.00      -28.00
04585            1120.00      -16.00
04586            1080.00      -16.00
04587            1000.00      -20.00
04588             920.00      -16.00
04589             880.00      -24.00
04590             800.00      -20.00
04591             680.00      -20.00
04592             560.00      -16.00
04593             520.00      -16.00
04594             440.00      -20.00
04595             320.00      -24.00
04596             240.00      -20.00
04597             160.00      -20.00
04598              80.00      -16.00
04599               0.00      -20.00
04600             -80.00      -20.00
04601            -160.00      -20.00
04602            -200.00      -16.00
04603            -320.00      -20.00
04604            -360.00      -20.00
04605            -480.00      -24.00
04606            -600.00      -20.00
04607            -720.00      -20.00
04608            -880.00      -20.00
04609           -1000.00      -16.00
04610           -1120.00      -20.00
04611           -1280.00      -20.00
04612           -1400.00      -20.00
04613           -1520.00      -16.00
04614           -1680.00      -20.00
04615           -1760.00      -20.00
04616           -1880.00      -24.00
04617           -1960.00      -20.00
04618           -2040.00      -16.00
04619           -2120.00      -24.00
04620           -2160.00      -20.00
04621           -2200.00      -24.00
04622           -2320.00      -20.00
04623           -2440.00      -16.00
04624           -2520.00      -20.00
04625           -2640.00      -16.00
04626           -2760.00      -20.00
04627           -2800.00      -24.00
04628           -2960.00      -12.00
04629           -3040.00      -16.00
04630           -3120.00      -16.00
04631           -3160.00      -20.00
04632           -3240.00      -16.00
04633           -3320.00      -20.00
04634           -3360.00      -16.00
04635           -3400.00      -16.00
04636           -3440.00      -20.00
04637           -3480.00      -16.00
04638           -3480.00      -24.00
04639           -3480.00      -16.00
04640           -3480.00      -16.00
04641           -3440.00      -20.00
04642           -3440.00      -20.00
04643           -3440.00      -16.00
04644           -3440.00      -20.00
04645           -3400.00      -12.00
04646           -3360.00      -20.00
04647           -3360.00      -24.00
04648           -3360.00      -20.00
04649           -3320.00      -20.00
04650           -3280.00      -20.00
04651           -3280.00      -20.00
04652           -3240.00      -20.00
04653           -3200.00      -16.00
04654           -3200.00      -24.00
04655           -3200.00      -20.00
04656           -3120.00      -20.00
04657           -3120.00      -16.00
04658           -3040.00      -20.00
04659           -2920.00      -16.00
04660           -2880.00      -16.00
04661           -2760.00      -20.00
04662           -2600.00      -16.00
04663           -2480.00      -16.00
04664           -2400.00      -20.00
04665           -2200.00      -20.00
04666           -2080.00      -20.00
04667           -1840.00      -20.00
04668           -1720.00      -12.00
04669           -1520.00      -12.00
04670           -1280.00      -16.00
04671           -1200.00      -20.00
04672           -1040.00      -20.00
04673            -840.00      -12.00
04674            -640.00      -16.00
04675            -520.00      -20.00
04676            -440.00      -16.00
04677            -240.00      -24.00
04678            -200.00      -12.00
04679             -40.00      -16.00
04680             120.00      -20.00
04681             200.00      -16.00
04682             320.00      -20.00
04683             440.00      -20.00
04684             520.00      -16.00
04685             640.00      -16.00
04686             680.00      -20.00
04687             680.00      -16.00
04688             760.00       -8.00
04689             840.00      -20.00
04690             920.00      -20.00
04691            1000.00      -20.00
04692            1040.00      -16.00
04693            1080.00      -16.00
04694            1120.00      -24.00
04695            1160.00      -20.00
04696            1160.00      -16.00
04697            1200.00      -16.00
04698            1200.00      -16.00
04699            1200.00      -16.00
04700            1280.00      -16.00
04701            1320.00      -16.00
04702            1320.00      -16.00
04703            1360.00      -16.00
04704            1440.00      -20.00
04705            1480.00      -12.00
04706            1520.00      -12.00
04707            1560.00      -16.00
04708            1640.00      -20.00
04709            1680.00      -20.00
04710            1680.00      -24.00
04711            1720.00      -20.00
04712            1760.00      -20.00
04713            1760.00      -16.00
04714            1720.00      -16.00
04715            1680.00      -16.00
04716            1680.00      -16.00
04717            1680.00      -16.00
04718            1680.00      -16.00
04719            1560.00      -16.00
04720            1560.00      -12.00
04721            1520.00      -16.00
04722            1520.00      -16.00
04723            1480.00      -16.00
04724            1440.00      -12.00
04725            1400.00      -16.00
04726            1400.00      -12.00
04727            1400.00      -12.00
04728            1400.00      -16.00
04729            1400.00      -20.00
04730            1360.00      -12.00
04731            1360.00      -12.00
04732            1440.00      -12.00
04733            1440.00      -16.00
04734            1400.00      -12.00
04735            1440.00      -12.00
04736            1400.00      -16.00
04737            1400.00      -20.00
04738            1400.00      -16.00
04739            1320.00      -16.00
04740            1280.00      -16.00
04741            1200.00      -16.00
04742            1120.00      -12.00
04743            1080.00      -16.00
04744             960.00      -16.00
04745             840.00      -12.00
04746             720.00      -20.00
04747             640.00      -16.00
04748             560.00      -20.00
04749             360.00      -12.00
04750             320.00      -12.00
04751             280.00      -16.00
04752             200.00      -16.00
04753             160.00      -16.00
04754             120.00      -12.00
04755              80.00      -16.00
04756              40.00      -16.00
04757              40.00      -16.00
04758             -40.00      -16.00
04759             -40.00      -16.00
04760            -120.00      -16.00
04761            -600.00      500.00
04762            -440.00      500.00
04763            -240.00      -28.00
04764            -120.00      -32.00
04765             -80.00      -40.00
04766              80.00      -36.00
04767             200.00      -32.00
04768             240.00      -32.00
04769             440.00      -28.00
04770             480.00      -36.00
04771             640.00      -32.00
04772             680.00      -32.00
04773             800.00      -28.00
04774             840.00      -24.00
04775             960.00      -28.00
04776            1000.00      -28.00
04777            1160.00      -32.00
04778            1200.00      -32.00
04779            1320.00      -28.00
04780            1400.00      -28.00
04781            1440.00      -24.00
04782            1520.00      -28.00
04783            1600.00      -24.00
04784            1640.00      -28.00
04785            1720.00      -28.00
04786            1720.00      -28.00
04787            1760.00      -28.00
04788            1800.00      -24.00
04789            1800.00      -28.00
04790            1840.00      -24.00
04791            1840.00      -24.00
04792            1840.00      -20.00
04793            1840.00      -20.00
04794            1840.00      -28.00
04795            1840.00      -28.00
04796            1840.00      -24.00
04797            1800.00      -24.00
04798            1800.00      -20.00
04799            1720.00      -20.00
04800            1680.00      -24.00
04801            1680.00      -16.00
04802            1600.00      -24.00
04803            1640.00      -24.00
04804            1560.00      -20.00
04805            1520.00      -20.00
04806            1480.00      -24.00
04807            1440.00      -20.00
04808            1440.00      -20.00
04809            1360.00      -24.00
04810            1360.00      -20.00
04811            1320.00      -20.00
04812            1280.00      -20.00
04813            1240.00      -16.00
04814            1200.00      -20.00
04815            1200.00      -20.00
04816            1120.00      -20.00
04817            1080.00      -28.00
04818            1040.00      -20.00
04819            1000.00      -20.00
04820            1000.00      -24.00
04821            1000.00      -20.00
04822            1000.00      -24.00
04823            1000.00      -28.00
04824            1040.00      -20.00
04825            1080.00      -20.00
04826            1040.00      -20.00
04827            1120.00      -16.00
04828            1120.00      -24.00
04829            1160.00      -16.00
04830            1200.00      -20.00
04831            1200.00      -20.00
04832            1200.00      -20.00
04833            1160.00      -20.00
04834            1120.00      -20.00
04835            1080.00      -12.00
04836            1080.00      -28.00
04837            1000.00      -16.00
04838             920.00      -20.00
04839             880.00      -16.00
04840             760.00      -20.00
04841             680.00      -16.00
04842             600.00      -20.00
04843             480.00      -24.00
04844             400.00      -20.00
04845             320.00      -20.00
04846             240.00      -20.00
04847             120.00      -20.00
04848              80.00      -20.00
04849              40.00      -20.00
04850             -80.00      -20.00
04851            -160.00      -20.00
04852            -200.00      -28.00
04853            -280.00      -20.00
04854            -400.00      -28.00
04855            -480.00      -20.00
04856            -600.00      -24.00
04857            -720.00      -20.00
04858            -880.00      -12.00
04859           -1000.00      -20.00
04860           -1160.00      -20.00
04861           -1280.00      -20.00
04862           -1440.00      -24.00
04863           -1560.00      -20.00
04864           -1680.00      -24.00
04865           -1720.00      -16.00
04866           -1880.00      -20.00
04867           -1920.00      -20.00
04868           -2040.00      -24.00
04869           -2080.00      -24.00
04870           -2160.00      -28.00
04871           -2240.00      -20.00
04872           -2320.00      -16.00
04873           -2440.00      -20.00
04874           -2520.00      -20.00
04875           -2600.00      -24.00
04876           -2720.00      -20.00
04877           -2800.00      -20.00
04878           -2920.00      -24.00
04879           -3000.00      -24.00
04880           -3120.00      -24.00
04881           -3160.00      -24.00
04882           -3280.00      -24.00
04883           -3320.00      -20.00
04884           -3400.00      -16.00
04885           -3400.00      -24.00
04886           -3480.00      -20.00
04887           -3440.00      -20.00
04888           -3520.00      -24.00
04889           -3480.00      -20.00
04890           -3440.00      -20.00
04891           -3440.00      -16.00
04892           -3480.00      -20.00
04893           -3440.00      -24.00
04894           -3440.00      -20.00
04895           -3440.00      -16.00
04896           -3400.00      -20.00
04897           -3400.00      -20.00
04898           -3360.00      -24.00
04899           -3320.00      -24.00
04900           -3280.00      -20.00
04901           -3280.00      -24.00
04902           -3200.00      -20.00
04903           -3200.00      -16.00
04904           -3200.00      -20.00
04905           -3160.00      -20.00
04906           -3120.00      -20.00
04907           -3080.00      -20.00
04908           -3040.00      -20.00
04909           -2920.00      -24.00
04910           -2840.00      -28.00
04911           -2720.00      -24.00
04912           -2600.00      -20.00
04913           -2480.00      -24.00
04914           -2400.00      -16.00
04915           -2160.00      -20.00
04916           -2080.00      -16.00
04917           -1840.00      -16.00
04918           -1680.00      -12.00
04919           -1520.00      -16.00
04920           -1280.00      -20.00
04921           -1200.00      -20.00
04922           -1040.00      -20.00
04923            -800.00      -16.00
04924            -680.00      -20.00
04925            -560.00      -20.00
04926            -440.00      -16.00
04927            -280.00      -20.00
04928            -200.00      -16.00
04929             -40.00      -24.00
04930             120.00      -20.00
04931             120.00      -20.00
04932             320.00      -24.00
04933             440.00      -12.00
04934             520.00      -16.00
04935             560.00      -24.00
04936             680.00      -16.00
04937             720.00      -16.00
04938             760.00      -20.00
04939             840.00      -24.00
04940             920.00      -20.00
04941             960.00      -20.00
04942            1000.00      -20.00
04943            1080.00      -20.00
04944            1120.00      -16.00
04945            1160.00      -20.00
04946            1120.00      -16.00
04947            1160.00      -20.00
04948            1200.00      -16.00
04949            1200.00      -20.00
04950            1240.00      -20.00
04951            1280.00      -16.00
04952            1320.00      -20.00
04953            1360.00      -24.00
04954            1440.00      -28.00
04955            1480.00      -20.00
04956            1520.00      -16.00
04957            1600.00      -20.00
04958            1600.00      -20.00
04959            1680.00      -20.00
04960            1680.00      -20.00
04961            1720.00      -20.00
04962            1720.00      -16.00
04963            1720.00      -20.00
04964            1720.00      -12.00
04965            1680.00      -24.00
04966            1680.00      -20.00
04967            1640.00      -20.00
04968            1640.00      -16.00
04969            1560.00      -16.00
04970            1600.00      -12.00
04971            1520.00      -20.00
04972            1480.00      -20.00
04973            1440.00      -24.00
04974            1480.00      -20.00
04975            1440.00      -16.00
04976            1400.00      -16.00
04977            1400.00      -16.00
04978            1400.00      -20.00
04979            1400.00      -24.00
04980            1400.00      -16.00
04981            1440.00      -16.00
04982            1400.00      -16.00
04983            1400.00      -16.00
04984            1440.00      -24.00
04985            1440.00      -20.00
04986            1400.00      -20.00
04987            1400.00      -20.00
04988            1400.00      -20.00
04989            1360.00      -20.00
04990            1280.00      -16.00
04991            1200.00      -20.00
04992            1120.00      -16.00
04993            1040.00      -20.00
04994             920.00      -20.00
04995             840.00      -20.00
04996             680.00      -24.00
04997             560.00      -20.00
04998             520.00      -20.00
04999             400.00      -20.00
05000             320.00      -16.00
