Unit:(mV)
                     CH1         CH2
Frequency              ?   1.196 kHz
Period                 ?  836.120 us
00001            1920.00      -20.00
00002            1880.00      -20.00
00003            1920.00      -20.00
00004            1840.00      -20.00
00005            1880.00      -20.00
00006            1840.00      -16.00
00007            1760.00      -20.00
00008            1680.00      -24.00
00009            1600.00      -16.00
00010            1520.00      -16.00
00011               0.00      500.00
00012               0.00      500.00
00013              40.00      500.00
00014              40.00      -36.00
00015              80.00      -40.00
00016              80.00      -36.00
00017             120.00      -32.00
00018              80.00      -32.00
00019              80.00      -36.00
00020              40.00      -40.00
00021              40.00      -36.00
00022               0.00      -32.00
00023             -80.00      -32.00
00024            -120.00      -28.00
00025            -240.00      -28.00
00026            -240.00      -32.00
00027            -320.00      -32.00
00028            -400.00      -32.00
00029            -440.00      -24.00
00030            -480.00      -28.00
00031            -560.00      -36.00
00032            -600.00      -28.00
00033            -640.00      -28.00
00034            -720.00      -24.00
00035            -760.00      -28.00
00036            -800.00      -28.00
00037            -880.00      -28.00
00038            -960.00      -32.00
00039           -1040.00      -28.00
00040           -1160.00      -28.00
00041           -1240.00      -28.00
00042           -1320.00      -28.00
00043           -1400.00      -24.00
00044           -1480.00      -24.00
00045           -1560.00      -28.00
00046           -1720.00      -28.00
00047           -1800.00      -24.00
00048           -1840.00      -32.00
00049           -1920.00      -24.00
00050           -1960.00      -20.00
00051           -2000.00      -24.00
00052           -2040.00      -28.00
00053           -2080.00      -24.00
00054           -2080.00      -24.00
00055           -2080.00      -24.00
00056           -2040.00      -20.00
00057           -2080.00      -20.00
00058           -2000.00      -28.00
00059           -2000.00      -24.00
00060           -1920.00      -20.00
00061           -1880.00      -24.00
00062           -1800.00      -16.00
00063           -1760.00      -16.00
00064           -1680.00      -20.00
00065           -1600.00      -20.00
00066           -1480.00      -24.00
00067           -1440.00      -20.00
00068           -1320.00      -20.00
00069           -1240.00      -24.00
00070           -1160.00      -20.00
00071           -1040.00      -20.00
00072            -880.00      -20.00
00073            -760.00      -20.00
00074            -600.00      -20.00
00075            -560.00      -20.00
00076            -360.00      -16.00
00077            -240.00      -20.00
00078            -160.00      -20.00
00079               0.00      -20.00
00080              80.00      -20.00
00081             200.00      -20.00
00082             280.00      -20.00
00083             360.00      -20.00
00084             440.00      -20.00
00085             480.00      -16.00
00086             560.00      -20.00
00087             600.00      -16.00
00088             640.00      -24.00
00089             720.00      -20.00
00090             760.00      -16.00
00091             800.00      -12.00
00092             880.00      -24.00
00093             920.00      -20.00
00094            1000.00      -20.00
00095            1080.00      -20.00
00096            1160.00      -16.00
00097            1280.00      -20.00
00098            1400.00      -20.00
00099            1520.00      -16.00
00100            1640.00      -20.00
00101            1760.00      -28.00
00102            1840.00      -16.00
00103            1880.00      -20.00
00104            1960.00      -20.00
00105            2000.00      -20.00
00106            2000.00      -16.00
00107            2000.00      -20.00
00108            2040.00      -16.00
00109            2000.00      -16.00
00110            2040.00      -20.00
00111            2000.00      -20.00
00112            2000.00      -20.00
00113            1960.00      -12.00
00114            1960.00      -16.00
00115            1960.00      -24.00
00116            2000.00      -24.00
00117            2040.00      -20.00
00118            2040.00      -20.00
00119            2040.00      -16.00
00120            2040.00      -16.00
00121            2000.00      -16.00
00122            2000.00      -16.00
00123            1960.00      -20.00
00124            1920.00      -12.00
00125            1880.00      -16.00
00126            1800.00      -20.00
00127            1680.00      -20.00
00128            1600.00      -20.00
00129            1520.00      -12.00
00130            1400.00      -16.00
00131            1280.00      -16.00
00132            1160.00      -16.00
00133            1040.00      -12.00
00134             880.00      -12.00
00135             760.00      -20.00
00136             600.00      -16.00
00137             440.00      -12.00
00138             320.00      -16.00
00139             240.00      -16.00
00140             120.00      -20.00
00141              40.00      -16.00
00142             -40.00      -16.00
00143             -80.00      -16.00
00144            -120.00      -16.00
00145            -200.00      -16.00
00146            -200.00      -20.00
00147            -200.00      -16.00
00148            -240.00      -20.00
00149            -280.00      -12.00
00150            -320.00      -16.00
00151            -360.00      -12.00
00152            -400.00      -16.00
00153            -440.00      -16.00
00154            -440.00      -20.00
00155            -480.00      -16.00
00156            -480.00      -16.00
00157            -480.00      -12.00
00158            -480.00      -16.00
00159            -440.00       -4.00
00160            -480.00      -16.00
00161            -440.00      -12.00
00162            -440.00      -16.00
00163            -400.00      -16.00
00164            -440.00      -16.00
00165            -480.00      -16.00
00166            -520.00      -16.00
00167            -520.00      -16.00
00168            -520.00       -4.00
00169            -520.00      -12.00
00170            -520.00      -16.00
00171            -520.00      -16.00
00172            -560.00      -12.00
00173            -600.00      -16.00
00174            -640.00      -12.00
00175            -680.00      -16.00
00176            -720.00      -16.00
00177            -760.00      -16.00
00178            -800.00      -16.00
00179            -840.00      -12.00
00180            -840.00      -16.00
00181            -880.00      -12.00
00182            -880.00      -12.00
00183            -880.00      -20.00
00184            -880.00      -16.00
00185            -840.00      -16.00
00186            -800.00      -20.00
00187            -760.00      -20.00
00188            -720.00      -12.00
00189            -680.00      -16.00
00190            -680.00      -16.00
00191            -640.00      -16.00
00192            -640.00      -20.00
00193            -640.00      -16.00
00194            -600.00      -24.00
00195            -600.00      -16.00
00196            -640.00      -12.00
00197            -720.00      -16.00
00198            -760.00      -12.00
00199            -800.00      -16.00
00200            -840.00      -16.00
00201            -840.00      -12.00
00202            -880.00      -20.00
00203            -840.00      -16.00
00204            -840.00      -16.00
00205            -840.00      -16.00
00206            -800.00      -12.00
00207            -760.00      -16.00
00208            -760.00      -16.00
00209            -720.00      -20.00
00210            -680.00      -20.00
00211            -600.00      -12.00
00212            -560.00      -16.00
00213            -480.00      -16.00
00214            -520.00      -12.00
00215            -440.00      -16.00
00216            -480.00      -16.00
00217            -480.00      -12.00
00218            -520.00      -20.00
00219            -560.00      -16.00
00220            -600.00      -20.00
00221            -640.00      -16.00
00222            -640.00      -12.00
00223            -640.00      -16.00
00224            -600.00      -20.00
00225            -560.00       -8.00
00226            -480.00      -16.00
00227            -400.00      -12.00
00228            -320.00      -16.00
00229            -240.00      -12.00
00230             -80.00      -16.00
00231              40.00      -16.00
00232             200.00      -20.00
00233             320.00      -20.00
00234             400.00      -12.00
00235             560.00      -12.00
00236             720.00      -20.00
00237             840.00      -16.00
00238            1000.00      -12.00
00239            1160.00      -16.00
00240            1240.00      -20.00
00241            1360.00      -16.00
00242            1520.00      -16.00
00243            1560.00      -20.00
00244            1640.00      -20.00
00245            1720.00      -16.00
00246            1800.00      -16.00
00247            1840.00      -16.00
00248            1840.00      -20.00
00249            1920.00      -24.00
00250            1920.00      -24.00
00251            1920.00      -16.00
00252            1920.00      -20.00
00253            1880.00      -20.00
00254            1920.00      -16.00
00255            1840.00      -20.00
00256            1840.00      -16.00
00257            1760.00      -24.00
00258            1680.00      -16.00
00259            1640.00      -20.00
00260            1520.00       -8.00
00261             -40.00      500.00
00262              40.00      500.00
00263              40.00      500.00
00264              80.00      -36.00
00265              80.00      -40.00
00266              80.00      -36.00
00267              80.00      -40.00
00268              80.00      -36.00
00269              80.00      -40.00
00270              40.00      -32.00
00271              40.00      -36.00
00272             -40.00      -36.00
00273             -40.00      -32.00
00274            -160.00      -32.00
00275            -200.00      -32.00
00276            -240.00      -28.00
00277            -360.00      -28.00
00278            -400.00      -32.00
00279            -480.00      -28.00
00280            -480.00      -28.00
00281            -560.00      -32.00
00282            -600.00      -28.00
00283            -640.00      -32.00
00284            -720.00      -32.00
00285            -760.00      -32.00
00286            -800.00      -28.00
00287            -880.00      -28.00
00288            -960.00      -32.00
00289           -1040.00      -28.00
00290           -1120.00      -28.00
00291           -1240.00      -28.00
00292           -1280.00      -20.00
00293           -1400.00      -32.00
00294           -1480.00      -28.00
00295           -1560.00      -28.00
00296           -1680.00      -32.00
00297           -1760.00      -24.00
00298           -1840.00      -28.00
00299           -1880.00      -24.00
00300           -1960.00      -24.00
00301           -2000.00      -28.00
00302           -2000.00      -28.00
00303           -2080.00      -32.00
00304           -2080.00      -24.00
00305           -2040.00      -28.00
00306           -2080.00      -24.00
00307           -2040.00      -28.00
00308           -2040.00      -28.00
00309           -2000.00      -24.00
00310           -1880.00      -24.00
00311           -1880.00      -24.00
00312           -1840.00      -24.00
00313           -1720.00      -28.00
00314           -1680.00      -24.00
00315           -1600.00      -24.00
00316           -1480.00      -24.00
00317           -1440.00      -24.00
00318           -1360.00      -24.00
00319           -1240.00      -28.00
00320           -1200.00      -24.00
00321           -1040.00      -20.00
00322            -920.00      -28.00
00323            -760.00      -24.00
00324            -640.00      -24.00
00325            -480.00      -20.00
00326            -400.00      -20.00
00327            -240.00      -20.00
00328            -160.00      -24.00
00329               0.00      -20.00
00330             120.00      -20.00
00331             160.00      -24.00
00332             280.00      -20.00
00333             360.00      -24.00
00334             440.00      -20.00
00335             520.00      -24.00
00336             560.00      -24.00
00337             600.00      -20.00
00338             640.00      -20.00
00339             680.00      -24.00
00340             760.00      -24.00
00341             760.00      -24.00
00342             880.00      -20.00
00343             920.00      -16.00
00344            1040.00      -28.00
00345            1080.00      -16.00
00346            1200.00      -20.00
00347            1280.00      -20.00
00348            1400.00      -20.00
00349            1520.00      -20.00
00350            1640.00      -24.00
00351            1720.00      -20.00
00352            1840.00      -20.00
00353            1920.00      -24.00
00354            1960.00      -16.00
00355            2000.00      -24.00
00356            2040.00      -16.00
00357            2000.00      -16.00
00358            2040.00      -20.00
00359            2000.00      -24.00
00360            2000.00      -20.00
00361            2000.00      -16.00
00362            2000.00      -20.00
00363            1960.00      -20.00
00364            1960.00      -16.00
00365            2000.00      -20.00
00366            1960.00      -16.00
00367            2000.00      -20.00
00368            1960.00      -20.00
00369            2000.00      -20.00
00370            2040.00      -16.00
00371            2040.00      -20.00
00372            2040.00      -16.00
00373            2000.00      -20.00
00374            1920.00      -20.00
00375            1840.00      -16.00
00376            1760.00      -24.00
00377            1720.00      -20.00
00378            1640.00      -20.00
00379            1520.00      -20.00
00380            1400.00      -20.00
00381            1240.00      -20.00
00382            1120.00      -20.00
00383            1000.00      -20.00
00384             880.00      -20.00
00385             720.00      -24.00
00386             600.00      -20.00
00387             440.00      -20.00
00388             360.00      -20.00
00389             240.00      -16.00
00390             160.00      -20.00
00391              40.00      -20.00
00392             -40.00      -24.00
00393             -80.00      -16.00
00394            -120.00      -20.00
00395            -160.00      -16.00
00396            -200.00      -20.00
00397            -200.00      -20.00
00398            -280.00      -20.00
00399            -280.00      -20.00
00400            -360.00      -16.00
00401            -400.00      -20.00
00402            -400.00      -20.00
00403            -440.00      -12.00
00404            -480.00      -16.00
00405            -480.00      -20.00
00406            -480.00      -24.00
00407            -480.00      -20.00
00408            -480.00      -16.00
00409            -440.00      -20.00
00410            -440.00      -24.00
00411            -440.00      -20.00
00412            -440.00      -16.00
00413            -480.00      -20.00
00414            -440.00      -16.00
00415            -480.00      -16.00
00416            -480.00      -20.00
00417            -480.00      -20.00
00418            -480.00      -16.00
00419            -520.00      -20.00
00420            -520.00      -24.00
00421            -520.00      -16.00
00422            -560.00      -16.00
00423            -560.00      -20.00
00424            -640.00      -24.00
00425            -720.00      -20.00
00426            -720.00      -20.00
00427            -760.00      -16.00
00428            -800.00      -20.00
00429            -800.00      -20.00
00430            -840.00      -16.00
00431            -880.00      -16.00
00432            -880.00      -16.00
00433            -880.00      -20.00
00434            -840.00      -16.00
00435            -800.00      -20.00
00436            -800.00      -20.00
00437            -760.00      -24.00
00438            -720.00      -20.00
00439            -720.00      -28.00
00440            -680.00      -20.00
00441            -640.00      -20.00
00442            -640.00      -16.00
00443            -600.00      -20.00
00444            -640.00      -20.00
00445            -640.00      -16.00
00446            -680.00      -16.00
00447            -720.00      -16.00
00448            -760.00      -20.00
00449            -800.00      -20.00
00450            -840.00      -16.00
00451            -840.00      -16.00
00452            -880.00      -20.00
00453            -840.00      -20.00
00454            -840.00      -20.00
00455            -840.00      -20.00
00456            -800.00      -20.00
00457            -760.00      -16.00
00458            -720.00      -16.00
00459            -720.00      -16.00
00460            -680.00      -16.00
00461            -600.00      -16.00
00462            -560.00      -16.00
00463            -520.00      -20.00
00464            -480.00      -20.00
00465            -480.00      -20.00
00466            -440.00      -16.00
00467            -480.00      -20.00
00468            -480.00      -16.00
00469            -560.00      -16.00
00470            -640.00      -12.00
00471            -640.00      -16.00
00472            -680.00      -20.00
00473            -640.00      -24.00
00474            -600.00      -16.00
00475            -520.00      -20.00
00476            -480.00      -20.00
00477            -400.00      -20.00
00478            -280.00      -16.00
00479            -200.00      -20.00
00480             -80.00      -16.00
00481             -40.00      -20.00
00482             160.00      -12.00
00483             280.00      -16.00
00484             400.00      -20.00
00485             560.00      -16.00
00486             720.00      -16.00
00487             840.00      -16.00
00488            1000.00      -16.00
00489            1160.00      -12.00
00490            1240.00      -16.00
00491            1360.00      -16.00
00492            1520.00      -20.00
00493            1560.00      -20.00
00494            1640.00      -24.00
00495            1720.00      -20.00
00496            1800.00      -16.00
00497            1840.00      -20.00
00498            1840.00      -12.00
00499            1840.00      -24.00
00500            1920.00      -16.00
00501            1880.00      -20.00
00502            1920.00      -16.00
00503            1920.00      -16.00
00504            1920.00      -20.00
00505            1880.00      -16.00
00506            1840.00      -12.00
00507            1800.00      -16.00
00508            1680.00      -16.00
00509            1600.00      -16.00
00510            1520.00      -20.00
00511               0.00      500.00
00512              40.00      500.00
00513               0.00      500.00
00514              80.00      -32.00
00515              40.00      -36.00
00516              80.00      -28.00
00517             120.00      -32.00
00518              80.00      -32.00
00519              40.00      -32.00
00520              80.00      -32.00
00521              40.00      -32.00
00522               0.00      -32.00
00523             -80.00      -28.00
00524            -120.00      -28.00
00525            -200.00      -28.00
00526            -240.00      -24.00
00527            -320.00      -32.00
00528            -400.00      -28.00
00529            -440.00      -28.00
00530            -520.00      -28.00
00531            -520.00      -28.00
00532            -600.00      -24.00
00533            -640.00      -28.00
00534            -720.00      -20.00
00535            -720.00      -28.00
00536            -840.00      -24.00
00537            -880.00      -24.00
00538            -960.00      -20.00
00539           -1040.00      -20.00
00540           -1120.00      -24.00
00541           -1200.00      -24.00
00542           -1320.00      -24.00
00543           -1400.00      -24.00
00544           -1480.00      -16.00
00545           -1600.00      -20.00
00546           -1680.00      -24.00
00547           -1760.00      -24.00
00548           -1840.00      -20.00
00549           -1880.00      -24.00
00550           -1960.00      -20.00
00551           -2000.00      -20.00
00552           -2040.00      -20.00
00553           -2080.00      -20.00
00554           -2080.00      -24.00
00555           -2040.00      -20.00
00556           -2080.00      -20.00
00557           -2080.00      -20.00
00558           -2040.00      -20.00
00559           -1960.00      -20.00
00560           -1960.00      -16.00
00561           -1840.00      -24.00
00562           -1800.00      -20.00
00563           -1760.00      -16.00
00564           -1680.00      -20.00
00565           -1600.00      -24.00
00566           -1520.00      -24.00
00567           -1400.00      -20.00
00568           -1360.00      -16.00
00569           -1240.00      -16.00
00570           -1120.00      -20.00
00571           -1040.00      -20.00
00572            -920.00      -16.00
00573            -800.00      -16.00
00574            -600.00      -24.00
00575            -520.00      -20.00
00576            -400.00      -16.00
00577            -240.00      -16.00
00578            -120.00      -24.00
00579               0.00      -16.00
00580              80.00      -16.00
00581             200.00      -16.00
00582             280.00      -16.00
00583             360.00      -16.00
00584             440.00      -16.00
00585             520.00      -16.00
00586             600.00      -16.00
00587             600.00      -16.00
00588             640.00      -16.00
00589             720.00      -20.00
00590             720.00      -12.00
00591             800.00      -24.00
00592             880.00      -16.00
00593             920.00      -16.00
00594            1040.00      -16.00
00595            1080.00      -16.00
00596            1200.00      -16.00
00597            1320.00      -20.00
00598            1400.00      -24.00
00599            1520.00      -12.00
00600            1680.00      -16.00
00601            1760.00      -20.00
00602            1800.00      -20.00
00603            1920.00      -20.00
00604            1960.00      -20.00
00605            2000.00      -20.00
00606            2000.00      -16.00
00607            2080.00      -20.00
00608            2040.00      -20.00
00609            2040.00      -16.00
00610            2000.00      -12.00
00611            2000.00      -20.00
00612            1960.00      -20.00
00613            1960.00      -16.00
00614            1960.00      -16.00
00615            2000.00      -16.00
00616            2000.00      -16.00
00617            2000.00      -16.00
00618            2000.00      -16.00
00619            2040.00      -20.00
00620            2040.00      -16.00
00621            2000.00      -20.00
00622            2040.00      -20.00
00623            2000.00      -20.00
00624            1920.00      -24.00
00625            1840.00      -24.00
00626            1800.00      -20.00
00627            1680.00      -12.00
00628            1600.00      -16.00
00629            1480.00      -16.00
00630            1400.00      -20.00
00631            1320.00      -20.00
00632            1120.00      -16.00
00633            1040.00      -16.00
00634             880.00      -20.00
00635             720.00      -20.00
00636             560.00      -16.00
00637             520.00      -16.00
00638             320.00      -20.00
00639             200.00      -16.00
00640             120.00      -20.00
00641              40.00      -20.00
00642             -80.00      -24.00
00643             -80.00      -20.00
00644            -160.00      -20.00
00645            -160.00      -16.00
00646            -160.00      -16.00
00647            -240.00      -16.00
00648            -200.00      -20.00
00649            -280.00      -24.00
00650            -280.00      -20.00
00651            -320.00      -16.00
00652            -400.00      -24.00
00653            -440.00      -20.00
00654            -440.00      -24.00
00655            -480.00      -20.00
00656            -440.00      -16.00
00657            -480.00      -20.00
00658            -480.00      -24.00
00659            -480.00      -16.00
00660            -440.00      -20.00
00661            -440.00      -20.00
00662            -480.00      -20.00
00663            -440.00      -20.00
00664            -440.00      -20.00
00665            -480.00      -12.00
00666            -480.00      -20.00
00667            -520.00      -16.00
00668            -520.00      -28.00
00669            -520.00      -20.00
00670            -520.00      -24.00
00671            -560.00      -20.00
00672            -560.00      -20.00
00673            -600.00      -16.00
00674            -640.00        0.00
00675            -720.00      -20.00
00676            -760.00      -20.00
00677            -760.00      -16.00
00678            -800.00      -20.00
00679            -800.00      -16.00
00680            -800.00      -20.00
00681            -880.00      -24.00
00682            -880.00      -24.00
00683            -880.00      -12.00
00684            -840.00      -16.00
00685            -800.00      -24.00
00686            -800.00      -20.00
00687            -760.00      -24.00
00688            -720.00      -20.00
00689            -720.00      -20.00
00690            -680.00      -20.00
00691            -640.00      -20.00
00692            -600.00      -20.00
00693            -640.00      -20.00
00694            -640.00      -20.00
00695            -640.00      -24.00
00696            -680.00      -20.00
00697            -720.00      -20.00
00698            -760.00      -16.00
00699            -800.00      -20.00
00700            -840.00      -20.00
00701            -880.00      -24.00
00702            -880.00      -16.00
00703            -880.00      -12.00
00704            -840.00      -24.00
00705            -840.00      -16.00
00706            -800.00      -16.00
00707            -760.00      -20.00
00708            -720.00      -16.00
00709            -680.00      -16.00
00710            -680.00      -20.00
00711            -600.00      -20.00
00712            -600.00      -16.00
00713            -520.00      -20.00
00714            -480.00      -20.00
00715            -440.00      -20.00
00716            -440.00      -16.00
00717            -480.00      -20.00
00718            -520.00      -20.00
00719            -560.00      -16.00
00720            -600.00      -20.00
00721            -640.00      -16.00
00722            -640.00      -16.00
00723            -600.00      -20.00
00724            -600.00      -20.00
00725            -560.00      -24.00
00726            -480.00      -20.00
00727            -360.00      -20.00
00728            -320.00      -16.00
00729            -200.00      -20.00
00730             -80.00      -20.00
00731              40.00      -16.00
00732             160.00      -20.00
00733             280.00      -16.00
00734             440.00      -20.00
00735             560.00      -20.00
00736             720.00      -24.00
00737             840.00      -20.00
00738            1000.00      -24.00
00739            1200.00      -20.00
00740            1320.00      -16.00
00741            1360.00      -16.00
00742            1520.00      -16.00
00743            1560.00      -16.00
00744            1680.00      -16.00
00745            1720.00      -28.00
00746            1760.00      -16.00
00747            1840.00      -20.00
00748            1880.00      -20.00
00749            1880.00      -20.00
00750            1880.00      -16.00
00751            1920.00      -20.00
00752            1920.00      -20.00
00753            1920.00      -20.00
00754            1920.00      -20.00
00755            1840.00      -20.00
00756            1840.00      -20.00
00757            1760.00      -16.00
00758            1680.00      -16.00
00759            1600.00      -16.00
00760            1520.00      -20.00
00761               0.00      500.00
00762              40.00      500.00
00763              40.00      500.00
00764              40.00      -36.00
00765              80.00      -40.00
00766              80.00      -40.00
00767              80.00      -36.00
00768              80.00      -36.00
00769              80.00      -32.00
00770              40.00      -36.00
00771               0.00      -36.00
00772             -40.00      -32.00
00773             -80.00      -32.00
00774            -160.00      -32.00
00775            -200.00      -36.00
00776            -240.00      -32.00
00777            -320.00      -36.00
00778            -400.00      -28.00
00779            -480.00      -32.00
00780            -480.00      -36.00
00781            -520.00      -28.00
00782            -600.00      -28.00
00783            -640.00      -28.00
00784            -720.00      -32.00
00785            -760.00      -32.00
00786            -800.00      -28.00
00787            -880.00      -24.00
00788            -960.00      -28.00
00789           -1040.00      -24.00
00790           -1120.00      -28.00
00791           -1240.00      -28.00
00792           -1320.00      -24.00
00793           -1400.00      -28.00
00794           -1520.00      -24.00
00795           -1600.00      -24.00
00796           -1680.00      -32.00
00797           -1760.00      -24.00
00798           -1840.00      -24.00
00799           -1920.00      -24.00
00800           -1920.00      -28.00
00801           -2000.00      -20.00
00802           -2040.00      -20.00
00803           -2080.00      -24.00
00804           -2120.00      -24.00
00805           -2080.00      -24.00
00806           -2040.00      -20.00
00807           -2000.00      -24.00
00808           -2000.00      -28.00
00809           -1960.00      -24.00
00810           -1920.00      -24.00
00811           -1840.00      -24.00
00812           -1800.00      -24.00
00813           -1720.00      -20.00
00814           -1680.00      -24.00
00815           -1600.00      -24.00
00816           -1560.00      -20.00
00817           -1440.00      -24.00
00818           -1360.00      -20.00
00819           -1240.00      -20.00
00820           -1200.00      -24.00
00821           -1040.00      -20.00
00822            -920.00      -24.00
00823            -760.00      -20.00
00824            -640.00      -28.00
00825            -520.00      -20.00
00826            -360.00      -16.00
00827            -240.00      -16.00
00828             -80.00      -20.00
00829               0.00      -16.00
00830              80.00      -20.00
00831             160.00      -20.00
00832             320.00      -20.00
00833             360.00      -24.00
00834             440.00      -20.00
00835             480.00      -20.00
00836             560.00      -20.00
00837             560.00      -20.00
00838             640.00      -20.00
00839             720.00      -24.00
00840             720.00      -20.00
00841             800.00      -20.00
00842             880.00      -20.00
00843             960.00      -16.00
00844            1000.00      -16.00
00845            1080.00      -20.00
00846            1200.00      -16.00
00847            1320.00      -20.00
00848            1440.00      -16.00
00849            1520.00      -20.00
00850            1600.00      -16.00
00851            1720.00      -20.00
00852            1840.00      -16.00
00853            1880.00      -20.00
00854            1960.00      -16.00
00855            2000.00      -16.00
00856            2040.00      -20.00
00857            2040.00      -16.00
00858            2040.00      -12.00
00859            2040.00      -20.00
00860            2000.00      -20.00
00861            2000.00      -24.00
00862            2000.00      -16.00
00863            2000.00      -12.00
00864            1960.00      -20.00
00865            1960.00      -16.00
00866            2000.00      -16.00
00867            2000.00      -12.00
00868            2040.00      -24.00
00869            2040.00      -16.00
00870            2080.00      -16.00
00871            2040.00      -16.00
00872            2040.00      -16.00
00873            2000.00      -16.00
00874            1920.00      -16.00
00875            1840.00      -16.00
00876            1760.00      -20.00
00877            1680.00      -20.00
00878            1640.00       -4.00
00879            1520.00      -16.00
00880            1440.00      -16.00
00881            1280.00      -20.00
00882            1160.00      -20.00
00883            1040.00      -16.00
00884             880.00      -20.00
00885             760.00      -12.00
00886             600.00      -20.00
00887             480.00      -20.00
00888             320.00      -20.00
00889             200.00      -20.00
00890              80.00      -12.00
00891              40.00      -16.00
00892             -40.00      -16.00
00893             -80.00      -20.00
00894            -160.00      -16.00
00895            -160.00      -20.00
00896            -200.00      -12.00
00897            -200.00      -16.00
00898            -280.00      -16.00
00899            -280.00      -16.00
00900            -320.00      -16.00
00901            -360.00      -16.00
00902            -400.00      -12.00
00903            -440.00      -20.00
00904            -440.00      -16.00
00905            -480.00      -16.00
00906            -440.00      -16.00
00907            -480.00      -16.00
00908            -480.00      -16.00
00909            -480.00      -12.00
00910            -440.00      -16.00
00911            -480.00      -12.00
00912            -440.00      -12.00
00913            -440.00      -16.00
00914            -480.00      -16.00
00915            -480.00      -16.00
00916            -480.00      -12.00
00917            -520.00      -16.00
00918            -520.00      -12.00
00919            -520.00      -12.00
00920            -520.00      -16.00
00921            -560.00      -20.00
00922            -560.00      -16.00
00923            -600.00      -16.00
00924            -600.00      -36.00
00925            -680.00      -16.00
00926            -720.00      -16.00
00927            -760.00      -20.00
00928            -800.00      -12.00
00929            -800.00      -12.00
00930            -840.00      -16.00
00931            -840.00      -12.00
00932            -880.00      -16.00
00933            -840.00      -20.00
00934            -840.00      -12.00
00935            -840.00      -16.00
00936            -800.00      -16.00
00937            -760.00      -16.00
00938            -760.00      -16.00
00939            -720.00      -12.00
00940            -680.00      -16.00
00941            -640.00      -16.00
00942            -600.00      -16.00
00943            -600.00      -16.00
00944            -600.00      -16.00
00945            -640.00      -16.00
00946            -680.00      -16.00
00947            -720.00      -20.00
00948            -760.00      -16.00
00949            -800.00      -16.00
00950            -880.00      -16.00
00951            -880.00      -20.00
00952            -880.00      -16.00
00953            -880.00      -16.00
00954            -840.00      -16.00
00955            -800.00      -12.00
00956            -800.00      -12.00
00957            -760.00      -12.00
00958            -720.00      -16.00
00959            -680.00      -16.00
00960            -640.00      -16.00
00961            -640.00      -16.00
00962            -560.00      -20.00
00963            -520.00      -16.00
00964            -480.00      -12.00
00965            -480.00      -20.00
00966            -480.00      -16.00
00967            -480.00      -16.00
00968            -480.00      -16.00
00969            -560.00      -20.00
00970            -600.00      -16.00
00971            -640.00      -16.00
00972            -680.00      -20.00
00973            -640.00      -12.00
00974            -600.00      -16.00
00975            -560.00      -16.00
00976            -480.00      -16.00
00977            -400.00      -12.00
00978            -320.00      -12.00
00979            -240.00      -20.00
00980             -80.00      -16.00
00981              40.00      -24.00
00982             120.00      -16.00
00983             240.00      -20.00
00984             440.00      -16.00
00985             600.00      -16.00
00986             680.00      -16.00
00987             840.00      -24.00
00988            1000.00      -12.00
00989            1160.00      -16.00
00990            1280.00      -12.00
00991            1400.00      -20.00
00992            1480.00      -20.00
00993            1560.00      -16.00
00994            1640.00      -16.00
00995            1680.00      -16.00
00996            1760.00      -16.00
00997            1800.00      -16.00
00998            1840.00      -20.00
00999            1920.00      -16.00
01000            1880.00      -24.00
01001            1920.00      -20.00
01002            1920.00      -20.00
01003            1920.00      -16.00
01004            1920.00      -16.00
01005            1840.00      -20.00
01006            1800.00      -16.00
01007            1760.00      -16.00
01008            1680.00      -16.00
01009            1600.00      -16.00
01010            1520.00      -24.00
01011               0.00      500.00
01012              40.00      500.00
01013              40.00      500.00
01014              80.00      -36.00
01015              40.00      -40.00
01016              80.00      -48.00
01017              80.00      -36.00
01018              80.00      -32.00
01019              80.00      -44.00
01020              40.00      -36.00
01021              40.00      -36.00
01022               0.00      -32.00
01023             -80.00      -28.00
01024            -120.00      -28.00
01025            -200.00      -28.00
01026            -240.00      -32.00
01027            -320.00      -28.00
01028            -400.00      -28.00
01029            -440.00      -28.00
01030            -520.00      -32.00
01031            -520.00      -24.00
01032            -600.00      -28.00
01033            -640.00      -28.00
01034            -720.00      -32.00
01035            -760.00      -28.00
01036            -800.00      -32.00
01037            -880.00      -32.00
01038            -960.00      -28.00
01039           -1040.00      -32.00
01040           -1160.00      -24.00
01041           -1240.00      -24.00
01042           -1320.00      -24.00
01043           -1440.00      -24.00
01044           -1480.00      -28.00
01045           -1560.00      -28.00
01046           -1680.00      -24.00
01047           -1720.00      -28.00
01048           -1840.00      -32.00
01049           -1920.00      -24.00
01050           -1960.00      -24.00
01051           -2000.00      -24.00
01052           -2040.00      -28.00
01053           -2040.00      -24.00
01054           -2080.00      -32.00
01055           -2080.00      -20.00
01056           -2080.00      -24.00
01057           -2040.00      -24.00
01058           -2000.00      -28.00
01059           -2000.00      -28.00
01060           -1920.00      -24.00
01061           -1880.00      -24.00
01062           -1800.00      -24.00
01063           -1760.00      -28.00
01064           -1680.00      -24.00
01065           -1640.00      -24.00
01066           -1560.00      -24.00
01067           -1440.00      -24.00
01068           -1360.00      -20.00
01069           -1280.00      -24.00
01070           -1160.00      -20.00
01071           -1000.00      -20.00
01072            -920.00      -24.00
01073            -800.00      -24.00
01074            -600.00      -28.00
01075            -480.00      -20.00
01076            -400.00      -28.00
01077            -240.00      -24.00
01078             -80.00      -20.00
01079             -40.00      -16.00
01080             120.00      -24.00
01081             200.00      -20.00
01082             280.00      -32.00
01083             360.00      -20.00
01084             440.00      -20.00
01085             520.00      -24.00
01086             560.00      -20.00
01087             600.00      -28.00
01088             640.00      -16.00
01089             680.00      -24.00
01090             720.00      -24.00
01091             800.00      -20.00
01092             840.00      -24.00
01093             960.00      -24.00
01094            1000.00      -24.00
01095            1080.00      -20.00
01096            1200.00      -24.00
01097            1320.00      -16.00
01098            1440.00      -24.00
01099            1520.00      -28.00
01100            1640.00      -20.00
01101            1760.00      -24.00
01102            1840.00      -20.00
01103            1880.00      -24.00
01104            1960.00      -20.00
01105            1960.00      -20.00
01106            2040.00      -20.00
01107            2040.00      -24.00
01108            2040.00      -24.00
01109            2080.00      -20.00
01110            2000.00      -20.00
01111            2000.00      -24.00
01112            2000.00      -24.00
01113            1960.00      -20.00
01114            1960.00      -20.00
01115            1960.00      -20.00
01116            2000.00      -24.00
01117            2000.00      -20.00
01118            2000.00      -24.00
01119            2040.00      -24.00
01120            2040.00      -24.00
01121            2080.00      -20.00
01122            2000.00      -20.00
01123            2000.00      -20.00
01124            1920.00      -20.00
01125            1840.00      -20.00
01126            1800.00      -12.00
01127            1680.00      -20.00
01128            1600.00      -20.00
01129            1480.00      -16.00
01130            1400.00      -24.00
01131            1280.00      -20.00
01132            1120.00      -20.00
01133            1000.00      -16.00
01134             880.00      -24.00
01135             720.00      -20.00
01136             600.00      -16.00
01137             480.00      -20.00
01138             320.00      -24.00
01139             240.00      -20.00
01140             120.00      -24.00
01141              40.00      -24.00
01142             -40.00      -20.00
01143             -80.00      -20.00
01144            -160.00      -20.00
01145            -160.00      -16.00
01146            -200.00      -20.00
01147            -240.00      -20.00
01148            -240.00      -20.00
01149            -280.00      -16.00
01150            -360.00      -24.00
01151            -360.00      -20.00
01152            -400.00      -20.00
01153            -440.00      -20.00
01154            -480.00      -16.00
01155            -480.00      -12.00
01156            -480.00      -20.00
01157            -480.00      -20.00
01158            -480.00      -16.00
01159            -440.00      -24.00
01160            -440.00      -20.00
01161            -440.00      -24.00
01162            -440.00      -20.00
01163            -480.00      -20.00
01164            -440.00      -16.00
01165            -480.00      -20.00
01166            -480.00      -24.00
01167            -480.00      -20.00
01168            -480.00      -20.00
01169            -520.00      -20.00
01170            -520.00      -20.00
01171            -520.00      -20.00
01172            -560.00      -16.00
01173            -600.00      -24.00
01174            -640.00      -20.00
01175            -680.00      -20.00
01176            -720.00      -20.00
01177            -760.00      -20.00
01178            -800.00      -16.00
01179            -840.00      -16.00
01180            -840.00      -24.00
01181            -880.00      -20.00
01182            -880.00      -12.00
01183            -880.00      -20.00
01184            -840.00      -20.00
01185            -840.00      -20.00
01186            -840.00      -20.00
01187            -760.00      -20.00
01188            -720.00      -20.00
01189            -720.00      -16.00
01190            -640.00      -24.00
01191            -640.00      -20.00
01192            -640.00      -16.00
01193            -600.00      -24.00
01194            -600.00      -16.00
01195            -600.00      -24.00
01196            -680.00      -20.00
01197            -720.00      -20.00
01198            -760.00      -20.00
01199            -840.00      -16.00
01200            -840.00      -16.00
01201            -880.00      -20.00
01202            -880.00      -16.00
01203            -880.00      -16.00
01204            -880.00      -20.00
01205            -840.00      -16.00
01206            -800.00      -20.00
01207            -760.00      -20.00
01208            -720.00      -16.00
01209            -720.00      -16.00
01210            -680.00       -8.00
01211            -640.00      -16.00
01212            -560.00      -20.00
01213            -520.00      -24.00
01214            -480.00      -20.00
01215            -480.00      -20.00
01216            -440.00      -16.00
01217            -480.00      -24.00
01218            -520.00      -24.00
01219            -560.00      -20.00
01220            -600.00      -20.00
01221            -640.00      -16.00
01222            -680.00      -20.00
01223            -640.00      -20.00
01224            -600.00      -24.00
01225            -560.00      -16.00
01226            -440.00      -20.00
01227            -400.00      -28.00
01228            -320.00      -20.00
01229            -200.00      -16.00
01230             -80.00      -16.00
01231              40.00      -20.00
01232             120.00      -20.00
01233             240.00      -20.00
01234             440.00      -24.00
01235             560.00      -20.00
01236             680.00      -20.00
01237             880.00      -12.00
01238            1000.00      -20.00
01239            1120.00      -16.00
01240            1320.00      -16.00
01241            1440.00      -16.00
01242            1480.00      -24.00
01243            1560.00      -12.00
01244            1640.00      -12.00
01245            1720.00      -20.00
01246            1760.00      -12.00
01247            1840.00      -16.00
01248            1840.00      -20.00
01249            1880.00      -20.00
01250            1920.00      -12.00
01251            1880.00      -12.00
01252            1920.00      -20.00
01253            1920.00      -16.00
01254            1880.00      -16.00
01255            1880.00      -16.00
01256            1800.00      -20.00
01257            1720.00      -12.00
01258            1680.00      -16.00
01259            1640.00      -16.00
01260            1520.00      -20.00
01261             -40.00      500.00
01262               0.00      500.00
01263              40.00      500.00
01264              40.00      -36.00
01265              40.00      -36.00
01266             120.00      -36.00
01267              80.00      -32.00
01268              80.00      -28.00
01269              80.00      -32.00
01270              40.00      -36.00
01271               0.00      -32.00
01272               0.00      -36.00
01273             -80.00      -28.00
01274            -120.00      -32.00
01275            -200.00      -32.00
01276            -240.00      -28.00
01277            -320.00      -28.00
01278            -400.00      -32.00
01279            -480.00      -28.00
01280            -480.00      -24.00
01281            -560.00      -28.00
01282            -600.00      -28.00
01283            -640.00      -24.00
01284            -680.00      -24.00
01285            -760.00      -28.00
01286            -800.00      -24.00
01287            -880.00      -24.00
01288            -960.00      -28.00
01289           -1040.00      -28.00
01290           -1120.00      -24.00
01291           -1240.00      -24.00
01292           -1320.00      -24.00
01293           -1400.00      -24.00
01294           -1480.00      -24.00
01295           -1600.00      -20.00
01296           -1680.00      -20.00
01297           -1760.00      -24.00
01298           -1840.00      -24.00
01299           -1920.00      -24.00
01300           -1960.00      -24.00
01301           -2000.00      -20.00
01302           -2040.00      -20.00
01303           -2080.00      -20.00
01304           -2080.00      -20.00
01305           -2080.00      -20.00
01306           -2080.00      -24.00
01307           -2040.00      -20.00
01308           -2000.00      -24.00
01309           -1960.00      -24.00
01310           -1920.00      -24.00
01311           -1840.00      -20.00
01312           -1840.00      -24.00
01313           -1760.00      -24.00
01314           -1680.00      -20.00
01315           -1640.00      -20.00
01316           -1560.00      -16.00
01317           -1440.00      -16.00
01318           -1360.00      -16.00
01319           -1240.00      -20.00
01320           -1160.00      -16.00
01321           -1000.00      -20.00
01322            -880.00      -20.00
01323            -760.00      -24.00
01324            -640.00      -20.00
01325            -520.00      -20.00
01326            -360.00      -20.00
01327            -240.00      -16.00
01328            -120.00      -16.00
01329             -40.00      -20.00
01330              80.00      -24.00
01331             200.00      -20.00
01332             320.00      -28.00
01333             360.00      -16.00
01334             440.00      -16.00
01335             440.00      -20.00
01336             560.00      -20.00
01337             600.00      -20.00
01338             640.00      -16.00
01339             720.00      -20.00
01340             720.00      -16.00
01341             800.00      -12.00
01342             880.00      -20.00
01343             880.00      -16.00
01344            1040.00      -16.00
01345            1080.00      -20.00
01346            1200.00      -20.00
01347            1320.00      -20.00
01348            1400.00      -16.00
01349            1520.00      -20.00
01350            1640.00      -20.00
01351            1720.00      -16.00
01352            1840.00      -16.00
01353            1920.00      -16.00
01354            1960.00      -20.00
01355            2000.00      -16.00
01356            2000.00      -20.00
01357            2040.00      -24.00
01358            2040.00      -20.00
01359            2040.00      -24.00
01360            2000.00      -24.00
01361            2000.00      -16.00
01362            2000.00      -24.00
01363            1960.00      -20.00
01364            2000.00      -20.00
01365            2000.00      -16.00
01366            2000.00      -16.00
01367            2000.00      -16.00
01368            2040.00      -16.00
01369            2040.00      -24.00
01370            2040.00      -16.00
01371            2040.00      -20.00
01372            2000.00      -16.00
01373            2000.00      -16.00
01374            1960.00      -24.00
01375            1880.00      -20.00
01376            1800.00      -16.00
01377            1680.00      -20.00
01378            1600.00      -20.00
01379            1520.00      -20.00
01380            1400.00      -16.00
01381            1320.00      -20.00
01382            1160.00      -16.00
01383            1040.00      -20.00
01384             920.00      -16.00
01385             760.00      -20.00
01386             600.00      -20.00
01387             440.00      -24.00
01388             320.00      -20.00
01389             240.00      -20.00
01390             120.00      -16.00
01391               0.00      -24.00
01392             -40.00      -20.00
01393             -80.00      -24.00
01394            -120.00      -20.00
01395            -160.00      -12.00
01396            -160.00      -20.00
01397            -240.00      -20.00
01398            -280.00      -20.00
01399            -280.00      -20.00
01400            -360.00      -20.00
01401            -400.00      -20.00
01402            -400.00      -16.00
01403            -400.00      -20.00
01404            -480.00      -20.00
01405            -480.00      -20.00
01406            -480.00      -20.00
01407            -480.00      -24.00
01408            -440.00      -20.00
01409            -480.00      -20.00
01410            -480.00      -20.00
01411            -440.00      -16.00
01412            -440.00      -16.00
01413            -440.00      -16.00
01414            -440.00      -20.00
01415            -480.00      -20.00
01416            -480.00      -24.00
01417            -480.00      -20.00
01418            -520.00      -16.00
01419            -560.00      -16.00
01420            -520.00      -20.00
01421            -520.00      -20.00
01422            -600.00      -28.00
01423            -600.00      -20.00
01424            -640.00      -20.00
01425            -680.00      -24.00
01426            -760.00      -20.00
01427            -760.00      -24.00
01428            -800.00      -20.00
01429            -800.00      -16.00
01430            -840.00      -20.00
01431            -840.00      -24.00
01432            -840.00      -20.00
01433            -880.00      -20.00
01434            -840.00      -20.00
01435            -800.00      -16.00
01436            -800.00      -20.00
01437            -760.00      -20.00
01438            -760.00      -20.00
01439            -720.00      -20.00
01440            -640.00      -20.00
01441            -640.00      -16.00
01442            -640.00      -16.00
01443            -640.00      -20.00
01444            -640.00      -20.00
01445            -640.00      -20.00
01446            -680.00      -16.00
01447            -680.00      -16.00
01448            -720.00      -16.00
01449            -800.00      -28.00
01450            -840.00      -20.00
01451            -840.00      -16.00
01452            -880.00      -20.00
01453            -880.00      -20.00
01454            -840.00      -20.00
01455            -840.00      -16.00
01456            -800.00      -16.00
01457            -760.00      -20.00
01458            -760.00      -20.00
01459            -720.00       -8.00
01460            -640.00      -24.00
01461            -640.00      -20.00
01462            -560.00      -20.00
01463            -560.00      -20.00
01464            -480.00      -20.00
01465            -480.00      -20.00
01466            -440.00      -20.00
01467            -480.00      -20.00
01468            -480.00      -12.00
01469            -560.00      -20.00
01470            -600.00      -20.00
01471            -640.00      -24.00
01472            -680.00      -24.00
01473            -640.00      -24.00
01474            -600.00      -20.00
01475            -560.00      -20.00
01476            -480.00      -16.00
01477            -400.00      -20.00
01478            -320.00      -20.00
01479            -240.00      -16.00
01480             -80.00      -16.00
01481              80.00      -20.00
01482             160.00      -12.00
01483             320.00      -16.00
01484             400.00      -20.00
01485             560.00      -16.00
01486             720.00      -20.00
01487             840.00      -16.00
01488            1000.00      -16.00
01489            1120.00      -20.00
01490            1280.00      -24.00
01491            1360.00      -16.00
01492            1480.00      -20.00
01493            1560.00      -20.00
01494            1680.00      -20.00
01495            1720.00      -16.00
01496            1800.00      -20.00
01497            1840.00      -16.00
01498            1840.00      -20.00
01499            1880.00      -20.00
01500            1920.00      -16.00
01501            1920.00      -20.00
01502            1920.00      -20.00
01503            1920.00      -16.00
01504            1880.00      -16.00
01505            1880.00      -16.00
01506            1840.00      -16.00
01507            1800.00      -16.00
01508            1680.00      -20.00
01509            1600.00      -20.00
01510            1520.00      -20.00
01511               0.00      500.00
01512               0.00      500.00
01513              40.00      500.00
01514              40.00      -28.00
01515              40.00      -36.00
01516              80.00      -40.00
01517              80.00      -36.00
01518              80.00      -36.00
01519              80.00      -32.00
01520              80.00      -40.00
01521              40.00      -44.00
01522             -80.00      -36.00
01523             -40.00      -32.00
01524            -120.00      -40.00
01525            -200.00      -32.00
01526            -240.00      -36.00
01527            -320.00      -36.00
01528            -400.00      -32.00
01529            -440.00      -24.00
01530            -520.00      -36.00
01531            -560.00      -28.00
01532            -600.00      -28.00
01533            -680.00      -28.00
01534            -720.00      -28.00
01535            -760.00      -28.00
01536            -800.00      -32.00
01537            -880.00      -32.00
01538            -960.00      -28.00
01539           -1040.00      -28.00
01540           -1120.00      -28.00
01541           -1240.00      -28.00
01542           -1320.00      -16.00
01543           -1400.00      -24.00
01544           -1520.00      -24.00
01545           -1600.00      -28.00
01546           -1640.00      -24.00
01547           -1760.00      -28.00
01548           -1840.00      -24.00
01549           -1880.00      -28.00
01550           -1960.00      -20.00
01551           -2000.00      -28.00
01552           -2040.00      -24.00
01553           -2080.00      -20.00
01554           -2080.00      -28.00
01555           -2080.00      -24.00
01556           -2040.00      -28.00
01557           -2040.00      -24.00
01558           -2000.00      -20.00
01559           -2000.00      -20.00
01560           -1920.00      -28.00
01561           -1880.00      -20.00
01562           -1800.00      -16.00
01563           -1720.00      -20.00
01564           -1680.00      -24.00
01565           -1600.00      -28.00
01566           -1520.00      -24.00
01567           -1480.00      -20.00
01568           -1360.00      -24.00
01569           -1280.00      -20.00
01570           -1160.00      -24.00
01571           -1040.00      -20.00
01572            -920.00      -20.00
01573            -800.00      -16.00
01574            -640.00      -24.00
01575            -520.00      -20.00
01576            -360.00      -24.00
01577            -280.00      -20.00
01578            -120.00      -28.00
01579             -40.00      -20.00
01580              80.00      -24.00
01581             200.00      -24.00
01582             280.00      -24.00
01583             360.00      -20.00
01584             440.00      -16.00
01585             480.00      -24.00
01586             560.00      -20.00
01587             600.00      -24.00
01588             680.00      -12.00
01589             680.00      -16.00
01590             720.00      -20.00
01591             800.00      -16.00
01592             840.00      -20.00
01593             880.00      -20.00
01594            1040.00      -24.00
01595            1120.00      -16.00
01596            1200.00      -20.00
01597            1280.00      -20.00
01598            1400.00      -20.00
01599            1520.00      -16.00
01600            1640.00      -20.00
01601            1720.00      -16.00
01602            1840.00      -16.00
01603            1920.00      -16.00
01604            1920.00      -20.00
01605            2000.00      -20.00
01606            2040.00      -20.00
01607            2040.00      -24.00
01608            2040.00      -16.00
01609            2000.00      -16.00
01610            2000.00      -20.00
01611            1960.00      -16.00
01612            1960.00      -20.00
01613            1960.00      -16.00
01614            1960.00      -16.00
01615            1960.00      -16.00
01616            1960.00      -16.00
01617            2000.00      -20.00
01618            2000.00      -20.00
01619            2040.00      -16.00
01620            2040.00      -20.00
01621            2040.00      -16.00
01622            2040.00      -20.00
01623            1960.00      -20.00
01624            1920.00      -20.00
01625            1880.00      -16.00
01626            1760.00      -16.00
01627            1720.00      -16.00
01628            1600.00      -20.00
01629            1520.00      -16.00
01630            1360.00      -16.00
01631            1240.00      -16.00
01632            1200.00      -16.00
01633            1040.00      -20.00
01634             920.00      -20.00
01635             760.00      -16.00
01636             600.00      -16.00
01637             480.00      -20.00
01638             360.00      -16.00
01639             200.00      -20.00
01640             160.00      -12.00
01641               0.00       -8.00
01642               0.00      -16.00
01643             -80.00      -16.00
01644            -160.00      -16.00
01645            -120.00      -20.00
01646            -240.00      -16.00
01647            -240.00      -12.00
01648            -240.00      -16.00
01649            -320.00      -16.00
01650            -320.00      -20.00
01651            -360.00      -20.00
01652            -400.00      -16.00
01653            -440.00      -20.00
01654            -480.00      -20.00
01655            -480.00      -16.00
01656            -480.00      -16.00
01657            -440.00      -16.00
01658            -480.00      -16.00
01659            -480.00      -16.00
01660            -480.00      -20.00
01661            -440.00      -16.00
01662            -400.00      -24.00
01663            -400.00      -16.00
01664            -480.00      -20.00
01665            -480.00      -16.00
01666            -480.00      -16.00
01667            -520.00      -16.00
01668            -520.00      -20.00
01669            -520.00      -20.00
01670            -520.00      -16.00
01671            -520.00      -16.00
01672            -560.00      -20.00
01673            -600.00      -20.00
01674            -640.00      -16.00
01675            -680.00      -16.00
01676            -720.00      -12.00
01677            -760.00      -16.00
01678            -800.00      -16.00
01679            -800.00      -20.00
01680            -880.00      -16.00
01681            -840.00      -20.00
01682            -880.00      -16.00
01683            -880.00      -20.00
01684            -840.00       -8.00
01685            -840.00      -16.00
01686            -800.00      -20.00
01687            -760.00      -16.00
01688            -720.00      -16.00
01689            -720.00      -16.00
01690            -680.00      -16.00
01691            -640.00      -12.00
01692            -640.00      -16.00
01693            -640.00      -16.00
01694            -600.00      -16.00
01695            -640.00      -16.00
01696            -680.00      -16.00
01697            -720.00      -20.00
01698            -800.00      -16.00
01699            -800.00      -16.00
01700            -840.00      -20.00
01701            -880.00      -20.00
01702            -880.00      -16.00
01703            -880.00      -16.00
01704            -840.00      -12.00
01705            -800.00      -12.00
01706            -800.00      -20.00
01707            -760.00      -24.00
01708            -720.00      -24.00
01709            -720.00      -20.00
01710            -680.00      -16.00
01711            -600.00      -16.00
01712            -560.00      -12.00
01713            -520.00      -12.00
01714            -480.00      -16.00
01715            -480.00      -20.00
01716            -440.00      -16.00
01717            -480.00      -20.00
01718            -520.00      -16.00
01719            -560.00      -20.00
01720            -600.00      -12.00
01721            -640.00      -20.00
01722            -680.00      -16.00
01723            -640.00      -12.00
01724            -600.00      -24.00
01725            -560.00      -16.00
01726            -480.00      -20.00
01727            -400.00      -16.00
01728            -280.00      -20.00
01729            -200.00      -20.00
01730            -120.00      -16.00
01731              40.00      -16.00
01732             160.00      -20.00
01733             320.00      -20.00
01734             400.00      -16.00
01735             560.00      -24.00
01736             680.00      -16.00
01737             840.00      -24.00
01738            1000.00      -24.00
01739            1120.00      -20.00
01740            1240.00      -20.00
01741            1400.00      -16.00
01742            1480.00      -20.00
01743            1560.00      -20.00
01744            1680.00      -20.00
01745            1680.00      -20.00
01746            1840.00      -20.00
01747            1840.00      -20.00
01748            1840.00      -20.00
01749            1880.00      -20.00
01750            1960.00      -20.00
01751            1880.00      -16.00
01752            1920.00      -20.00
01753            1920.00      -16.00
01754            1880.00      -20.00
01755            1880.00      -12.00
01756            1840.00      -20.00
01757            1760.00      -20.00
01758            1680.00      -16.00
01759            1640.00      -20.00
01760            1560.00      -16.00
01761               0.00      500.00
01762              40.00      500.00
01763              40.00      500.00
01764              40.00      -36.00
01765              40.00      -36.00
01766              80.00      -32.00
01767              80.00      -40.00
01768              80.00      -44.00
01769              80.00      -32.00
01770              40.00      -32.00
01771               0.00      -32.00
01772             -40.00      -36.00
01773             -40.00      -36.00
01774            -120.00      -36.00
01775            -200.00      -32.00
01776            -280.00      -28.00
01777            -320.00      -28.00
01778            -400.00      -32.00
01779            -440.00      -32.00
01780            -480.00      -32.00
01781            -560.00      -32.00
01782            -560.00      -36.00
01783            -680.00      -32.00
01784            -680.00      -28.00
01785            -760.00      -28.00
01786            -840.00      -28.00
01787            -920.00      -28.00
01788            -960.00      -28.00
01789           -1040.00      -28.00
01790           -1160.00      -32.00
01791           -1240.00      -32.00
01792           -1280.00      -32.00
01793           -1400.00      -24.00
01794           -1480.00      -28.00
01795           -1600.00      -24.00
01796           -1680.00      -28.00
01797           -1720.00      -28.00
01798           -1840.00      -24.00
01799           -1880.00      -24.00
01800           -1960.00      -28.00
01801           -2000.00      -28.00
01802           -2040.00      -32.00
01803           -2080.00      -24.00
01804           -2080.00      -24.00
01805           -2040.00      -24.00
01806           -2040.00      -28.00
01807           -2000.00      -24.00
01808           -2000.00      -28.00
01809           -1960.00      -28.00
01810           -1920.00      -24.00
01811           -1880.00      -28.00
01812           -1760.00      -24.00
01813           -1760.00      -28.00
01814           -1680.00      -28.00
01815           -1600.00      -24.00
01816           -1520.00      -24.00
01817           -1440.00      -20.00
01818           -1360.00      -24.00
01819           -1240.00      -28.00
01820           -1200.00      -24.00
01821           -1040.00      -24.00
01822            -880.00      -24.00
01823            -800.00      -20.00
01824            -680.00      -24.00
01825            -520.00      -20.00
01826            -360.00      -20.00
01827            -240.00      -20.00
01828            -120.00      -24.00
01829             -40.00      -24.00
01830              80.00      -20.00
01831             200.00      -20.00
01832             320.00      -24.00
01833             360.00      -20.00
01834             400.00      -16.00
01835             520.00      -24.00
01836             520.00      -24.00
01837             600.00      -20.00
01838             680.00      -20.00
01839             680.00      -24.00
01840             760.00      -20.00
01841             800.00      -24.00
01842             840.00      -20.00
01843             920.00      -20.00
01844            1000.00      -16.00
01845            1080.00      -28.00
01846            1200.00      -20.00
01847            1320.00      -16.00
01848            1400.00      -28.00
01849            1520.00      -20.00
01850            1640.00      -24.00
01851            1720.00      -24.00
01852            1840.00      -24.00
01853            1880.00      -20.00
01854            1960.00      -20.00
01855            2000.00      -16.00
01856            2040.00      -20.00
01857            2040.00      -24.00
01858            2040.00      -20.00
01859            2000.00      -16.00
01860            2000.00      -20.00
01861            2000.00      -24.00
01862            2000.00      -20.00
01863            2000.00      -24.00
01864            1960.00      -20.00
01865            1960.00      -16.00
01866            2000.00      -20.00
01867            1960.00      -20.00
01868            2040.00      -16.00
01869            2040.00      -24.00
01870            2040.00      -20.00
01871            2040.00      -20.00
01872            2040.00      -24.00
01873            1960.00      -20.00
01874            1920.00      -20.00
01875            1840.00      -16.00
01876            1800.00      -20.00
01877            1680.00      -20.00
01878            1600.00      -16.00
01879            1480.00      -20.00
01880            1400.00      -20.00
01881            1320.00      -20.00
01882            1160.00      -16.00
01883            1040.00      -16.00
01884             880.00      -16.00
01885             720.00      -16.00
01886             600.00      -20.00
01887             440.00      -12.00
01888             320.00      -20.00
01889             240.00      -16.00
01890              80.00      -20.00
01891               0.00      -16.00
01892               0.00      -16.00
01893             -80.00      -12.00
01894            -120.00      -24.00
01895            -160.00      -20.00
01896            -200.00      -20.00
01897            -200.00      -20.00
01898            -240.00      -16.00
01899            -280.00      -16.00
01900            -320.00      -20.00
01901            -400.00      -24.00
01902            -400.00      -16.00
01903            -440.00      -16.00
01904            -480.00      -16.00
01905            -440.00      -20.00
01906            -480.00      -20.00
01907            -480.00      -20.00
01908            -480.00      -16.00
01909            -480.00      -20.00
01910            -480.00      -24.00
01911            -440.00      -20.00
01912            -440.00      -20.00
01913            -440.00      -20.00
01914            -480.00      -16.00
01915            -480.00      -20.00
01916            -480.00      -20.00
01917            -520.00      -24.00
01918            -520.00      -20.00
01919            -520.00      -20.00
01920            -560.00      -16.00
01921            -520.00      -20.00
01922            -560.00      -16.00
01923            -600.00      -20.00
01924            -640.00      -20.00
01925            -680.00      -16.00
01926            -720.00      -16.00
01927            -760.00      -12.00
01928            -800.00      -24.00
01929            -840.00      -16.00
01930            -840.00      -16.00
01931            -880.00      -12.00
01932            -880.00      -24.00
01933            -840.00      -20.00
01934            -880.00      -20.00
01935            -880.00      -20.00
01936            -800.00      -16.00
01937            -760.00      -20.00
01938            -720.00      -20.00
01939            -680.00      -24.00
01940            -640.00      -16.00
01941            -640.00      -12.00
01942            -640.00      -24.00
01943            -640.00      -20.00
01944            -600.00      -24.00
01945            -640.00      -12.00
01946            -680.00      -16.00
01947            -720.00      -20.00
01948            -760.00      -16.00
01949            -800.00      -20.00
01950            -840.00      -16.00
01951            -880.00      -16.00
01952            -840.00      -16.00
01953            -880.00      -20.00
01954            -840.00      -20.00
01955            -840.00      -20.00
01956            -800.00      -20.00
01957            -760.00      -16.00
01958            -720.00      -20.00
01959            -720.00      -16.00
01960            -680.00      -16.00
01961            -640.00      -16.00
01962            -560.00      -16.00
01963            -560.00      -16.00
01964            -480.00      -16.00
01965            -480.00      -20.00
01966            -440.00      -20.00
01967            -440.00      -16.00
01968            -480.00      -16.00
01969            -560.00      -28.00
01970            -600.00      -12.00
01971            -640.00      -20.00
01972            -680.00      -20.00
01973            -640.00      -24.00
01974            -600.00      -12.00
01975            -520.00      -16.00
01976            -480.00      -20.00
01977            -400.00       -8.00
01978            -320.00      -20.00
01979            -240.00      -20.00
01980             -80.00      -16.00
01981              40.00      -16.00
01982             160.00      -20.00
01983             280.00       -8.00
01984             440.00      -20.00
01985             560.00      -16.00
01986             680.00      -20.00
01987             840.00      -12.00
01988            1000.00      -16.00
01989            1120.00      -16.00
01990            1280.00      -16.00
01991            1320.00      -16.00
01992            1480.00      -20.00
01993            1560.00      -16.00
01994            1680.00      -20.00
01995            1720.00      -20.00
01996            1760.00      -16.00
01997            1840.00      -12.00
01998            1840.00      -16.00
01999            1880.00      -12.00
02000            1880.00      -16.00
02001            1920.00      -20.00
02002            1920.00      -16.00
02003            1920.00      -20.00
02004            1920.00      -20.00
02005            1840.00      -20.00
02006            1840.00      -12.00
02007            1760.00      -16.00
02008            1680.00      -12.00
02009            1600.00      -20.00
02010            1520.00      -20.00
02011             -40.00      500.00
02012              40.00      500.00
02013               0.00      500.00
02014              40.00      -32.00
02015              80.00      -36.00
02016              80.00      -32.00
02017              80.00      -32.00
02018              80.00      -32.00
02019              40.00      -32.00
02020              80.00      -32.00
02021              40.00      -36.00
02022             -40.00      -28.00
02023             -80.00      -32.00
02024            -120.00      -28.00
02025            -200.00      -28.00
02026            -280.00      -28.00
02027            -320.00      -28.00
02028            -400.00      -32.00
02029            -440.00      -28.00
02030            -480.00      -28.00
02031            -560.00      -32.00
02032            -600.00      -28.00
02033            -640.00      -24.00
02034            -680.00      -24.00
02035            -720.00      -24.00
02036            -800.00      -24.00
02037            -880.00      -28.00
02038            -920.00      -28.00
02039           -1040.00      -28.00
02040           -1120.00      -28.00
02041           -1240.00      -24.00
02042           -1320.00      -20.00
02043           -1400.00      -28.00
02044           -1520.00      -20.00
02045           -1560.00      -28.00
02046           -1680.00      -24.00
02047           -1760.00      -20.00
02048           -1840.00      -24.00
02049           -1880.00      -24.00
02050           -1960.00      -24.00
02051           -2000.00      -24.00
02052           -2040.00      -28.00
02053           -2080.00      -24.00
02054           -2080.00      -16.00
02055           -2080.00      -24.00
02056           -2080.00      -20.00
02057           -2080.00      -20.00
02058           -2040.00      -16.00
02059           -1960.00      -20.00
02060           -1920.00      -20.00
02061           -1880.00      -20.00
02062           -1800.00      -20.00
02063           -1720.00      -20.00
02064           -1680.00      -20.00
02065           -1560.00      -28.00
02066           -1520.00      -20.00
02067           -1440.00      -20.00
02068           -1360.00      -20.00
02069           -1280.00      -20.00
02070           -1200.00      -20.00
02071           -1040.00      -20.00
02072            -920.00      -16.00
02073            -800.00      -20.00
02074            -640.00      -20.00
02075            -520.00      -20.00
02076            -400.00      -20.00
02077            -240.00      -16.00
02078            -160.00      -24.00
02079             -40.00      -16.00
02080              80.00      -20.00
02081             200.00      -16.00
02082             240.00      -28.00
02083             360.00      -16.00
02084             400.00      -20.00
02085             480.00      -20.00
02086             560.00      -16.00
02087             600.00      -20.00
02088             640.00      -24.00
02089             680.00      -20.00
02090             760.00      -16.00
02091             800.00      -16.00
02092             880.00      -16.00
02093             920.00      -16.00
02094            1000.00      -16.00
02095            1080.00      -24.00
02096            1200.00      -20.00
02097            1280.00      -24.00
02098            1400.00      -16.00
02099            1480.00      -24.00
02100            1640.00      -20.00
02101            1680.00      -20.00
02102            1800.00      -24.00
02103            1920.00      -16.00
02104            1960.00      -20.00
02105            1960.00      -16.00
02106            2040.00      -16.00
02107            2080.00      -16.00
02108            2040.00      -16.00
02109            2040.00      -20.00
02110            2000.00      -20.00
02111            2000.00      -24.00
02112            2000.00      -20.00
02113            1960.00      -16.00
02114            2000.00      -20.00
02115            1960.00      -24.00
02116            2000.00      -24.00
02117            2000.00      -20.00
02118            2000.00      -16.00
02119            2040.00      -20.00
02120            2040.00      -20.00
02121            2040.00      -24.00
02122            2040.00      -24.00
02123            1960.00      -20.00
02124            1920.00      -20.00
02125            1840.00      -24.00
02126            1760.00      -20.00
02127            1720.00      -20.00
02128            1600.00      -16.00
02129            1520.00      -20.00
02130            1400.00      -20.00
02131            1280.00      -20.00
02132            1200.00      -20.00
02133            1040.00      -20.00
02134             880.00      -20.00
02135             760.00      -24.00
02136             600.00      -24.00
02137             480.00      -20.00
02138             280.00      -20.00
02139             200.00      -20.00
02140             120.00      -16.00
02141              40.00      -16.00
02142             -40.00      -20.00
02143             -80.00      -24.00
02144            -160.00      -20.00
02145            -160.00      -24.00
02146            -200.00      -12.00
02147            -200.00      -16.00
02148            -240.00      -20.00
02149            -280.00      -16.00
02150            -320.00      -16.00
02151            -360.00      -24.00
02152            -400.00      -28.00
02153            -400.00      -24.00
02154            -440.00      -20.00
02155            -480.00      -20.00
02156            -480.00      -20.00
02157            -440.00      -20.00
02158            -480.00      -24.00
02159            -440.00      -20.00
02160            -480.00      -20.00
02161            -440.00      -20.00
02162            -440.00      -20.00
02163            -400.00      -24.00
02164            -440.00      -20.00
02165            -480.00      -20.00
02166            -480.00      -24.00
02167            -480.00      -20.00
02168            -520.00      -16.00
02169            -560.00      -20.00
02170            -520.00      -16.00
02171            -560.00      -24.00
02172            -560.00      -24.00
02173            -600.00      -20.00
02174            -640.00      -20.00
02175            -680.00      -16.00
02176            -760.00      -16.00
02177            -760.00      -24.00
02178            -800.00      -20.00
02179            -800.00       -8.00
02180            -840.00      -16.00
02181            -880.00      -20.00
02182            -880.00      -16.00
02183            -840.00      -24.00
02184            -840.00      -24.00
02185            -800.00      -24.00
02186            -800.00      -20.00
02187            -760.00      -20.00
02188            -720.00      -16.00
02189            -680.00      -16.00
02190            -720.00      -20.00
02191            -640.00      -20.00
02192            -640.00      -16.00
02193            -640.00      -24.00
02194            -600.00      -20.00
02195            -640.00      -20.00
02196            -680.00      -16.00
02197            -720.00      -16.00
02198            -760.00      -16.00
02199            -800.00      -20.00
02200            -800.00      -20.00
02201            -880.00      -20.00
02202            -880.00      -16.00
02203            -840.00      -28.00
02204            -880.00      -16.00
02205            -840.00      -20.00
02206            -800.00      -24.00
02207            -800.00      -20.00
02208            -760.00      -20.00
02209            -720.00      -20.00
02210            -680.00      -16.00
02211            -640.00      -20.00
02212            -560.00      -16.00
02213            -480.00      -20.00
02214            -480.00      -20.00
02215            -480.00      -24.00
02216            -480.00      -16.00
02217            -480.00      -16.00
02218            -520.00      -20.00
02219            -560.00      -20.00
02220            -600.00      -20.00
02221            -640.00      -20.00
02222            -680.00      -16.00
02223            -640.00      -16.00
02224            -600.00      -24.00
02225            -560.00      -20.00
02226            -480.00      -16.00
02227            -400.00      -24.00
02228            -320.00      -24.00
02229            -160.00      -20.00
02230             -80.00      -20.00
02231              40.00      -20.00
02232             160.00      -20.00
02233             240.00      -20.00
02234             400.00      -24.00
02235             560.00      -12.00
02236             680.00      -16.00
02237             840.00      -16.00
02238            1040.00      -20.00
02239            1200.00      -12.00
02240            1280.00      -16.00
02241            1360.00      -20.00
02242            1480.00      -24.00
02243            1600.00      -20.00
02244            1640.00      -20.00
02245            1680.00      -16.00
02246            1800.00      -24.00
02247            1800.00      -20.00
02248            1840.00      -20.00
02249            1840.00      -20.00
02250            1920.00      -20.00
02251            1960.00      -20.00
02252            1920.00      -24.00
02253            1920.00      -16.00
02254            1840.00      -16.00
02255            1840.00      -16.00
02256            1800.00      -16.00
02257            1760.00      -24.00
02258            1680.00      -20.00
02259            1600.00      -20.00
02260            1520.00      -16.00
02261               0.00      500.00
02262               0.00      500.00
02263              40.00      500.00
02264              80.00      -32.00
02265              80.00      -40.00
02266              40.00      -36.00
02267              40.00      -36.00
02268              80.00      -36.00
02269              80.00      -36.00
02270              80.00      -36.00
02271               0.00      -36.00
02272               0.00      -32.00
02273             -80.00      -32.00
02274            -120.00      -40.00
02275            -200.00      -36.00
02276            -240.00      -36.00
02277            -320.00      -28.00
02278            -400.00      -32.00
02279            -480.00      -28.00
02280            -520.00      -28.00
02281            -560.00      -32.00
02282            -600.00      -24.00
02283            -640.00      -24.00
02284            -720.00      -28.00
02285            -760.00      -24.00
02286            -840.00      -20.00
02287            -880.00      -28.00
02288           -1000.00      -28.00
02289           -1040.00      -20.00
02290           -1120.00      -20.00
02291           -1240.00      -24.00
02292           -1320.00      -24.00
02293           -1400.00      -24.00
02294           -1480.00      -24.00
02295           -1560.00      -24.00
02296           -1680.00      -20.00
02297           -1760.00      -24.00
02298           -1840.00      -24.00
02299           -1920.00      -24.00
02300           -1960.00      -24.00
02301           -2000.00      -20.00
02302           -2040.00      -24.00
02303           -2040.00      -20.00
02304           -2080.00      -24.00
02305           -2080.00      -24.00
02306           -2080.00      -28.00
02307           -2080.00      -20.00
02308           -2040.00      -20.00
02309           -1960.00      -28.00
02310           -1920.00      -16.00
02311           -1840.00      -16.00
02312           -1800.00      -20.00
02313           -1760.00      -20.00
02314           -1680.00      -20.00
02315           -1600.00      -20.00
02316           -1520.00      -20.00
02317           -1400.00      -24.00
02318           -1360.00      -20.00
02319           -1240.00      -20.00
02320           -1160.00      -20.00
02321           -1040.00      -20.00
02322            -920.00      -20.00
02323            -720.00      -20.00
02324            -640.00      -16.00
02325            -520.00      -16.00
02326            -360.00      -20.00
02327            -240.00      -20.00
02328            -160.00      -20.00
02329               0.00      -16.00
02330              80.00      -20.00
02331             200.00      -20.00
02332             280.00      -16.00
02333             360.00      -16.00
02334             440.00      -12.00
02335             520.00      -24.00
02336             560.00      -16.00
02337             600.00      -20.00
02338             640.00      -16.00
02339             680.00      -20.00
02340             720.00      -16.00
02341             800.00      -20.00
02342             880.00      -24.00
02343             920.00      -20.00
02344            1000.00      -20.00
02345            1120.00      -20.00
02346            1200.00      -20.00
02347            1320.00      -20.00
02348            1360.00      -12.00
02349            1520.00      -20.00
02350            1680.00      -16.00
02351            1720.00      -20.00
02352            1800.00      -20.00
02353            1920.00      -16.00
02354            1960.00      -20.00
02355            2000.00      -16.00
02356            2000.00      -20.00
02357            2040.00      -20.00
02358            2040.00      -12.00
02359            2000.00      -12.00
02360            2000.00      -16.00
02361            2000.00      -24.00
02362            2000.00      -20.00
02363            2000.00      -12.00
02364            1960.00      -20.00
02365            1960.00      -16.00
02366            2000.00      -16.00
02367            2000.00      -12.00
02368            2040.00      -16.00
02369            2040.00      -16.00
02370            2040.00      -20.00
02371            2040.00      -20.00
02372            2000.00      -20.00
02373            2000.00      -12.00
02374            1920.00      -16.00
02375            1880.00      -16.00
02376            1760.00      -12.00
02377            1680.00      -16.00
02378            1600.00      -20.00
02379            1520.00      -20.00
02380            1400.00      -16.00
02381            1280.00      -16.00
02382            1160.00      -12.00
02383            1040.00      -20.00
02384             880.00      -16.00
02385             760.00      -12.00
02386             600.00      -12.00
02387             440.00      -12.00
02388             360.00      -16.00
02389             200.00      -20.00
02390             120.00      -16.00
02391               0.00      -20.00
02392             -40.00      -28.00
02393             -80.00      -16.00
02394            -120.00      -20.00
02395            -160.00      -12.00
02396            -200.00      -16.00
02397            -240.00      -16.00
02398            -280.00      -16.00
02399            -280.00      -16.00
02400            -280.00      -16.00
02401            -360.00      -16.00
02402            -400.00      -16.00
02403            -440.00      -16.00
02404            -480.00      -12.00
02405            -480.00      -12.00
02406            -480.00      -16.00
02407            -480.00      -16.00
02408            -440.00      -20.00
02409            -480.00      -16.00
02410            -480.00      -16.00
02411            -440.00      -16.00
02412            -440.00      -12.00
02413            -440.00      -16.00
02414            -440.00      -16.00
02415            -480.00      -12.00
02416            -520.00      -12.00
02417            -440.00      -16.00
02418            -560.00      -16.00
02419            -520.00      -16.00
02420            -520.00      -16.00
02421            -520.00      -20.00
02422            -560.00      -16.00
02423            -600.00      -12.00
02424            -640.00      -12.00
02425            -680.00      -16.00
02426            -680.00      -20.00
02427            -760.00      -16.00
02428            -800.00      -20.00
02429            -840.00      -20.00
02430            -840.00      -12.00
02431            -880.00      -16.00
02432            -840.00      -20.00
02433            -880.00      -20.00
02434            -840.00      -16.00
02435            -840.00      -20.00
02436            -800.00      -12.00
02437            -760.00      -16.00
02438            -720.00      -20.00
02439            -680.00      -16.00
02440            -680.00      -20.00
02441            -640.00      -16.00
02442            -640.00      -12.00
02443            -640.00      -16.00
02444            -640.00      -12.00
02445            -640.00      -16.00
02446            -680.00      -20.00
02447            -720.00      -12.00
02448            -760.00      -16.00
02449            -800.00      -12.00
02450            -840.00      -16.00
02451            -880.00      -16.00
02452            -880.00      -16.00
02453            -840.00      -12.00
02454            -840.00      -24.00
02455            -840.00      -16.00
02456            -800.00      -16.00
02457            -800.00      -16.00
02458            -720.00      -16.00
02459            -720.00      -12.00
02460            -680.00      -20.00
02461            -600.00      -16.00
02462            -560.00      -12.00
02463            -560.00      -20.00
02464            -440.00      -20.00
02465            -440.00      -16.00
02466            -440.00      -16.00
02467            -480.00      -20.00
02468            -480.00      -16.00
02469            -520.00      -20.00
02470            -600.00      -16.00
02471            -640.00      -24.00
02472            -680.00      -16.00
02473            -640.00      -12.00
02474            -600.00      -20.00
02475            -560.00      -24.00
02476            -480.00      -16.00
02477            -400.00      -20.00
02478            -320.00      -20.00
02479            -200.00      -16.00
02480             -80.00      -20.00
02481               0.00      -12.00
02482             160.00      -16.00
02483             280.00      -16.00
02484             400.00      -20.00
02485             600.00      -16.00
02486             680.00      -16.00
02487             880.00      -16.00
02488            1040.00      -24.00
02489            1120.00      -16.00
02490            1280.00      -16.00
02491            1400.00       -8.00
02492            1480.00      -20.00
02493            1560.00       -8.00
02494            1640.00      -16.00
02495            1720.00      -16.00
02496            1760.00      -20.00
02497            1840.00      -20.00
02498            1880.00      -12.00
02499            1880.00      -16.00
02500            1920.00      -12.00
02501            1920.00      -16.00
02502            1880.00      -20.00
02503            1920.00      -16.00
02504            1880.00      -24.00
02505            1880.00      -20.00
02506            1840.00      -16.00
02507            1760.00      -16.00
02508            1680.00      -24.00
02509            1600.00      -16.00
02510            1480.00      -16.00
02511               0.00      500.00
02512              40.00      500.00
02513              40.00      500.00
02514              40.00      -36.00
02515              40.00      -40.00
02516              80.00      -36.00
02517              80.00      -36.00
02518              80.00      -36.00
02519              80.00      -36.00
02520              40.00      -32.00
02521               0.00      -36.00
02522               0.00      -24.00
02523             -80.00      -36.00
02524            -120.00      -40.00
02525            -160.00      -32.00
02526            -240.00      -32.00
02527            -320.00      -36.00
02528            -400.00      -32.00
02529            -440.00      -24.00
02530            -520.00      -28.00
02531            -560.00      -32.00
02532            -640.00      -36.00
02533            -640.00      -24.00
02534            -720.00      -36.00
02535            -720.00      -32.00
02536            -840.00      -28.00
02537            -880.00      -28.00
02538            -920.00      -24.00
02539           -1080.00      -24.00
02540           -1160.00      -28.00
02541           -1200.00      -28.00
02542           -1320.00      -28.00
02543           -1400.00      -24.00
02544           -1480.00      -28.00
02545           -1560.00      -28.00
02546           -1680.00      -24.00
02547           -1760.00      -28.00
02548           -1880.00      -24.00
02549           -1920.00      -20.00
02550           -1960.00      -28.00
02551           -2000.00      -20.00
02552           -2040.00      -20.00
02553           -2080.00      -24.00
02554           -2080.00      -20.00
02555           -2120.00      -32.00
02556           -2040.00      -20.00
02557           -2040.00      -24.00
02558           -2000.00      -28.00
02559           -2000.00      -24.00
02560           -1960.00      -24.00
02561           -1880.00      -24.00
02562           -1840.00      -24.00
02563           -1720.00      -24.00
02564           -1680.00      -24.00
02565           -1640.00      -28.00
02566           -1560.00      -24.00
02567           -1400.00      -16.00
02568           -1360.00      -24.00
02569           -1280.00      -28.00
02570           -1200.00      -24.00
02571           -1040.00      -20.00
02572            -920.00      -24.00
02573            -760.00      -16.00
02574            -600.00      -16.00
02575            -520.00      -24.00
02576            -360.00      -20.00
02577            -240.00      -20.00
02578            -120.00      -24.00
02579               0.00      -20.00
02580              80.00      -20.00
02581             200.00      -20.00
02582             280.00      -20.00
02583             360.00      -28.00
02584             440.00      -16.00
02585             520.00      -20.00
02586             560.00       -8.00
02587             640.00      -24.00
02588             640.00      -16.00
02589             680.00      -28.00
02590             760.00      -16.00
02591             800.00      -20.00
02592             840.00      -24.00
02593             920.00      -20.00
02594            1040.00      -20.00
02595            1120.00      -24.00
02596            1200.00      -16.00
02597            1320.00      -20.00
02598            1400.00      -12.00
02599            1520.00      -24.00
02600            1640.00      -20.00
02601            1760.00      -20.00
02602            1840.00      -20.00
02603            1920.00      -24.00
02604            1960.00      -20.00
02605            2000.00      -20.00
02606            2000.00      -20.00
02607            2080.00      -20.00
02608            2000.00      -20.00
02609            2000.00      -16.00
02610            2000.00      -20.00
02611            2000.00      -24.00
02612            2000.00      -20.00
02613            1960.00      -24.00
02614            1960.00      -16.00
02615            2000.00      -20.00
02616            1960.00      -24.00
02617            2000.00      -16.00
02618            2000.00      -20.00
02619            2040.00      -20.00
02620            2040.00      -24.00
02621            2040.00      -20.00
02622            2040.00      -20.00
02623            2000.00      -20.00
02624            1920.00      -20.00
02625            1840.00      -12.00
02626            1800.00      -20.00
02627            1720.00      -20.00
02628            1600.00      -16.00
02629            1480.00      -20.00
02630            1400.00      -12.00
02631            1280.00      -20.00
02632            1160.00      -16.00
02633            1040.00      -16.00
02634             880.00      -16.00
02635             760.00      -20.00
02636             640.00      -20.00
02637             440.00      -16.00
02638             360.00      -20.00
02639             200.00      -20.00
02640             120.00      -24.00
02641              40.00      -20.00
02642             -40.00      -12.00
02643             -80.00      -16.00
02644            -120.00      -20.00
02645            -200.00      -20.00
02646            -200.00      -20.00
02647            -240.00      -16.00
02648            -280.00      -20.00
02649            -280.00      -16.00
02650            -320.00      -16.00
02651            -400.00      -12.00
02652            -400.00      -16.00
02653            -440.00      -16.00
02654            -480.00      -24.00
02655            -480.00      -24.00
02656            -440.00      -20.00
02657            -480.00      -20.00
02658            -480.00      -24.00
02659            -480.00       -4.00
02660            -440.00      -20.00
02661            -400.00      -16.00
02662            -440.00      -20.00
02663            -440.00      -20.00
02664            -440.00      -16.00
02665            -480.00      -20.00
02666            -480.00      -16.00
02667            -480.00      -20.00
02668            -520.00      -20.00
02669            -520.00      -16.00
02670            -480.00      -12.00
02671            -520.00      -12.00
02672            -560.00      -20.00
02673            -600.00      -20.00
02674            -640.00      -16.00
02675            -640.00      -12.00
02676            -720.00      -16.00
02677            -760.00      -20.00
02678            -800.00      -16.00
02679            -800.00      -20.00
02680            -840.00      -16.00
02681            -840.00      -20.00
02682            -880.00      -20.00
02683            -880.00      -16.00
02684            -840.00      -16.00
02685            -840.00      -16.00
02686            -800.00      -20.00
02687            -800.00      -16.00
02688            -720.00      -16.00
02689            -720.00      -20.00
02690            -680.00      -16.00
02691            -640.00      -12.00
02692            -600.00      -24.00
02693            -640.00      -16.00
02694            -640.00      -20.00
02695            -640.00      -20.00
02696            -680.00      -16.00
02697            -720.00      -20.00
02698            -800.00      -20.00
02699            -800.00      -16.00
02700            -840.00      -16.00
02701            -880.00      -20.00
02702            -840.00      -16.00
02703            -840.00      -20.00
02704            -880.00      -16.00
02705            -840.00      -16.00
02706            -800.00      -16.00
02707            -760.00      -20.00
02708            -760.00      -16.00
02709            -720.00      -16.00
02710            -680.00      -16.00
02711            -640.00      -20.00
02712            -600.00      -20.00
02713            -480.00      -12.00
02714            -480.00       -8.00
02715            -440.00      -16.00
02716            -440.00      -16.00
02717            -480.00      -12.00
02718            -520.00      -16.00
02719            -560.00      -12.00
02720            -600.00      -12.00
02721            -640.00      -20.00
02722            -640.00      -20.00
02723            -640.00      -16.00
02724            -600.00      -16.00
02725            -560.00      -20.00
02726            -480.00      -16.00
02727            -400.00      -16.00
02728            -320.00      -20.00
02729            -240.00      -16.00
02730             -80.00      -16.00
02731              40.00      -16.00
02732             160.00      -16.00
02733             280.00      -16.00
02734             400.00      -16.00
02735             520.00      -20.00
02736             720.00      -12.00
02737             840.00      -12.00
02738            1000.00       -8.00
02739            1120.00      -16.00
02740            1280.00      -16.00
02741            1360.00      -16.00
02742            1480.00      -12.00
02743            1560.00      -12.00
02744            1640.00      -16.00
02745            1760.00      -16.00
02746            1760.00      -12.00
02747            1840.00      -16.00
02748            1840.00      -16.00
02749            1880.00      -16.00
02750            1880.00      -20.00
02751            1920.00      -16.00
02752            1920.00      -16.00
02753            1880.00      -16.00
02754            1920.00      -20.00
02755            1840.00      -16.00
02756            1800.00      -12.00
02757            1760.00      -16.00
02758            1680.00      -16.00
02759            1600.00      -16.00
02760            1520.00      -16.00
02761               0.00      500.00
02762               0.00      500.00
02763               0.00      500.00
02764              40.00      -32.00
02765              40.00      -36.00
02766              80.00      -36.00
02767              80.00      -36.00
02768              80.00      -20.00
02769              80.00      -36.00
02770              40.00      -28.00
02771              40.00      -28.00
02772               0.00      -28.00
02773             -40.00      -28.00
02774            -120.00      -28.00
02775            -200.00      -24.00
02776            -240.00      -28.00
02777            -320.00      -28.00
02778            -400.00      -28.00
02779            -440.00      -28.00
02780            -520.00      -24.00
02781            -600.00      -28.00
02782            -600.00      -24.00
02783            -640.00      -28.00
02784            -720.00      -24.00
02785            -720.00      -28.00
02786            -840.00      -24.00
02787            -880.00      -24.00
02788            -960.00      -24.00
02789           -1040.00      -20.00
02790           -1120.00      -24.00
02791           -1240.00      -28.00
02792           -1320.00      -24.00
02793           -1400.00      -20.00
02794           -1520.00      -24.00
02795           -1560.00      -20.00
02796           -1720.00      -28.00
02797           -1760.00      -20.00
02798           -1800.00      -20.00
02799           -1920.00      -20.00
02800           -1960.00      -20.00
02801           -2000.00      -24.00
02802           -2040.00      -20.00
02803           -2080.00      -20.00
02804           -2080.00      -32.00
02805           -2120.00      -28.00
02806           -2040.00      -20.00
02807           -2040.00      -24.00
02808           -2000.00      -20.00
02809           -2000.00      -16.00
02810           -1920.00      -16.00
02811           -1880.00      -20.00
02812           -1800.00      -24.00
02813           -1760.00      -24.00
02814           -1680.00      -20.00
02815           -1640.00      -16.00
02816           -1520.00      -20.00
02817           -1440.00      -20.00
02818           -1360.00      -20.00
02819           -1240.00      -24.00
02820           -1160.00      -20.00
02821           -1080.00      -20.00
02822            -920.00      -24.00
02823            -720.00      -20.00
02824            -600.00      -16.00
02825            -520.00      -20.00
02826            -360.00      -16.00
02827            -240.00      -20.00
02828            -120.00      -20.00
02829               0.00      -20.00
02830             120.00      -16.00
02831             160.00      -20.00
02832             280.00      -20.00
02833             360.00      -20.00
02834             400.00      -20.00
02835             480.00      -16.00
02836             560.00      -24.00
02837             600.00      -16.00
02838             640.00      -12.00
02839             680.00      -20.00
02840             760.00      -16.00
02841             840.00      -16.00
02842             880.00      -20.00
02843             960.00      -16.00
02844            1000.00      -24.00
02845            1080.00      -24.00
02846            1200.00      -20.00
02847            1320.00      -16.00
02848            1400.00      -16.00
02849            1520.00      -16.00
02850            1560.00      -20.00
02851            1720.00      -16.00
02852            1840.00      -20.00
02853            1880.00      -16.00
02854            1920.00      -20.00
02855            1960.00      -20.00
02856            2000.00      -16.00
02857            2040.00      -20.00
02858            2040.00      -16.00
02859            2000.00      -16.00
02860            2040.00      -20.00
02861            2000.00      -20.00
02862            2000.00      -24.00
02863            1960.00      -24.00
02864            1960.00      -20.00
02865            1960.00      -20.00
02866            2000.00      -20.00
02867            2000.00      -24.00
02868            2040.00      -20.00
02869            2080.00      -24.00
02870            2080.00      -16.00
02871            2040.00      -20.00
02872            2000.00      -16.00
02873            2000.00      -20.00
02874            1920.00      -16.00
02875            1840.00      -16.00
02876            1800.00      -16.00
02877            1680.00      -12.00
02878            1640.00      -16.00
02879            1520.00      -24.00
02880            1400.00      -20.00
02881            1320.00      -20.00
02882            1160.00      -16.00
02883            1040.00      -16.00
02884             880.00      -20.00
02885             720.00      -24.00
02886             600.00      -12.00
02887             440.00      -20.00
02888             320.00      -24.00
02889             200.00      -20.00
02890             160.00      -20.00
02891              80.00      -20.00
02892             -40.00      -16.00
02893             -80.00      -20.00
02894            -160.00      -24.00
02895            -160.00      -24.00
02896            -200.00      -20.00
02897            -240.00      -16.00
02898            -240.00      -20.00
02899            -320.00      -20.00
02900            -320.00      -20.00
02901            -400.00      -16.00
02902            -400.00      -20.00
02903            -400.00      -16.00
02904            -440.00      -20.00
02905            -480.00      -16.00
02906            -480.00      -16.00
02907            -480.00      -16.00
02908            -480.00      -16.00
02909            -480.00      -20.00
02910            -440.00      -16.00
02911            -440.00      -20.00
02912            -440.00      -20.00
02913            -440.00      -20.00
02914            -440.00      -20.00
02915            -440.00      -16.00
02916            -480.00      -16.00
02917            -480.00      -16.00
02918            -520.00      -16.00
02919            -520.00      -20.00
02920            -600.00      -16.00
02921            -560.00      -20.00
02922            -560.00      -16.00
02923            -600.00      -16.00
02924            -640.00      -20.00
02925            -680.00      -16.00
02926            -720.00      -20.00
02927            -760.00      -16.00
02928            -800.00      -20.00
02929            -800.00      -28.00
02930            -880.00      -16.00
02931            -840.00      -20.00
02932            -880.00      -20.00
02933            -880.00      -20.00
02934            -880.00      -24.00
02935            -840.00      -20.00
02936            -800.00      -20.00
02937            -760.00      -16.00
02938            -720.00      -16.00
02939            -720.00      -16.00
02940            -680.00      -16.00
02941            -640.00      -20.00
02942            -600.00      -20.00
02943            -640.00      -16.00
02944            -640.00      -20.00
02945            -680.00      -16.00
02946            -680.00      -20.00
02947            -720.00      -20.00
02948            -760.00      -20.00
02949            -760.00      -20.00
02950            -840.00      -20.00
02951            -840.00      -20.00
02952            -880.00      -20.00
02953            -840.00      -16.00
02954            -840.00      -16.00
02955            -840.00      -16.00
02956            -840.00      -20.00
02957            -800.00      -16.00
02958            -760.00      -16.00
02959            -720.00      -16.00
02960            -680.00      -20.00
02961            -640.00      -20.00
02962            -560.00      -20.00
02963            -520.00      -24.00
02964            -480.00      -20.00
02965            -440.00      -16.00
02966            -480.00      -16.00
02967            -480.00      -20.00
02968            -520.00      -20.00
02969            -600.00      -16.00
02970            -640.00      -20.00
02971            -640.00      -12.00
02972            -640.00      -16.00
02973            -640.00      -16.00
02974            -600.00      -20.00
02975            -560.00      -16.00
02976            -480.00      -20.00
02977            -400.00      -16.00
02978            -360.00      -20.00
02979            -240.00      -20.00
02980            -120.00      -20.00
02981              40.00      -16.00
02982             160.00      -16.00
02983             320.00      -16.00
02984             400.00      -20.00
02985             560.00      -16.00
02986             680.00      -20.00
02987             840.00      -20.00
02988            1000.00      -16.00
02989            1120.00      -16.00
02990            1320.00      -12.00
02991            1360.00      -16.00
02992            1520.00      -20.00
02993            1600.00      -16.00
02994            1680.00      -20.00
02995            1720.00      -20.00
02996            1760.00      -20.00
02997            1840.00      -20.00
02998            1840.00      -16.00
02999            1880.00      -16.00
03000            1920.00      -20.00
03001            1920.00      -20.00
03002            1920.00      -20.00
03003            1920.00      -20.00
03004            1880.00      -24.00
03005            1880.00      -16.00
03006            1800.00      -20.00
03007            1760.00      -24.00
03008            1720.00      -24.00
03009            1640.00      -16.00
03010            1520.00      -12.00
03011               0.00      500.00
03012              40.00      500.00
03013              40.00      500.00
03014              40.00      -36.00
03015              80.00      -36.00
03016              80.00      -36.00
03017             120.00      -32.00
03018              80.00      -32.00
03019              40.00      -32.00
03020              80.00      -36.00
03021              40.00      -32.00
03022               0.00      -32.00
03023             -40.00      -32.00
03024            -120.00      -32.00
03025            -160.00      -40.00
03026            -240.00      -32.00
03027            -320.00      -24.00
03028            -400.00      -24.00
03029            -400.00      -32.00
03030            -480.00      -32.00
03031            -560.00      -28.00
03032            -600.00      -28.00
03033            -640.00      -28.00
03034            -680.00      -28.00
03035            -760.00      -28.00
03036            -800.00      -24.00
03037            -880.00      -28.00
03038           -1000.00      -24.00
03039           -1040.00      -24.00
03040           -1120.00      -28.00
03041           -1240.00      -28.00
03042           -1320.00      -24.00
03043           -1400.00      -28.00
03044           -1520.00      -20.00
03045           -1560.00      -20.00
03046           -1680.00      -28.00
03047           -1760.00      -20.00
03048           -1840.00      -24.00
03049           -1920.00      -24.00
03050           -1960.00      -24.00
03051           -2040.00      -20.00
03052           -2080.00      -20.00
03053           -2080.00      -24.00
03054           -2080.00      -20.00
03055           -2080.00      -16.00
03056           -2040.00      -20.00
03057           -2000.00      -28.00
03058           -2000.00      -20.00
03059           -1960.00      -24.00
03060           -1960.00      -24.00
03061           -1880.00      -24.00
03062           -1880.00      -20.00
03063           -1760.00      -20.00
03064           -1640.00      -20.00
03065           -1640.00      -20.00
03066           -1560.00      -20.00
03067           -1440.00      -20.00
03068           -1400.00      -16.00
03069           -1240.00      -20.00
03070           -1160.00      -16.00
03071           -1040.00      -20.00
03072            -920.00      -16.00
03073            -760.00      -20.00
03074            -640.00      -16.00
03075            -440.00      -16.00
03076            -400.00      -16.00
03077            -240.00      -20.00
03078             -80.00      -16.00
03079               0.00      -12.00
03080             120.00      -20.00
03081             200.00      -16.00
03082             280.00      -16.00
03083             360.00      -16.00
03084             480.00      -16.00
03085             520.00      -16.00
03086             560.00      -16.00
03087             600.00      -20.00
03088             640.00      -20.00
03089             720.00      -12.00
03090             760.00      -16.00
03091             840.00      -12.00
03092             840.00      -20.00
03093             920.00      -16.00
03094            1000.00      -16.00
03095            1080.00      -16.00
03096            1160.00      -16.00
03097            1320.00      -24.00
03098            1400.00      -20.00
03099            1520.00      -16.00
03100            1640.00      -20.00
03101            1760.00      -20.00
03102            1840.00      -20.00
03103            1920.00      -12.00
03104            2000.00      -16.00
03105            2040.00      -20.00
03106            2040.00      -16.00
03107            2000.00      -20.00
03108            2000.00      -12.00
03109            2000.00      -20.00
03110            2000.00      -16.00
03111            2000.00      -20.00
03112            1960.00      -16.00
03113            1960.00      -16.00
03114            1960.00      -12.00
03115            1960.00      -12.00
03116            2000.00      -24.00
03117            2000.00      -16.00
03118            2040.00      -16.00
03119            2040.00      -16.00
03120            2080.00      -16.00
03121            2040.00      -16.00
03122            2040.00      -12.00
03123            1960.00      -12.00
03124            1920.00      -20.00
03125            1840.00      -12.00
03126            1800.00      -16.00
03127            1680.00      -16.00
03128            1600.00      -16.00
03129            1520.00      -16.00
03130            1440.00      -16.00
03131            1280.00      -20.00
03132            1160.00      -12.00
03133            1040.00      -16.00
03134             880.00      -16.00
03135             760.00      -20.00
03136             560.00      -16.00
03137             480.00      -16.00
03138             360.00      -16.00
03139             200.00      -16.00
03140             160.00      -12.00
03141              40.00      -16.00
03142             -40.00      -16.00
03143             -80.00      -16.00
03144            -120.00      -16.00
03145            -200.00      -12.00
03146            -200.00      -16.00
03147            -280.00      -16.00
03148            -280.00      -16.00
03149            -280.00      -12.00
03150            -280.00      -16.00
03151            -400.00      -16.00
03152            -400.00      -16.00
03153            -440.00      -16.00
03154            -440.00      -16.00
03155            -480.00      -16.00
03156            -480.00      -12.00
03157            -480.00      -12.00
03158            -480.00      -16.00
03159            -480.00      -16.00
03160            -440.00      -16.00
03161            -440.00      -12.00
03162            -480.00      -16.00
03163            -440.00      -12.00
03164            -440.00      -16.00
03165            -480.00      -16.00
03166            -520.00      -16.00
03167            -480.00      -12.00
03168            -480.00      -16.00
03169            -520.00      -12.00
03170            -520.00      -16.00
03171            -560.00      -20.00
03172            -600.00      -16.00
03173            -600.00      -16.00
03174            -640.00      -16.00
03175            -680.00      -16.00
03176            -760.00      -16.00
03177            -760.00      -24.00
03178            -800.00      -16.00
03179            -800.00      -12.00
03180            -880.00      -16.00
03181            -880.00      -16.00
03182            -880.00      -16.00
03183            -880.00      -16.00
03184            -840.00      -20.00
03185            -800.00      -20.00
03186            -800.00      -16.00
03187            -800.00      -16.00
03188            -720.00      -16.00
03189            -720.00      -12.00
03190            -680.00      -16.00
03191            -640.00      -16.00
03192            -640.00      -20.00
03193            -640.00      -16.00
03194            -600.00      -16.00
03195            -640.00      -12.00
03196            -680.00      -12.00
03197            -720.00      -16.00
03198            -760.00      -20.00
03199            -800.00      -12.00
03200            -840.00      -20.00
03201            -840.00      -16.00
03202            -880.00      -20.00
03203            -920.00      -20.00
03204            -840.00      -24.00
03205            -800.00      -12.00
03206            -800.00      -16.00
03207            -800.00      -16.00
03208            -720.00      -20.00
03209            -720.00      -16.00
03210            -640.00      -16.00
03211            -600.00      -16.00
03212            -560.00      -16.00
03213            -480.00      -20.00
03214            -480.00      -20.00
03215            -480.00      -16.00
03216            -440.00      -20.00
03217            -480.00      -20.00
03218            -480.00      -16.00
03219            -560.00      -12.00
03220            -600.00      -12.00
03221            -640.00      -20.00
03222            -640.00      -16.00
03223            -640.00      -20.00
03224            -640.00      -24.00
03225            -520.00      -20.00
03226            -480.00      -20.00
03227            -400.00      -12.00
03228            -280.00      -16.00
03229            -200.00      -16.00
03230             -80.00      -16.00
03231              40.00      -20.00
03232             200.00      -12.00
03233             280.00      -28.00
03234             400.00      -20.00
03235             520.00      -20.00
03236             680.00      -20.00
03237             840.00      -16.00
03238            1000.00      -20.00
03239            1160.00      -16.00
03240            1280.00      -20.00
03241            1400.00      -16.00
03242            1480.00      -20.00
03243            1560.00      -16.00
03244            1680.00      -20.00
03245            1720.00      -20.00
03246            1760.00      -12.00
03247            1840.00      -16.00
03248            1880.00      -16.00
03249            1920.00      -24.00
03250            1920.00      -20.00
03251            1920.00      -12.00
03252            1880.00      -20.00
03253            1920.00      -24.00
03254            1880.00      -20.00
03255            1840.00      -16.00
03256            1840.00      -16.00
03257            1760.00      -16.00
03258            1680.00      -16.00
03259            1600.00      -20.00
03260            1520.00      -20.00
03261               0.00      500.00
03262               0.00      500.00
03263               0.00      500.00
03264               0.00      -36.00
03265              80.00      -32.00
03266              80.00      -36.00
03267              80.00      -36.00
03268             120.00      -36.00
03269              80.00      -36.00
03270              80.00      -36.00
03271              40.00      -36.00
03272               0.00      -36.00
03273             -80.00      -36.00
03274            -160.00      -32.00
03275            -200.00      -32.00
03276            -280.00      -28.00
03277            -360.00      -28.00
03278            -400.00      -32.00
03279            -440.00      -32.00
03280            -560.00      -28.00
03281            -560.00      -28.00
03282            -600.00      -28.00
03283            -640.00      -32.00
03284            -680.00      -28.00
03285            -760.00      -24.00
03286            -800.00      -24.00
03287            -920.00      -28.00
03288            -960.00      -28.00
03289           -1040.00      -28.00
03290           -1120.00      -32.00
03291           -1240.00      -28.00
03292           -1280.00      -24.00
03293           -1440.00      -28.00
03294           -1520.00      -28.00
03295           -1600.00      -24.00
03296           -1680.00      -24.00
03297           -1760.00      -24.00
03298           -1840.00      -24.00
03299           -1920.00      -24.00
03300           -1960.00      -20.00
03301           -2000.00      -28.00
03302           -2080.00      -24.00
03303           -2080.00      -20.00
03304           -2120.00      -24.00
03305           -2120.00      -20.00
03306           -2040.00      -28.00
03307           -2040.00      -20.00
03308           -2040.00      -24.00
03309           -1960.00      -24.00
03310           -1920.00      -24.00
03311           -1880.00      -20.00
03312           -1840.00      -24.00
03313           -1720.00      -24.00
03314           -1680.00      -20.00
03315           -1600.00      -24.00
03316           -1560.00      -20.00
03317           -1440.00      -20.00
03318           -1360.00      -20.00
03319           -1280.00      -20.00
03320           -1160.00        0.00
03321           -1040.00      -20.00
03322            -880.00      -24.00
03323            -760.00      -16.00
03324            -640.00      -20.00
03325            -520.00      -24.00
03326            -400.00      -20.00
03327            -240.00      -24.00
03328            -120.00      -20.00
03329               0.00      -20.00
03330              80.00      -24.00
03331             200.00      -20.00
03332             280.00      -16.00
03333             360.00      -20.00
03334             480.00      -24.00
03335             480.00      -16.00
03336             560.00      -20.00
03337             600.00      -16.00
03338             640.00      -16.00
03339             680.00      -16.00
03340             760.00      -20.00
03341             800.00      -16.00
03342             880.00      -12.00
03343             920.00      -16.00
03344            1000.00      -20.00
03345            1040.00      -16.00
03346            1200.00      -12.00
03347            1280.00      -16.00
03348            1440.00      -16.00
03349            1520.00      -20.00
03350            1640.00      -20.00
03351            1760.00      -24.00
03352            1840.00      -16.00
03353            1880.00      -16.00
03354            1960.00      -20.00
03355            2000.00      -16.00
03356            2040.00      -20.00
03357            2040.00      -20.00
03358            2040.00      -20.00
03359            2000.00      -16.00
03360            2000.00      -12.00
03361            2000.00      -16.00
03362            1960.00      -16.00
03363            2000.00      -16.00
03364            1960.00      -20.00
03365            1960.00      -16.00
03366            2000.00      -16.00
03367            2000.00      -20.00
03368            2040.00      -12.00
03369            2040.00      -20.00
03370            2040.00      -16.00
03371            2040.00      -20.00
03372            2000.00      -20.00
03373            2000.00      -24.00
03374            1920.00      -24.00
03375            1880.00      -16.00
03376            1800.00      -20.00
03377            1720.00      -20.00
03378            1640.00      -16.00
03379            1480.00      -12.00
03380            1400.00      -16.00
03381            1280.00      -16.00
03382            1160.00      -24.00
03383            1040.00      -20.00
03384             880.00      -16.00
03385             720.00      -16.00
03386             600.00      -16.00
03387             480.00      -20.00
03388             360.00      -20.00
03389             240.00      -20.00
03390              80.00      -16.00
03391              40.00      -12.00
03392             -80.00      -12.00
03393             -80.00      -20.00
03394            -120.00      -16.00
03395            -200.00      -16.00
03396            -200.00      -16.00
03397            -240.00      -20.00
03398            -240.00      -16.00
03399            -280.00      -16.00
03400            -280.00      -12.00
03401            -360.00      -20.00
03402            -400.00      -16.00
03403            -440.00      -20.00
03404            -440.00      -12.00
03405            -440.00      -20.00
03406            -480.00      -16.00
03407            -480.00      -12.00
03408            -480.00      -16.00
03409            -480.00      -20.00
03410            -440.00      -20.00
03411            -480.00      -20.00
03412            -440.00      -20.00
03413            -440.00      -12.00
03414            -440.00      -20.00
03415            -480.00      -20.00
03416            -520.00      -20.00
03417            -520.00      -16.00
03418            -560.00      -16.00
03419            -520.00      -16.00
03420            -560.00      -12.00
03421            -560.00      -16.00
03422            -560.00      -20.00
03423            -600.00      -16.00
03424            -640.00      -16.00
03425            -680.00      -16.00
03426            -720.00      -16.00
03427            -760.00      -16.00
03428            -800.00      -20.00
03429            -800.00      -16.00
03430            -840.00      -16.00
03431            -880.00      -16.00
03432            -880.00      -16.00
03433            -880.00      -20.00
03434            -840.00      -16.00
03435            -840.00      -20.00
03436            -760.00      -16.00
03437            -760.00      -16.00
03438            -720.00      -16.00
03439            -680.00      -16.00
03440            -640.00      -16.00
03441            -680.00      -16.00
03442            -640.00      -20.00
03443            -640.00      -16.00
03444            -600.00      -12.00
03445            -640.00      -12.00
03446            -680.00      -20.00
03447            -720.00      -20.00
03448            -760.00      -12.00
03449            -800.00      -16.00
03450            -840.00      -16.00
03451            -840.00      -12.00
03452            -880.00      -12.00
03453            -840.00      -16.00
03454            -880.00      -20.00
03455            -840.00      -16.00
03456            -800.00      -12.00
03457            -760.00      -16.00
03458            -760.00      -16.00
03459            -720.00      -16.00
03460            -680.00      -16.00
03461            -600.00      -16.00
03462            -560.00      -16.00
03463            -520.00      -20.00
03464            -480.00      -12.00
03465            -440.00      -16.00
03466            -440.00      -16.00
03467            -440.00      -16.00
03468            -520.00      -16.00
03469            -560.00      -16.00
03470            -600.00      -12.00
03471            -640.00      -16.00
03472            -640.00      -12.00
03473            -640.00      -16.00
03474            -600.00      -12.00
03475            -520.00      -16.00
03476            -480.00      -16.00
03477            -400.00      -20.00
03478            -320.00      -12.00
03479            -200.00      -12.00
03480             -80.00      -12.00
03481              40.00      -16.00
03482             160.00      -16.00
03483             320.00      -16.00
03484             440.00      -12.00
03485             560.00      -16.00
03486             720.00      -12.00
03487             840.00      -16.00
03488             960.00      -12.00
03489            1160.00      -16.00
03490            1280.00      -16.00
03491            1360.00      -16.00
03492            1480.00      -16.00
03493            1560.00      -12.00
03494            1640.00      -16.00
03495            1720.00      -12.00
03496            1800.00      -12.00
03497            1840.00      -16.00
03498            1840.00      -12.00
03499            1880.00      -12.00
03500            1920.00      -16.00
03501            1880.00      -16.00
03502            1920.00      -12.00
03503            1920.00      -12.00
03504            1880.00      -16.00
03505            1840.00       -4.00
03506            1840.00      -16.00
03507            1760.00      -12.00
03508            1720.00      -12.00
03509            1640.00      -16.00
03510            1520.00      -16.00
03511               0.00      500.00
03512               0.00      500.00
03513              40.00      500.00
03514              40.00      -32.00
03515              80.00      -28.00
03516              80.00      -28.00
03517              80.00      -28.00
03518              80.00      -32.00
03519              80.00      -28.00
03520              40.00      -32.00
03521               0.00      -28.00
03522             -40.00      -28.00
03523             -40.00      -28.00
03524            -120.00      -28.00
03525            -240.00      -32.00
03526            -280.00      -32.00
03527            -360.00      -28.00
03528            -400.00      -32.00
03529            -440.00      -28.00
03530            -480.00      -28.00
03531            -560.00      -28.00
03532            -560.00      -24.00
03533            -640.00      -28.00
03534            -680.00      -24.00
03535            -760.00      -24.00
03536            -840.00      -24.00
03537            -880.00      -24.00
03538            -960.00      -24.00
03539           -1040.00      -24.00
03540           -1120.00      -28.00
03541           -1240.00      -24.00
03542           -1280.00      -24.00
03543           -1400.00      -24.00
03544           -1480.00      -24.00
03545           -1560.00      -24.00
03546           -1680.00      -20.00
03547           -1800.00      -24.00
03548           -1840.00      -24.00
03549           -1880.00      -24.00
03550           -1960.00      -20.00
03551           -2000.00      -24.00
03552           -2040.00      -20.00
03553           -2080.00      -24.00
03554           -2080.00      -20.00
03555           -2080.00      -20.00
03556           -2080.00      -24.00
03557           -2040.00      -24.00
03558           -2000.00      -20.00
03559           -1960.00      -20.00
03560           -1920.00      -16.00
03561           -1920.00      -16.00
03562           -1800.00      -24.00
03563           -1760.00      -20.00
03564           -1680.00      -16.00
03565           -1600.00      -20.00
03566           -1520.00      -16.00
03567           -1480.00      -24.00
03568           -1360.00      -16.00
03569           -1280.00      -20.00
03570           -1160.00      -16.00
03571           -1040.00      -20.00
03572            -920.00      -20.00
03573            -800.00      -20.00
03574            -640.00      -24.00
03575            -520.00      -20.00
03576            -400.00      -16.00
03577            -240.00      -20.00
03578             -80.00      -20.00
03579             -40.00      -12.00
03580             120.00      -20.00
03581             200.00      -20.00
03582             320.00      -20.00
03583             400.00      -20.00
03584             440.00      -20.00
03585             480.00      -20.00
03586             560.00      -20.00
03587             560.00      -20.00
03588             640.00      -20.00
03589             720.00      -20.00
03590             720.00      -16.00
03591             800.00      -24.00
03592             880.00      -24.00
03593             920.00      -20.00
03594            1000.00      -20.00
03595            1080.00      -24.00
03596            1200.00      -28.00
03597            1280.00      -24.00
03598            1400.00      -20.00
03599            1520.00      -16.00
03600            1600.00      -20.00
03601            1720.00      -20.00
03602            1840.00      -20.00
03603            1880.00      -16.00
03604            1960.00      -16.00
03605            2000.00      -20.00
03606            2000.00      -12.00
03607            2040.00      -20.00
03608            2000.00      -16.00
03609            2000.00      -24.00
03610            2040.00      -24.00
03611            1960.00      -20.00
03612            2000.00      -20.00
03613            2000.00      -20.00
03614            1960.00      -20.00
03615            1960.00      -20.00
03616            2000.00      -24.00
03617            2000.00      -20.00
03618            2080.00      -16.00
03619            2040.00      -20.00
03620            2040.00      -20.00
03621            2040.00      -16.00
03622            2000.00      -20.00
03623            2000.00      -20.00
03624            1920.00      -16.00
03625            1880.00      -20.00
03626            1800.00      -20.00
03627            1720.00      -16.00
03628            1640.00      -16.00
03629            1480.00      -20.00
03630            1400.00      -20.00
03631            1280.00      -20.00
03632            1160.00      -20.00
03633            1000.00      -20.00
03634             880.00      -20.00
03635             720.00      -20.00
03636             640.00      -20.00
03637             480.00      -20.00
03638             320.00      -16.00
03639             240.00      -20.00
03640             120.00      -16.00
03641              40.00      -20.00
03642             -40.00      -24.00
03643             -80.00      -20.00
03644            -160.00      -16.00
03645            -200.00      -20.00
03646            -200.00      -16.00
03647            -240.00      -16.00
03648            -240.00      -24.00
03649            -280.00      -16.00
03650            -360.00      -16.00
03651            -400.00      -20.00
03652            -400.00      -20.00
03653            -440.00      -20.00
03654            -440.00      -24.00
03655            -480.00      -20.00
03656            -480.00      -16.00
03657            -520.00      -16.00
03658            -480.00      -16.00
03659            -480.00      -20.00
03660            -480.00      -20.00
03661            -440.00      -24.00
03662            -440.00      -16.00
03663            -440.00      -24.00
03664            -440.00      -20.00
03665            -480.00      -20.00
03666            -480.00      -16.00
03667            -520.00      -16.00
03668            -520.00      -20.00
03669            -560.00      -20.00
03670            -520.00      -16.00
03671            -560.00      -20.00
03672            -560.00      -16.00
03673            -600.00      -16.00
03674            -600.00      -16.00
03675            -720.00      -12.00
03676            -760.00      -20.00
03677            -760.00      -20.00
03678            -800.00      -16.00
03679            -840.00      -16.00
03680            -840.00      -20.00
03681            -840.00      -16.00
03682            -880.00      -20.00
03683            -880.00      -24.00
03684            -880.00      -12.00
03685            -840.00      -12.00
03686            -800.00      -16.00
03687            -760.00      -20.00
03688            -720.00      -16.00
03689            -680.00      -20.00
03690            -680.00      -20.00
03691            -640.00      -16.00
03692            -640.00      -16.00
03693            -600.00      -16.00
03694            -640.00      -20.00
03695            -640.00      -20.00
03696            -680.00      -12.00
03697            -720.00      -16.00
03698            -760.00      -16.00
03699            -800.00      -16.00
03700            -840.00      -16.00
03701            -880.00      -20.00
03702            -880.00      -20.00
03703            -880.00      -12.00
03704            -840.00      -12.00
03705            -800.00      -16.00
03706            -800.00      -20.00
03707            -800.00      -20.00
03708            -720.00      -20.00
03709            -720.00      -16.00
03710            -680.00      -20.00
03711            -600.00      -12.00
03712            -560.00      -16.00
03713            -520.00      -16.00
03714            -480.00      -16.00
03715            -480.00      -20.00
03716            -400.00      -20.00
03717            -480.00      -16.00
03718            -520.00      -20.00
03719            -560.00      -20.00
03720            -600.00      -20.00
03721            -600.00      -20.00
03722            -640.00      -16.00
03723            -600.00      -16.00
03724            -600.00      -24.00
03725            -560.00      -16.00
03726            -480.00      -16.00
03727            -400.00      -16.00
03728            -320.00      -20.00
03729            -160.00      -16.00
03730             -80.00      -16.00
03731              40.00      -16.00
03732             160.00      -12.00
03733             280.00      -12.00
03734             440.00      -16.00
03735             560.00      -16.00
03736             720.00      -16.00
03737             880.00      -20.00
03738            1000.00      -20.00
03739            1120.00      -12.00
03740            1320.00      -20.00
03741            1400.00      -16.00
03742            1480.00      -12.00
03743            1560.00      -12.00
03744            1640.00      -16.00
03745            1720.00      -12.00
03746            1800.00      -20.00
03747            1840.00      -16.00
03748            1880.00      -20.00
03749            1880.00      -16.00
03750            1920.00      -16.00
03751            1840.00      -12.00
03752            1880.00      -16.00
03753            1920.00      -20.00
03754            1880.00      -16.00
03755            1880.00      -16.00
03756            1800.00      -16.00
03757            1760.00      -12.00
03758            1680.00      -16.00
03759            1600.00      -16.00
03760            1520.00      -16.00
03761               0.00      500.00
03762               0.00      500.00
03763               0.00      500.00
03764              40.00      -28.00
03765              80.00      -32.00
03766              80.00      -40.00
03767              80.00      -36.00
03768              80.00      -36.00
03769              80.00      -32.00
03770              40.00      -28.00
03771              40.00      -28.00
03772             -40.00      -32.00
03773             -80.00      -28.00
03774            -120.00      -28.00
03775            -200.00      -28.00
03776            -280.00      -28.00
03777            -320.00      -32.00
03778            -400.00      -28.00
03779            -400.00      -28.00
03780            -520.00      -24.00
03781            -560.00      -24.00
03782            -600.00      -32.00
03783            -640.00      -24.00
03784            -720.00      -28.00
03785            -760.00      -24.00
03786            -840.00      -28.00
03787            -880.00      -24.00
03788            -920.00      -28.00
03789           -1040.00      -20.00
03790           -1120.00      -24.00
03791           -1200.00      -20.00
03792           -1320.00      -24.00
03793           -1400.00      -20.00
03794           -1520.00      -24.00
03795           -1600.00      -24.00
03796           -1680.00      -24.00
03797           -1760.00      -20.00
03798           -1840.00      -16.00
03799           -1920.00      -20.00
03800           -1960.00      -20.00
03801           -2000.00      -16.00
03802           -2040.00      -28.00
03803           -2040.00      -20.00
03804           -2080.00      -24.00
03805           -2080.00      -20.00
03806           -2080.00      -20.00
03807           -2080.00      -16.00
03808           -2000.00      -20.00
03809           -2000.00      -16.00
03810           -1960.00      -20.00
03811           -1880.00      -20.00
03812           -1800.00      -16.00
03813           -1760.00      -20.00
03814           -1680.00      -16.00
03815           -1600.00      -16.00
03816           -1520.00      -20.00
03817           -1440.00      -20.00
03818           -1360.00      -16.00
03819           -1240.00      -16.00
03820           -1160.00      -16.00
03821           -1040.00      -20.00
03822            -880.00      -24.00
03823            -840.00      -16.00
03824            -680.00      -16.00
03825            -520.00      -16.00
03826            -360.00      -16.00
03827            -280.00      -16.00
03828             -80.00      -16.00
03829             -40.00      -20.00
03830              80.00      -20.00
03831             200.00      -20.00
03832             280.00      -16.00
03833             360.00      -12.00
03834             400.00      -16.00
03835             480.00      -16.00
03836             560.00      -16.00
03837             560.00      -16.00
03838             600.00      -20.00
03839             720.00      -20.00
03840             720.00      -20.00
03841             800.00      -16.00
03842             840.00      -20.00
03843             920.00      -16.00
03844            1000.00      -12.00
03845            1080.00      -16.00
03846            1200.00      -12.00
03847            1280.00      -16.00
03848            1400.00      -16.00
03849            1520.00      -16.00
03850            1640.00      -16.00
03851            1720.00      -16.00
03852            1800.00      -16.00
03853            1920.00      -16.00
03854            1960.00      -12.00
03855            2000.00      -12.00
03856            2040.00      -16.00
03857            2040.00      -12.00
03858            2040.00      -20.00
03859            2040.00      -20.00
03860            2000.00      -12.00
03861            2000.00      -16.00
03862            1960.00      -20.00
03863            1960.00      -20.00
03864            1960.00      -12.00
03865            1960.00      -12.00
03866            2000.00      -16.00
03867            2040.00      -16.00
03868            2040.00      -16.00
03869            2040.00      -16.00
03870            2040.00      -16.00
03871            2040.00      -12.00
03872            2000.00      -16.00
03873            2000.00      -16.00
03874            1920.00      -16.00
03875            1840.00      -12.00
03876            1800.00      -12.00
03877            1720.00      -16.00
03878            1640.00      -20.00
03879            1520.00      -16.00
03880            1400.00      -12.00
03881            1280.00      -16.00
03882            1160.00      -12.00
03883            1040.00      -16.00
03884             880.00      -12.00
03885             720.00      -12.00
03886             600.00      -16.00
03887             480.00      -16.00
03888             320.00      -16.00
03889             160.00      -20.00
03890             120.00      -12.00
03891              40.00      -16.00
03892             -40.00      -16.00
03893             -80.00      -12.00
03894            -120.00      -12.00
03895            -160.00      -12.00
03896            -200.00      -16.00
03897            -240.00      -16.00
03898            -240.00      -12.00
03899            -280.00      -16.00
03900            -360.00      -12.00
03901            -360.00      -16.00
03902            -400.00      -16.00
03903            -440.00      -16.00
03904            -440.00       -8.00
03905            -480.00      -20.00
03906            -480.00      -20.00
03907            -480.00      -16.00
03908            -480.00      -16.00
03909            -440.00      -16.00
03910            -480.00      -20.00
03911            -440.00      -24.00
03912            -400.00      -12.00
03913            -400.00      -16.00
03914            -480.00      -16.00
03915            -480.00      -20.00
03916            -480.00      -20.00
03917            -520.00      -16.00
03918            -520.00      -16.00
03919            -560.00      -16.00
03920            -520.00      -20.00
03921            -560.00      -12.00
03922            -600.00      -12.00
03923            -600.00      -16.00
03924            -640.00      -24.00
03925            -720.00      -16.00
03926            -720.00      -20.00
03927            -720.00      -16.00
03928            -800.00      -20.00
03929            -840.00      -20.00
03930            -840.00      -16.00
03931            -880.00      -12.00
03932            -880.00      -16.00
03933            -840.00      -20.00
03934            -840.00      -20.00
03935            -800.00      -12.00
03936            -800.00      -20.00
03937            -800.00      -20.00
03938            -760.00      -16.00
03939            -720.00      -20.00
03940            -680.00      -16.00
03941            -640.00      -24.00
03942            -640.00      -20.00
03943            -640.00      -16.00
03944            -640.00      -16.00
03945            -640.00      -20.00
03946            -680.00      -20.00
03947            -720.00      -20.00
03948            -760.00      -20.00
03949            -800.00      -16.00
03950            -840.00      -16.00
03951            -880.00      -16.00
03952            -880.00      -20.00
03953            -880.00      -16.00
03954            -840.00      -20.00
03955            -840.00      -16.00
03956            -840.00      -16.00
03957            -800.00      -20.00
03958            -760.00      -16.00
03959            -720.00      -16.00
03960            -720.00      -12.00
03961            -640.00      -16.00
03962            -560.00      -20.00
03963            -520.00      -20.00
03964            -480.00      -16.00
03965            -440.00      -16.00
03966            -440.00      -16.00
03967            -480.00      -20.00
03968            -520.00      -20.00
03969            -560.00      -20.00
03970            -600.00      -20.00
03971            -640.00      -20.00
03972            -640.00      -16.00
03973            -640.00      -16.00
03974            -600.00      -16.00
03975            -560.00      -20.00
03976            -480.00      -20.00
03977            -400.00      -16.00
03978            -320.00      -16.00
03979            -200.00      -16.00
03980             -80.00      -20.00
03981               0.00      -20.00
03982             160.00      -16.00
03983             280.00      -16.00
03984             400.00      -16.00
03985             560.00      -16.00
03986             680.00      -20.00
03987             880.00      -20.00
03988            1040.00      -20.00
03989            1160.00      -16.00
03990            1280.00      -20.00
03991            1400.00      -16.00
03992            1480.00      -20.00
03993            1560.00      -20.00
03994            1640.00      -20.00
03995            1720.00      -16.00
03996            1760.00      -16.00
03997            1840.00      -16.00
03998            1880.00      -16.00
03999            1920.00      -16.00
04000            1920.00      -20.00
04001            1880.00      -16.00
04002            1880.00      -16.00
04003            1920.00      -20.00
04004            1920.00      -16.00
04005            1840.00      -20.00
04006            1840.00      -20.00
04007            1760.00      -16.00
04008            1680.00      -12.00
04009            1600.00      -20.00
04010            1520.00      -16.00
04011               0.00      500.00
04012               0.00      500.00
04013              40.00      500.00
04014              40.00      -36.00
04015              40.00      -36.00
04016              80.00      -36.00
04017              80.00      -36.00
04018              80.00      -36.00
04019              80.00      -32.00
04020              80.00      -32.00
04021              40.00      -24.00
04022               0.00      -40.00
04023             -80.00      -32.00
04024            -120.00      -36.00
04025            -200.00      -28.00
04026            -280.00      -32.00
04027            -320.00      -28.00
04028            -400.00      -28.00
04029            -440.00      -32.00
04030            -520.00      -28.00
04031            -560.00      -28.00
04032            -600.00      -28.00
04033            -640.00      -32.00
04034            -720.00      -28.00
04035            -720.00      -28.00
04036            -800.00      -32.00
04037            -880.00      -28.00
04038           -1000.00      -28.00
04039           -1040.00      -28.00
04040           -1120.00      -28.00
04041           -1240.00      -24.00
04042           -1320.00      -24.00
04043           -1400.00      -24.00
04044           -1480.00      -28.00
04045           -1560.00      -20.00
04046           -1680.00      -24.00
04047           -1760.00      -20.00
04048           -1840.00      -24.00
04049           -1920.00      -20.00
04050           -1960.00      -20.00
04051           -2000.00      -24.00
04052           -2040.00      -24.00
04053           -2040.00      -24.00
04054           -2080.00      -20.00
04055           -2080.00      -20.00
04056           -2080.00      -24.00
04057           -2040.00      -24.00
04058           -2040.00      -28.00
04059           -1960.00      -24.00
04060           -1920.00      -20.00
04061           -1880.00      -20.00
04062           -1840.00      -24.00
04063           -1800.00      -20.00
04064           -1680.00      -20.00
04065           -1600.00      -16.00
04066           -1520.00      -20.00
04067           -1440.00      -28.00
04068           -1360.00      -20.00
04069           -1240.00      -20.00
04070           -1160.00      -20.00
04071           -1040.00      -16.00
04072            -920.00      -24.00
04073            -800.00      -20.00
04074            -680.00      -20.00
04075            -480.00      -20.00
04076            -360.00      -20.00
04077            -280.00      -16.00
04078            -120.00      -24.00
04079             -40.00      -16.00
04080              80.00      -20.00
04081             200.00      -24.00
04082             280.00      -16.00
04083             360.00      -16.00
04084             400.00      -16.00
04085             480.00      -24.00
04086             560.00      -20.00
04087             600.00      -16.00
04088             640.00      -16.00
04089             680.00      -20.00
04090             760.00      -24.00
04091             760.00      -16.00
04092             880.00      -16.00
04093             920.00      -12.00
04094            1000.00      -20.00
04095            1080.00      -20.00
04096            1200.00      -12.00
04097            1280.00      -20.00
04098            1440.00      -16.00
04099            1480.00      -20.00
04100            1640.00      -16.00
04101            1720.00      -16.00
04102            1840.00      -16.00
04103            1920.00      -16.00
04104            1960.00      -16.00
04105            2000.00      -20.00
04106            2040.00      -12.00
04107            2040.00      -20.00
04108            2040.00      -12.00
04109            2000.00      -16.00
04110            2000.00      -16.00
04111            1960.00      -16.00
04112            1960.00      -12.00
04113            1960.00      -20.00
04114            2000.00      -20.00
04115            1960.00      -20.00
04116            1960.00      -16.00
04117            2000.00      -20.00
04118            2000.00      -12.00
04119            2040.00      -20.00
04120            2040.00      -20.00
04121            2040.00      -16.00
04122            2040.00      -16.00
04123            2000.00      -20.00
04124            1960.00      -20.00
04125            1880.00      -20.00
04126            1800.00      -16.00
04127            1720.00      -16.00
04128            1600.00      -16.00
04129            1520.00      -12.00
04130            1440.00      -16.00
04131            1320.00      -20.00
04132            1160.00      -16.00
04133            1040.00      -16.00
04134             880.00      -20.00
04135             760.00      -20.00
04136             600.00      -20.00
04137             440.00      -20.00
04138             360.00      -16.00
04139             240.00      -12.00
04140             120.00      -16.00
04141              40.00      -24.00
04142             -40.00      -20.00
04143             -80.00      -16.00
04144            -120.00      -20.00
04145            -160.00      -16.00
04146            -160.00      -12.00
04147            -240.00      -20.00
04148            -280.00      -12.00
04149            -280.00      -16.00
04150            -320.00      -16.00
04151            -360.00      -16.00
04152            -400.00      -20.00
04153            -440.00      -16.00
04154            -440.00      -20.00
04155            -440.00      -12.00
04156            -480.00      -16.00
04157            -520.00      -20.00
04158            -440.00      -12.00
04159            -440.00      -16.00
04160            -480.00      -20.00
04161            -440.00      -20.00
04162            -400.00      -16.00
04163            -440.00      -20.00
04164            -480.00      -16.00
04165            -480.00      -16.00
04166            -480.00      -16.00
04167            -520.00      -12.00
04168            -560.00      -16.00
04169            -560.00      -12.00
04170            -560.00      -16.00
04171            -560.00      -16.00
04172            -560.00      -16.00
04173            -600.00      -20.00
04174            -640.00      -16.00
04175            -680.00      -20.00
04176            -720.00      -16.00
04177            -760.00      -16.00
04178            -800.00      -16.00
04179            -800.00      -20.00
04180            -840.00      -12.00
04181            -880.00      -16.00
04182            -880.00      -16.00
04183            -880.00      -16.00
04184            -880.00      -20.00
04185            -840.00      -12.00
04186            -840.00      -16.00
04187            -760.00      -16.00
04188            -720.00      -12.00
04189            -680.00      -12.00
04190            -680.00      -16.00
04191            -640.00      -24.00
04192            -600.00      -16.00
04193            -640.00      -16.00
04194            -640.00      -20.00
04195            -640.00      -20.00
04196            -720.00      -12.00
04197            -720.00      -12.00
04198            -760.00      -12.00
04199            -800.00      -20.00
04200            -840.00      -20.00
04201            -840.00      -16.00
04202            -880.00      -16.00
04203            -880.00      -16.00
04204            -840.00      -16.00
04205            -840.00      -12.00
04206            -800.00      -12.00
04207            -760.00      -12.00
04208            -720.00      -16.00
04209            -720.00      -16.00
04210            -640.00      -16.00
04211            -640.00      -12.00
04212            -560.00      -16.00
04213            -520.00      -20.00
04214            -440.00      -16.00
04215            -480.00      -12.00
04216            -440.00      -16.00
04217            -480.00      -16.00
04218            -520.00      -16.00
04219            -560.00      -16.00
04220            -600.00      -12.00
04221            -640.00      -16.00
04222            -680.00      -12.00
04223            -640.00      -16.00
04224            -640.00      -16.00
04225            -560.00      -16.00
04226            -520.00      -16.00
04227            -400.00      -12.00
04228            -320.00      -12.00
04229            -240.00      -12.00
04230             -80.00      -12.00
04231              40.00      -12.00
04232             160.00      -12.00
04233             320.00      -16.00
04234             400.00      -12.00
04235             560.00      -12.00
04236             680.00      -16.00
04237             840.00      -16.00
04238            1000.00      -12.00
04239            1120.00      -16.00
04240            1280.00      -12.00
04241            1360.00      -16.00
04242            1480.00      -24.00
04243            1560.00      -12.00
04244            1640.00      -12.00
04245            1720.00      -12.00
04246            1800.00      -16.00
04247            1800.00      -20.00
04248            1880.00      -16.00
04249            1880.00      -20.00
04250            1880.00      -16.00
04251            1880.00      -12.00
04252            1920.00      -16.00
04253            1880.00      -16.00
04254            1920.00      -12.00
04255            1880.00      -20.00
04256            1840.00      -16.00
04257            1760.00      -16.00
04258            1680.00      -12.00
04259            1600.00      -16.00
04260            1520.00      -20.00
04261               0.00      500.00
04262              40.00      500.00
04263              40.00      500.00
04264              40.00      -28.00
04265              40.00      -40.00
04266              80.00      -36.00
04267              80.00      -36.00
04268              80.00      -36.00
04269              80.00      -32.00
04270              40.00      -28.00
04271               0.00      -32.00
04272               0.00      -28.00
04273             -40.00      -28.00
04274            -120.00      -28.00
04275            -200.00      -24.00
04276            -240.00      -24.00
04277            -360.00      -28.00
04278            -400.00      -28.00
04279            -400.00      -32.00
04280            -480.00      -28.00
04281            -560.00      -24.00
04282            -600.00      -24.00
04283            -640.00      -20.00
04284            -680.00      -28.00
04285            -760.00      -28.00
04286            -840.00      -28.00
04287            -880.00      -28.00
04288            -920.00      -20.00
04289           -1000.00      -28.00
04290           -1120.00      -28.00
04291           -1240.00      -24.00
04292           -1320.00      -24.00
04293           -1400.00      -24.00
04294           -1480.00      -24.00
04295           -1560.00      -24.00
04296           -1680.00      -28.00
04297           -1760.00      -24.00
04298           -1840.00      -24.00
04299           -1920.00      -16.00
04300           -1960.00      -24.00
04301           -2000.00      -20.00
04302           -2080.00      -24.00
04303           -2080.00      -24.00
04304           -2080.00      -24.00
04305           -2080.00      -24.00
04306           -2080.00      -24.00
04307           -2040.00      -20.00
04308           -2000.00      -20.00
04309           -1960.00      -28.00
04310           -1920.00      -24.00
04311           -1880.00      -20.00
04312           -1840.00      -24.00
04313           -1760.00      -24.00
04314           -1680.00      -20.00
04315           -1640.00      -20.00
04316           -1520.00      -24.00
04317           -1400.00      -24.00
04318           -1360.00      -20.00
04319           -1280.00      -20.00
04320           -1160.00      -20.00
04321           -1080.00      -16.00
04322            -920.00      -24.00
04323            -760.00      -24.00
04324            -680.00      -16.00
04325            -480.00      -20.00
04326            -360.00      -20.00
04327            -280.00      -20.00
04328            -160.00      -24.00
04329               0.00      -20.00
04330              80.00      -20.00
04331             200.00      -24.00
04332             280.00      -16.00
04333             360.00      -28.00
04334             400.00      -20.00
04335             520.00      -24.00
04336             560.00      -20.00
04337             600.00      -24.00
04338             680.00      -20.00
04339             680.00      -24.00
04340             720.00      -12.00
04341             800.00      -24.00
04342             880.00      -20.00
04343             920.00      -16.00
04344            1040.00      -20.00
04345            1080.00      -20.00
04346            1240.00      -28.00
04347            1280.00      -16.00
04348            1440.00      -20.00
04349            1520.00      -20.00
04350            1640.00      -16.00
04351            1720.00      -24.00
04352            1800.00      -20.00
04353            1920.00      -16.00
04354            1960.00      -20.00
04355            2000.00      -20.00
04356            2040.00      -20.00
04357            2000.00      -16.00
04358            2040.00      -12.00
04359            2040.00      -16.00
04360            2000.00      -20.00
04361            2000.00      -20.00
04362            2000.00      -20.00
04363            2000.00      -20.00
04364            1960.00      -20.00
04365            2000.00      -20.00
04366            1960.00      -24.00
04367            2000.00      -20.00
04368            2040.00      -16.00
04369            2040.00      -20.00
04370            2040.00      -20.00
04371            2040.00      -20.00
04372            2040.00      -16.00
04373            2000.00      -24.00
04374            1920.00      -20.00
04375            1880.00      -16.00
04376            1800.00      -20.00
04377            1720.00      -12.00
04378            1640.00      -12.00
04379            1520.00      -16.00
04380            1400.00      -16.00
04381            1280.00      -16.00
04382            1160.00      -20.00
04383            1080.00      -16.00
04384             880.00      -16.00
04385             720.00      -20.00
04386             600.00      -24.00
04387             440.00      -16.00
04388             320.00      -16.00
04389             240.00      -16.00
04390             120.00      -20.00
04391              40.00      -16.00
04392             -80.00      -20.00
04393            -120.00      -20.00
04394            -120.00      -16.00
04395            -160.00      -20.00
04396            -200.00      -16.00
04397            -200.00      -16.00
04398            -240.00      -16.00
04399            -280.00      -16.00
04400            -360.00      -24.00
04401            -400.00      -20.00
04402            -400.00      -20.00
04403            -480.00      -20.00
04404            -440.00      -12.00
04405            -480.00      -16.00
04406            -440.00      -20.00
04407            -480.00      -16.00
04408            -480.00      -20.00
04409            -480.00      -20.00
04410            -440.00      -16.00
04411            -440.00      -16.00
04412            -480.00      -20.00
04413            -440.00      -16.00
04414            -440.00      -16.00
04415            -480.00      -16.00
04416            -480.00      -16.00
04417            -520.00      -16.00
04418            -560.00      -24.00
04419            -480.00      -16.00
04420            -560.00      -16.00
04421            -560.00      -20.00
04422            -560.00      -20.00
04423            -600.00      -24.00
04424            -600.00      -20.00
04425            -720.00      -20.00
04426            -720.00      -16.00
04427            -760.00      -20.00
04428            -800.00      -16.00
04429            -840.00      -20.00
04430            -840.00      -20.00
04431            -840.00      -16.00
04432            -880.00      -16.00
04433            -880.00      -20.00
04434            -840.00      -20.00
04435            -840.00      -16.00
04436            -800.00      -16.00
04437            -760.00      -16.00
04438            -760.00      -20.00
04439            -720.00      -16.00
04440            -640.00      -16.00
04441            -640.00      -16.00
04442            -640.00      -16.00
04443            -640.00      -28.00
04444            -640.00      -12.00
04445            -640.00      -12.00
04446            -680.00      -16.00
04447            -720.00      -20.00
04448            -760.00      -24.00
04449            -800.00      -12.00
04450            -840.00      -16.00
04451            -880.00      -16.00
04452            -880.00      -20.00
04453            -840.00      -16.00
04454            -880.00      -12.00
04455            -840.00      -12.00
04456            -800.00      -16.00
04457            -800.00      -16.00
04458            -760.00      -20.00
04459            -720.00      -20.00
04460            -680.00      -20.00
04461            -640.00      -20.00
04462            -600.00      -20.00
04463            -520.00      -16.00
04464            -480.00      -16.00
04465            -480.00      -16.00
04466            -440.00      -16.00
04467            -480.00      -16.00
04468            -480.00      -20.00
04469            -560.00      -16.00
04470            -600.00      -20.00
04471            -600.00      -20.00
04472            -640.00      -20.00
04473            -640.00      -16.00
04474            -600.00      -12.00
04475            -560.00      -20.00
04476            -480.00      -16.00
04477            -400.00      -16.00
04478            -280.00      -20.00
04479            -240.00      -20.00
04480            -120.00      -20.00
04481              40.00      -20.00
04482             160.00      -16.00
04483             280.00      -16.00
04484             400.00      -16.00
04485             520.00      -16.00
04486             720.00      -16.00
04487             880.00      -20.00
04488            1000.00      -16.00
04489            1120.00      -20.00
04490            1280.00      -16.00
04491            1400.00      -16.00
04492            1520.00      -12.00
04493            1600.00      -16.00
04494            1680.00      -16.00
04495            1680.00      -20.00
04496            1760.00      -12.00
04497            1800.00      -16.00
04498            1880.00      -16.00
04499            1880.00      -16.00
04500            1880.00      -16.00
04501            1920.00      -16.00
04502            1920.00      -16.00
04503            1920.00      -12.00
04504            1880.00      -16.00
04505            1880.00      -12.00
04506            1840.00      -16.00
04507            1720.00      -16.00
04508            1640.00      -16.00
04509            1640.00      -20.00
04510            1560.00      -16.00
04511              40.00      500.00
04512              40.00      500.00
04513              40.00      500.00
04514              80.00      -36.00
04515              80.00      -36.00
04516              80.00      -36.00
04517              80.00      -36.00
04518              80.00      -32.00
04519              80.00      -28.00
04520              40.00      -36.00
04521               0.00      -32.00
04522             -40.00      -28.00
04523             -80.00      -28.00
04524            -120.00      -32.00
04525            -200.00      -28.00
04526            -240.00      -32.00
04527            -320.00      -28.00
04528            -360.00      -28.00
04529            -440.00      -32.00
04530            -520.00      -24.00
04531            -560.00      -20.00
04532            -600.00      -24.00
04533            -680.00      -24.00
04534            -720.00      -28.00
04535            -720.00      -28.00
04536            -840.00      -32.00
04537            -880.00      -24.00
04538            -960.00      -24.00
04539           -1000.00      -24.00
04540           -1120.00      -24.00
04541           -1240.00      -20.00
04542           -1320.00      -20.00
04543           -1360.00      -20.00
04544           -1480.00      -24.00
04545           -1600.00      -20.00
04546           -1680.00      -16.00
04547           -1760.00      -20.00
04548           -1880.00      -24.00
04549           -1920.00      -24.00
04550           -1960.00      -16.00
04551           -2000.00      -20.00
04552           -2040.00      -20.00
04553           -2080.00      -20.00
04554           -2080.00      -12.00
04555           -2120.00      -20.00
04556           -2080.00      -20.00
04557           -2040.00      -20.00
04558           -2000.00      -20.00
04559           -2000.00      -16.00
04560           -1920.00      -20.00
04561           -1880.00      -20.00
04562           -1840.00      -20.00
04563           -1760.00      -16.00
04564           -1680.00      -20.00
04565           -1640.00      -20.00
04566           -1520.00      -20.00
04567           -1480.00      -20.00
04568           -1360.00      -16.00
04569           -1280.00      -20.00
04570           -1200.00      -16.00
04571           -1040.00      -20.00
04572            -920.00      -16.00
04573            -800.00      -16.00
04574            -600.00      -16.00
04575            -520.00      -20.00
04576            -360.00      -20.00
04577            -240.00      -24.00
04578            -160.00      -16.00
04579               0.00      -16.00
04580              80.00      -20.00
04581             200.00      -20.00
04582             320.00      -16.00
04583             400.00      -16.00
04584             440.00      -20.00
04585             520.00      -12.00
04586             520.00      -16.00
04587             600.00      -20.00
04588             640.00      -12.00
04589             680.00      -16.00
04590             720.00      -16.00
04591             800.00      -16.00
04592             880.00      -20.00
04593             880.00      -20.00
04594            1000.00      -16.00
04595            1120.00      -20.00
04596            1200.00      -16.00
04597            1280.00      -20.00
04598            1440.00      -12.00
04599            1520.00      -16.00
04600            1640.00      -16.00
04601            1720.00      -16.00
04602            1840.00      -20.00
04603            1920.00      -16.00
04604            1960.00      -12.00
04605            2000.00      -20.00
04606            2000.00      -16.00
04607            2040.00      -16.00
04608            2080.00      -12.00
04609            2000.00      -12.00
04610            2040.00      -16.00
04611            2000.00      -16.00
04612            2000.00      -20.00
04613            1960.00      -20.00
04614            1960.00      -20.00
04615            1960.00      -16.00
04616            2000.00      -16.00
04617            2000.00      -12.00
04618            2000.00      -16.00
04619            2080.00      -16.00
04620            2040.00      -20.00
04621            2040.00      -16.00
04622            2000.00      -16.00
04623            2000.00      -16.00
04624            1920.00      -16.00
04625            1880.00      -16.00
04626            1800.00      -16.00
04627            1680.00      -16.00
04628            1600.00      -12.00
04629            1520.00      -16.00
04630            1360.00      -20.00
04631            1280.00      -12.00
04632            1200.00      -16.00
04633            1040.00      -16.00
04634             880.00      -16.00
04635             760.00      -16.00
04636             600.00      -12.00
04637             440.00      -20.00
04638             320.00      -16.00
04639             200.00      -16.00
04640             120.00      -16.00
04641               0.00      -12.00
04642             -40.00      -16.00
04643             -80.00      -16.00
04644            -120.00      -16.00
04645            -160.00      -20.00
04646            -200.00      -16.00
04647            -200.00      -16.00
04648            -240.00      -16.00
04649            -280.00      -20.00
04650            -320.00      -12.00
04651            -360.00      -16.00
04652            -400.00      -16.00
04653            -440.00      -16.00
04654            -480.00      -16.00
04655            -480.00      -12.00
04656            -480.00      -20.00
04657            -480.00      -16.00
04658            -480.00      -16.00
04659            -480.00      -16.00
04660            -480.00      -20.00
04661            -480.00      -20.00
04662            -440.00      -16.00
04663            -440.00      -16.00
04664            -440.00      -16.00
04665            -480.00      -16.00
04666            -480.00      -12.00
04667            -520.00      -20.00
04668            -520.00      -20.00
04669            -560.00      -20.00
04670            -520.00      -20.00
04671            -560.00      -16.00
04672            -560.00      -16.00
04673            -600.00      -20.00
04674            -640.00      -24.00
04675            -720.00      -16.00
04676            -720.00      -24.00
04677            -760.00      -24.00
04678            -800.00      -20.00
04679            -840.00      -16.00
04680            -840.00      -20.00
04681            -840.00      -16.00
04682            -880.00      -16.00
04683            -880.00      -12.00
04684            -880.00      -12.00
04685            -840.00      -20.00
04686            -800.00      -20.00
04687            -760.00      -20.00
04688            -720.00      -16.00
04689            -720.00      -16.00
04690            -680.00      -20.00
04691            -680.00      -20.00
04692            -640.00      -20.00
04693            -600.00      -12.00
04694            -640.00      -16.00
04695            -680.00      -12.00
04696            -640.00      -20.00
04697            -720.00      -16.00
04698            -760.00      -16.00
04699            -840.00      -16.00
04700            -840.00      -16.00
04701            -880.00      -24.00
04702            -880.00      -16.00
04703            -880.00      -16.00
04704            -880.00      -12.00
04705            -840.00      -16.00
04706            -840.00      -20.00
04707            -760.00      -20.00
04708            -760.00      -16.00
04709            -720.00      -16.00
04710            -680.00      -16.00
04711            -640.00      -16.00
04712            -600.00      -12.00
04713            -520.00      -16.00
04714            -480.00      -20.00
04715            -440.00      -16.00
04716            -440.00      -16.00
04717            -480.00      -20.00
04718            -520.00      -20.00
04719            -560.00      -12.00
04720            -560.00      -24.00
04721            -640.00      -20.00
04722            -640.00      -20.00
04723            -640.00      -20.00
04724            -600.00      -24.00
04725            -560.00      -20.00
04726            -480.00      -24.00
04727            -440.00      -16.00
04728            -280.00      -16.00
04729            -200.00      -16.00
04730             -80.00      -20.00
04731              40.00      -20.00
04732             160.00      -16.00
04733             240.00      -16.00
04734             440.00      -20.00
04735             560.00      -20.00
04736             720.00      -16.00
04737             840.00      -16.00
04738            1000.00      -16.00
04739            1200.00      -20.00
04740            1240.00      -16.00
04741            1360.00      -16.00
04742            1440.00      -20.00
04743            1600.00      -16.00
04744            1640.00      -20.00
04745            1680.00      -24.00
04746            1760.00      -20.00
04747            1800.00      -20.00
04748            1840.00      -20.00
04749            1880.00      -16.00
04750            1920.00      -20.00
04751            1880.00      -16.00
04752            1880.00      -16.00
04753            1920.00      -16.00
04754            1880.00      -12.00
04755            1880.00      -20.00
04756            1800.00      -16.00
04757            1800.00      -20.00
04758            1680.00      -20.00
04759            1600.00      -20.00
04760            1520.00      -24.00
04761               0.00      500.00
04762               0.00      500.00
04763              40.00      500.00
04764             120.00      -40.00
04765              40.00      -44.00
04766              80.00      -40.00
04767              80.00      -32.00
04768             120.00      -36.00
04769              80.00      -36.00
04770              40.00      -32.00
04771              40.00      -32.00
04772               0.00      -36.00
04773             -40.00      -32.00
04774            -120.00      -32.00
04775            -200.00      -36.00
04776            -240.00      -36.00
04777            -320.00      -32.00
04778            -400.00      -32.00
04779            -440.00      -32.00
04780            -520.00      -32.00
04781            -520.00      -28.00
04782            -600.00      -28.00
04783            -640.00      -28.00
04784            -720.00      -32.00
04785            -760.00      -28.00
04786            -800.00      -24.00
04787            -880.00      -28.00
04788            -960.00      -28.00
04789           -1040.00      -28.00
04790           -1120.00      -24.00
04791           -1200.00      -24.00
04792           -1320.00      -28.00
04793           -1400.00      -28.00
04794           -1480.00      -28.00
04795           -1600.00      -32.00
04796           -1680.00      -24.00
04797           -1760.00      -28.00
04798           -1800.00      -28.00
04799           -1920.00      -20.00
04800           -1920.00      -24.00
04801           -2000.00      -28.00
04802           -2040.00      -24.00
04803           -2040.00      -24.00
04804           -2080.00      -20.00
04805           -2080.00      -20.00
04806           -2080.00      -20.00
04807           -2040.00      -28.00
04808           -2040.00      -24.00
04809           -2000.00      -20.00
04810           -1960.00      -20.00
04811           -1880.00      -20.00
04812           -1800.00      -24.00
04813           -1760.00      -24.00
04814           -1680.00      -24.00
04815           -1640.00      -20.00
04816           -1560.00      -24.00
04817           -1440.00      -24.00
04818           -1360.00      -20.00
04819           -1280.00      -16.00
04820           -1160.00      -16.00
04821           -1040.00      -20.00
04822            -920.00      -20.00
04823            -720.00      -20.00
04824            -600.00      -20.00
04825            -520.00      -16.00
04826            -360.00      -20.00
04827            -240.00      -24.00
04828            -120.00      -16.00
04829               0.00      -16.00
04830              80.00      -24.00
04831             200.00      -20.00
04832             280.00      -20.00
04833             400.00      -20.00
04834             440.00      -20.00
04835             480.00      -12.00
04836             520.00      -16.00
04837             600.00      -20.00
04838             680.00      -12.00
04839             640.00      -16.00
04840             760.00      -20.00
04841             800.00      -20.00
04842             880.00      -24.00
04843             880.00      -16.00
04844            1000.00      -20.00
04845            1120.00      -24.00
04846            1160.00      -20.00
04847            1280.00      -20.00
04848            1400.00      -16.00
04849            1520.00      -16.00
04850            1640.00      -16.00
04851            1760.00      -16.00
04852            1840.00      -20.00
04853            1920.00      -20.00
04854            1960.00      -24.00
04855            2000.00      -16.00
04856            2040.00      -20.00
04857            2040.00      -20.00
04858            2000.00      -12.00
04859            2040.00      -16.00
04860            2000.00      -16.00
04861            2000.00      -20.00
04862            2000.00      -16.00
04863            1960.00      -16.00
04864            2000.00      -20.00
04865            1960.00      -20.00
04866            2000.00      -20.00
04867            2000.00      -12.00
04868            2040.00      -16.00
04869            2040.00      -28.00
04870            2040.00      -16.00
04871            2040.00      -12.00
04872            2000.00      -16.00
04873            2000.00      -20.00
04874            1920.00      -20.00
04875            1880.00      -16.00
04876            1800.00      -16.00
04877            1680.00      -20.00
04878            1600.00      -20.00
04879            1520.00      -12.00
04880            1360.00      -16.00
04881            1280.00      -20.00
04882            1200.00      -20.00
04883            1040.00      -20.00
04884             880.00      -16.00
04885             800.00      -16.00
04886             640.00      -20.00
04887             480.00      -20.00
04888             360.00      -16.00
04889             240.00      -16.00
04890             160.00      -16.00
04891               0.00      -20.00
04892               0.00      -20.00
04893             -80.00      -12.00
04894            -120.00      -24.00
04895            -120.00      -20.00
04896            -200.00      -16.00
04897            -240.00      -20.00
04898            -240.00      -16.00
04899            -280.00      -16.00
04900            -320.00      -16.00
04901            -400.00      -20.00
04902            -400.00      -16.00
04903            -440.00      -16.00
04904            -440.00      -16.00
04905            -480.00      -12.00
04906            -480.00      -20.00
04907            -480.00      -12.00
04908            -480.00      -24.00
04909            -480.00      -16.00
04910            -480.00      -16.00
04911            -480.00      -12.00
04912            -440.00      -20.00
04913            -440.00      -20.00
04914            -440.00      -16.00
04915            -480.00      -16.00
04916            -520.00      -12.00
04917            -520.00      -20.00
04918            -520.00      -16.00
04919            -520.00      -16.00
04920            -520.00      -12.00
04921            -560.00      -16.00
04922            -560.00      -16.00
04923            -600.00      -16.00
04924            -600.00      -12.00
04925            -640.00      -20.00
04926            -720.00      -20.00
04927            -760.00      -20.00
04928            -800.00      -16.00
04929            -840.00      -16.00
04930            -880.00      -12.00
04931            -840.00      -16.00
04932            -880.00      -24.00
04933            -880.00      -12.00
04934            -840.00      -16.00
04935            -840.00      -16.00
04936            -800.00      -16.00
04937            -760.00      -16.00
04938            -720.00      -12.00
04939            -720.00      -16.00
04940            -680.00      -16.00
04941            -640.00      -20.00
04942            -640.00      -12.00
04943            -600.00      -16.00
04944            -640.00      -20.00
04945            -640.00      -16.00
04946            -680.00      -16.00
04947            -720.00      -16.00
04948            -760.00      -12.00
04949            -800.00      -12.00
04950            -840.00      -16.00
04951            -840.00      -12.00
04952            -880.00      -12.00
04953            -880.00      -16.00
04954            -840.00      -16.00
04955            -840.00      -16.00
04956            -800.00      -24.00
04957            -760.00      -16.00
04958            -760.00      -16.00
04959            -720.00      -12.00
04960            -640.00      -12.00
04961            -600.00      -20.00
04962            -560.00      -12.00
04963            -560.00      -12.00
04964            -480.00      -16.00
04965            -440.00      -16.00
04966            -440.00      -12.00
04967            -480.00      -16.00
04968            -520.00      -16.00
04969            -520.00      -12.00
04970            -600.00      -20.00
04971            -640.00      -12.00
04972            -640.00       -8.00
04973            -640.00      -16.00
04974            -600.00      -20.00
04975            -520.00      -16.00
04976            -480.00      -16.00
04977            -400.00      -16.00
04978            -280.00      -16.00
04979            -200.00       -4.00
04980             -80.00      -16.00
04981               0.00      -12.00
04982             160.00      -12.00
04983             320.00      -16.00
04984             480.00      -16.00
04985             560.00      -12.00
04986             680.00      -16.00
04987             840.00      -16.00
04988            1000.00      -20.00
04989            1160.00      -12.00
04990            1280.00      -12.00
04991            1440.00      -12.00
04992            1440.00      -12.00
04993            1600.00      -16.00
04994            1680.00      -12.00
04995            1720.00      -16.00
04996            1760.00      -16.00
04997            1840.00      -12.00
04998            1840.00      -20.00
04999            1880.00      -16.00
05000            1920.00      -12.00
