Unit:(mV)
                     CH1         CH2
Frequency              ?   1.054 kHz
Period                 ?  948.767 us
00001            1920.00      -20.00
00002            1880.00      -20.00
00003            1920.00      -16.00
00004            1880.00      -28.00
00005            1840.00      -24.00
00006            1800.00      -24.00
00007            1720.00      -20.00
00008            1640.00      -20.00
00009            1600.00      -20.00
00010            1480.00      -20.00
00011            1440.00      500.00
00012              40.00      500.00
00013              80.00      500.00
00014              80.00      -40.00
00015             120.00      -36.00
00016             160.00      -44.00
00017             160.00      -40.00
00018             120.00      -36.00
00019              80.00      -40.00
00020              80.00      -36.00
00021              80.00      -36.00
00022              40.00      -40.00
00023               0.00      -36.00
00024             -80.00      -36.00
00025            -120.00      -32.00
00026            -200.00      -28.00
00027            -240.00      -32.00
00028            -360.00      -32.00
00029            -400.00      -28.00
00030            -440.00      -40.00
00031            -480.00      -28.00
00032            -560.00      -28.00
00033            -600.00      -36.00
00034            -680.00      -32.00
00035            -680.00      -32.00
00036            -760.00      -24.00
00037            -840.00      -32.00
00038            -920.00      -28.00
00039           -1040.00      -32.00
00040           -1080.00      -24.00
00041           -1240.00      -32.00
00042           -1320.00      -28.00
00043           -1440.00      -28.00
00044           -1480.00      -28.00
00045           -1640.00      -28.00
00046           -1720.00      -28.00
00047           -1760.00      -28.00
00048           -1880.00      -28.00
00049           -1920.00      -28.00
00050           -2000.00      -28.00
00051           -2040.00      -24.00
00052           -2040.00      -28.00
00053           -2080.00      -28.00
00054           -2080.00      -28.00
00055           -2120.00      -24.00
00056           -2080.00      -24.00
00057           -2040.00      -24.00
00058           -2000.00      -28.00
00059           -1960.00      -24.00
00060           -1920.00      -24.00
00061           -1840.00      -24.00
00062           -1800.00      -28.00
00063           -1760.00      -28.00
00064           -1680.00      -20.00
00065           -1640.00      -24.00
00066           -1520.00      -24.00
00067           -1400.00      -20.00
00068           -1360.00      -24.00
00069           -1240.00      -28.00
00070           -1120.00      -20.00
00071           -1040.00      -28.00
00072            -920.00      -20.00
00073            -800.00      -20.00
00074            -640.00      -16.00
00075            -520.00      -16.00
00076            -400.00      -24.00
00077            -240.00      -24.00
00078            -160.00      -24.00
00079             -80.00      -24.00
00080              40.00      -20.00
00081             160.00      -24.00
00082             240.00      -24.00
00083             320.00      -20.00
00084             400.00      -20.00
00085             440.00      -24.00
00086             560.00      -20.00
00087             560.00      -20.00
00088             600.00      -24.00
00089             640.00      -20.00
00090             720.00      -20.00
00091             800.00      -24.00
00092             880.00      -20.00
00093             920.00      -20.00
00094            1000.00      -20.00
00095            1080.00      -20.00
00096            1200.00      -24.00
00097            1280.00      -24.00
00098            1360.00      -20.00
00099            1480.00      -24.00
00100            1600.00      -20.00
00101            1680.00      -24.00
00102            1760.00      -16.00
00103            1840.00      -24.00
00104            1880.00      -16.00
00105            1960.00      -16.00
00106            1960.00      -20.00
00107            1960.00      -24.00
00108            2000.00      -24.00
00109            1960.00      -28.00
00110            2000.00      -16.00
00111            2000.00      -20.00
00112            1960.00      -16.00
00113            1920.00      -16.00
00114            1960.00      -20.00
00115            1960.00      -20.00
00116            1960.00      -20.00
00117            2000.00      -20.00
00118            2000.00      -20.00
00119            2000.00      -24.00
00120            2040.00      -28.00
00121            2000.00      -20.00
00122            2000.00      -20.00
00123            1960.00      -24.00
00124            1920.00      -20.00
00125            1840.00      -16.00
00126            1800.00      -24.00
00127            1680.00      -20.00
00128            1560.00      -20.00
00129            1480.00      -20.00
00130            1400.00      -20.00
00131            1280.00      -20.00
00132            1200.00      -16.00
00133            1000.00      -24.00
00134             880.00      -20.00
00135             720.00      -16.00
00136             560.00      -16.00
00137             480.00      -20.00
00138             320.00      -24.00
00139             200.00      -20.00
00140             120.00      -20.00
00141               0.00      -20.00
00142             -40.00      -20.00
00143            -120.00      -24.00
00144            -120.00      -20.00
00145            -160.00      -20.00
00146            -200.00      -24.00
00147            -200.00      -20.00
00148            -240.00      -16.00
00149            -280.00      -24.00
00150            -320.00      -16.00
00151            -360.00      -20.00
00152            -400.00      -20.00
00153            -400.00      -20.00
00154            -440.00      -16.00
00155            -480.00      -16.00
00156            -480.00      -20.00
00157            -440.00      -16.00
00158            -440.00      -20.00
00159            -440.00      -20.00
00160            -480.00      -20.00
00161            -400.00      -16.00
00162            -440.00      -16.00
00163            -440.00      -16.00
00164            -440.00      -20.00
00165            -440.00      -20.00
00166            -480.00      -24.00
00167            -480.00      -16.00
00168            -480.00      -20.00
00169            -480.00      -16.00
00170            -480.00      -16.00
00171            -480.00      -16.00
00172            -480.00      -20.00
00173            -560.00      -20.00
00174            -560.00      -16.00
00175            -600.00      -16.00
00176            -640.00      -20.00
00177            -680.00      -16.00
00178            -720.00      -16.00
00179            -760.00      -12.00
00180            -800.00      -16.00
00181            -800.00      -16.00
00182            -800.00      -16.00
00183            -800.00      -20.00
00184            -840.00      -16.00
00185            -800.00      -20.00
00186            -760.00      -16.00
00187            -760.00      -20.00
00188            -760.00      -20.00
00189            -720.00      -16.00
00190            -680.00      -16.00
00191            -680.00      -20.00
00192            -640.00      -20.00
00193            -640.00      -24.00
00194            -640.00      -12.00
00195            -600.00      -16.00
00196            -640.00      -24.00
00197            -680.00      -20.00
00198            -760.00      -20.00
00199            -800.00      -16.00
00200            -880.00      -16.00
00201            -920.00      -20.00
00202            -920.00      -20.00
00203            -920.00      -16.00
00204            -920.00      -16.00
00205            -920.00      -16.00
00206            -880.00      -20.00
00207            -840.00      -16.00
00208            -840.00      -12.00
00209            -760.00      -16.00
00210            -760.00      -16.00
00211            -720.00      -16.00
00212            -640.00      -20.00
00213            -600.00      -12.00
00214            -600.00      -16.00
00215            -560.00      -16.00
00216            -560.00      -20.00
00217            -560.00      -16.00
00218            -600.00      -16.00
00219            -600.00      -16.00
00220            -680.00      -20.00
00221            -680.00      -20.00
00222            -680.00      -12.00
00223            -680.00      -16.00
00224            -600.00      -20.00
00225            -560.00      -20.00
00226            -480.00      -16.00
00227            -360.00      -20.00
00228            -280.00      -16.00
00229            -160.00      -16.00
00230               0.00      -12.00
00231              80.00      -20.00
00232             240.00      -20.00
00233             360.00      -16.00
00234             520.00      -16.00
00235             640.00      -16.00
00236             800.00      -16.00
00237             920.00      -16.00
00238            1120.00      -16.00
00239            1240.00      -16.00
00240            1360.00      -16.00
00241            1440.00      -20.00
00242            1520.00      -12.00
00243            1600.00      -20.00
00244            1680.00      -16.00
00245            1720.00      -20.00
00246            1800.00      -16.00
00247            1840.00      -12.00
00248            1840.00      -16.00
00249            1880.00      -12.00
00250            1880.00      -16.00
00251            1920.00      -16.00
00252            1920.00      -20.00
00253            1920.00      -20.00
00254            1920.00      -16.00
00255            1840.00      -12.00
00256            1800.00      -16.00
00257            1760.00      -16.00
00258            1680.00      -12.00
00259            1600.00      -16.00
00260            1520.00      -16.00
00261            1360.00      500.00
00262              80.00      500.00
00263              80.00      500.00
00264             120.00      -36.00
00265             120.00      -28.00
00266             120.00      -36.00
00267             160.00      -36.00
00268             160.00      -28.00
00269             120.00      -32.00
00270             120.00      -32.00
00271              80.00      -36.00
00272              40.00      -32.00
00273               0.00      -32.00
00274             -80.00      -32.00
00275            -120.00      -24.00
00276            -200.00      -32.00
00277            -280.00      -32.00
00278            -320.00      -28.00
00279            -400.00      -32.00
00280            -440.00      -28.00
00281            -520.00      -28.00
00282            -560.00      -32.00
00283            -600.00      -32.00
00284            -640.00      -32.00
00285            -720.00      -32.00
00286            -760.00      -24.00
00287            -880.00      -24.00
00288            -920.00      -24.00
00289           -1040.00      -28.00
00290           -1120.00      -28.00
00291           -1200.00      -32.00
00292           -1320.00      -32.00
00293           -1440.00      -28.00
00294           -1520.00      -24.00
00295           -1600.00      -24.00
00296           -1720.00      -24.00
00297           -1800.00      -24.00
00298           -1880.00      -20.00
00299           -1960.00      -20.00
00300           -1960.00      -24.00
00301           -2040.00      -28.00
00302           -2080.00      -20.00
00303           -2080.00      -20.00
00304           -2120.00      -20.00
00305           -2080.00      -20.00
00306           -2080.00      -20.00
00307           -2080.00      -24.00
00308           -2040.00      -20.00
00309           -2000.00      -24.00
00310           -1960.00      -20.00
00311           -1880.00      -24.00
00312           -1840.00      -20.00
00313           -1760.00      -20.00
00314           -1640.00      -28.00
00315           -1600.00      -24.00
00316           -1520.00      -20.00
00317           -1480.00      -16.00
00318           -1320.00      -24.00
00319           -1280.00      -24.00
00320           -1120.00      -16.00
00321           -1040.00      -20.00
00322            -920.00      -24.00
00323            -800.00      -24.00
00324            -640.00      -24.00
00325            -520.00      -24.00
00326            -400.00      -16.00
00327            -240.00      -20.00
00328            -160.00      -24.00
00329             -40.00      -24.00
00330              40.00      -20.00
00331             200.00      -16.00
00332             240.00      -20.00
00333             360.00      -24.00
00334             400.00      -24.00
00335             440.00      -28.00
00336             520.00      -24.00
00337             560.00      -12.00
00338             640.00      -24.00
00339             680.00      -24.00
00340             760.00      -24.00
00341             800.00      -20.00
00342             840.00      -20.00
00343             920.00      -28.00
00344            1000.00      -20.00
00345            1080.00      -20.00
00346            1200.00      -24.00
00347            1280.00      -20.00
00348            1400.00      -20.00
00349            1520.00      -20.00
00350            1560.00      -24.00
00351            1680.00      -20.00
00352            1720.00      -20.00
00353            1880.00      -24.00
00354            1920.00      -24.00
00355            1960.00      -20.00
00356            2000.00      -28.00
00357            2000.00      -24.00
00358            2000.00      -16.00
00359            2000.00      -24.00
00360            1960.00      -12.00
00361            1960.00      -24.00
00362            1960.00      -24.00
00363            1960.00      -24.00
00364            1960.00      -24.00
00365            1960.00      -20.00
00366            2000.00      -20.00
00367            2000.00      -24.00
00368            2000.00      -24.00
00369            2000.00      -16.00
00370            2040.00      -24.00
00371            2000.00      -24.00
00372            2000.00      -24.00
00373            1960.00      -20.00
00374            1920.00      -24.00
00375            1880.00      -20.00
00376            1760.00      -16.00
00377            1680.00      -16.00
00378            1560.00      -24.00
00379            1520.00      -20.00
00380            1360.00      -20.00
00381            1280.00      -24.00
00382            1120.00      -20.00
00383            1040.00      -16.00
00384             880.00      -20.00
00385             720.00      -20.00
00386             600.00      -20.00
00387             440.00      -20.00
00388             320.00      -20.00
00389             200.00      -20.00
00390              80.00      -20.00
00391               0.00      -20.00
00392             -40.00      -24.00
00393            -120.00      -24.00
00394            -120.00      -24.00
00395            -200.00      -24.00
00396            -200.00      -16.00
00397            -240.00      -24.00
00398            -280.00      -24.00
00399            -280.00      -24.00
00400            -320.00      -24.00
00401            -360.00      -20.00
00402            -360.00      -20.00
00403            -400.00      -24.00
00404            -480.00      -20.00
00405            -480.00      -20.00
00406            -440.00      -16.00
00407            -480.00      -20.00
00408            -440.00      -20.00
00409            -480.00      -24.00
00410            -440.00      -20.00
00411            -440.00      -20.00
00412            -440.00      -24.00
00413            -400.00      -16.00
00414            -440.00      -20.00
00415            -440.00      -16.00
00416            -440.00      -16.00
00417            -480.00      -20.00
00418            -480.00      -24.00
00419            -480.00      -20.00
00420            -480.00      -20.00
00421            -480.00      -28.00
00422            -520.00      -24.00
00423            -520.00      -20.00
00424            -560.00      -24.00
00425            -600.00      -16.00
00426            -640.00      -20.00
00427            -680.00      -24.00
00428            -760.00      -20.00
00429            -760.00      -20.00
00430            -800.00      -16.00
00431            -800.00      -16.00
00432            -800.00      -16.00
00433            -840.00      -24.00
00434            -840.00      -16.00
00435            -800.00      -16.00
00436            -800.00      -20.00
00437            -760.00      -24.00
00438            -760.00      -16.00
00439            -720.00      -24.00
00440            -720.00      -20.00
00441            -640.00      -20.00
00442            -680.00      -20.00
00443            -640.00      -20.00
00444            -640.00      -16.00
00445            -640.00      -16.00
00446            -640.00      -20.00
00447            -720.00      -20.00
00448            -720.00      -24.00
00449            -760.00      -24.00
00450            -880.00      -16.00
00451            -920.00      -24.00
00452            -920.00      -16.00
00453            -960.00      -20.00
00454            -920.00      -16.00
00455            -880.00      -20.00
00456            -880.00      -20.00
00457            -840.00      -24.00
00458            -800.00      -20.00
00459            -760.00      -24.00
00460            -760.00      -20.00
00461            -720.00      -20.00
00462            -680.00      -24.00
00463            -600.00      -28.00
00464            -600.00      -16.00
00465            -560.00      -16.00
00466            -560.00      -20.00
00467            -560.00      -16.00
00468            -560.00      -24.00
00469            -600.00      -20.00
00470            -640.00      -24.00
00471            -680.00      -20.00
00472            -680.00      -24.00
00473            -640.00      -16.00
00474            -640.00      -20.00
00475            -520.00      -20.00
00476            -480.00      -20.00
00477            -400.00      -20.00
00478            -280.00      -20.00
00479            -120.00      -24.00
00480               0.00      -20.00
00481             120.00      -20.00
00482             240.00      -24.00
00483             400.00      -28.00
00484             480.00      -16.00
00485             680.00      -20.00
00486             840.00      -20.00
00487             960.00      -24.00
00488            1080.00      -20.00
00489            1280.00      -20.00
00490            1360.00      -16.00
00491            1480.00      -24.00
00492            1560.00      -16.00
00493            1600.00      -12.00
00494            1680.00      -20.00
00495            1720.00      -16.00
00496            1760.00      -20.00
00497            1840.00      -20.00
00498            1880.00      -16.00
00499            1880.00      -20.00
00500            1840.00      -16.00
00501            1920.00      -20.00
00502            1920.00      -20.00
00503            1880.00      -16.00
00504            1840.00      -20.00
00505            1840.00      -24.00
00506            1800.00      -20.00
00507            1720.00      -20.00
00508            1680.00      -24.00
00509            1600.00      -20.00
00510            1480.00      -16.00
00511            1440.00      500.00
00512              80.00      500.00
00513              80.00      500.00
00514              80.00      -32.00
00515              80.00      -36.00
00516             160.00      -44.00
00517             120.00      -36.00
00518             120.00      -36.00
00519             120.00      -36.00
00520             120.00      -32.00
00521              80.00      -32.00
00522              40.00      -32.00
00523             -40.00      -36.00
00524             -80.00      -32.00
00525            -120.00      -36.00
00526            -200.00      -28.00
00527            -240.00      -28.00
00528            -320.00      -32.00
00529            -400.00      -32.00
00530            -440.00      -28.00
00531            -480.00      -28.00
00532            -560.00      -28.00
00533            -560.00      -32.00
00534            -640.00      -32.00
00535            -720.00      -28.00
00536            -760.00      -32.00
00537            -840.00      -28.00
00538            -960.00      -24.00
00539           -1040.00      -24.00
00540           -1080.00      -24.00
00541           -1240.00      -28.00
00542           -1320.00      -28.00
00543           -1400.00      -24.00
00544           -1520.00      -24.00
00545           -1600.00      -28.00
00546           -1680.00      -24.00
00547           -1800.00      -24.00
00548           -1880.00      -24.00
00549           -1960.00      -24.00
00550           -2000.00      -20.00
00551           -2040.00      -24.00
00552           -2080.00      -20.00
00553           -2120.00      -24.00
00554           -2080.00      -24.00
00555           -2080.00      -24.00
00556           -2080.00      -24.00
00557           -2080.00      -24.00
00558           -2000.00      -20.00
00559           -1960.00      -20.00
00560           -1920.00      -24.00
00561           -1880.00      -24.00
00562           -1840.00      -28.00
00563           -1760.00      -24.00
00564           -1680.00      -20.00
00565           -1600.00      -16.00
00566           -1520.00      -24.00
00567           -1440.00      -20.00
00568           -1320.00      -24.00
00569           -1240.00      -20.00
00570           -1160.00      -16.00
00571           -1040.00      -24.00
00572            -880.00      -20.00
00573            -800.00      -20.00
00574            -640.00      -20.00
00575            -520.00      -20.00
00576            -400.00      -20.00
00577            -240.00      -16.00
00578            -200.00      -20.00
00579             -40.00      -20.00
00580              80.00      -20.00
00581             200.00      -20.00
00582             240.00      -20.00
00583             360.00      -20.00
00584             400.00      -16.00
00585             440.00      -24.00
00586             520.00      -16.00
00587             560.00      -20.00
00588             640.00      -16.00
00589             680.00      -24.00
00590             760.00      -20.00
00591             840.00      -20.00
00592             840.00      -20.00
00593             920.00      -16.00
00594            1000.00      -16.00
00595            1080.00      -24.00
00596            1200.00      -16.00
00597            1280.00      -20.00
00598            1400.00      -16.00
00599            1520.00      -16.00
00600            1600.00      -20.00
00601            1680.00      -20.00
00602            1760.00      -16.00
00603            1840.00      -20.00
00604            1920.00      -20.00
00605            1960.00      -16.00
00606            1960.00      -20.00
00607            1960.00      -16.00
00608            2000.00      -12.00
00609            1960.00      -16.00
00610            1960.00      -20.00
00611            1960.00      -16.00
00612            1960.00      -20.00
00613            1960.00      -16.00
00614            1960.00      -16.00
00615            1960.00      -16.00
00616            1960.00      -16.00
00617            2000.00      -16.00
00618            2000.00      -16.00
00619            2000.00      -16.00
00620            2000.00      -20.00
00621            2000.00      -20.00
00622            2000.00      -16.00
00623            1960.00      -16.00
00624            1920.00      -16.00
00625            1880.00      -16.00
00626            1760.00      -16.00
00627            1680.00      -20.00
00628            1640.00      -16.00
00629            1480.00      -20.00
00630            1400.00      -12.00
00631            1280.00      -20.00
00632            1120.00      -20.00
00633            1040.00      -16.00
00634             880.00      -16.00
00635             720.00      -16.00
00636             560.00      -16.00
00637             440.00      -20.00
00638             280.00      -16.00
00639             200.00      -20.00
00640             120.00      -16.00
00641              40.00      -16.00
00642             -40.00      -12.00
00643             -80.00      -16.00
00644            -120.00      -16.00
00645            -160.00      -12.00
00646            -200.00      -20.00
00647            -240.00      -20.00
00648            -240.00      -20.00
00649            -280.00      -20.00
00650            -280.00      -20.00
00651            -320.00      -16.00
00652            -400.00      -16.00
00653            -400.00      -16.00
00654            -440.00      -20.00
00655            -440.00      -20.00
00656            -440.00      -16.00
00657            -440.00      -16.00
00658            -520.00      -24.00
00659            -440.00      -16.00
00660            -400.00      -20.00
00661            -440.00      -20.00
00662            -440.00      -16.00
00663            -400.00      -16.00
00664            -440.00      -20.00
00665            -440.00      -16.00
00666            -480.00      -16.00
00667            -480.00      -20.00
00668            -480.00      -20.00
00669            -480.00      -20.00
00670            -480.00      -20.00
00671            -480.00      -16.00
00672            -520.00      -12.00
00673            -520.00      -20.00
00674            -560.00      -16.00
00675            -600.00      -16.00
00676            -640.00      -20.00
00677            -680.00      -16.00
00678            -720.00      -24.00
00679            -800.00      -16.00
00680            -800.00      -20.00
00681            -800.00      -16.00
00682            -840.00      -20.00
00683            -840.00      -16.00
00684            -880.00      -20.00
00685            -800.00      -24.00
00686            -800.00      -20.00
00687            -800.00      -24.00
00688            -760.00      -20.00
00689            -720.00      -24.00
00690            -680.00      -20.00
00691            -680.00      -16.00
00692            -680.00      -20.00
00693            -640.00      -20.00
00694            -640.00      -16.00
00695            -640.00      -20.00
00696            -720.00      -20.00
00697            -680.00      -16.00
00698            -760.00      -20.00
00699            -840.00      -16.00
00700            -880.00      -20.00
00701            -920.00      -20.00
00702            -920.00      -16.00
00703            -920.00      -20.00
00704            -920.00      -20.00
00705            -880.00      -20.00
00706            -880.00      -24.00
00707            -880.00      -20.00
00708            -840.00      -20.00
00709            -800.00      -20.00
00710            -760.00      -16.00
00711            -720.00      -16.00
00712            -640.00      -20.00
00713            -600.00      -24.00
00714            -600.00      -20.00
00715            -560.00      -24.00
00716            -560.00      -20.00
00717            -560.00      -24.00
00718            -600.00      -28.00
00719            -640.00      -24.00
00720            -680.00      -20.00
00721            -680.00      -20.00
00722            -680.00      -16.00
00723            -680.00      -24.00
00724            -640.00      -24.00
00725            -520.00      -12.00
00726            -480.00      -20.00
00727            -360.00      -20.00
00728            -280.00      -20.00
00729            -160.00      -24.00
00730             -40.00      -16.00
00731             120.00      -20.00
00732             200.00      -24.00
00733             400.00      -24.00
00734             520.00      -24.00
00735             680.00      -20.00
00736             880.00      -20.00
00737             960.00      -20.00
00738            1080.00      -20.00
00739            1240.00      -20.00
00740            1360.00      -20.00
00741            1480.00      -24.00
00742            1520.00      -16.00
00743            1600.00      -24.00
00744            1640.00      -16.00
00745            1720.00      -20.00
00746            1760.00      -20.00
00747            1800.00      -24.00
00748            1840.00      -20.00
00749            1840.00      -20.00
00750            1880.00      -24.00
00751            1880.00      -16.00
00752            1880.00      -20.00
00753            1920.00      -20.00
00754            1840.00      -24.00
00755            1840.00      -20.00
00756            1760.00      -24.00
00757            1760.00      -24.00
00758            1680.00      -20.00
00759            1600.00      -16.00
00760            1520.00      -20.00
00761            1400.00      500.00
00762              40.00      500.00
00763             120.00      500.00
00764              80.00      -36.00
00765             120.00      -40.00
00766             160.00      -36.00
00767             120.00      -48.00
00768             120.00      -36.00
00769             120.00      -36.00
00770              80.00      -44.00
00771              80.00      -32.00
00772              40.00      -40.00
00773               0.00      -36.00
00774             -40.00      -36.00
00775            -120.00      -36.00
00776            -200.00      -36.00
00777            -280.00      -36.00
00778            -320.00      -36.00
00779            -400.00      -36.00
00780            -440.00      -32.00
00781            -520.00      -28.00
00782            -520.00      -40.00
00783            -560.00      -36.00
00784            -680.00      -36.00
00785            -680.00      -28.00
00786            -800.00      -32.00
00787            -880.00      -28.00
00788            -920.00      -28.00
00789           -1040.00      -28.00
00790           -1120.00      -36.00
00791           -1200.00      -28.00
00792           -1320.00      -28.00
00793           -1400.00      -28.00
00794           -1520.00      -24.00
00795           -1600.00      -32.00
00796           -1680.00      -32.00
00797           -1760.00      -32.00
00798           -1880.00      -24.00
00799           -1920.00      -24.00
00800           -2000.00      -32.00
00801           -2040.00      -28.00
00802           -2120.00      -28.00
00803           -2120.00      -28.00
00804           -2120.00      -24.00
00805           -2080.00      -28.00
00806           -2080.00      -24.00
00807           -2040.00      -24.00
00808           -2000.00      -28.00
00809           -1960.00      -24.00
00810           -1920.00      -24.00
00811           -1880.00      -28.00
00812           -1800.00      -28.00
00813           -1760.00      -28.00
00814           -1720.00      -24.00
00815           -1640.00      -28.00
00816           -1520.00      -20.00
00817           -1400.00      -24.00
00818           -1360.00      -20.00
00819           -1240.00      -20.00
00820           -1160.00      -20.00
00821           -1080.00      -24.00
00822            -880.00      -20.00
00823            -800.00      -24.00
00824            -680.00      -24.00
00825            -480.00      -28.00
00826            -400.00      -20.00
00827            -240.00      -24.00
00828            -160.00      -24.00
00829               0.00      -28.00
00830              80.00      -24.00
00831             160.00      -24.00
00832             240.00      -20.00
00833             360.00      -24.00
00834             400.00      -24.00
00835             440.00      -16.00
00836             560.00      -20.00
00837             560.00      -24.00
00838             600.00      -20.00
00839             680.00      -20.00
00840             720.00      -28.00
00841             800.00      -24.00
00842             800.00      -24.00
00843             880.00      -20.00
00844            1000.00      -24.00
00845            1080.00      -20.00
00846            1200.00      -20.00
00847            1280.00      -20.00
00848            1400.00      -24.00
00849            1480.00      -20.00
00850            1600.00      -28.00
00851            1680.00      -24.00
00852            1760.00      -20.00
00853            1840.00      -24.00
00854            1920.00      -20.00
00855            1960.00      -16.00
00856            1960.00      -28.00
00857            2000.00      -20.00
00858            2000.00      -20.00
00859            2000.00      -20.00
00860            1960.00      -20.00
00861            1960.00      -20.00
00862            1960.00      -20.00
00863            1920.00      -24.00
00864            1920.00      -16.00
00865            1960.00      -20.00
00866            1960.00      -20.00
00867            2000.00      -24.00
00868            2000.00      -20.00
00869            2000.00      -20.00
00870            2000.00      -20.00
00871            2000.00      -16.00
00872            1960.00      -16.00
00873            1960.00      -20.00
00874            1920.00      -20.00
00875            1840.00      -16.00
00876            1760.00      -20.00
00877            1680.00      -20.00
00878            1600.00      -20.00
00879            1480.00      -28.00
00880            1360.00      -20.00
00881            1280.00      -12.00
00882            1160.00      -20.00
00883            1000.00      -20.00
00884             880.00      -20.00
00885             680.00      -20.00
00886             560.00      -20.00
00887             440.00      -24.00
00888             320.00      -28.00
00889             200.00      -24.00
00890             120.00      -16.00
00891               0.00      -28.00
00892             -40.00      -16.00
00893             -80.00      -20.00
00894            -160.00      -20.00
00895            -200.00      -20.00
00896            -240.00      -20.00
00897            -240.00      -20.00
00898            -240.00      -16.00
00899            -280.00      -20.00
00900            -320.00      -20.00
00901            -360.00      -20.00
00902            -400.00      -20.00
00903            -400.00      -16.00
00904            -480.00      -20.00
00905            -440.00      -20.00
00906            -480.00      -20.00
00907            -440.00      -16.00
00908            -480.00      -16.00
00909            -480.00      -20.00
00910            -440.00      -20.00
00911            -440.00      -16.00
00912            -440.00      -20.00
00913            -400.00      -24.00
00914            -440.00      -20.00
00915            -440.00      -20.00
00916            -440.00      -24.00
00917            -480.00      -20.00
00918            -480.00      -24.00
00919            -520.00      -20.00
00920            -520.00      -16.00
00921            -480.00      -16.00
00922            -480.00      -20.00
00923            -520.00      -20.00
00924            -560.00      -24.00
00925            -600.00      -20.00
00926            -640.00      -24.00
00927            -680.00      -20.00
00928            -720.00      -24.00
00929            -760.00      -16.00
00930            -800.00      -16.00
00931            -800.00      -20.00
00932            -800.00      -20.00
00933            -840.00      -20.00
00934            -880.00      -20.00
00935            -840.00      -16.00
00936            -800.00      -20.00
00937            -800.00      -16.00
00938            -760.00      -20.00
00939            -760.00      -20.00
00940            -720.00      -16.00
00941            -680.00      -20.00
00942            -640.00      -16.00
00943            -640.00      -20.00
00944            -640.00      -16.00
00945            -640.00      -20.00
00946            -680.00      -20.00
00947            -720.00      -24.00
00948            -800.00      -16.00
00949            -800.00      -20.00
00950            -880.00      -20.00
00951            -880.00      -16.00
00952            -920.00      -20.00
00953            -920.00      -20.00
00954            -920.00      -16.00
00955            -880.00      -16.00
00956            -880.00      -24.00
00957            -840.00      -20.00
00958            -800.00      -16.00
00959            -800.00      -20.00
00960            -760.00      -16.00
00961            -680.00      -16.00
00962            -680.00      -16.00
00963            -640.00      -12.00
00964            -600.00      -20.00
00965            -600.00      -16.00
00966            -560.00      -16.00
00967            -560.00      -16.00
00968            -600.00      -16.00
00969            -640.00      -16.00
00970            -640.00      -20.00
00971            -640.00      -16.00
00972            -640.00      -20.00
00973            -640.00      -20.00
00974            -600.00      -16.00
00975            -560.00      -20.00
00976            -440.00      -16.00
00977            -360.00      -20.00
00978            -320.00      -16.00
00979            -160.00      -16.00
00980             -40.00      -16.00
00981             120.00      -20.00
00982             240.00      -12.00
00983             360.00      -16.00
00984             560.00      -20.00
00985             680.00      -20.00
00986             800.00      -16.00
00987             960.00      -16.00
00988            1160.00      -12.00
00989            1240.00      -12.00
00990            1360.00      -20.00
00991            1440.00      -20.00
00992            1560.00      -20.00
00993            1560.00      -16.00
00994            1680.00      -16.00
00995            1720.00      -20.00
00996            1760.00      -16.00
00997            1760.00      -20.00
00998            1840.00      -12.00
00999            1880.00      -12.00
01000            1920.00      -16.00
01001            1920.00      -16.00
01002            1880.00      -20.00
01003            1920.00      -12.00
01004            1840.00      -16.00
01005            1840.00      -20.00
01006            1800.00      -16.00
01007            1720.00      -12.00
01008            1640.00      -16.00
01009            1600.00      -16.00
01010            1520.00      -24.00
01011            1440.00      500.00
01012              80.00      500.00
01013              80.00      500.00
01014              80.00      -32.00
01015             160.00      -32.00
01016             120.00      -32.00
01017             160.00      -32.00
01018             120.00      -32.00
01019             120.00      -36.00
01020              80.00      -32.00
01021              80.00      -36.00
01022              40.00      -32.00
01023               0.00      -32.00
01024             -80.00      -32.00
01025            -120.00      -24.00
01026            -200.00      -32.00
01027            -240.00      -28.00
01028            -320.00      -36.00
01029            -400.00      -32.00
01030            -440.00      -28.00
01031            -520.00      -32.00
01032            -560.00      -28.00
01033            -600.00      -28.00
01034            -640.00      -28.00
01035            -720.00      -24.00
01036            -800.00      -28.00
01037            -840.00      -28.00
01038            -920.00      -28.00
01039           -1000.00      -24.00
01040           -1120.00      -24.00
01041           -1240.00      -28.00
01042           -1320.00      -24.00
01043           -1400.00      -28.00
01044           -1480.00      -32.00
01045           -1600.00      -20.00
01046           -1720.00      -20.00
01047           -1800.00      -24.00
01048           -1880.00      -28.00
01049           -1920.00      -24.00
01050           -2000.00      -24.00
01051           -2040.00      -24.00
01052           -2080.00      -20.00
01053           -2120.00      -24.00
01054           -2120.00      -28.00
01055           -2120.00      -20.00
01056           -2080.00      -24.00
01057           -2000.00      -24.00
01058           -2000.00      -24.00
01059           -1960.00      -20.00
01060           -1920.00      -24.00
01061           -1880.00      -24.00
01062           -1800.00      -24.00
01063           -1760.00      -24.00
01064           -1680.00      -20.00
01065           -1640.00      -24.00
01066           -1560.00      -20.00
01067           -1400.00      -24.00
01068           -1360.00      -20.00
01069           -1240.00      -20.00
01070           -1160.00      -20.00
01071           -1080.00      -24.00
01072            -920.00      -24.00
01073            -800.00      -20.00
01074            -680.00      -20.00
01075            -560.00      -20.00
01076            -400.00      -20.00
01077            -280.00      -20.00
01078            -120.00      -24.00
01079               0.00      -24.00
01080              80.00      -20.00
01081             160.00      -28.00
01082             240.00      -20.00
01083             320.00      -20.00
01084             400.00      -24.00
01085             440.00      -20.00
01086             520.00      -20.00
01087             560.00      -24.00
01088             600.00      -20.00
01089             680.00      -24.00
01090             720.00      -24.00
01091             760.00      -24.00
01092             840.00      -20.00
01093             920.00      -20.00
01094            1000.00      -20.00
01095            1120.00      -20.00
01096            1200.00      -20.00
01097            1240.00      -20.00
01098            1400.00      -24.00
01099            1480.00      -24.00
01100            1560.00      -24.00
01101            1680.00      -24.00
01102            1760.00      -24.00
01103            1800.00      -20.00
01104            1920.00      -20.00
01105            1960.00      -24.00
01106            1960.00      -24.00
01107            2000.00      -20.00
01108            1960.00      -24.00
01109            1960.00      -16.00
01110            2000.00      -20.00
01111            1960.00      -24.00
01112            1960.00      -16.00
01113            1920.00      -24.00
01114            1920.00      -20.00
01115            1920.00      -20.00
01116            1920.00      -24.00
01117            2000.00      -28.00
01118            2000.00      -20.00
01119            2000.00      -16.00
01120            2000.00      -20.00
01121            2040.00      -20.00
01122            1960.00      -20.00
01123            1960.00      -24.00
01124            1920.00      -24.00
01125            1840.00      -24.00
01126            1760.00      -24.00
01127            1640.00      -20.00
01128            1600.00      -28.00
01129            1520.00      -28.00
01130            1400.00      -20.00
01131            1320.00      -20.00
01132            1120.00      -20.00
01133            1040.00      -20.00
01134             880.00      -24.00
01135             720.00      -28.00
01136             600.00      -24.00
01137             440.00      -20.00
01138             360.00      -24.00
01139             200.00      -28.00
01140              80.00      -20.00
01141               0.00      -16.00
01142             -80.00      -20.00
01143             -80.00      -28.00
01144            -120.00      -20.00
01145            -160.00      -28.00
01146            -240.00      -20.00
01147            -280.00      -20.00
01148            -240.00      -24.00
01149            -280.00      -24.00
01150            -320.00      -20.00
01151            -360.00      -20.00
01152            -400.00      -20.00
01153            -440.00      -20.00
01154            -440.00      -20.00
01155            -440.00      -20.00
01156            -440.00      -28.00
01157            -480.00      -20.00
01158            -440.00      -20.00
01159            -440.00      -20.00
01160            -440.00      -20.00
01161            -440.00      -28.00
01162            -400.00      -20.00
01163            -400.00      -20.00
01164            -440.00      -24.00
01165            -440.00      -20.00
01166            -480.00      -24.00
01167            -480.00      -16.00
01168            -480.00      -20.00
01169            -520.00      -20.00
01170            -520.00      -24.00
01171            -520.00      -20.00
01172            -520.00      -24.00
01173            -520.00      -24.00
01174            -560.00      -20.00
01175            -600.00      -20.00
01176            -640.00      -20.00
01177            -720.00      -20.00
01178            -760.00      -20.00
01179            -760.00      -20.00
01180            -800.00      -20.00
01181            -800.00      -20.00
01182            -840.00      -20.00
01183            -840.00      -20.00
01184            -880.00      -16.00
01185            -800.00      -20.00
01186            -800.00      -20.00
01187            -800.00      -20.00
01188            -760.00      -24.00
01189            -720.00      -20.00
01190            -720.00      -20.00
01191            -680.00      -20.00
01192            -640.00      -24.00
01193            -640.00      -16.00
01194            -600.00      -20.00
01195            -680.00      -20.00
01196            -680.00      -20.00
01197            -720.00      -20.00
01198            -760.00      -20.00
01199            -840.00      -20.00
01200            -840.00      -20.00
01201            -880.00      -20.00
01202            -920.00      -24.00
01203            -920.00      -20.00
01204            -920.00      -24.00
01205            -920.00      -20.00
01206            -880.00      -20.00
01207            -840.00      -16.00
01208            -800.00      -24.00
01209            -760.00      -20.00
01210            -720.00      -16.00
01211            -720.00      -16.00
01212            -680.00      -20.00
01213            -640.00      -28.00
01214            -560.00      -16.00
01215            -560.00      -20.00
01216            -560.00      -16.00
01217            -560.00      -20.00
01218            -600.00      -20.00
01219            -600.00      -24.00
01220            -640.00      -24.00
01221            -680.00      -20.00
01222            -680.00      -24.00
01223            -640.00      -20.00
01224            -600.00      -20.00
01225            -520.00      -20.00
01226            -480.00      -20.00
01227            -400.00      -16.00
01228            -240.00      -24.00
01229            -160.00      -20.00
01230             -40.00      -16.00
01231             120.00      -20.00
01232             240.00      -24.00
01233             360.00      -20.00
01234             560.00      -20.00
01235             680.00      -20.00
01236             840.00      -20.00
01237             960.00      -20.00
01238            1120.00      -20.00
01239            1240.00      -20.00
01240            1320.00      -20.00
01241            1440.00      -16.00
01242            1560.00      -20.00
01243            1640.00      -24.00
01244            1640.00      -20.00
01245            1680.00      -16.00
01246            1760.00      -20.00
01247            1800.00      -20.00
01248            1840.00      -16.00
01249            1840.00      -20.00
01250            1920.00      -16.00
01251            1920.00      -20.00
01252            1920.00      -16.00
01253            1880.00      -24.00
01254            1840.00      -20.00
01255            1840.00      -20.00
01256            1800.00      -16.00
01257            1720.00      -20.00
01258            1640.00      -20.00
01259            1600.00      -20.00
01260            1480.00      -16.00
01261            1400.00      500.00
01262              40.00      500.00
01263              40.00      500.00
01264              80.00      -36.00
01265              80.00      -40.00
01266             120.00      -36.00
01267             120.00      -40.00
01268             160.00      -40.00
01269             120.00      -36.00
01270              80.00      -32.00
01271              80.00      -32.00
01272              40.00      -28.00
01273             -40.00      -32.00
01274             -80.00      -32.00
01275            -120.00      -32.00
01276            -240.00      -36.00
01277            -280.00      -28.00
01278            -320.00      -36.00
01279            -400.00      -32.00
01280            -440.00      -28.00
01281            -520.00      -32.00
01282            -560.00      -24.00
01283            -600.00      -32.00
01284            -640.00      -32.00
01285            -720.00      -28.00
01286            -760.00      -32.00
01287            -840.00      -24.00
01288            -920.00      -28.00
01289           -1040.00      -24.00
01290           -1120.00      -24.00
01291           -1280.00      -24.00
01292           -1280.00      -28.00
01293           -1440.00      -20.00
01294           -1520.00      -28.00
01295           -1600.00      -24.00
01296           -1680.00      -28.00
01297           -1800.00      -24.00
01298           -1880.00      -24.00
01299           -1920.00      -20.00
01300           -2000.00      -28.00
01301           -2080.00      -24.00
01302           -2080.00      -24.00
01303           -2120.00      -20.00
01304           -2120.00      -24.00
01305           -2120.00      -24.00
01306           -2080.00      -24.00
01307           -2040.00      -20.00
01308           -2040.00      -24.00
01309           -2000.00      -24.00
01310           -1920.00      -20.00
01311           -1880.00      -20.00
01312           -1800.00      -20.00
01313           -1720.00      -16.00
01314           -1680.00      -20.00
01315           -1600.00      -24.00
01316           -1560.00      -20.00
01317           -1440.00      -24.00
01318           -1360.00      -20.00
01319           -1280.00      -24.00
01320           -1160.00      -24.00
01321           -1080.00      -16.00
01322            -920.00      -16.00
01323            -840.00      -20.00
01324            -680.00      -20.00
01325            -560.00      -24.00
01326            -400.00      -24.00
01327            -280.00      -16.00
01328            -120.00      -24.00
01329             -40.00      -24.00
01330             120.00      -20.00
01331             160.00      -16.00
01332             240.00      -20.00
01333             320.00      -20.00
01334             360.00      -20.00
01335             440.00      -20.00
01336             520.00      -20.00
01337             560.00      -20.00
01338             600.00      -20.00
01339             680.00      -20.00
01340             720.00      -20.00
01341             800.00      -16.00
01342             840.00      -16.00
01343             920.00      -20.00
01344             960.00      -20.00
01345            1080.00      -16.00
01346            1200.00      -16.00
01347            1320.00      -12.00
01348            1360.00      -16.00
01349            1480.00      -16.00
01350            1560.00      -20.00
01351            1720.00      -20.00
01352            1800.00      -20.00
01353            1840.00      -16.00
01354            1880.00      -16.00
01355            1960.00      -20.00
01356            2000.00      -16.00
01357            2000.00      -20.00
01358            2000.00      -20.00
01359            2000.00      -16.00
01360            1960.00      -16.00
01361            1960.00      -16.00
01362            1960.00      -20.00
01363            1920.00      -12.00
01364            1960.00      -24.00
01365            1920.00      -16.00
01366            1960.00      -24.00
01367            2000.00      -16.00
01368            2000.00      -12.00
01369            2000.00      -16.00
01370            2000.00      -20.00
01371            2040.00      -20.00
01372            2000.00      -20.00
01373            1960.00      -20.00
01374            1920.00      -16.00
01375            1840.00      -16.00
01376            1760.00      -16.00
01377            1680.00      -20.00
01378            1600.00      -16.00
01379            1480.00      -16.00
01380            1400.00      -16.00
01381            1280.00      -20.00
01382            1160.00      -16.00
01383            1040.00      -16.00
01384             840.00      -16.00
01385             720.00      -28.00
01386             600.00      -16.00
01387             440.00      -20.00
01388             320.00      -16.00
01389             200.00      -20.00
01390              80.00      -16.00
01391              40.00      -16.00
01392             -40.00      -16.00
01393             -80.00      -12.00
01394            -120.00      -24.00
01395            -160.00      -20.00
01396            -200.00      -16.00
01397            -240.00      -12.00
01398            -280.00      -16.00
01399            -240.00      -20.00
01400            -320.00      -20.00
01401            -360.00      -20.00
01402            -400.00      -16.00
01403            -440.00      -16.00
01404            -440.00      -20.00
01405            -440.00      -12.00
01406            -480.00      -16.00
01407            -480.00      -16.00
01408            -480.00      -12.00
01409            -440.00      -20.00
01410            -440.00      -20.00
01411            -440.00      -20.00
01412            -440.00      -16.00
01413            -440.00      -16.00
01414            -480.00      -16.00
01415            -440.00      -12.00
01416            -440.00      -16.00
01417            -480.00      -16.00
01418            -480.00      -20.00
01419            -480.00      -16.00
01420            -440.00      -20.00
01421            -480.00      -16.00
01422            -520.00      -16.00
01423            -560.00      -12.00
01424            -560.00      -20.00
01425            -640.00      -16.00
01426            -640.00      -16.00
01427            -720.00      -20.00
01428            -720.00      -16.00
01429            -720.00      -20.00
01430            -800.00      -12.00
01431            -800.00      -16.00
01432            -800.00      -20.00
01433            -840.00      -16.00
01434            -800.00      -24.00
01435            -800.00      -12.00
01436            -800.00      -16.00
01437            -760.00      -20.00
01438            -760.00      -16.00
01439            -720.00      -20.00
01440            -720.00      -20.00
01441            -680.00      -24.00
01442            -640.00      -24.00
01443            -640.00      -20.00
01444            -600.00      -16.00
01445            -640.00      -16.00
01446            -680.00      -24.00
01447            -720.00      -20.00
01448            -760.00      -16.00
01449            -800.00      -20.00
01450            -880.00      -20.00
01451            -920.00      -20.00
01452            -960.00      -16.00
01453            -920.00      -20.00
01454            -920.00      -16.00
01455            -920.00      -20.00
01456            -880.00      -20.00
01457            -840.00      -24.00
01458            -840.00      -20.00
01459            -800.00      -28.00
01460            -760.00      -24.00
01461            -680.00      -20.00
01462            -640.00      -16.00
01463            -640.00      -12.00
01464            -560.00      -20.00
01465            -560.00      -16.00
01466            -520.00      -24.00
01467            -560.00      -20.00
01468            -600.00      -24.00
01469            -600.00      -24.00
01470            -640.00      -24.00
01471            -640.00      -16.00
01472            -680.00      -20.00
01473            -680.00      -16.00
01474            -600.00      -16.00
01475            -560.00      -24.00
01476            -440.00      -20.00
01477            -400.00      -24.00
01478            -280.00      -24.00
01479            -160.00      -20.00
01480             -40.00      -20.00
01481             120.00      -20.00
01482             240.00      -20.00
01483             360.00      -12.00
01484             560.00      -20.00
01485             680.00      -24.00
01486             800.00      -16.00
01487             920.00      -20.00
01488            1080.00      -24.00
01489            1240.00      -20.00
01490            1360.00      -20.00
01491            1440.00      -20.00
01492            1520.00      -16.00
01493            1600.00      -24.00
01494            1640.00      -20.00
01495            1760.00      -20.00
01496            1760.00      -20.00
01497            1800.00      -20.00
01498            1800.00      -24.00
01499            1880.00      -28.00
01500            1880.00      -20.00
01501            1880.00      -16.00
01502            1920.00      -20.00
01503            1880.00      -20.00
01504            1880.00      -24.00
01505            1840.00      -16.00
01506            1760.00      -24.00
01507            1720.00      -20.00
01508            1640.00      -20.00
01509            1560.00      -20.00
01510            1480.00      -16.00
01511            1400.00      500.00
01512              40.00      500.00
01513              40.00      500.00
01514              80.00      -40.00
01515             120.00      -40.00
01516             120.00      -40.00
01517             120.00      -36.00
01518             160.00      -36.00
01519             160.00      -36.00
01520              80.00      -36.00
01521              80.00      -36.00
01522               0.00      -36.00
01523               0.00      -48.00
01524             -80.00      -32.00
01525            -120.00      -28.00
01526            -200.00      -36.00
01527            -280.00      -36.00
01528            -360.00      -40.00
01529            -360.00      -32.00
01530            -440.00      -28.00
01531            -520.00      -32.00
01532            -560.00      -36.00
01533            -560.00      -24.00
01534            -640.00      -32.00
01535            -720.00      -32.00
01536            -760.00      -32.00
01537            -840.00      -28.00
01538            -920.00      -32.00
01539           -1040.00      -24.00
01540           -1120.00      -28.00
01541           -1240.00      -28.00
01542           -1320.00      -36.00
01543           -1400.00      -32.00
01544           -1520.00      -28.00
01545           -1640.00      -28.00
01546           -1720.00      -28.00
01547           -1800.00      -24.00
01548           -1880.00      -24.00
01549           -1920.00      -24.00
01550           -2000.00      -24.00
01551           -2000.00      -32.00
01552           -2080.00      -28.00
01553           -2120.00      -28.00
01554           -2120.00      -24.00
01555           -2120.00      -28.00
01556           -2080.00      -24.00
01557           -2040.00      -28.00
01558           -2000.00      -20.00
01559           -2000.00      -24.00
01560           -1920.00      -24.00
01561           -1880.00      -24.00
01562           -1840.00      -24.00
01563           -1760.00      -24.00
01564           -1720.00      -24.00
01565           -1560.00      -24.00
01566           -1520.00      -20.00
01567           -1440.00      -20.00
01568           -1400.00      -20.00
01569           -1240.00      -24.00
01570           -1160.00      -24.00
01571           -1040.00      -24.00
01572            -920.00      -24.00
01573            -800.00      -24.00
01574            -680.00      -24.00
01575            -560.00      -28.00
01576            -400.00      -24.00
01577            -280.00      -16.00
01578            -120.00      -20.00
01579             -40.00      -24.00
01580              80.00      -28.00
01581             160.00      -24.00
01582             200.00      -20.00
01583             360.00      -20.00
01584             400.00      -16.00
01585             440.00      -24.00
01586             520.00      -20.00
01587             560.00      -20.00
01588             600.00      -20.00
01589             680.00      -20.00
01590             720.00      -20.00
01591             800.00      -20.00
01592             840.00      -20.00
01593             920.00      -20.00
01594            1000.00      -24.00
01595            1080.00      -24.00
01596            1200.00      -20.00
01597            1280.00      -28.00
01598            1360.00      -20.00
01599            1480.00      -24.00
01600            1600.00      -16.00
01601            1680.00      -24.00
01602            1760.00      -28.00
01603            1840.00      -20.00
01604            1880.00      -24.00
01605            1920.00      -16.00
01606            1960.00      -20.00
01607            2000.00      -20.00
01608            2000.00      -24.00
01609            2000.00      -20.00
01610            1960.00      -20.00
01611            1960.00      -20.00
01612            1960.00      -20.00
01613            1920.00      -20.00
01614            1960.00      -16.00
01615            1920.00      -20.00
01616            1920.00      -20.00
01617            2000.00      -16.00
01618            2000.00      -20.00
01619            2000.00      -20.00
01620            2040.00      -20.00
01621            2000.00      -24.00
01622            1960.00      -20.00
01623            1960.00      -16.00
01624            1920.00      -20.00
01625            1880.00      -12.00
01626            1760.00      -16.00
01627            1680.00      -20.00
01628            1560.00      -16.00
01629            1520.00      -20.00
01630            1400.00      -12.00
01631            1280.00      -20.00
01632            1160.00      -20.00
01633            1040.00      -12.00
01634             880.00      -20.00
01635             720.00      -16.00
01636             560.00      -20.00
01637             440.00      -20.00
01638             320.00      -20.00
01639             200.00      -20.00
01640             120.00      -20.00
01641              40.00      -24.00
01642             -80.00      -16.00
01643            -120.00      -20.00
01644            -160.00      -16.00
01645            -160.00      -24.00
01646            -160.00      -24.00
01647            -240.00      -20.00
01648            -240.00      -20.00
01649            -280.00      -20.00
01650            -320.00      -24.00
01651            -320.00      -20.00
01652            -400.00      -20.00
01653            -440.00      -16.00
01654            -440.00      -16.00
01655            -480.00      -20.00
01656            -440.00      -20.00
01657            -440.00      -16.00
01658            -480.00      -28.00
01659            -480.00      -16.00
01660            -440.00      -16.00
01661            -440.00      -16.00
01662            -400.00      -12.00
01663            -440.00      -16.00
01664            -440.00      -20.00
01665            -440.00      -16.00
01666            -480.00      -20.00
01667            -480.00      -20.00
01668            -480.00      -20.00
01669            -480.00      -20.00
01670            -480.00      -20.00
01671            -480.00      -20.00
01672            -480.00      -20.00
01673            -560.00      -20.00
01674            -560.00      -20.00
01675            -600.00      -24.00
01676            -640.00      -20.00
01677            -720.00      -16.00
01678            -720.00      -20.00
01679            -760.00      -20.00
01680            -760.00      -16.00
01681            -800.00      -16.00
01682            -840.00      -24.00
01683            -840.00      -20.00
01684            -840.00      -20.00
01685            -800.00      -20.00
01686            -840.00      -16.00
01687            -800.00      -16.00
01688            -760.00      -12.00
01689            -720.00      -16.00
01690            -720.00      -16.00
01691            -680.00      -16.00
01692            -640.00      -20.00
01693            -600.00      -16.00
01694            -640.00      -20.00
01695            -640.00      -16.00
01696            -680.00      -20.00
01697            -720.00      -16.00
01698            -760.00      -16.00
01699            -800.00      -12.00
01700            -880.00      -20.00
01701            -920.00      -16.00
01702            -920.00      -16.00
01703            -920.00      -24.00
01704            -920.00      -20.00
01705            -880.00      -20.00
01706            -880.00      -16.00
01707            -840.00      -20.00
01708            -840.00      -12.00
01709            -800.00      -16.00
01710            -720.00      -16.00
01711            -680.00      -20.00
01712            -720.00      -20.00
01713            -640.00      -20.00
01714            -600.00      -20.00
01715            -560.00      -24.00
01716            -560.00      -20.00
01717            -600.00      -12.00
01718            -600.00      -20.00
01719            -600.00      -16.00
01720            -640.00      -20.00
01721            -640.00      -20.00
01722            -680.00      -16.00
01723            -640.00      -16.00
01724            -600.00      -20.00
01725            -560.00      -16.00
01726            -520.00      -16.00
01727            -440.00      -16.00
01728            -280.00      -12.00
01729            -160.00      -24.00
01730             -40.00      -16.00
01731              80.00      -16.00
01732             240.00      -20.00
01733             400.00      -16.00
01734             520.00      -16.00
01735             680.00      -20.00
01736             800.00      -16.00
01737             920.00      -16.00
01738            1080.00      -16.00
01739            1280.00      -16.00
01740            1360.00      -16.00
01741            1440.00      -20.00
01742            1520.00      -20.00
01743            1640.00      -16.00
01744            1640.00      -20.00
01745            1720.00      -12.00
01746            1760.00      -12.00
01747            1720.00      -16.00
01748            1880.00      -20.00
01749            1840.00      -16.00
01750            1840.00      -20.00
01751            1880.00      -16.00
01752            1840.00      -16.00
01753            1880.00      -20.00
01754            1840.00      -12.00
01755            1840.00      -12.00
01756            1800.00      -16.00
01757            1680.00      -16.00
01758            1680.00      -20.00
01759            1560.00      -16.00
01760            1480.00      -16.00
01761            1400.00      500.00
01762              40.00      500.00
01763             120.00      500.00
01764              80.00      -28.00
01765             120.00      -32.00
01766             120.00      -36.00
01767             120.00      -28.00
01768             120.00      -40.00
01769             120.00      -32.00
01770              80.00      -32.00
01771              40.00      -32.00
01772              40.00      -36.00
01773             -40.00      -32.00
01774             -80.00      -24.00
01775            -120.00      -28.00
01776            -200.00      -32.00
01777            -240.00      -28.00
01778            -280.00      -28.00
01779            -360.00      -28.00
01780            -440.00      -28.00
01781            -480.00      -28.00
01782            -560.00      -28.00
01783            -600.00      -28.00
01784            -680.00      -28.00
01785            -720.00      -28.00
01786            -760.00      -28.00
01787            -880.00      -28.00
01788            -920.00      -28.00
01789           -1040.00      -28.00
01790           -1120.00      -28.00
01791           -1200.00      -24.00
01792           -1320.00      -24.00
01793           -1400.00      -28.00
01794           -1520.00      -20.00
01795           -1600.00      -28.00
01796           -1680.00      -24.00
01797           -1800.00      -20.00
01798           -1880.00      -24.00
01799           -1920.00      -20.00
01800           -2000.00      -28.00
01801           -2040.00      -28.00
01802           -2080.00      -20.00
01803           -2080.00      -24.00
01804           -2120.00      -20.00
01805           -2120.00      -28.00
01806           -2080.00      -20.00
01807           -2080.00      -24.00
01808           -2000.00      -16.00
01809           -2000.00      -24.00
01810           -1960.00      -20.00
01811           -1880.00      -16.00
01812           -1800.00      -16.00
01813           -1760.00      -20.00
01814           -1640.00      -20.00
01815           -1600.00      -24.00
01816           -1480.00      -20.00
01817           -1480.00      -24.00
01818           -1360.00      -16.00
01819           -1280.00      -20.00
01820           -1160.00      -20.00
01821           -1040.00      -20.00
01822            -920.00      -24.00
01823            -760.00      -20.00
01824            -640.00      -24.00
01825            -520.00      -20.00
01826            -400.00      -20.00
01827            -280.00      -24.00
01828            -120.00      -24.00
01829             -40.00      -28.00
01830              80.00      -24.00
01831             160.00      -16.00
01832             240.00      -20.00
01833             320.00      -16.00
01834             400.00      -20.00
01835             480.00      -28.00
01836             520.00      -20.00
01837             600.00      -16.00
01838             640.00      -16.00
01839             680.00      -20.00
01840             720.00      -20.00
01841             800.00      -16.00
01842             840.00      -20.00
01843             920.00      -24.00
01844            1000.00      -24.00
01845            1120.00      -24.00
01846            1200.00      -20.00
01847            1280.00      -24.00
01848            1400.00      -32.00
01849            1480.00      -20.00
01850            1600.00      -16.00
01851            1680.00      -20.00
01852            1800.00      -24.00
01853            1840.00      -20.00
01854            1880.00      -24.00
01855            1920.00      -20.00
01856            2000.00      -24.00
01857            1960.00      -24.00
01858            2000.00      -20.00
01859            2000.00      -16.00
01860            1960.00      -16.00
01861            1960.00      -20.00
01862            1960.00      -20.00
01863            1920.00      -24.00
01864            1960.00      -24.00
01865            1920.00      -28.00
01866            1960.00      -20.00
01867            1960.00      -20.00
01868            2000.00      -16.00
01869            2040.00      -16.00
01870            2000.00      -24.00
01871            2000.00      -24.00
01872            2000.00      -16.00
01873            1960.00      -20.00
01874            1920.00      -20.00
01875            1840.00      -16.00
01876            1760.00      -20.00
01877            1680.00      -16.00
01878            1560.00      -20.00
01879            1520.00      -20.00
01880            1360.00      -20.00
01881            1240.00      -20.00
01882            1160.00      -20.00
01883            1040.00      -20.00
01884             880.00      -20.00
01885             720.00      -16.00
01886             600.00      -24.00
01887             400.00      -20.00
01888             320.00      -20.00
01889             200.00      -24.00
01890              80.00      -24.00
01891               0.00      -20.00
01892             -40.00      -28.00
01893            -120.00      -24.00
01894            -120.00      -16.00
01895            -160.00      -20.00
01896            -200.00      -24.00
01897            -280.00      -20.00
01898            -240.00      -24.00
01899            -280.00      -20.00
01900            -320.00      -24.00
01901            -360.00      -20.00
01902            -400.00      -20.00
01903            -440.00      -20.00
01904            -440.00      -24.00
01905            -480.00      -20.00
01906            -480.00      -16.00
01907            -480.00      -24.00
01908            -480.00      -20.00
01909            -440.00      -24.00
01910            -440.00      -20.00
01911            -480.00      -16.00
01912            -440.00      -20.00
01913            -440.00      -20.00
01914            -440.00      -16.00
01915            -440.00      -16.00
01916            -480.00      -20.00
01917            -480.00      -16.00
01918            -480.00      -24.00
01919            -480.00      -12.00
01920            -480.00      -20.00
01921            -480.00      -16.00
01922            -520.00      -20.00
01923            -520.00      -16.00
01924            -600.00      -20.00
01925            -600.00      -16.00
01926            -680.00      -20.00
01927            -720.00      -20.00
01928            -720.00      -24.00
01929            -760.00      -20.00
01930            -760.00      -16.00
01931            -800.00      -28.00
01932            -800.00      -20.00
01933            -800.00      -20.00
01934            -800.00      -20.00
01935            -800.00      -20.00
01936            -800.00      -16.00
01937            -800.00      -16.00
01938            -760.00      -16.00
01939            -720.00      -20.00
01940            -720.00      -16.00
01941            -680.00      -20.00
01942            -680.00      -20.00
01943            -640.00      -20.00
01944            -640.00      -24.00
01945            -640.00      -24.00
01946            -680.00      -16.00
01947            -720.00      -20.00
01948            -760.00      -20.00
01949            -800.00      -16.00
01950            -840.00      -24.00
01951            -880.00      -28.00
01952            -960.00      -20.00
01953            -960.00      -20.00
01954            -920.00      -12.00
01955            -920.00      -24.00
01956            -840.00      -24.00
01957            -840.00      -16.00
01958            -800.00      -20.00
01959            -760.00      -20.00
01960            -720.00      -16.00
01961            -680.00      -20.00
01962            -640.00      -16.00
01963            -600.00      -20.00
01964            -560.00      -16.00
01965            -560.00      -16.00
01966            -560.00      -20.00
01967            -560.00      -20.00
01968            -560.00      -20.00
01969            -600.00      -24.00
01970            -640.00      -16.00
01971            -640.00      -20.00
01972            -680.00      -20.00
01973            -680.00      -16.00
01974            -600.00      -20.00
01975            -520.00      -20.00
01976            -480.00      -24.00
01977            -360.00      -20.00
01978            -280.00      -20.00
01979            -160.00      -16.00
01980             -40.00      -16.00
01981             120.00      -12.00
01982             240.00      -20.00
01983             440.00      -20.00
01984             480.00      -16.00
01985             640.00      -20.00
01986             880.00      -16.00
01987             920.00      -16.00
01988            1080.00      -20.00
01989            1240.00      -20.00
01990            1360.00      -24.00
01991            1480.00      -20.00
01992            1520.00      -16.00
01993            1600.00      -16.00
01994            1640.00      -20.00
01995            1720.00      -20.00
01996            1720.00      -20.00
01997            1800.00      -16.00
01998            1840.00      -20.00
01999            1840.00      -28.00
02000            1840.00      -16.00
02001            1880.00      -16.00
02002            1920.00      -20.00
02003            1920.00      -24.00
02004            1840.00      -20.00
02005            1800.00      -16.00
02006            1760.00      -20.00
02007            1720.00      -12.00
02008            1640.00      -16.00
02009            1640.00      -20.00
02010            1520.00      -16.00
02011            1400.00      500.00
02012              40.00      500.00
02013              80.00      500.00
02014             120.00      -36.00
02015             120.00      -32.00
02016             160.00      -36.00
02017             120.00      -36.00
02018              80.00      -40.00
02019             120.00      -32.00
02020             120.00      -36.00
02021              80.00      -36.00
02022              40.00      -28.00
02023               0.00      -36.00
02024             -80.00      -32.00
02025            -120.00      -28.00
02026            -200.00      -28.00
02027            -280.00      -28.00
02028            -320.00      -28.00
02029            -360.00      -28.00
02030            -440.00      -28.00
02031            -480.00      -28.00
02032            -560.00      -24.00
02033            -560.00      -28.00
02034            -640.00      -24.00
02035            -720.00      -24.00
02036            -800.00      -24.00
02037            -880.00      -28.00
02038            -960.00      -24.00
02039           -1040.00      -32.00
02040           -1080.00      -28.00
02041           -1200.00      -24.00
02042           -1320.00      -24.00
02043           -1400.00      -28.00
02044           -1520.00      -24.00
02045           -1600.00      -28.00
02046           -1720.00      -24.00
02047           -1800.00      -20.00
02048           -1880.00      -20.00
02049           -1960.00      -24.00
02050           -2000.00      -20.00
02051           -2080.00      -20.00
02052           -2080.00      -20.00
02053           -2120.00      -24.00
02054           -2080.00      -20.00
02055           -2120.00      -24.00
02056           -2080.00      -24.00
02057           -2040.00      -24.00
02058           -2000.00      -24.00
02059           -2000.00      -20.00
02060           -1920.00      -24.00
02061           -1880.00      -20.00
02062           -1840.00      -20.00
02063           -1760.00      -20.00
02064           -1680.00      -16.00
02065           -1640.00      -20.00
02066           -1480.00      -16.00
02067           -1480.00      -20.00
02068           -1360.00      -20.00
02069           -1280.00      -20.00
02070           -1160.00      -24.00
02071           -1040.00      -16.00
02072            -960.00      -20.00
02073            -760.00      -16.00
02074            -600.00      -24.00
02075            -560.00      -20.00
02076            -400.00      -16.00
02077            -280.00      -16.00
02078            -160.00      -16.00
02079             -40.00      -20.00
02080              80.00      -16.00
02081             160.00      -16.00
02082             280.00      -16.00
02083             320.00      -20.00
02084             440.00      -24.00
02085             480.00      -16.00
02086             480.00      -16.00
02087             600.00      -20.00
02088             640.00      -16.00
02089             680.00      -20.00
02090             720.00      -16.00
02091             840.00      -16.00
02092             880.00      -12.00
02093             960.00      -16.00
02094            1040.00      -20.00
02095            1120.00      -16.00
02096            1200.00      -16.00
02097            1320.00      -20.00
02098            1360.00      -20.00
02099            1480.00      -20.00
02100            1640.00      -16.00
02101            1680.00      -20.00
02102            1800.00      -16.00
02103            1840.00      -16.00
02104            1920.00      -16.00
02105            1960.00      -12.00
02106            1960.00      -20.00
02107            1960.00      -12.00
02108            2000.00      -16.00
02109            2000.00      -16.00
02110            1960.00      -20.00
02111            1920.00      -20.00
02112            1920.00      -16.00
02113            1960.00      -20.00
02114            1920.00      -20.00
02115            1960.00      -16.00
02116            1920.00      -20.00
02117            2000.00      -12.00
02118            2000.00      -16.00
02119            2000.00      -16.00
02120            2000.00      -20.00
02121            2000.00      -16.00
02122            2000.00      -16.00
02123            1960.00      -16.00
02124            1920.00      -16.00
02125            1840.00      -20.00
02126            1760.00      -20.00
02127            1680.00      -16.00
02128            1600.00      -20.00
02129            1480.00      -12.00
02130            1360.00      -12.00
02131            1280.00      -24.00
02132            1160.00      -16.00
02133            1000.00      -16.00
02134             880.00      -16.00
02135             720.00      -20.00
02136             600.00      -16.00
02137             440.00      -12.00
02138             320.00      -20.00
02139             200.00      -16.00
02140             120.00      -16.00
02141              40.00      -20.00
02142             -40.00      -20.00
02143             -80.00      -16.00
02144            -160.00      -20.00
02145            -160.00      -16.00
02146            -240.00      -12.00
02147            -240.00      -20.00
02148            -240.00      -20.00
02149            -280.00      -20.00
02150            -280.00      -16.00
02151            -360.00      -20.00
02152            -400.00      -16.00
02153            -400.00      -20.00
02154            -440.00      -16.00
02155            -480.00      -16.00
02156            -480.00      -16.00
02157            -440.00      -16.00
02158            -480.00      -20.00
02159            -440.00      -20.00
02160            -440.00      -20.00
02161            -440.00      -16.00
02162            -440.00      -20.00
02163            -440.00      -20.00
02164            -440.00      -16.00
02165            -440.00      -16.00
02166            -480.00      -20.00
02167            -520.00      -16.00
02168            -520.00      -16.00
02169            -480.00      -20.00
02170            -480.00      -12.00
02171            -480.00       -8.00
02172            -520.00      -20.00
02173            -560.00      -16.00
02174            -560.00      -16.00
02175            -600.00      -12.00
02176            -680.00      -20.00
02177            -680.00      -24.00
02178            -720.00      -12.00
02179            -760.00      -20.00
02180            -800.00      -20.00
02181            -800.00      -12.00
02182            -800.00      -20.00
02183            -840.00      -20.00
02184            -840.00      -16.00
02185            -800.00      -16.00
02186            -800.00      -16.00
02187            -760.00      -20.00
02188            -760.00      -20.00
02189            -760.00      -16.00
02190            -720.00      -16.00
02191            -680.00      -16.00
02192            -640.00      -16.00
02193            -640.00      -20.00
02194            -640.00      -16.00
02195            -640.00      -24.00
02196            -680.00      -20.00
02197            -680.00      -20.00
02198            -760.00      -20.00
02199            -840.00      -12.00
02200            -880.00      -24.00
02201            -920.00      -24.00
02202            -920.00      -24.00
02203            -920.00      -20.00
02204            -920.00      -16.00
02205            -920.00      -20.00
02206            -880.00      -20.00
02207            -840.00      -20.00
02208            -840.00      -16.00
02209            -760.00      -24.00
02210            -720.00      -20.00
02211            -720.00      -16.00
02212            -680.00      -20.00
02213            -600.00      -16.00
02214            -560.00      -20.00
02215            -560.00      -20.00
02216            -560.00      -16.00
02217            -520.00      -20.00
02218            -600.00      -16.00
02219            -600.00      -24.00
02220            -640.00      -12.00
02221            -680.00      -16.00
02222            -640.00      -16.00
02223            -640.00      -24.00
02224            -600.00      -24.00
02225            -480.00      -16.00
02226            -480.00      -16.00
02227            -400.00      -20.00
02228            -280.00      -20.00
02229            -160.00      -16.00
02230             -40.00      -24.00
02231             160.00      -16.00
02232             280.00      -20.00
02233             440.00      -20.00
02234             560.00      -20.00
02235             640.00      -20.00
02236             800.00      -20.00
02237            1000.00      -16.00
02238            1120.00      -20.00
02239            1200.00      -20.00
02240            1360.00      -20.00
02241            1440.00      -24.00
02242            1520.00      -24.00
02243            1560.00      -16.00
02244            1640.00      -20.00
02245            1720.00      -16.00
02246            1760.00      -20.00
02247            1800.00      -24.00
02248            1840.00      -20.00
02249            1840.00      -20.00
02250            1880.00      -24.00
02251            1880.00      -20.00
02252            1880.00      -20.00
02253            1840.00      -20.00
02254            1840.00      -20.00
02255            1840.00      -20.00
02256            1800.00      -16.00
02257            1720.00      -20.00
02258            1680.00      -24.00
02259            1600.00      -20.00
02260            1480.00      -20.00
02261            1400.00      500.00
02262              40.00      500.00
02263              80.00      500.00
02264             120.00      -36.00
02265              80.00      -36.00
02266             160.00      -32.00
02267             160.00      -44.00
02268             120.00      -40.00
02269              80.00      -36.00
02270             120.00      -40.00
02271              80.00      -40.00
02272               0.00      -36.00
02273               0.00      -36.00
02274             -80.00      -28.00
02275            -160.00      -36.00
02276            -200.00      -36.00
02277            -280.00      -36.00
02278            -320.00      -32.00
02279            -400.00      -32.00
02280            -400.00      -32.00
02281            -520.00      -36.00
02282            -520.00      -36.00
02283            -600.00      -32.00
02284            -640.00      -28.00
02285            -680.00      -24.00
02286            -800.00      -28.00
02287            -840.00      -36.00
02288            -920.00      -32.00
02289           -1040.00      -28.00
02290           -1080.00      -28.00
02291           -1200.00      -24.00
02292           -1320.00      -28.00
02293           -1400.00      -24.00
02294           -1520.00      -28.00
02295           -1640.00      -28.00
02296           -1720.00      -28.00
02297           -1800.00      -28.00
02298           -1880.00      -24.00
02299           -1960.00      -28.00
02300           -2000.00      -20.00
02301           -2040.00      -24.00
02302           -2080.00      -28.00
02303           -2080.00      -24.00
02304           -2080.00      -24.00
02305           -2080.00      -20.00
02306           -2080.00      -28.00
02307           -2080.00      -24.00
02308           -2000.00      -24.00
02309           -2000.00      -28.00
02310           -1960.00      -24.00
02311           -1920.00      -28.00
02312           -1880.00      -20.00
02313           -1760.00      -16.00
02314           -1720.00      -24.00
02315           -1640.00      -24.00
02316           -1520.00      -20.00
02317           -1440.00      -24.00
02318           -1360.00      -24.00
02319           -1280.00      -24.00
02320           -1160.00      -24.00
02321           -1040.00      -24.00
02322            -920.00      -20.00
02323            -760.00      -20.00
02324            -640.00      -20.00
02325            -560.00      -16.00
02326            -400.00      -24.00
02327            -240.00      -24.00
02328            -120.00      -20.00
02329             -40.00      -24.00
02330              80.00      -20.00
02331             160.00      -20.00
02332             280.00      -16.00
02333             320.00      -24.00
02334             440.00      -20.00
02335             480.00      -24.00
02336             520.00      -20.00
02337             600.00      -20.00
02338             640.00      -24.00
02339             680.00      -16.00
02340             680.00      -20.00
02341             760.00      -16.00
02342             880.00      -16.00
02343             960.00      -16.00
02344            1040.00      -20.00
02345            1120.00      -20.00
02346            1200.00      -16.00
02347            1320.00      -20.00
02348            1360.00      -20.00
02349            1480.00      -16.00
02350            1600.00      -16.00
02351            1680.00      -16.00
02352            1800.00      -20.00
02353            1800.00      -20.00
02354            1880.00      -24.00
02355            1960.00      -20.00
02356            2000.00      -20.00
02357            2000.00      -16.00
02358            2000.00      -16.00
02359            2000.00      -20.00
02360            1960.00      -20.00
02361            1960.00      -20.00
02362            1920.00      -24.00
02363            1920.00      -28.00
02364            1920.00      -20.00
02365            1920.00      -20.00
02366            1920.00      -16.00
02367            1960.00      -20.00
02368            2000.00      -20.00
02369            2040.00      -16.00
02370            2040.00      -16.00
02371            2040.00      -16.00
02372            2000.00      -16.00
02373            1960.00      -16.00
02374            1920.00      -20.00
02375            1840.00      -24.00
02376            1760.00      -20.00
02377            1680.00      -20.00
02378            1560.00      -20.00
02379            1520.00      -16.00
02380            1360.00      -20.00
02381            1280.00      -24.00
02382            1200.00      -24.00
02383            1040.00      -20.00
02384             920.00      -20.00
02385             720.00      -20.00
02386             600.00      -20.00
02387             480.00      -20.00
02388             320.00      -16.00
02389             240.00      -16.00
02390             120.00      -16.00
02391               0.00      -20.00
02392             -40.00      -20.00
02393            -120.00      -12.00
02394            -120.00      -16.00
02395            -160.00      -20.00
02396            -200.00      -16.00
02397            -200.00      -16.00
02398            -240.00      -20.00
02399            -280.00      -16.00
02400            -320.00      -16.00
02401            -320.00      -12.00
02402            -400.00      -16.00
02403            -400.00      -20.00
02404            -440.00      -20.00
02405            -480.00      -20.00
02406            -440.00      -20.00
02407            -480.00      -16.00
02408            -480.00      -20.00
02409            -480.00      -16.00
02410            -480.00      -16.00
02411            -440.00      -20.00
02412            -400.00      -16.00
02413            -440.00      -16.00
02414            -440.00      -20.00
02415            -440.00      -20.00
02416            -480.00      -16.00
02417            -480.00      -16.00
02418            -480.00      -12.00
02419            -480.00      -20.00
02420            -480.00      -24.00
02421            -480.00      -20.00
02422            -520.00      -20.00
02423            -560.00      -20.00
02424            -600.00      -16.00
02425            -640.00      -16.00
02426            -640.00      -16.00
02427            -720.00      -16.00
02428            -720.00      -16.00
02429            -800.00      -20.00
02430            -760.00      -20.00
02431            -800.00      -12.00
02432            -800.00      -20.00
02433            -800.00      -20.00
02434            -840.00      -16.00
02435            -840.00      -24.00
02436            -800.00      -16.00
02437            -760.00      -12.00
02438            -760.00      -16.00
02439            -720.00      -20.00
02440            -720.00      -20.00
02441            -680.00      -16.00
02442            -680.00      -16.00
02443            -640.00      -16.00
02444            -640.00      -20.00
02445            -640.00      -16.00
02446            -640.00      -16.00
02447            -720.00      -16.00
02448            -760.00      -16.00
02449            -800.00      -16.00
02450            -840.00      -12.00
02451            -920.00      -16.00
02452            -920.00      -16.00
02453            -920.00      -12.00
02454            -960.00      -16.00
02455            -960.00      -16.00
02456            -880.00      -16.00
02457            -840.00      -12.00
02458            -800.00      -20.00
02459            -760.00      -12.00
02460            -760.00      -16.00
02461            -680.00      -20.00
02462            -640.00      -20.00
02463            -600.00      -20.00
02464            -560.00      -12.00
02465            -520.00      -16.00
02466            -520.00      -16.00
02467            -560.00      -16.00
02468            -560.00      -20.00
02469            -600.00      -16.00
02470            -640.00      -16.00
02471            -640.00      -16.00
02472            -640.00      -16.00
02473            -640.00      -20.00
02474            -600.00      -20.00
02475            -520.00      -16.00
02476            -400.00      -16.00
02477            -360.00      -16.00
02478            -280.00      -20.00
02479            -160.00      -16.00
02480             -40.00      -20.00
02481              80.00      -16.00
02482             280.00      -20.00
02483             400.00      -12.00
02484             560.00      -12.00
02485             680.00      -16.00
02486             800.00      -16.00
02487            1000.00      -16.00
02488            1160.00      -24.00
02489            1280.00      -16.00
02490            1320.00      -16.00
02491            1440.00      -16.00
02492            1560.00      -16.00
02493            1600.00      -12.00
02494            1720.00      -12.00
02495            1680.00      -16.00
02496            1760.00      -16.00
02497            1840.00      -12.00
02498            1840.00      -20.00
02499            1840.00      -12.00
02500            1880.00      -20.00
02501            1920.00      -12.00
02502            1920.00      -16.00
02503            1880.00      -16.00
02504            1840.00      -16.00
02505            1840.00      -20.00
02506            1800.00      -12.00
02507            1760.00      -20.00
02508            1640.00      -16.00
02509            1560.00      -16.00
02510            1520.00      -16.00
02511            1400.00      500.00
02512              40.00      500.00
02513              40.00      500.00
02514              80.00      -32.00
02515              80.00      -36.00
02516             120.00      -32.00
02517             160.00      -36.00
02518             160.00      -36.00
02519             120.00      -32.00
02520              80.00      -36.00
02521              40.00      -28.00
02522              40.00      -28.00
02523               0.00      -32.00
02524             -40.00      -28.00
02525            -120.00      -32.00
02526            -200.00      -32.00
02527            -280.00      -24.00
02528            -320.00      -28.00
02529            -440.00      -28.00
02530            -440.00      -28.00
02531            -480.00      -28.00
02532            -520.00      -24.00
02533            -600.00      -24.00
02534            -680.00      -28.00
02535            -720.00      -24.00
02536            -760.00      -28.00
02537            -880.00      -28.00
02538            -920.00      -28.00
02539           -1040.00      -28.00
02540           -1160.00      -24.00
02541           -1240.00      -24.00
02542           -1320.00      -20.00
02543           -1400.00      -28.00
02544           -1480.00      -24.00
02545           -1600.00      -28.00
02546           -1680.00      -28.00
02547           -1760.00      -20.00
02548           -1840.00      -28.00
02549           -1920.00      -24.00
02550           -2000.00      -28.00
02551           -2040.00      -20.00
02552           -2120.00      -28.00
02553           -2160.00      -24.00
02554           -2120.00      -20.00
02555           -2080.00      -24.00
02556           -2080.00      -24.00
02557           -2040.00      -20.00
02558           -2000.00      -24.00
02559           -1960.00      -20.00
02560           -1920.00      -20.00
02561           -1880.00      -24.00
02562           -1840.00      -20.00
02563           -1760.00      -20.00
02564           -1680.00      -24.00
02565           -1640.00      -20.00
02566           -1560.00      -24.00
02567           -1400.00      -20.00
02568           -1320.00      -24.00
02569           -1280.00      -20.00
02570           -1120.00      -24.00
02571           -1040.00      -24.00
02572            -920.00      -28.00
02573            -800.00      -24.00
02574            -680.00      -24.00
02575            -560.00      -20.00
02576            -400.00      -24.00
02577            -280.00      -20.00
02578            -160.00      -28.00
02579               0.00      -20.00
02580              40.00      -20.00
02581             160.00      -24.00
02582             280.00      -20.00
02583             320.00      -28.00
02584             400.00      -20.00
02585             480.00      -20.00
02586             520.00      -24.00
02587             600.00      -20.00
02588             640.00      -24.00
02589             680.00      -16.00
02590             720.00      -24.00
02591             800.00      -20.00
02592             880.00      -28.00
02593             920.00      -20.00
02594            1040.00      -24.00
02595            1080.00      -24.00
02596            1160.00      -24.00
02597            1320.00      -20.00
02598            1360.00      -20.00
02599            1440.00      -20.00
02600            1560.00      -20.00
02601            1680.00      -28.00
02602            1760.00      -20.00
02603            1840.00      -24.00
02604            1960.00      -20.00
02605            1960.00      -20.00
02606            1960.00      -28.00
02607            1960.00      -20.00
02608            1960.00      -20.00
02609            1960.00      -24.00
02610            1960.00      -20.00
02611            1920.00      -24.00
02612            1960.00      -24.00
02613            1920.00      -24.00
02614            1920.00      -28.00
02615            1960.00      -16.00
02616            1960.00      -16.00
02617            2000.00      -20.00
02618            2000.00      -20.00
02619            2000.00      -24.00
02620            2040.00      -20.00
02621            2000.00      -20.00
02622            2000.00      -16.00
02623            1960.00      -20.00
02624            1920.00      -24.00
02625            1840.00      -20.00
02626            1760.00      -20.00
02627            1680.00      -20.00
02628            1600.00      -20.00
02629            1520.00      -20.00
02630            1400.00      -16.00
02631            1280.00      -16.00
02632            1160.00      -20.00
02633            1040.00      -20.00
02634             880.00      -20.00
02635             720.00      -16.00
02636             600.00      -16.00
02637             480.00      -16.00
02638             320.00      -20.00
02639             200.00      -20.00
02640             120.00      -20.00
02641               0.00      -20.00
02642             -40.00      -20.00
02643             -80.00      -24.00
02644            -120.00      -20.00
02645            -160.00      -16.00
02646            -240.00      -16.00
02647            -200.00      -16.00
02648            -280.00      -20.00
02649            -280.00      -20.00
02650            -280.00      -20.00
02651            -360.00      -24.00
02652            -360.00      -20.00
02653            -400.00      -20.00
02654            -440.00      -24.00
02655            -480.00      -20.00
02656            -480.00      -16.00
02657            -440.00      -20.00
02658            -480.00      -16.00
02659            -440.00      -20.00
02660            -440.00      -20.00
02661            -480.00      -20.00
02662            -440.00      -20.00
02663            -440.00      -20.00
02664            -440.00      -16.00
02665            -440.00      -20.00
02666            -480.00      -16.00
02667            -480.00      -20.00
02668            -520.00      -20.00
02669            -480.00      -16.00
02670            -480.00      -20.00
02671            -520.00      -20.00
02672            -480.00      -20.00
02673            -560.00      -16.00
02674            -600.00      -16.00
02675            -600.00      -16.00
02676            -680.00      -24.00
02677            -680.00      -24.00
02678            -720.00      -20.00
02679            -760.00      -20.00
02680            -800.00      -20.00
02681            -800.00      -20.00
02682            -840.00      -20.00
02683            -840.00      -28.00
02684            -840.00      -20.00
02685            -840.00      -12.00
02686            -800.00      -20.00
02687            -760.00      -20.00
02688            -760.00      -16.00
02689            -720.00      -20.00
02690            -720.00      -16.00
02691            -680.00      -20.00
02692            -640.00      -20.00
02693            -640.00      -16.00
02694            -640.00      -20.00
02695            -640.00      -16.00
02696            -680.00      -20.00
02697            -720.00      -24.00
02698            -760.00      -20.00
02699            -840.00      -20.00
02700            -880.00      -20.00
02701            -920.00      -24.00
02702            -920.00      -20.00
02703            -920.00      -16.00
02704            -920.00      -20.00
02705            -880.00      -20.00
02706            -880.00      -20.00
02707            -880.00      -16.00
02708            -800.00      -24.00
02709            -800.00      -20.00
02710            -760.00      -20.00
02711            -720.00      -24.00
02712            -680.00      -16.00
02713            -600.00      -16.00
02714            -560.00      -20.00
02715            -560.00      -24.00
02716            -560.00      -20.00
02717            -560.00      -12.00
02718            -600.00      -20.00
02719            -600.00      -20.00
02720            -640.00      -16.00
02721            -640.00      -20.00
02722            -640.00      -16.00
02723            -640.00      -20.00
02724            -600.00      -16.00
02725            -520.00      -20.00
02726            -440.00      -20.00
02727            -400.00      -16.00
02728            -320.00      -20.00
02729            -200.00      -20.00
02730             -40.00      -20.00
02731             120.00      -16.00
02732             240.00      -16.00
02733             400.00      -12.00
02734             520.00      -20.00
02735             680.00      -24.00
02736             800.00      -24.00
02737             960.00      -16.00
02738            1120.00      -28.00
02739            1240.00      -20.00
02740            1320.00      -20.00
02741            1440.00      -16.00
02742            1520.00      -16.00
02743            1640.00      -20.00
02744            1680.00      -16.00
02745            1720.00      -20.00
02746            1760.00      -16.00
02747            1840.00      -24.00
02748            1840.00      -20.00
02749            1840.00      -20.00
02750            1880.00      -16.00
02751            1880.00      -20.00
02752            1880.00      -16.00
02753            1840.00      -12.00
02754            1880.00      -20.00
02755            1800.00      -20.00
02756            1760.00      -20.00
02757            1720.00      -16.00
02758            1640.00      -20.00
02759            1600.00      -16.00
02760            1480.00      -16.00
02761            1400.00      500.00
02762              80.00      500.00
02763              80.00      500.00
02764              80.00      -36.00
02765              80.00      -36.00
02766              80.00      -40.00
02767             160.00      -36.00
02768             160.00      -32.00
02769             120.00      -36.00
02770              80.00      -36.00
02771             120.00      -36.00
02772              40.00      -32.00
02773               0.00      -28.00
02774             -80.00      -32.00
02775            -120.00      -28.00
02776            -200.00      -32.00
02777            -280.00      -28.00
02778            -320.00      -32.00
02779            -360.00      -32.00
02780            -480.00      -28.00
02781            -480.00      -28.00
02782            -520.00      -28.00
02783            -600.00      -28.00
02784            -640.00      -28.00
02785            -680.00      -24.00
02786            -800.00      -24.00
02787            -840.00      -28.00
02788            -920.00      -24.00
02789           -1040.00      -24.00
02790           -1120.00      -20.00
02791           -1240.00      -28.00
02792           -1320.00      -28.00
02793           -1400.00      -24.00
02794           -1480.00      -24.00
02795           -1640.00      -20.00
02796           -1680.00      -24.00
02797           -1800.00      -20.00
02798           -1840.00      -24.00
02799           -1920.00      -20.00
02800           -2000.00      -20.00
02801           -2040.00      -20.00
02802           -2120.00      -24.00
02803           -2080.00      -20.00
02804           -2120.00      -24.00
02805           -2120.00      -16.00
02806           -2080.00      -24.00
02807           -2000.00      -24.00
02808           -2000.00      -16.00
02809           -1960.00      -20.00
02810           -1920.00      -16.00
02811           -1880.00      -20.00
02812           -1840.00      -24.00
02813           -1760.00      -16.00
02814           -1680.00      -20.00
02815           -1640.00      -16.00
02816           -1520.00      -20.00
02817           -1440.00      -24.00
02818           -1360.00      -20.00
02819           -1240.00      -24.00
02820           -1160.00      -20.00
02821           -1040.00      -20.00
02822            -920.00      -16.00
02823            -840.00      -24.00
02824            -680.00      -16.00
02825            -520.00      -16.00
02826            -400.00      -16.00
02827            -240.00      -16.00
02828            -200.00      -20.00
02829             -80.00      -24.00
02830              80.00      -16.00
02831             200.00      -20.00
02832             280.00      -20.00
02833             360.00      -16.00
02834             400.00      -16.00
02835             480.00      -20.00
02836             520.00      -20.00
02837             600.00      -16.00
02838             640.00      -16.00
02839             640.00      -16.00
02840             720.00      -20.00
02841             760.00      -20.00
02842             880.00      -20.00
02843             960.00       -8.00
02844            1000.00      -20.00
02845            1080.00      -20.00
02846            1200.00      -12.00
02847            1280.00      -16.00
02848            1360.00      -16.00
02849            1520.00      -12.00
02850            1600.00      -20.00
02851            1680.00      -16.00
02852            1760.00      -16.00
02853            1840.00      -20.00
02854            1920.00      -16.00
02855            1960.00      -20.00
02856            1960.00      -16.00
02857            2000.00      -16.00
02858            2000.00      -16.00
02859            2000.00      -16.00
02860            1960.00      -12.00
02861            1960.00      -12.00
02862            1920.00      -16.00
02863            1920.00      -16.00
02864            1960.00      -20.00
02865            1960.00      -12.00
02866            1960.00      -12.00
02867            1960.00      -16.00
02868            1960.00      -20.00
02869            2000.00      -16.00
02870            2040.00      -16.00
02871            2000.00      -16.00
02872            2000.00      -20.00
02873            1960.00      -20.00
02874            1920.00      -12.00
02875            1840.00      -12.00
02876            1760.00      -12.00
02877            1680.00      -20.00
02878            1600.00      -12.00
02879            1480.00      -16.00
02880            1360.00      -16.00
02881            1280.00      -16.00
02882            1160.00      -16.00
02883            1040.00      -16.00
02884             880.00      -12.00
02885             720.00      -12.00
02886             560.00      -20.00
02887             440.00      -12.00
02888             360.00      -16.00
02889             200.00      -16.00
02890              80.00      -20.00
02891              40.00      -16.00
02892             -80.00      -12.00
02893            -120.00      -16.00
02894            -160.00      -12.00
02895            -160.00      -16.00
02896            -240.00      -16.00
02897            -240.00      -20.00
02898            -240.00      -20.00
02899            -280.00      -20.00
02900            -280.00      -16.00
02901            -320.00      -12.00
02902            -360.00      -20.00
02903            -440.00      -16.00
02904            -440.00      -12.00
02905            -440.00      -20.00
02906            -480.00      -16.00
02907            -440.00      -12.00
02908            -480.00      -20.00
02909            -480.00      -20.00
02910            -440.00      -16.00
02911            -440.00      -16.00
02912            -440.00      -16.00
02913            -400.00      -16.00
02914            -440.00      -16.00
02915            -440.00      -20.00
02916            -480.00      -16.00
02917            -480.00      -20.00
02918            -480.00      -16.00
02919            -480.00      -16.00
02920            -480.00      -16.00
02921            -480.00      -16.00
02922            -520.00      -24.00
02923            -560.00      -24.00
02924            -600.00      -16.00
02925            -640.00      -16.00
02926            -680.00      -24.00
02927            -720.00      -16.00
02928            -720.00      -16.00
02929            -760.00      -24.00
02930            -800.00      -16.00
02931            -800.00      -20.00
02932            -840.00      -20.00
02933            -840.00      -12.00
02934            -840.00      -20.00
02935            -800.00      -20.00
02936            -840.00      -20.00
02937            -760.00      -20.00
02938            -760.00      -12.00
02939            -720.00      -16.00
02940            -680.00      -16.00
02941            -640.00      -20.00
02942            -680.00      -16.00
02943            -640.00      -16.00
02944            -640.00      -20.00
02945            -640.00      -20.00
02946            -680.00      -16.00
02947            -720.00      -20.00
02948            -760.00      -16.00
02949            -800.00      -20.00
02950            -880.00      -24.00
02951            -920.00      -16.00
02952            -920.00      -20.00
02953            -920.00      -20.00
02954            -920.00      -20.00
02955            -880.00      -20.00
02956            -880.00      -16.00
02957            -880.00      -16.00
02958            -840.00      -16.00
02959            -800.00      -20.00
02960            -760.00      -20.00
02961            -720.00      -16.00
02962            -680.00      -24.00
02963            -640.00      -28.00
02964            -560.00      -20.00
02965            -560.00      -20.00
02966            -560.00      -24.00
02967            -560.00      -16.00
02968            -560.00      -20.00
02969            -600.00      -16.00
02970            -640.00      -20.00
02971            -640.00      -20.00
02972            -680.00      -20.00
02973            -640.00      -20.00
02974            -600.00      -20.00
02975            -560.00      -20.00
02976            -440.00      -28.00
02977            -400.00      -20.00
02978            -280.00      -20.00
02979            -120.00      -20.00
02980             -40.00      -16.00
02981             120.00      -16.00
02982             240.00      -20.00
02983             400.00      -20.00
02984             520.00      -20.00
02985             680.00      -16.00
02986             840.00      -20.00
02987             920.00      -20.00
02988            1080.00      -20.00
02989            1240.00      -20.00
02990            1320.00      -16.00
02991            1440.00      -24.00
02992            1560.00      -20.00
02993            1600.00      -16.00
02994            1640.00      -20.00
02995            1760.00      -20.00
02996            1800.00      -20.00
02997            1840.00      -20.00
02998            1800.00      -16.00
02999            1840.00      -16.00
03000            1880.00      -16.00
03001            1880.00      -20.00
03002            1880.00      -20.00
03003            1880.00      -20.00
03004            1840.00      -24.00
03005            1840.00      -16.00
03006            1760.00      -20.00
03007            1720.00      -16.00
03008            1640.00      -16.00
03009            1560.00      -20.00
03010            1480.00      -16.00
03011            1400.00      500.00
03012              80.00      500.00
03013              80.00      500.00
03014              80.00      -40.00
03015              80.00      -44.00
03016             120.00      -36.00
03017             160.00      -32.00
03018             120.00      -32.00
03019             120.00      -36.00
03020              80.00      -32.00
03021              40.00      -36.00
03022              40.00      -28.00
03023             -40.00      -28.00
03024             -80.00      -28.00
03025            -120.00      -36.00
03026            -200.00      -32.00
03027            -240.00      -36.00
03028            -320.00      -28.00
03029            -360.00      -32.00
03030            -440.00      -32.00
03031            -520.00      -32.00
03032            -520.00      -28.00
03033            -600.00      -32.00
03034            -680.00      -40.00
03035            -720.00      -28.00
03036            -760.00      -28.00
03037            -880.00      -28.00
03038            -960.00      -28.00
03039           -1040.00      -28.00
03040           -1120.00      -28.00
03041           -1240.00      -28.00
03042           -1280.00      -28.00
03043           -1440.00      -24.00
03044           -1520.00      -28.00
03045           -1640.00      -24.00
03046           -1680.00      -28.00
03047           -1800.00      -24.00
03048           -1880.00      -28.00
03049           -1960.00      -24.00
03050           -2000.00      -24.00
03051           -2080.00      -28.00
03052           -2120.00      -24.00
03053           -2120.00      -20.00
03054           -2120.00      -28.00
03055           -2080.00      -20.00
03056           -2080.00      -24.00
03057           -2000.00      -20.00
03058           -2040.00      -24.00
03059           -2000.00      -24.00
03060           -1920.00      -28.00
03061           -1880.00      -20.00
03062           -1800.00      -20.00
03063           -1760.00      -28.00
03064           -1680.00      -20.00
03065           -1640.00      -24.00
03066           -1560.00      -20.00
03067           -1440.00      -24.00
03068           -1360.00      -24.00
03069           -1240.00      -20.00
03070           -1200.00      -24.00
03071           -1080.00      -16.00
03072            -920.00      -24.00
03073            -800.00      -20.00
03074            -720.00      -20.00
03075            -480.00      -24.00
03076            -400.00      -20.00
03077            -280.00      -24.00
03078            -160.00      -16.00
03079             -40.00      -20.00
03080              80.00      -24.00
03081             160.00      -24.00
03082             240.00      -28.00
03083             360.00      -16.00
03084             400.00      -24.00
03085             440.00      -24.00
03086             520.00      -16.00
03087             560.00      -20.00
03088             640.00      -24.00
03089             680.00      -20.00
03090             720.00      -20.00
03091             800.00      -20.00
03092             880.00      -20.00
03093             920.00      -16.00
03094            1000.00      -16.00
03095            1080.00      -20.00
03096            1200.00      -20.00
03097            1280.00      -20.00
03098            1360.00      -20.00
03099            1480.00      -16.00
03100            1600.00      -16.00
03101            1680.00      -16.00
03102            1760.00      -16.00
03103            1880.00      -20.00
03104            1880.00      -24.00
03105            1960.00      -16.00
03106            1960.00      -20.00
03107            1960.00      -20.00
03108            1960.00      -20.00
03109            2000.00      -16.00
03110            1960.00      -24.00
03111            1960.00      -16.00
03112            1920.00      -20.00
03113            1920.00      -12.00
03114            1920.00      -24.00
03115            1960.00      -16.00
03116            1960.00      -20.00
03117            1960.00      -16.00
03118            2000.00      -24.00
03119            2000.00      -24.00
03120            2000.00      -16.00
03121            2000.00      -12.00
03122            2000.00      -16.00
03123            1960.00      -16.00
03124            1920.00      -16.00
03125            1840.00      -16.00
03126            1760.00      -16.00
03127            1680.00      -20.00
03128            1600.00      -20.00
03129            1480.00      -16.00
03130            1360.00      -20.00
03131            1280.00      -20.00
03132            1160.00      -16.00
03133            1000.00      -20.00
03134             880.00      -16.00
03135             720.00      -16.00
03136             600.00      -20.00
03137             440.00      -16.00
03138             360.00      -20.00
03139             200.00      -16.00
03140              80.00      -20.00
03141              40.00      -20.00
03142             -40.00       -8.00
03143             -80.00      -20.00
03144            -160.00      -16.00
03145            -160.00      -16.00
03146            -240.00      -20.00
03147            -280.00      -12.00
03148            -240.00      -20.00
03149            -280.00      -16.00
03150            -280.00      -16.00
03151            -360.00      -16.00
03152            -400.00      -20.00
03153            -400.00      -20.00
03154            -480.00      -16.00
03155            -440.00      -20.00
03156            -480.00      -16.00
03157            -480.00      -16.00
03158            -480.00      -16.00
03159            -480.00      -20.00
03160            -440.00      -16.00
03161            -440.00      -20.00
03162            -440.00      -16.00
03163            -440.00      -24.00
03164            -440.00      -16.00
03165            -440.00      -20.00
03166            -480.00      -12.00
03167            -480.00      -16.00
03168            -480.00      -16.00
03169            -520.00      -16.00
03170            -480.00      -16.00
03171            -480.00      -12.00
03172            -480.00      -16.00
03173            -560.00      -16.00
03174            -560.00      -20.00
03175            -640.00      -16.00
03176            -640.00      -16.00
03177            -720.00      -20.00
03178            -720.00      -12.00
03179            -720.00      -16.00
03180            -800.00      -16.00
03181            -840.00      -16.00
03182            -840.00      -12.00
03183            -840.00      -24.00
03184            -840.00      -12.00
03185            -840.00      -20.00
03186            -800.00      -16.00
03187            -800.00      -16.00
03188            -760.00      -16.00
03189            -760.00      -16.00
03190            -680.00      -16.00
03191            -680.00      -16.00
03192            -640.00      -16.00
03193            -640.00      -16.00
03194            -640.00      -16.00
03195            -640.00      -20.00
03196            -680.00      -16.00
03197            -720.00      -12.00
03198            -760.00      -16.00
03199            -840.00      -16.00
03200            -880.00      -16.00
03201            -920.00      -16.00
03202            -920.00      -16.00
03203            -960.00      -16.00
03204            -920.00      -20.00
03205            -920.00      -16.00
03206            -880.00      -12.00
03207            -840.00      -16.00
03208            -800.00      -16.00
03209            -800.00      -16.00
03210            -760.00      -16.00
03211            -720.00      -16.00
03212            -640.00      -16.00
03213            -600.00      -16.00
03214            -600.00      -16.00
03215            -560.00      -16.00
03216            -560.00      -20.00
03217            -560.00      -16.00
03218            -560.00      -16.00
03219            -600.00      -16.00
03220            -600.00      -16.00
03221            -680.00      -12.00
03222            -680.00      -16.00
03223            -640.00      -16.00
03224            -600.00      -16.00
03225            -560.00      -16.00
03226            -440.00      -16.00
03227            -440.00      -16.00
03228            -280.00      -16.00
03229            -200.00      -16.00
03230               0.00      -12.00
03231              80.00      -12.00
03232             200.00      -16.00
03233             400.00      -20.00
03234             520.00       -8.00
03235             680.00      -12.00
03236             840.00      -12.00
03237             920.00      -16.00
03238            1080.00      -12.00
03239            1240.00      -16.00
03240            1360.00      -16.00
03241            1480.00      -16.00
03242            1520.00      -12.00
03243            1600.00      -12.00
03244            1640.00      -12.00
03245            1720.00      -16.00
03246            1760.00      -12.00
03247            1800.00      -16.00
03248            1800.00      -12.00
03249            1840.00      -16.00
03250            1840.00      -16.00
03251            1880.00      -16.00
03252            1840.00      -16.00
03253            1920.00      -12.00
03254            1840.00      -12.00
03255            1800.00      -12.00
03256            1760.00      -12.00
03257            1720.00      -12.00
03258            1680.00      -16.00
03259            1600.00      -12.00
03260            1440.00      -16.00
03261            1400.00      500.00
03262              40.00      500.00
03263              80.00      500.00
03264              80.00      -28.00
03265             120.00      -32.00
03266             160.00      -36.00
03267             120.00      -32.00
03268             120.00      -32.00
03269             120.00      -32.00
03270             120.00      -36.00
03271              40.00      -28.00
03272               0.00      -28.00
03273             -40.00      -32.00
03274             -80.00      -28.00
03275            -120.00      -28.00
03276            -200.00      -28.00
03277            -240.00      -32.00
03278            -360.00      -24.00
03279            -400.00      -28.00
03280            -440.00      -28.00
03281            -520.00      -28.00
03282            -560.00      -28.00
03283            -600.00      -24.00
03284            -680.00      -28.00
03285            -720.00      -24.00
03286            -760.00      -28.00
03287            -880.00      -28.00
03288            -920.00      -24.00
03289           -1040.00      -28.00
03290           -1120.00      -20.00
03291           -1200.00      -24.00
03292           -1320.00      -24.00
03293           -1440.00      -20.00
03294           -1520.00      -28.00
03295           -1640.00      -28.00
03296           -1680.00      -28.00
03297           -1800.00      -28.00
03298           -1880.00      -24.00
03299           -1960.00      -20.00
03300           -2000.00      -28.00
03301           -2040.00      -20.00
03302           -2080.00      -20.00
03303           -2120.00      -24.00
03304           -2120.00      -20.00
03305           -2120.00      -24.00
03306           -2040.00      -28.00
03307           -2040.00      -16.00
03308           -2000.00      -20.00
03309           -1960.00      -20.00
03310           -1920.00      -20.00
03311           -1880.00      -20.00
03312           -1840.00      -20.00
03313           -1760.00      -20.00
03314           -1680.00      -24.00
03315           -1640.00      -24.00
03316           -1560.00      -20.00
03317           -1480.00      -24.00
03318           -1360.00      -20.00
03319           -1280.00      -16.00
03320           -1160.00      -16.00
03321           -1080.00      -24.00
03322            -920.00      -20.00
03323            -800.00      -16.00
03324            -680.00      -24.00
03325            -520.00      -24.00
03326            -400.00      -24.00
03327            -280.00      -24.00
03328            -160.00      -16.00
03329               0.00      -20.00
03330              80.00      -20.00
03331             160.00      -24.00
03332             240.00      -20.00
03333             360.00      -24.00
03334             400.00      -12.00
03335             440.00      -20.00
03336             520.00      -20.00
03337             560.00      -16.00
03338             640.00      -20.00
03339             680.00      -16.00
03340             720.00      -24.00
03341             800.00      -16.00
03342             880.00      -20.00
03343             920.00      -16.00
03344            1000.00      -20.00
03345            1080.00      -20.00
03346            1160.00      -20.00
03347            1280.00      -20.00
03348            1360.00      -20.00
03349            1440.00      -16.00
03350            1600.00      -24.00
03351            1680.00      -24.00
03352            1800.00      -16.00
03353            1840.00      -20.00
03354            1920.00      -20.00
03355            1960.00      -20.00
03356            1960.00      -16.00
03357            2000.00      -20.00
03358            1960.00      -16.00
03359            1960.00      -20.00
03360            1960.00      -16.00
03361            1960.00      -24.00
03362            1920.00      -16.00
03363            1920.00      -16.00
03364            1960.00      -24.00
03365            1960.00      -28.00
03366            1960.00      -20.00
03367            1960.00      -16.00
03368            2000.00      -20.00
03369            2000.00      -20.00
03370            2000.00      -16.00
03371            2000.00      -24.00
03372            2000.00      -24.00
03373            1960.00      -20.00
03374            1920.00      -24.00
03375            1840.00      -24.00
03376            1760.00      -16.00
03377            1680.00      -16.00
03378            1600.00      -20.00
03379            1480.00      -16.00
03380            1400.00      -16.00
03381            1240.00      -24.00
03382            1160.00      -20.00
03383            1000.00      -16.00
03384             880.00      -20.00
03385             760.00      -16.00
03386             600.00      -20.00
03387             440.00      -16.00
03388             320.00      -16.00
03389             200.00      -20.00
03390              80.00      -24.00
03391              40.00      -20.00
03392             -40.00      -16.00
03393            -120.00      -16.00
03394            -160.00      -24.00
03395            -160.00      -12.00
03396            -200.00      -20.00
03397            -240.00      -20.00
03398            -280.00      -16.00
03399            -280.00      -20.00
03400            -280.00      -20.00
03401            -320.00      -20.00
03402            -400.00      -16.00
03403            -400.00      -20.00
03404            -440.00      -16.00
03405            -440.00      -16.00
03406            -480.00      -16.00
03407            -480.00      -20.00
03408            -480.00      -16.00
03409            -480.00      -16.00
03410            -440.00      -16.00
03411            -400.00      -20.00
03412            -440.00      -16.00
03413            -440.00      -20.00
03414            -440.00      -20.00
03415            -440.00      -16.00
03416            -480.00      -20.00
03417            -480.00      -20.00
03418            -480.00      -20.00
03419            -480.00      -16.00
03420            -480.00      -24.00
03421            -520.00      -20.00
03422            -520.00      -20.00
03423            -560.00      -16.00
03424            -600.00      -20.00
03425            -600.00      -16.00
03426            -680.00      -24.00
03427            -720.00      -20.00
03428            -720.00      -16.00
03429            -760.00      -20.00
03430            -800.00      -20.00
03431            -800.00      -16.00
03432            -840.00      -24.00
03433            -800.00      -12.00
03434            -800.00      -16.00
03435            -800.00      -20.00
03436            -800.00      -20.00
03437            -800.00      -16.00
03438            -720.00      -20.00
03439            -760.00      -20.00
03440            -680.00      -16.00
03441            -680.00      -20.00
03442            -640.00      -20.00
03443            -640.00      -16.00
03444            -640.00      -16.00
03445            -640.00      -16.00
03446            -680.00      -16.00
03447            -720.00      -20.00
03448            -760.00      -16.00
03449            -840.00      -24.00
03450            -880.00      -16.00
03451            -920.00      -24.00
03452            -920.00      -20.00
03453            -920.00      -16.00
03454            -920.00      -16.00
03455            -920.00      -20.00
03456            -880.00      -20.00
03457            -840.00      -16.00
03458            -800.00      -16.00
03459            -760.00      -16.00
03460            -760.00      -20.00
03461            -720.00      -12.00
03462            -640.00      -16.00
03463            -600.00      -16.00
03464            -560.00      -20.00
03465            -560.00      -20.00
03466            -560.00      -16.00
03467            -560.00      -16.00
03468            -600.00      -20.00
03469            -600.00      -20.00
03470            -640.00      -20.00
03471            -680.00      -16.00
03472            -680.00      -20.00
03473            -640.00      -16.00
03474            -600.00      -20.00
03475            -520.00      -20.00
03476            -480.00      -16.00
03477            -400.00      -12.00
03478            -280.00      -20.00
03479            -160.00      -16.00
03480             -40.00      -16.00
03481             120.00      -16.00
03482             240.00      -20.00
03483             400.00      -20.00
03484             480.00      -20.00
03485             640.00      -12.00
03486             880.00      -20.00
03487             920.00      -20.00
03488            1120.00      -20.00
03489            1280.00      -20.00
03490            1360.00      -16.00
03491            1480.00      -16.00
03492            1520.00      -20.00
03493            1560.00      -20.00
03494            1720.00      -16.00
03495            1720.00      -16.00
03496            1760.00      -16.00
03497            1800.00      -16.00
03498            1840.00      -16.00
03499            1880.00      -20.00
03500            1880.00      -16.00
03501            1880.00      -20.00
03502            1840.00      -24.00
03503            1840.00      -12.00
03504            1840.00      -20.00
03505            1840.00      -12.00
03506            1800.00      -16.00
03507            1720.00      -20.00
03508            1640.00      -16.00
03509            1560.00      -16.00
03510            1480.00      -16.00
03511            1360.00      500.00
03512              80.00      500.00
03513              80.00      500.00
03514             120.00      -36.00
03515              80.00      -40.00
03516             120.00      -36.00
03517             120.00      -32.00
03518             160.00      -36.00
03519             160.00      -36.00
03520              80.00      -32.00
03521              80.00      -36.00
03522               0.00      -40.00
03523               0.00      -28.00
03524             -40.00      -32.00
03525            -160.00      -28.00
03526            -200.00      -36.00
03527            -280.00      -36.00
03528            -320.00      -28.00
03529            -400.00      -28.00
03530            -440.00      -28.00
03531            -520.00      -32.00
03532            -520.00      -32.00
03533            -600.00      -28.00
03534            -640.00      -28.00
03535            -680.00      -32.00
03536            -800.00      -24.00
03537            -880.00      -24.00
03538            -960.00      -24.00
03539           -1040.00      -24.00
03540           -1120.00      -20.00
03541           -1240.00      -28.00
03542           -1320.00      -24.00
03543           -1400.00      -28.00
03544           -1520.00      -24.00
03545           -1560.00      -24.00
03546           -1680.00      -20.00
03547           -1800.00      -24.00
03548           -1880.00      -24.00
03549           -1960.00      -20.00
03550           -2000.00      -20.00
03551           -2040.00      -24.00
03552           -2080.00      -20.00
03553           -2120.00      -16.00
03554           -2080.00      -16.00
03555           -2120.00      -20.00
03556           -2080.00      -20.00
03557           -2080.00      -20.00
03558           -2000.00      -20.00
03559           -2000.00      -24.00
03560           -1920.00      -24.00
03561           -1840.00      -20.00
03562           -1840.00      -16.00
03563           -1760.00      -20.00
03564           -1680.00      -24.00
03565           -1560.00      -20.00
03566           -1520.00      -20.00
03567           -1480.00      -20.00
03568           -1400.00      -16.00
03569           -1280.00      -24.00
03570           -1200.00      -20.00
03571           -1040.00      -24.00
03572            -920.00      -16.00
03573            -800.00      -16.00
03574            -680.00      -20.00
03575            -560.00      -12.00
03576            -400.00      -20.00
03577            -280.00      -20.00
03578            -120.00      -20.00
03579             -40.00      -20.00
03580             120.00      -16.00
03581             120.00      -20.00
03582             240.00      -20.00
03583             320.00      -16.00
03584             400.00      -24.00
03585             440.00      -20.00
03586             520.00      -16.00
03587             560.00      -20.00
03588             600.00      -16.00
03589             680.00      -20.00
03590             720.00      -16.00
03591             800.00      -16.00
03592             880.00      -20.00
03593             920.00      -16.00
03594            1000.00      -16.00
03595            1040.00      -20.00
03596            1160.00      -12.00
03597            1280.00      -16.00
03598            1360.00      -20.00
03599            1480.00      -16.00
03600            1560.00      -20.00
03601            1680.00      -16.00
03602            1760.00      -16.00
03603            1880.00      -16.00
03604            1880.00      -16.00
03605            1960.00      -16.00
03606            1960.00      -12.00
03607            2000.00      -20.00
03608            2000.00      -16.00
03609            2000.00      -12.00
03610            1960.00      -12.00
03611            1960.00      -16.00
03612            1960.00      -16.00
03613            1920.00      -12.00
03614            1960.00      -12.00
03615            1960.00      -20.00
03616            1960.00      -16.00
03617            1960.00      -16.00
03618            2000.00      -16.00
03619            2000.00      -12.00
03620            2000.00      -12.00
03621            2000.00      -12.00
03622            2000.00      -20.00
03623            1960.00      -20.00
03624            1920.00      -20.00
03625            1840.00      -16.00
03626            1760.00      -16.00
03627            1640.00      -16.00
03628            1640.00      -12.00
03629            1480.00      -16.00
03630            1400.00      -16.00
03631            1280.00      -16.00
03632            1160.00      -20.00
03633            1000.00      -12.00
03634             880.00      -12.00
03635             760.00      -16.00
03636             600.00      -16.00
03637             480.00      -16.00
03638             320.00      -12.00
03639             200.00      -20.00
03640             120.00      -16.00
03641              40.00      -16.00
03642             -40.00      -20.00
03643            -120.00      -16.00
03644            -120.00      -16.00
03645            -160.00      -12.00
03646            -160.00      -20.00
03647            -240.00      -16.00
03648            -280.00      -16.00
03649            -280.00      -16.00
03650            -280.00      -12.00
03651            -360.00      -16.00
03652            -400.00      -20.00
03653            -400.00      -16.00
03654            -440.00      -16.00
03655            -440.00      -16.00
03656            -480.00      -16.00
03657            -480.00      -20.00
03658            -480.00      -20.00
03659            -480.00      -16.00
03660            -440.00      -16.00
03661            -480.00      -20.00
03662            -440.00      -16.00
03663            -440.00      -12.00
03664            -400.00      -16.00
03665            -440.00      -20.00
03666            -480.00      -20.00
03667            -480.00      -16.00
03668            -480.00      -16.00
03669            -520.00      -12.00
03670            -480.00      -20.00
03671            -480.00      -16.00
03672            -520.00      -16.00
03673            -520.00      -20.00
03674            -560.00      -16.00
03675            -600.00      -20.00
03676            -680.00      -20.00
03677            -680.00      -16.00
03678            -760.00      -16.00
03679            -760.00      -20.00
03680            -800.00      -20.00
03681            -840.00      -16.00
03682            -840.00      -12.00
03683            -840.00      -12.00
03684            -840.00      -20.00
03685            -800.00      -20.00
03686            -800.00      -16.00
03687            -800.00      -16.00
03688            -760.00      -24.00
03689            -720.00      -20.00
03690            -680.00      -16.00
03691            -720.00      -20.00
03692            -640.00      -12.00
03693            -640.00      -12.00
03694            -640.00      -20.00
03695            -640.00      -16.00
03696            -680.00      -16.00
03697            -720.00      -20.00
03698            -760.00      -20.00
03699            -840.00      -20.00
03700            -880.00      -20.00
03701            -920.00      -20.00
03702            -920.00      -16.00
03703            -920.00      -20.00
03704            -960.00      -20.00
03705            -920.00      -20.00
03706            -880.00      -24.00
03707            -840.00      -20.00
03708            -800.00      -16.00
03709            -760.00      -16.00
03710            -720.00      -24.00
03711            -680.00      -16.00
03712            -680.00      -16.00
03713            -600.00      -20.00
03714            -600.00      -20.00
03715            -560.00      -16.00
03716            -520.00      -16.00
03717            -560.00      -20.00
03718            -560.00      -16.00
03719            -600.00      -20.00
03720            -640.00      -16.00
03721            -680.00      -12.00
03722            -640.00      -20.00
03723            -640.00      -20.00
03724            -640.00      -16.00
03725            -560.00      -16.00
03726            -480.00      -20.00
03727            -400.00      -20.00
03728            -280.00      -20.00
03729            -160.00      -20.00
03730             -40.00      -16.00
03731              80.00      -16.00
03732             280.00      -24.00
03733             400.00      -16.00
03734             520.00      -24.00
03735             680.00      -20.00
03736             800.00      -20.00
03737            1040.00      -20.00
03738            1160.00      -16.00
03739            1240.00      -16.00
03740            1360.00      -20.00
03741            1440.00      -20.00
03742            1600.00      -16.00
03743            1600.00      -20.00
03744            1640.00      -16.00
03745            1720.00      -24.00
03746            1760.00      -24.00
03747            1840.00      -20.00
03748            1840.00      -20.00
03749            1840.00      -20.00
03750            1880.00      -20.00
03751            1920.00      -20.00
03752            1880.00      -20.00
03753            1880.00      -24.00
03754            1840.00      -20.00
03755            1840.00      -20.00
03756            1800.00      -20.00
03757            1720.00      -16.00
03758            1640.00      -16.00
03759            1640.00      -16.00
03760            1520.00      -20.00
03761            1400.00      500.00
03762              80.00      500.00
03763              80.00      500.00
03764              80.00      -32.00
03765             120.00      -44.00
03766             120.00      -40.00
03767             120.00      -36.00
03768             120.00      -36.00
03769             120.00      -36.00
03770              80.00      -36.00
03771              80.00      -32.00
03772              40.00      -36.00
03773               0.00      -32.00
03774             -80.00      -32.00
03775            -120.00      -36.00
03776            -200.00      -32.00
03777            -280.00      -32.00
03778            -360.00      -32.00
03779            -360.00      -32.00
03780            -440.00      -32.00
03781            -480.00      -28.00
03782            -520.00      -36.00
03783            -600.00      -28.00
03784            -640.00      -28.00
03785            -720.00      -28.00
03786            -800.00      -24.00
03787            -880.00      -24.00
03788            -920.00      -28.00
03789           -1040.00      -28.00
03790           -1120.00      -28.00
03791           -1200.00      -28.00
03792           -1320.00      -28.00
03793           -1400.00      -28.00
03794           -1520.00      -28.00
03795           -1600.00      -28.00
03796           -1720.00      -24.00
03797           -1800.00      -28.00
03798           -1840.00      -28.00
03799           -1920.00      -28.00
03800           -2000.00      -24.00
03801           -2080.00      -20.00
03802           -2080.00      -24.00
03803           -2080.00      -28.00
03804           -2120.00      -20.00
03805           -2120.00      -28.00
03806           -2080.00      -24.00
03807           -2080.00      -24.00
03808           -2040.00      -28.00
03809           -2000.00      -24.00
03810           -1960.00      -24.00
03811           -1920.00      -20.00
03812           -1840.00      -28.00
03813           -1760.00      -20.00
03814           -1680.00      -24.00
03815           -1640.00      -24.00
03816           -1480.00      -20.00
03817           -1440.00      -20.00
03818           -1360.00      -20.00
03819           -1280.00      -20.00
03820           -1160.00      -20.00
03821           -1080.00      -20.00
03822            -920.00      -16.00
03823            -760.00      -20.00
03824            -680.00      -20.00
03825            -560.00      -24.00
03826            -440.00      -20.00
03827            -280.00      -24.00
03828            -160.00      -24.00
03829               0.00      -20.00
03830             120.00      -20.00
03831             160.00      -20.00
03832             240.00      -24.00
03833             360.00      -20.00
03834             400.00      -20.00
03835             440.00      -12.00
03836             520.00      -20.00
03837             560.00      -20.00
03838             600.00      -16.00
03839             680.00      -20.00
03840             720.00      -20.00
03841             800.00      -24.00
03842             880.00      -24.00
03843             920.00      -20.00
03844            1000.00      -28.00
03845            1120.00      -20.00
03846            1160.00      -20.00
03847            1240.00      -20.00
03848            1360.00      -20.00
03849            1480.00      -20.00
03850            1600.00      -16.00
03851            1640.00      -20.00
03852            1760.00      -12.00
03853            1840.00      -20.00
03854            1920.00      -16.00
03855            1960.00      -16.00
03856            1960.00      -24.00
03857            2000.00      -20.00
03858            1960.00      -24.00
03859            2000.00      -12.00
03860            1960.00      -20.00
03861            1920.00      -20.00
03862            1960.00      -20.00
03863            1920.00      -20.00
03864            1960.00      -12.00
03865            1920.00      -20.00
03866            1960.00      -16.00
03867            1960.00      -20.00
03868            1960.00      -20.00
03869            2000.00      -16.00
03870            2000.00      -16.00
03871            2000.00      -16.00
03872            1960.00      -16.00
03873            1960.00      -16.00
03874            1920.00      -12.00
03875            1840.00      -20.00
03876            1760.00      -16.00
03877            1680.00      -20.00
03878            1560.00      -20.00
03879            1480.00      -16.00
03880            1400.00      -24.00
03881            1280.00      -16.00
03882            1160.00      -16.00
03883            1000.00      -16.00
03884             880.00      -16.00
03885             720.00      -24.00
03886             600.00      -16.00
03887             480.00      -20.00
03888             320.00      -20.00
03889             200.00      -20.00
03890              80.00      -20.00
03891              40.00      -20.00
03892             -40.00      -16.00
03893             -80.00      -16.00
03894            -160.00      -20.00
03895            -160.00      -16.00
03896            -200.00      -16.00
03897            -200.00      -16.00
03898            -240.00      -16.00
03899            -280.00      -24.00
03900            -320.00      -16.00
03901            -320.00      -16.00
03902            -360.00      -20.00
03903            -440.00      -16.00
03904            -440.00      -20.00
03905            -440.00      -16.00
03906            -440.00      -20.00
03907            -480.00      -16.00
03908            -480.00      -20.00
03909            -480.00      -16.00
03910            -440.00      -20.00
03911            -440.00      -16.00
03912            -440.00      -16.00
03913            -440.00      -20.00
03914            -440.00      -28.00
03915            -480.00      -16.00
03916            -480.00      -16.00
03917            -480.00      -16.00
03918            -480.00      -20.00
03919            -480.00      -16.00
03920            -480.00      -20.00
03921            -480.00      -16.00
03922            -560.00      -16.00
03923            -520.00      -20.00
03924            -560.00      -20.00
03925            -600.00      -20.00
03926            -680.00      -20.00
03927            -680.00      -12.00
03928            -760.00      -16.00
03929            -760.00      -16.00
03930            -800.00      -16.00
03931            -840.00      -20.00
03932            -840.00      -16.00
03933            -840.00      -24.00
03934            -840.00      -16.00
03935            -800.00      -20.00
03936            -800.00      -16.00
03937            -760.00      -16.00
03938            -760.00      -20.00
03939            -720.00      -16.00
03940            -720.00      -16.00
03941            -680.00      -12.00
03942            -640.00      -20.00
03943            -640.00      -20.00
03944            -640.00      -16.00
03945            -640.00      -20.00
03946            -680.00      -16.00
03947            -720.00      -16.00
03948            -760.00      -20.00
03949            -840.00      -12.00
03950            -840.00      -12.00
03951            -920.00      -20.00
03952            -960.00      -16.00
03953           -1000.00      -12.00
03954            -960.00      -16.00
03955            -920.00      -16.00
03956            -880.00      -16.00
03957            -840.00      -16.00
03958            -840.00      -16.00
03959            -760.00      -16.00
03960            -760.00      -12.00
03961            -720.00      -20.00
03962            -680.00      -12.00
03963            -600.00      -16.00
03964            -560.00      -16.00
03965            -600.00      -12.00
03966            -560.00      -16.00
03967            -520.00      -16.00
03968            -560.00      -12.00
03969            -600.00      -16.00
03970            -600.00      -16.00
03971            -680.00      -16.00
03972            -640.00      -12.00
03973            -640.00      -16.00
03974            -600.00      -16.00
03975            -520.00      -16.00
03976            -480.00      -16.00
03977            -360.00      -16.00
03978            -280.00      -12.00
03979            -160.00      -16.00
03980             -80.00      -16.00
03981             120.00      -20.00
03982             240.00      -16.00
03983             360.00       -8.00
03984             560.00      -16.00
03985             720.00      -16.00
03986             800.00      -16.00
03987            1000.00      -16.00
03988            1120.00      -16.00
03989            1240.00      -16.00
03990            1360.00      -16.00
03991            1440.00      -16.00
03992            1520.00      -12.00
03993            1640.00      -16.00
03994            1640.00      -16.00
03995            1720.00      -20.00
03996            1800.00      -20.00
03997            1840.00      -16.00
03998            1840.00      -16.00
03999            1880.00      -16.00
04000            1840.00      -16.00
04001            1880.00       -8.00
04002            1920.00      -16.00
04003            1840.00      -16.00
04004            1840.00      -16.00
04005            1840.00      -16.00
04006            1760.00      -16.00
04007            1720.00      -16.00
04008            1640.00      -12.00
04009            1520.00      -12.00
04010            1480.00      -16.00
04011            1400.00      500.00
04012              40.00      500.00
04013              80.00      500.00
04014              80.00      -32.00
04015             120.00      -32.00
04016             160.00      -36.00
04017             160.00      -40.00
04018             160.00      -40.00
04019             120.00      -36.00
04020             120.00      -36.00
04021              40.00      -36.00
04022              40.00      -32.00
04023               0.00      -28.00
04024             -80.00      -36.00
04025            -160.00      -28.00
04026            -200.00      -24.00
04027            -280.00      -28.00
04028            -320.00      -32.00
04029            -360.00      -28.00
04030            -440.00      -36.00
04031            -520.00      -28.00
04032            -560.00      -32.00
04033            -600.00      -24.00
04034            -640.00      -28.00
04035            -720.00      -28.00
04036            -800.00      -28.00
04037            -840.00      -28.00
04038            -920.00      -28.00
04039           -1040.00      -32.00
04040           -1120.00      -24.00
04041           -1200.00      -24.00
04042           -1320.00      -24.00
04043           -1400.00      -28.00
04044           -1520.00      -20.00
04045           -1560.00      -24.00
04046           -1680.00      -24.00
04047           -1760.00      -20.00
04048           -1840.00      -28.00
04049           -1920.00      -24.00
04050           -2000.00      -28.00
04051           -2080.00      -20.00
04052           -2080.00      -20.00
04053           -2120.00      -24.00
04054           -2120.00      -24.00
04055           -2120.00      -28.00
04056           -2040.00      -28.00
04057           -2040.00      -24.00
04058           -2040.00      -24.00
04059           -2000.00      -24.00
04060           -1960.00      -28.00
04061           -1920.00      -24.00
04062           -1840.00      -20.00
04063           -1760.00      -24.00
04064           -1680.00      -20.00
04065           -1640.00      -20.00
04066           -1560.00      -20.00
04067           -1480.00      -20.00
04068           -1360.00      -20.00
04069           -1280.00      -24.00
04070           -1120.00      -24.00
04071           -1040.00      -20.00
04072            -920.00      -16.00
04073            -760.00      -28.00
04074            -640.00      -20.00
04075            -520.00       -8.00
04076            -400.00      -24.00
04077            -280.00      -20.00
04078            -160.00      -20.00
04079             -40.00      -20.00
04080              80.00      -24.00
04081             160.00      -24.00
04082             240.00      -24.00
04083             360.00      -24.00
04084             400.00      -12.00
04085             400.00      -20.00
04086             520.00      -20.00
04087             560.00      -24.00
04088             600.00      -20.00
04089             680.00      -16.00
04090             720.00      -16.00
04091             800.00      -20.00
04092             840.00      -20.00
04093             920.00      -20.00
04094            1040.00      -24.00
04095            1120.00      -20.00
04096            1200.00      -20.00
04097            1320.00      -20.00
04098            1360.00      -20.00
04099            1480.00      -20.00
04100            1600.00      -24.00
04101            1640.00      -20.00
04102            1760.00      -20.00
04103            1840.00      -16.00
04104            1920.00      -24.00
04105            1960.00      -20.00
04106            1960.00      -20.00
04107            2000.00      -20.00
04108            1960.00      -20.00
04109            1960.00      -24.00
04110            1960.00      -20.00
04111            1920.00      -24.00
04112            1920.00      -20.00
04113            1920.00      -16.00
04114            1960.00      -24.00
04115            1960.00      -20.00
04116            1960.00      -20.00
04117            1960.00      -20.00
04118            2000.00      -20.00
04119            2000.00      -20.00
04120            2000.00      -20.00
04121            2000.00      -16.00
04122            2000.00      -16.00
04123            1920.00      -16.00
04124            1920.00      -24.00
04125            1840.00      -20.00
04126            1760.00      -24.00
04127            1680.00      -20.00
04128            1600.00      -20.00
04129            1520.00      -24.00
04130            1360.00      -20.00
04131            1240.00      -20.00
04132            1200.00      -20.00
04133            1000.00      -24.00
04134             880.00      -16.00
04135             760.00      -24.00
04136             560.00      -20.00
04137             440.00      -16.00
04138             320.00      -16.00
04139             200.00      -24.00
04140             120.00      -20.00
04141              40.00      -16.00
04142             -40.00      -20.00
04143             -80.00      -20.00
04144            -120.00      -20.00
04145            -160.00      -24.00
04146            -240.00      -24.00
04147            -200.00      -16.00
04148            -280.00      -20.00
04149            -240.00      -24.00
04150            -320.00      -16.00
04151            -360.00      -20.00
04152            -400.00      -20.00
04153            -400.00      -20.00
04154            -440.00      -20.00
04155            -440.00      -20.00
04156            -440.00      -20.00
04157            -480.00      -16.00
04158            -440.00      -24.00
04159            -480.00      -16.00
04160            -480.00      -16.00
04161            -440.00      -20.00
04162            -440.00      -16.00
04163            -440.00      -16.00
04164            -400.00      -20.00
04165            -440.00      -20.00
04166            -480.00      -20.00
04167            -480.00      -20.00
04168            -480.00      -20.00
04169            -480.00      -16.00
04170            -480.00      -24.00
04171            -520.00      -20.00
04172            -480.00      -20.00
04173            -560.00      -16.00
04174            -560.00      -20.00
04175            -640.00      -16.00
04176            -680.00      -20.00
04177            -680.00      -20.00
04178            -760.00      -24.00
04179            -800.00      -20.00
04180            -800.00      -24.00
04181            -840.00      -16.00
04182            -840.00      -20.00
04183            -840.00      -20.00
04184            -840.00      -20.00
04185            -840.00      -20.00
04186            -800.00      -24.00
04187            -760.00      -20.00
04188            -720.00      -20.00
04189            -720.00      -16.00
04190            -720.00      -16.00
04191            -680.00      -24.00
04192            -640.00      -20.00
04193            -640.00      -20.00
04194            -640.00      -32.00
04195            -640.00      -16.00
04196            -680.00      -20.00
04197            -720.00      -24.00
04198            -760.00      -20.00
04199            -800.00      -16.00
04200            -880.00      -24.00
04201            -920.00      -16.00
04202            -920.00      -20.00
04203            -920.00      -16.00
04204            -920.00      -20.00
04205            -920.00      -20.00
04206            -880.00      -20.00
04207            -880.00      -20.00
04208            -840.00      -20.00
04209            -760.00      -24.00
04210            -720.00      -20.00
04211            -720.00      -16.00
04212            -640.00      -16.00
04213            -640.00      -16.00
04214            -600.00      -16.00
04215            -600.00      -16.00
04216            -560.00      -24.00
04217            -600.00      -16.00
04218            -560.00      -20.00
04219            -600.00      -20.00
04220            -640.00      -20.00
04221            -640.00      -16.00
04222            -640.00      -16.00
04223            -640.00      -20.00
04224            -600.00      -20.00
04225            -520.00      -16.00
04226            -440.00      -16.00
04227            -400.00      -12.00
04228            -280.00      -20.00
04229            -160.00      -16.00
04230             -80.00      -16.00
04231              80.00      -16.00
04232             240.00      -24.00
04233             400.00      -20.00
04234             520.00      -24.00
04235             640.00      -20.00
04236             800.00      -20.00
04237             960.00      -12.00
04238            1120.00      -20.00
04239            1280.00      -16.00
04240            1320.00      -20.00
04241            1480.00      -20.00
04242            1520.00      -16.00
04243            1600.00      -20.00
04244            1680.00      -20.00
04245            1720.00      -20.00
04246            1800.00      -16.00
04247            1800.00      -20.00
04248            1840.00      -20.00
04249            1880.00      -20.00
04250            1880.00      -24.00
04251            1880.00      -16.00
04252            1880.00      -20.00
04253            1880.00      -20.00
04254            1840.00      -16.00
04255            1840.00      -16.00
04256            1760.00      -20.00
04257            1760.00      -12.00
04258            1680.00      -20.00
04259            1560.00      -24.00
04260            1520.00      -16.00
04261            1400.00      500.00
04262              40.00      500.00
04263              80.00      500.00
04264              80.00      -36.00
04265             120.00      -32.00
04266             160.00      -36.00
04267             120.00      -40.00
04268             120.00      -28.00
04269             120.00      -36.00
04270             120.00      -40.00
04271              80.00      -32.00
04272              40.00      -32.00
04273               0.00      -32.00
04274             -80.00      -28.00
04275            -120.00      -32.00
04276            -200.00      -32.00
04277            -240.00      -32.00
04278            -320.00      -32.00
04279            -400.00      -24.00
04280            -440.00      -28.00
04281            -480.00      -24.00
04282            -520.00      -24.00
04283            -600.00      -24.00
04284            -640.00      -24.00
04285            -680.00      -28.00
04286            -760.00      -28.00
04287            -840.00      -28.00
04288            -920.00      -24.00
04289           -1040.00      -28.00
04290           -1120.00      -24.00
04291           -1200.00      -24.00
04292           -1320.00      -24.00
04293           -1400.00      -24.00
04294           -1520.00      -20.00
04295           -1600.00      -24.00
04296           -1720.00      -24.00
04297           -1760.00      -16.00
04298           -1880.00      -20.00
04299           -1960.00      -20.00
04300           -2000.00      -20.00
04301           -2080.00      -24.00
04302           -2080.00      -20.00
04303           -2120.00      -20.00
04304           -2120.00      -20.00
04305           -2120.00      -20.00
04306           -2120.00      -24.00
04307           -2040.00      -20.00
04308           -2000.00      -20.00
04309           -1960.00      -24.00
04310           -1920.00      -16.00
04311           -1880.00      -16.00
04312           -1840.00      -20.00
04313           -1760.00      -20.00
04314           -1680.00      -16.00
04315           -1680.00      -20.00
04316           -1520.00      -20.00
04317           -1480.00      -24.00
04318           -1360.00      -20.00
04319           -1320.00      -16.00
04320           -1160.00      -20.00
04321           -1040.00      -20.00
04322            -960.00      -16.00
04323            -720.00      -20.00
04324            -640.00      -20.00
04325            -560.00      -20.00
04326            -400.00      -20.00
04327            -280.00      -16.00
04328            -120.00      -20.00
04329             -40.00      -16.00
04330              80.00      -20.00
04331             200.00      -16.00
04332             240.00      -16.00
04333             360.00      -20.00
04334             400.00      -16.00
04335             480.00      -16.00
04336             480.00      -20.00
04337             560.00      -16.00
04338             600.00      -16.00
04339             680.00      -16.00
04340             720.00      -16.00
04341             760.00      -20.00
04342             840.00      -16.00
04343             960.00      -16.00
04344            1000.00      -16.00
04345            1120.00      -16.00
04346            1200.00      -20.00
04347            1280.00      -20.00
04348            1440.00      -16.00
04349            1480.00      -16.00
04350            1600.00      -16.00
04351            1680.00      -16.00
04352            1760.00      -20.00
04353            1840.00      -16.00
04354            1960.00      -20.00
04355            1960.00      -20.00
04356            2000.00      -12.00
04357            2000.00      -16.00
04358            2000.00      -16.00
04359            1960.00      -12.00
04360            1960.00      -16.00
04361            1960.00      -16.00
04362            1920.00      -20.00
04363            1960.00      -16.00
04364            1960.00      -20.00
04365            1960.00      -16.00
04366            1960.00      -16.00
04367            2000.00      -20.00
04368            1960.00      -16.00
04369            2000.00      -12.00
04370            2000.00      -12.00
04371            2000.00      -20.00
04372            2000.00      -16.00
04373            1960.00      -20.00
04374            1920.00      -16.00
04375            1840.00      -16.00
04376            1760.00      -12.00
04377            1680.00      -16.00
04378            1600.00      -16.00
04379            1480.00      -12.00
04380            1360.00      -16.00
04381            1280.00      -20.00
04382            1160.00      -16.00
04383            1000.00      -20.00
04384             880.00      -20.00
04385             760.00      -16.00
04386             640.00      -24.00
04387             480.00      -12.00
04388             320.00      -16.00
04389             200.00      -16.00
04390              80.00      -20.00
04391              40.00      -16.00
04392             -40.00      -16.00
04393            -120.00      -20.00
04394            -120.00      -16.00
04395            -160.00      -20.00
04396            -240.00      -16.00
04397            -240.00      -16.00
04398            -280.00      -16.00
04399            -240.00      -16.00
04400            -280.00      -16.00
04401            -360.00      -12.00
04402            -360.00      -16.00
04403            -400.00      -24.00
04404            -400.00      -16.00
04405            -480.00      -20.00
04406            -480.00      -16.00
04407            -440.00      -16.00
04408            -480.00      -16.00
04409            -480.00      -20.00
04410            -480.00      -16.00
04411            -440.00      -20.00
04412            -440.00      -20.00
04413            -440.00      -16.00
04414            -440.00      -24.00
04415            -400.00      -20.00
04416            -480.00      -12.00
04417            -480.00      -12.00
04418            -480.00      -16.00
04419            -480.00      -16.00
04420            -480.00      -24.00
04421            -480.00      -20.00
04422            -520.00      -16.00
04423            -520.00      -20.00
04424            -560.00      -20.00
04425            -640.00      -20.00
04426            -640.00      -20.00
04427            -720.00      -20.00
04428            -760.00      -16.00
04429            -760.00      -20.00
04430            -760.00      -20.00
04431            -840.00      -20.00
04432            -840.00      -16.00
04433            -840.00      -20.00
04434            -840.00      -16.00
04435            -800.00      -16.00
04436            -800.00      -20.00
04437            -800.00      -20.00
04438            -720.00      -20.00
04439            -720.00      -16.00
04440            -720.00      -24.00
04441            -720.00      -16.00
04442            -680.00      -20.00
04443            -640.00      -20.00
04444            -680.00      -20.00
04445            -640.00      -20.00
04446            -640.00      -20.00
04447            -720.00      -20.00
04448            -800.00      -16.00
04449            -800.00      -20.00
04450            -840.00      -16.00
04451            -880.00      -24.00
04452            -920.00      -20.00
04453            -920.00      -20.00
04454            -960.00      -20.00
04455            -920.00      -20.00
04456            -880.00      -16.00
04457            -880.00      -16.00
04458            -840.00      -16.00
04459            -800.00      -20.00
04460            -720.00      -16.00
04461            -720.00      -20.00
04462            -640.00      -20.00
04463            -600.00      -20.00
04464            -600.00      -16.00
04465            -520.00      -20.00
04466            -560.00      -20.00
04467            -520.00      -20.00
04468            -560.00      -20.00
04469            -600.00      -20.00
04470            -600.00      -24.00
04471            -640.00      -16.00
04472            -680.00      -16.00
04473            -640.00      -20.00
04474            -600.00      -16.00
04475            -560.00      -24.00
04476            -480.00      -16.00
04477            -400.00      -16.00
04478            -280.00      -20.00
04479            -200.00      -20.00
04480               0.00      -20.00
04481              80.00      -12.00
04482             240.00      -20.00
04483             360.00      -16.00
04484             560.00      -12.00
04485             680.00      -20.00
04486             800.00      -28.00
04487             960.00      -20.00
04488            1120.00      -20.00
04489            1280.00      -20.00
04490            1400.00      -20.00
04491            1480.00      -16.00
04492            1560.00      -20.00
04493            1600.00      -20.00
04494            1640.00      -16.00
04495            1680.00      -20.00
04496            1760.00      -28.00
04497            1800.00      -16.00
04498            1840.00      -24.00
04499            1840.00      -16.00
04500            1840.00      -20.00
04501            1880.00      -16.00
04502            1880.00      -16.00
04503            1840.00      -20.00
04504            1840.00      -20.00
04505            1800.00      -16.00
04506            1760.00      -24.00
04507            1760.00      -20.00
04508            1680.00      -16.00
04509            1560.00      -16.00
04510            1480.00      -24.00
04511            1400.00      500.00
04512              40.00      500.00
04513              80.00      500.00
04514              80.00      -36.00
04515              80.00      -40.00
04516             120.00      -36.00
04517             120.00      -36.00
04518             160.00      -40.00
04519              80.00      -36.00
04520             120.00      -36.00
04521              80.00      -36.00
04522              40.00      -28.00
04523               0.00      -32.00
04524             -80.00      -36.00
04525            -160.00      -32.00
04526            -200.00      -32.00
04527            -280.00      -36.00
04528            -320.00      -36.00
04529            -400.00      -28.00
04530            -480.00      -32.00
04531            -480.00      -32.00
04532            -560.00      -28.00
04533            -600.00      -28.00
04534            -680.00      -28.00
04535            -720.00      -28.00
04536            -760.00      -28.00
04537            -840.00      -24.00
04538            -920.00      -28.00
04539           -1040.00      -28.00
04540           -1120.00      -24.00
04541           -1200.00      -28.00
04542           -1360.00      -24.00
04543           -1400.00      -32.00
04544           -1480.00      -28.00
04545           -1600.00      -24.00
04546           -1680.00      -24.00
04547           -1800.00      -24.00
04548           -1880.00      -24.00
04549           -1920.00      -36.00
04550           -2000.00      -24.00
04551           -2040.00      -20.00
04552           -2040.00      -20.00
04553           -2080.00      -24.00
04554           -2120.00      -28.00
04555           -2080.00      -20.00
04556           -2080.00      -24.00
04557           -2040.00      -24.00
04558           -2040.00      -20.00
04559           -1960.00      -24.00
04560           -1920.00      -24.00
04561           -1880.00      -24.00
04562           -1800.00      -20.00
04563           -1760.00      -24.00
04564           -1680.00      -28.00
04565           -1600.00      -20.00
04566           -1520.00      -16.00
04567           -1440.00      -24.00
04568           -1360.00      -20.00
04569           -1280.00      -20.00
04570           -1120.00      -20.00
04571           -1040.00      -20.00
04572            -920.00      -20.00
04573            -800.00      -24.00
04574            -640.00      -20.00
04575            -520.00      -20.00
04576            -400.00      -28.00
04577            -280.00      -20.00
04578            -160.00      -16.00
04579             -40.00      -16.00
04580              80.00      -20.00
04581             160.00      -20.00
04582             280.00      -16.00
04583             320.00      -24.00
04584             400.00      -16.00
04585             440.00      -24.00
04586             480.00      -24.00
04587             560.00      -16.00
04588             600.00      -16.00
04589             680.00      -16.00
04590             720.00      -24.00
04591             800.00      -16.00
04592             840.00      -16.00
04593             880.00      -20.00
04594            1000.00      -16.00
04595            1080.00      -16.00
04596            1200.00      -20.00
04597            1280.00      -20.00
04598            1400.00      -20.00
04599            1480.00      -20.00
04600            1600.00      -20.00
04601            1680.00      -24.00
04602            1760.00      -20.00
04603            1840.00      -16.00
04604            1920.00      -20.00
04605            1920.00      -20.00
04606            1960.00      -16.00
04607            1960.00      -16.00
04608            2000.00      -12.00
04609            2000.00      -24.00
04610            1960.00      -16.00
04611            1960.00      -20.00
04612            1960.00      -20.00
04613            1960.00      -24.00
04614            1920.00      -24.00
04615            1960.00      -20.00
04616            2000.00      -16.00
04617            2000.00      -16.00
04618            2000.00      -16.00
04619            2000.00      -16.00
04620            2040.00      -20.00
04621            2000.00      -16.00
04622            2000.00      -24.00
04623            1960.00      -16.00
04624            1920.00      -16.00
04625            1800.00      -16.00
04626            1760.00      -16.00
04627            1680.00      -24.00
04628            1600.00      -16.00
04629            1480.00      -16.00
04630            1360.00      -20.00
04631            1280.00      -20.00
04632            1160.00      -20.00
04633            1000.00      -20.00
04634             880.00      -24.00
04635             720.00      -20.00
04636             600.00      -16.00
04637             440.00      -16.00
04638             360.00      -20.00
04639             200.00      -20.00
04640             120.00      -20.00
04641              40.00      -20.00
04642             -40.00      -16.00
04643            -120.00      -20.00
04644            -120.00      -16.00
04645            -160.00      -24.00
04646            -240.00      -20.00
04647            -200.00      -20.00
04648            -280.00      -24.00
04649            -280.00      -20.00
04650            -320.00      -16.00
04651            -360.00      -16.00
04652            -360.00      -16.00
04653            -360.00      -20.00
04654            -440.00      -20.00
04655            -400.00      -20.00
04656            -440.00      -20.00
04657            -440.00      -12.00
04658            -480.00      -16.00
04659            -480.00      -20.00
04660            -440.00      -20.00
04661            -440.00      -20.00
04662            -440.00      -16.00
04663            -440.00      -20.00
04664            -440.00      -20.00
04665            -440.00      -24.00
04666            -440.00      -20.00
04667            -480.00      -20.00
04668            -480.00      -16.00
04669            -480.00      -20.00
04670            -440.00      -16.00
04671            -520.00      -16.00
04672            -520.00      -20.00
04673            -560.00      -20.00
04674            -560.00      -20.00
04675            -600.00      -16.00
04676            -640.00      -20.00
04677            -680.00      -20.00
04678            -720.00      -20.00
04679            -760.00      -16.00
04680            -800.00      -12.00
04681            -840.00      -16.00
04682            -840.00      -20.00
04683            -840.00       -8.00
04684            -840.00      -16.00
04685            -840.00      -16.00
04686            -800.00      -20.00
04687            -800.00      -20.00
04688            -760.00      -16.00
04689            -720.00      -16.00
04690            -720.00      -16.00
04691            -680.00      -16.00
04692            -680.00      -16.00
04693            -640.00      -20.00
04694            -640.00      -16.00
04695            -680.00      -16.00
04696            -640.00      -20.00
04697            -720.00      -20.00
04698            -760.00      -16.00
04699            -800.00      -12.00
04700            -880.00      -16.00
04701            -880.00      -20.00
04702            -920.00      -12.00
04703            -960.00      -12.00
04704            -920.00      -16.00
04705            -920.00      -16.00
04706            -880.00      -16.00
04707            -880.00      -20.00
04708            -800.00      -16.00
04709            -760.00      -16.00
04710            -720.00      -12.00
04711            -720.00      -20.00
04712            -680.00      -16.00
04713            -640.00      -20.00
04714            -600.00      -20.00
04715            -560.00      -16.00
04716            -560.00      -20.00
04717            -560.00      -20.00
04718            -560.00      -20.00
04719            -600.00      -20.00
04720            -600.00      -16.00
04721            -640.00      -12.00
04722            -680.00      -16.00
04723            -640.00      -16.00
04724            -600.00      -16.00
04725            -560.00      -16.00
04726            -480.00      -16.00
04727            -400.00      -16.00
04728            -240.00      -16.00
04729            -120.00      -24.00
04730               0.00      -24.00
04731              80.00      -20.00
04732             200.00      -16.00
04733             400.00      -20.00
04734             480.00      -16.00
04735             680.00      -20.00
04736             800.00      -20.00
04737             920.00      -20.00
04738            1080.00      -16.00
04739            1240.00      -20.00
04740            1360.00      -12.00
04741            1440.00      -16.00
04742            1520.00      -24.00
04743            1560.00      -20.00
04744            1680.00      -16.00
04745            1720.00        4.00
04746            1760.00      -12.00
04747            1760.00      -16.00
04748            1840.00      -16.00
04749            1880.00      -12.00
04750            1920.00      -12.00
04751            1880.00      -20.00
04752            1840.00      -16.00
04753            1880.00      -16.00
04754            1840.00      -16.00
04755            1800.00      -20.00
04756            1800.00      -20.00
04757            1720.00      -12.00
04758            1640.00      -16.00
04759            1560.00      -16.00
04760            1520.00      -16.00
04761            1360.00      500.00
04762              40.00      500.00
04763              80.00      500.00
04764             120.00      -32.00
04765              80.00      -32.00
04766              80.00      -36.00
04767             160.00      -36.00
04768             120.00      -36.00
04769              80.00      -32.00
04770             120.00      -40.00
04771              80.00      -36.00
04772              40.00      -32.00
04773             -40.00      -32.00
04774             -40.00      -32.00
04775            -160.00      -32.00
04776            -200.00      -28.00
04777            -280.00      -32.00
04778            -320.00      -28.00
04779            -360.00      -28.00
04780            -440.00      -24.00
04781            -480.00      -32.00
04782            -560.00      -28.00
04783            -600.00      -24.00
04784            -680.00      -28.00
04785            -680.00      -32.00
04786            -760.00      -28.00
04787            -840.00      -24.00
04788            -920.00      -32.00
04789           -1040.00      -28.00
04790           -1120.00      -28.00
04791           -1200.00      -28.00
04792           -1280.00      -28.00
04793           -1400.00      -28.00
04794           -1520.00      -28.00
04795           -1600.00      -28.00
04796           -1680.00      -28.00
04797           -1800.00      -24.00
04798           -1840.00      -28.00
04799           -1920.00      -24.00
04800           -2000.00      -28.00
04801           -2040.00      -24.00
04802           -2080.00      -24.00
04803           -2080.00      -20.00
04804           -2120.00      -28.00
04805           -2120.00      -28.00
04806           -2080.00      -24.00
04807           -2040.00      -28.00
04808           -2040.00      -24.00
04809           -1960.00      -24.00
04810           -1920.00      -24.00
04811           -1880.00      -20.00
04812           -1800.00      -24.00
04813           -1760.00      -24.00
04814           -1720.00      -24.00
04815           -1640.00      -28.00
04816           -1560.00      -20.00
04817           -1440.00      -20.00
04818           -1360.00      -28.00
04819           -1240.00      -28.00
04820           -1160.00      -28.00
04821           -1080.00      -20.00
04822            -920.00      -24.00
04823            -800.00      -24.00
04824            -680.00      -24.00
04825            -520.00      -24.00
04826            -360.00      -20.00
04827            -240.00      -24.00
04828            -160.00      -28.00
04829             -80.00      -28.00
04830              80.00      -24.00
04831             160.00      -28.00
04832             280.00      -24.00
04833             280.00      -24.00
04834             440.00      -20.00
04835             480.00      -16.00
04836             480.00      -24.00
04837             600.00      -20.00
04838             600.00      -20.00
04839             680.00      -24.00
04840             760.00      -20.00
04841             800.00      -24.00
04842             880.00      -24.00
04843             960.00      -20.00
04844            1000.00      -20.00
04845            1120.00      -20.00
04846            1200.00      -24.00
04847            1280.00      -24.00
04848            1400.00      -24.00
04849            1520.00      -24.00
04850            1560.00      -24.00
04851            1720.00      -24.00
04852            1760.00      -20.00
04853            1840.00      -20.00
04854            1920.00      -20.00
04855            1960.00      -24.00
04856            1960.00      -24.00
04857            1960.00      -28.00
04858            2000.00      -20.00
04859            2000.00      -28.00
04860            1960.00      -24.00
04861            1920.00      -24.00
04862            1960.00      -20.00
04863            1960.00      -16.00
04864            1960.00      -24.00
04865            1920.00      -24.00
04866            1960.00      -28.00
04867            2000.00      -16.00
04868            2000.00      -28.00
04869            2000.00      -12.00
04870            2000.00      -24.00
04871            2040.00      -20.00
04872            2000.00      -20.00
04873            1960.00      -16.00
04874            1920.00      -20.00
04875            1840.00      -24.00
04876            1760.00      -20.00
04877            1680.00      -24.00
04878            1600.00      -24.00
04879            1480.00      -16.00
04880            1400.00      -24.00
04881            1280.00      -20.00
04882            1120.00      -20.00
04883            1000.00      -16.00
04884             880.00      -16.00
04885             760.00      -20.00
04886             600.00      -16.00
04887             440.00      -20.00
04888             320.00      -20.00
04889             200.00      -20.00
04890             120.00      -20.00
04891              40.00      -24.00
04892             -80.00      -20.00
04893             -80.00      -24.00
04894            -160.00      -20.00
04895            -200.00      -16.00
04896            -200.00      -16.00
04897            -240.00      -24.00
04898            -240.00      -20.00
04899            -280.00      -20.00
04900            -320.00      -16.00
04901            -320.00      -16.00
04902            -360.00      -20.00
04903            -400.00      -20.00
04904            -440.00      -20.00
04905            -440.00      -16.00
04906            -440.00      -28.00
04907            -480.00      -16.00
04908            -480.00      -16.00
04909            -480.00      -16.00
04910            -480.00      -20.00
04911            -440.00      -16.00
04912            -440.00      -16.00
04913            -400.00      -16.00
04914            -440.00      -20.00
04915            -480.00      -16.00
04916            -480.00      -20.00
04917            -480.00      -24.00
04918            -480.00      -20.00
04919            -480.00      -20.00
04920            -520.00      -24.00
04921            -480.00      -16.00
04922            -520.00      -20.00
04923            -560.00      -20.00
04924            -560.00      -20.00
04925            -640.00      -16.00
04926            -640.00      -16.00
04927            -720.00      -20.00
04928            -720.00      -20.00
04929            -760.00      -20.00
04930            -760.00      -16.00
04931            -800.00      -24.00
04932            -840.00      -20.00
04933            -840.00      -16.00
04934            -840.00      -16.00
04935            -840.00      -16.00
04936            -800.00      -16.00
04937            -800.00      -20.00
04938            -760.00      -16.00
04939            -720.00      -24.00
04940            -720.00      -20.00
04941            -640.00      -24.00
04942            -680.00      -20.00
04943            -640.00      -24.00
04944            -640.00      -20.00
04945            -640.00      -20.00
04946            -680.00      -16.00
04947            -720.00      -20.00
04948            -760.00      -20.00
04949            -800.00      -24.00
04950            -880.00      -16.00
04951            -920.00      -16.00
04952            -920.00      -24.00
04953            -920.00      -20.00
04954            -920.00      -20.00
04955            -880.00      -16.00
04956            -880.00      -24.00
04957            -840.00      -20.00
04958            -840.00      -20.00
04959            -800.00      -20.00
04960            -720.00      -16.00
04961            -720.00      -20.00
04962            -680.00      -16.00
04963            -640.00      -20.00
04964            -600.00      -20.00
04965            -520.00      -16.00
04966            -520.00      -20.00
04967            -560.00      -20.00
04968            -600.00      -20.00
04969            -600.00      -20.00
04970            -640.00      -20.00
04971            -640.00      -24.00
04972            -680.00      -20.00
04973            -640.00      -20.00
04974            -640.00      -20.00
04975            -520.00      -20.00
04976            -480.00      -20.00
04977            -400.00      -16.00
04978            -280.00      -20.00
04979            -120.00      -16.00
04980             -40.00      -20.00
04981              80.00      -16.00
04982             240.00      -20.00
04983             400.00      -20.00
04984             520.00      -20.00
04985             680.00      -16.00
04986             840.00      -20.00
04987            1000.00      -20.00
04988            1160.00      -20.00
04989            1240.00      -12.00
04990            1360.00      -20.00
04991            1480.00      -20.00
04992            1560.00      -20.00
04993            1640.00      -16.00
04994            1640.00      -20.00
04995            1720.00      -20.00
04996            1800.00      -16.00
04997            1800.00      -16.00
04998            1840.00      -16.00
04999            1840.00      -20.00
05000            1880.00      -20.00
