Unit:(mV)
                     CH1         CH2
Frequency              ?   1.107 kHz
Period                 ?  903.342 us
00001            1800.00      -20.00
00002            1800.00      -20.00
00003            1800.00      -20.00
00004            1760.00      -20.00
00005            1760.00      -24.00
00006            1720.00      -20.00
00007            1640.00      -16.00
00008            1600.00      -16.00
00009            1520.00      -16.00
00010            1440.00      -24.00
00011              40.00      500.00
00012               0.00      500.00
00013              40.00      -32.00
00014              80.00      -40.00
00015              80.00      -40.00
00016              80.00      -40.00
00017              80.00      -40.00
00018             120.00      -36.00
00019              80.00      -40.00
00020              80.00      -44.00
00021              40.00      -36.00
00022               0.00      -36.00
00023               0.00      -44.00
00024             -40.00      -32.00
00025             -80.00      -36.00
00026            -200.00      -36.00
00027            -240.00      -28.00
00028            -280.00      -36.00
00029            -360.00      -32.00
00030            -400.00      -32.00
00031            -440.00      -28.00
00032            -440.00      -40.00
00033            -520.00      -32.00
00034            -560.00      -32.00
00035            -600.00      -28.00
00036            -640.00      -28.00
00037            -680.00      -28.00
00038            -760.00      -24.00
00039            -880.00      -28.00
00040            -960.00      -28.00
00041           -1040.00      -28.00
00042           -1200.00      -32.00
00043           -1240.00      -28.00
00044           -1360.00      -32.00
00045           -1400.00      -32.00
00046           -1480.00      -24.00
00047           -1560.00      -24.00
00048           -1640.00      -28.00
00049           -1680.00      -28.00
00050           -1760.00      -28.00
00051           -1800.00      -36.00
00052           -1840.00      -28.00
00053           -1840.00      -36.00
00054           -1840.00      -32.00
00055           -1880.00      -24.00
00056           -1840.00      -28.00
00057           -1800.00      -20.00
00058           -1760.00      -28.00
00059           -1720.00      -24.00
00060           -1640.00      -12.00
00061           -1600.00      -28.00
00062           -1560.00      -28.00
00063           -1520.00      -24.00
00064           -1440.00      -20.00
00065           -1400.00      -20.00
00066           -1360.00      -28.00
00067           -1280.00      -28.00
00068           -1200.00      -20.00
00069           -1160.00      -20.00
00070           -1040.00      -24.00
00071            -960.00      -28.00
00072            -880.00      -24.00
00073            -760.00      -24.00
00074            -640.00      -24.00
00075            -560.00      -20.00
00076            -400.00      -20.00
00077            -320.00      -24.00
00078            -200.00      -24.00
00079             -80.00      -20.00
00080               0.00      -20.00
00081              80.00      -24.00
00082             160.00      -20.00
00083             240.00      -28.00
00084             320.00      -16.00
00085             360.00      -20.00
00086             400.00      -24.00
00087             480.00      -20.00
00088             480.00      -28.00
00089             520.00      -20.00
00090             600.00      -24.00
00091             600.00      -20.00
00092             680.00      -20.00
00093             720.00      -20.00
00094             840.00      -20.00
00095             920.00      -24.00
00096             960.00      -20.00
00097            1080.00      -28.00
00098            1200.00      -20.00
00099            1280.00      -20.00
00100            1360.00      -24.00
00101            1440.00      -20.00
00102            1520.00      -20.00
00103            1600.00      -16.00
00104            1640.00      -12.00
00105            1680.00      -20.00
00106            1760.00      -20.00
00107            1760.00      -20.00
00108            1800.00      -16.00
00109            1800.00      -24.00
00110            1800.00      -20.00
00111            1800.00      -24.00
00112            1800.00      -20.00
00113            1800.00      -20.00
00114            1840.00      -20.00
00115            1840.00      -24.00
00116            1880.00      -20.00
00117            1880.00      -20.00
00118            1920.00      -20.00
00119            1920.00      -16.00
00120            1960.00      -20.00
00121            1960.00      -16.00
00122            1920.00      -20.00
00123            1880.00      -20.00
00124            1840.00      -16.00
00125            1760.00      -20.00
00126            1680.00      -24.00
00127            1600.00      -24.00
00128            1520.00      -16.00
00129            1440.00      -20.00
00130            1360.00      -20.00
00131            1200.00      -20.00
00132            1080.00      -12.00
00133             960.00      -16.00
00134             840.00      -20.00
00135             680.00      -24.00
00136             560.00      -24.00
00137             440.00      -20.00
00138             320.00      -16.00
00139             160.00      -20.00
00140              80.00      -16.00
00141              40.00      -16.00
00142               0.00      -12.00
00143             -40.00      -20.00
00144             -80.00      -16.00
00145             -80.00      -24.00
00146             -80.00      -20.00
00147            -120.00      -20.00
00148            -120.00      -20.00
00149            -160.00      -20.00
00150            -160.00      -16.00
00151            -240.00      -16.00
00152            -240.00      -20.00
00153            -280.00      -20.00
00154            -320.00      -20.00
00155            -360.00      -16.00
00156            -400.00      -20.00
00157            -400.00      -24.00
00158            -400.00      -16.00
00159            -400.00      -20.00
00160            -400.00      -16.00
00161            -400.00      -12.00
00162            -400.00      -20.00
00163            -400.00      -20.00
00164            -400.00      -24.00
00165            -400.00      -20.00
00166            -400.00      -20.00
00167            -400.00      -16.00
00168            -400.00      -16.00
00169            -400.00      -16.00
00170            -360.00      -16.00
00171            -360.00      -16.00
00172            -400.00      -20.00
00173            -400.00      -20.00
00174            -480.00      -20.00
00175            -480.00      -20.00
00176            -560.00      -20.00
00177            -600.00      -20.00
00178            -600.00      -16.00
00179            -640.00      -16.00
00180            -680.00      -16.00
00181            -680.00      -20.00
00182            -720.00      -20.00
00183            -720.00      -20.00
00184            -720.00      -20.00
00185            -680.00      -16.00
00186            -680.00      -16.00
00187            -640.00      -20.00
00188            -640.00      -16.00
00189            -600.00      -16.00
00190            -600.00      -20.00
00191            -520.00      -20.00
00192            -520.00      -16.00
00193            -520.00      -16.00
00194            -560.00      -16.00
00195            -520.00      -20.00
00196            -600.00      -16.00
00197            -640.00      -20.00
00198            -720.00      -16.00
00199            -760.00      -20.00
00200            -840.00      -16.00
00201            -880.00      -16.00
00202            -880.00      -16.00
00203            -880.00      -20.00
00204            -880.00      -20.00
00205            -880.00      -24.00
00206            -840.00      -24.00
00207            -840.00      -12.00
00208            -800.00      -16.00
00209            -800.00      -20.00
00210            -720.00      -16.00
00211            -720.00      -20.00
00212            -680.00      -20.00
00213            -600.00      -20.00
00214            -640.00      -20.00
00215            -600.00      -20.00
00216            -640.00      -16.00
00217            -640.00      -16.00
00218            -680.00      -20.00
00219            -720.00      -16.00
00220            -760.00      -20.00
00221            -760.00      -24.00
00222            -720.00      -20.00
00223            -760.00      -16.00
00224            -680.00      -24.00
00225            -600.00      -20.00
00226            -560.00      -12.00
00227            -480.00      -16.00
00228            -360.00      -16.00
00229            -240.00      -20.00
00230            -120.00      -16.00
00231               0.00      -16.00
00232              80.00      -20.00
00233             280.00      -20.00
00234             400.00      -16.00
00235             560.00      -16.00
00236             720.00      -16.00
00237             800.00      -16.00
00238             960.00      -20.00
00239            1160.00      -16.00
00240            1200.00      -12.00
00241            1320.00      -20.00
00242            1400.00      -12.00
00243            1480.00      -16.00
00244            1520.00      -12.00
00245            1560.00      -12.00
00246            1640.00      -16.00
00247            1680.00      -20.00
00248            1720.00      -20.00
00249            1720.00      -20.00
00250            1760.00      -12.00
00251            1800.00      -16.00
00252            1760.00      -16.00
00253            1800.00      -16.00
00254            1760.00      -16.00
00255            1760.00      -16.00
00256            1720.00      -20.00
00257            1680.00      -16.00
00258            1640.00      -20.00
00259            1520.00      -20.00
00260            1480.00      -20.00
00261               0.00      500.00
00262               0.00      500.00
00263               0.00      -24.00
00264              40.00      -36.00
00265              80.00      -44.00
00266              80.00      -36.00
00267              80.00      -36.00
00268              80.00      -40.00
00269              80.00      -36.00
00270              80.00      -28.00
00271              80.00      -32.00
00272               0.00      -28.00
00273             -40.00      -32.00
00274             -80.00      -32.00
00275            -120.00      -32.00
00276            -200.00      -28.00
00277            -240.00      -28.00
00278            -280.00      -28.00
00279            -320.00      -28.00
00280            -400.00      -32.00
00281            -400.00      -24.00
00282            -440.00      -24.00
00283            -520.00      -24.00
00284            -560.00      -28.00
00285            -600.00      -28.00
00286            -680.00      -24.00
00287            -720.00      -24.00
00288            -840.00      -28.00
00289            -880.00      -24.00
00290            -960.00      -28.00
00291           -1080.00      -24.00
00292           -1120.00      -20.00
00293           -1240.00      -28.00
00294           -1320.00      -28.00
00295           -1440.00      -24.00
00296           -1520.00      -24.00
00297           -1560.00      -24.00
00298           -1640.00      -24.00
00299           -1680.00      -20.00
00300           -1760.00      -20.00
00301           -1800.00      -20.00
00302           -1840.00      -24.00
00303           -1880.00      -28.00
00304           -1840.00      -20.00
00305           -1800.00      -28.00
00306           -1840.00      -20.00
00307           -1840.00      -24.00
00308           -1760.00      -20.00
00309           -1720.00      -20.00
00310           -1680.00      -24.00
00311           -1600.00      -24.00
00312           -1520.00      -20.00
00313           -1520.00      -24.00
00314           -1440.00      -20.00
00315           -1400.00      -20.00
00316           -1360.00      -24.00
00317           -1280.00      -20.00
00318           -1200.00      -28.00
00319           -1120.00      -24.00
00320           -1040.00      -24.00
00321            -920.00      -20.00
00322            -840.00      -20.00
00323            -760.00      -24.00
00324            -640.00      -20.00
00325            -520.00      -20.00
00326            -400.00      -20.00
00327            -280.00      -20.00
00328            -160.00      -24.00
00329            -120.00      -20.00
00330              40.00      -20.00
00331              80.00      -20.00
00332             160.00      -28.00
00333             240.00      -20.00
00334             280.00      -20.00
00335             320.00      -20.00
00336             400.00      -24.00
00337             440.00      -20.00
00338             480.00      -20.00
00339             560.00      -24.00
00340             560.00      -16.00
00341             600.00      -20.00
00342             680.00      -16.00
00343             720.00      -24.00
00344             840.00      -20.00
00345             880.00      -16.00
00346            1000.00      -24.00
00347            1080.00      -24.00
00348            1200.00      -20.00
00349            1280.00      -16.00
00350            1320.00      -24.00
00351            1440.00      -28.00
00352            1520.00      -28.00
00353            1600.00      -16.00
00354            1680.00      -24.00
00355            1720.00      -20.00
00356            1760.00      -20.00
00357            1760.00      -20.00
00358            1760.00      -20.00
00359            1800.00      -24.00
00360            1840.00      -20.00
00361            1840.00      -16.00
00362            1800.00      -20.00
00363            1800.00      -24.00
00364            1840.00      -16.00
00365            1840.00      -20.00
00366            1880.00      -20.00
00367            1880.00      -24.00
00368            1920.00      -20.00
00369            1960.00      -20.00
00370            1920.00      -20.00
00371            1960.00      -20.00
00372            1920.00      -20.00
00373            1880.00      -24.00
00374            1840.00      -24.00
00375            1760.00      -16.00
00376            1720.00      -20.00
00377            1600.00      -20.00
00378            1520.00      -24.00
00379            1440.00      -20.00
00380            1320.00      -20.00
00381            1200.00      -20.00
00382            1040.00      -24.00
00383             920.00      -24.00
00384             840.00      -20.00
00385             680.00      -16.00
00386             520.00      -16.00
00387             440.00      -20.00
00388             320.00      -24.00
00389             200.00      -16.00
00390             120.00      -24.00
00391              40.00      -20.00
00392             -40.00      -20.00
00393             -80.00      -20.00
00394             -80.00      -20.00
00395             -80.00      -24.00
00396             -80.00      -20.00
00397            -120.00      -20.00
00398            -160.00      -20.00
00399            -120.00      -24.00
00400            -200.00      -24.00
00401            -200.00      -20.00
00402            -240.00      -20.00
00403            -280.00      -20.00
00404            -320.00      -20.00
00405            -360.00      -24.00
00406            -400.00      -24.00
00407            -400.00      -20.00
00408            -400.00      -20.00
00409            -400.00      -24.00
00410            -400.00      -24.00
00411            -400.00      -20.00
00412            -400.00      -20.00
00413            -360.00      -20.00
00414            -400.00      -20.00
00415            -400.00      -20.00
00416            -400.00      -16.00
00417            -360.00      -20.00
00418            -400.00      -24.00
00419            -400.00      -20.00
00420            -400.00      -16.00
00421            -400.00      -20.00
00422            -400.00      -16.00
00423            -440.00      -20.00
00424            -480.00      -24.00
00425            -480.00      -20.00
00426            -560.00      -16.00
00427            -600.00      -20.00
00428            -600.00      -16.00
00429            -640.00      -20.00
00430            -680.00      -24.00
00431            -720.00      -20.00
00432            -720.00      -16.00
00433            -680.00      -20.00
00434            -680.00      -16.00
00435            -680.00      -20.00
00436            -680.00      -24.00
00437            -640.00      -20.00
00438            -600.00      -24.00
00439            -600.00      -20.00
00440            -560.00      -20.00
00441            -560.00      -16.00
00442            -520.00      -20.00
00443            -520.00      -24.00
00444            -520.00      -20.00
00445            -560.00      -16.00
00446            -600.00      -20.00
00447            -640.00      -16.00
00448            -720.00      -24.00
00449            -800.00      -20.00
00450            -800.00      -20.00
00451            -880.00      -20.00
00452            -880.00      -24.00
00453            -880.00      -16.00
00454            -920.00      -20.00
00455            -880.00      -20.00
00456            -840.00      -16.00
00457            -840.00      -28.00
00458            -840.00      -16.00
00459            -800.00      -20.00
00460            -720.00      -12.00
00461            -720.00      -16.00
00462            -680.00      -24.00
00463            -640.00      -20.00
00464            -640.00      -20.00
00465            -600.00      -24.00
00466            -640.00      -24.00
00467            -640.00      -24.00
00468            -680.00      -20.00
00469            -680.00      -20.00
00470            -720.00      -20.00
00471            -760.00      -24.00
00472            -720.00      -24.00
00473            -760.00      -16.00
00474            -680.00      -16.00
00475            -600.00      -16.00
00476            -520.00      -16.00
00477            -480.00      -20.00
00478            -360.00      -16.00
00479            -280.00      -20.00
00480            -120.00      -20.00
00481               0.00      -24.00
00482             120.00      -20.00
00483             280.00      -24.00
00484             400.00      -20.00
00485             560.00      -24.00
00486             680.00      -20.00
00487             880.00      -20.00
00488            1000.00      -24.00
00489            1160.00      -20.00
00490            1200.00      -20.00
00491            1320.00      -16.00
00492            1360.00      -16.00
00493            1440.00      -16.00
00494            1480.00      -24.00
00495            1560.00      -24.00
00496            1600.00      -16.00
00497            1680.00      -20.00
00498            1680.00      -20.00
00499            1720.00      -12.00
00500            1760.00      -20.00
00501            1760.00      -20.00
00502            1760.00      -16.00
00503            1760.00      -16.00
00504            1760.00      -16.00
00505            1760.00      -16.00
00506            1680.00      -16.00
00507            1720.00      -20.00
00508            1640.00      -20.00
00509            1520.00      -24.00
00510            1480.00      -20.00
00511               0.00      500.00
00512               0.00      500.00
00513               0.00      -32.00
00514              40.00      -36.00
00515              80.00      -40.00
00516              80.00      -32.00
00517             120.00      -36.00
00518             120.00      -36.00
00519              80.00      -36.00
00520              80.00      -36.00
00521              40.00      -32.00
00522               0.00      -28.00
00523             -40.00      -32.00
00524             -80.00      -28.00
00525             -80.00      -28.00
00526            -200.00      -32.00
00527            -240.00      -32.00
00528            -280.00      -32.00
00529            -320.00      -28.00
00530            -400.00      -28.00
00531            -400.00      -28.00
00532            -480.00      -28.00
00533            -480.00      -28.00
00534            -560.00      -24.00
00535            -600.00      -28.00
00536            -640.00      -28.00
00537            -720.00      -28.00
00538            -840.00      -24.00
00539            -920.00      -32.00
00540           -1000.00      -48.00
00541           -1040.00      -24.00
00542           -1120.00      -20.00
00543           -1240.00      -28.00
00544           -1320.00      -24.00
00545           -1440.00      -20.00
00546           -1480.00      -20.00
00547           -1600.00      -24.00
00548           -1640.00      -28.00
00549           -1720.00      -24.00
00550           -1760.00      -24.00
00551           -1800.00      -24.00
00552           -1840.00      -20.00
00553           -1880.00      -28.00
00554           -1840.00      -20.00
00555           -1840.00      -20.00
00556           -1800.00      -16.00
00557           -1800.00      -20.00
00558           -1760.00      -20.00
00559           -1720.00      -20.00
00560           -1680.00      -24.00
00561           -1600.00      -28.00
00562           -1560.00      -20.00
00563           -1520.00      -16.00
00564           -1440.00      -20.00
00565           -1400.00      -24.00
00566           -1360.00      -24.00
00567           -1280.00      -24.00
00568           -1200.00      -20.00
00569           -1120.00      -20.00
00570           -1040.00      -16.00
00571            -920.00      -16.00
00572            -880.00      -16.00
00573            -760.00      -20.00
00574            -640.00      -12.00
00575            -520.00      -20.00
00576            -400.00      -16.00
00577            -280.00      -24.00
00578            -160.00      -20.00
00579             -80.00      -20.00
00580             -40.00      -20.00
00581             120.00      -16.00
00582             160.00      -20.00
00583             200.00      -20.00
00584             320.00      -24.00
00585             320.00      -16.00
00586             400.00      -24.00
00587             440.00      -20.00
00588             440.00      -20.00
00589             520.00      -20.00
00590             560.00      -20.00
00591             600.00      -16.00
00592             680.00      -20.00
00593             760.00      -24.00
00594             840.00      -16.00
00595             880.00      -20.00
00596             960.00      -16.00
00597            1080.00      -20.00
00598            1160.00      -24.00
00599            1240.00      -20.00
00600            1320.00      -16.00
00601            1440.00      -16.00
00602            1480.00      -24.00
00603            1600.00      -20.00
00604            1640.00      -20.00
00605            1680.00      -20.00
00606            1760.00      -16.00
00607            1760.00      -16.00
00608            1800.00      -16.00
00609            1800.00      -24.00
00610            1800.00      -16.00
00611            1800.00      -16.00
00612            1760.00      -16.00
00613            1840.00      -16.00
00614            1840.00      -24.00
00615            1840.00      -16.00
00616            1840.00      -16.00
00617            1920.00      -16.00
00618            1920.00      -16.00
00619            1960.00      -20.00
00620            1960.00      -16.00
00621            1920.00      -16.00
00622            1920.00      -20.00
00623            1920.00      -16.00
00624            1840.00      -20.00
00625            1720.00      -20.00
00626            1680.00      -20.00
00627            1600.00      -20.00
00628            1520.00      -12.00
00629            1440.00      -16.00
00630            1320.00      -16.00
00631            1200.00      -16.00
00632            1080.00      -20.00
00633             920.00      -16.00
00634             840.00      -20.00
00635             680.00      -16.00
00636             560.00      -20.00
00637             440.00      -20.00
00638             320.00      -12.00
00639             200.00      -16.00
00640             120.00      -16.00
00641              40.00      -20.00
00642               0.00      -20.00
00643             -40.00      -20.00
00644             -80.00      -20.00
00645             -80.00      -16.00
00646            -120.00      -16.00
00647             -80.00      -16.00
00648            -120.00      -16.00
00649            -120.00      -20.00
00650            -160.00      -16.00
00651            -200.00      -20.00
00652            -240.00      -16.00
00653            -280.00      -16.00
00654            -320.00      -16.00
00655            -360.00      -16.00
00656            -360.00      -16.00
00657            -400.00      -16.00
00658            -400.00      -16.00
00659            -400.00      -20.00
00660            -400.00      -20.00
00661            -400.00      -20.00
00662            -400.00      -16.00
00663            -400.00      -16.00
00664            -400.00      -12.00
00665            -400.00      -16.00
00666            -400.00      -20.00
00667            -400.00      -12.00
00668            -400.00      -16.00
00669            -400.00      -16.00
00670            -400.00      -16.00
00671            -400.00      -16.00
00672            -400.00      -20.00
00673            -440.00      -16.00
00674            -440.00      -20.00
00675            -480.00      -20.00
00676            -560.00      -16.00
00677            -600.00      -16.00
00678            -600.00      -12.00
00679            -640.00      -20.00
00680            -680.00      -16.00
00681            -680.00      -20.00
00682            -720.00      -16.00
00683            -720.00      -16.00
00684            -720.00      -20.00
00685            -720.00      -20.00
00686            -720.00      -16.00
00687            -640.00      -16.00
00688            -600.00      -12.00
00689            -560.00      -16.00
00690            -560.00      -24.00
00691            -560.00      -20.00
00692            -560.00      -20.00
00693            -520.00      -24.00
00694            -520.00      -20.00
00695            -560.00      -16.00
00696            -560.00      -20.00
00697            -640.00      -20.00
00698            -720.00      -20.00
00699            -760.00      -20.00
00700            -840.00      -16.00
00701            -840.00      -20.00
00702            -920.00      -20.00
00703            -880.00      -20.00
00704            -880.00      -16.00
00705            -880.00      -16.00
00706            -880.00      -24.00
00707            -840.00      -24.00
00708            -800.00      -16.00
00709            -760.00      -28.00
00710            -760.00      -20.00
00711            -720.00      -20.00
00712            -680.00      -20.00
00713            -640.00      -16.00
00714            -600.00      -16.00
00715            -600.00      -12.00
00716            -600.00      -20.00
00717            -640.00      -20.00
00718            -720.00      -24.00
00719            -720.00      -16.00
00720            -720.00      -20.00
00721            -760.00      -20.00
00722            -760.00      -16.00
00723            -720.00      -16.00
00724            -680.00      -20.00
00725            -640.00      -20.00
00726            -520.00      -16.00
00727            -440.00      -20.00
00728            -360.00      -28.00
00729            -280.00      -16.00
00730            -120.00      -16.00
00731               0.00      -24.00
00732             120.00      -16.00
00733             280.00      -20.00
00734             400.00      -20.00
00735             520.00      -20.00
00736             680.00      -20.00
00737             840.00      -20.00
00738            1040.00      -16.00
00739            1080.00      -24.00
00740            1200.00      -20.00
00741            1280.00      -16.00
00742            1400.00      -20.00
00743            1440.00      -20.00
00744            1520.00      -16.00
00745            1560.00      -24.00
00746            1600.00      -20.00
00747            1680.00      -24.00
00748            1720.00      -24.00
00749            1680.00      -20.00
00750            1760.00      -16.00
00751            1760.00      -20.00
00752            1800.00      -12.00
00753            1800.00      -24.00
00754            1800.00      -12.00
00755            1760.00      -20.00
00756            1720.00      -20.00
00757            1640.00      -12.00
00758            1640.00      -20.00
00759            1520.00      -20.00
00760            1480.00      -20.00
00761             -40.00      500.00
00762              40.00      500.00
00763              40.00      -28.00
00764              40.00      -40.00
00765              80.00      -44.00
00766              80.00      -36.00
00767             120.00      -40.00
00768             120.00      -36.00
00769              80.00      -44.00
00770              80.00      -36.00
00771              40.00      -32.00
00772               0.00      -36.00
00773               0.00      -32.00
00774             -80.00      -32.00
00775            -120.00      -36.00
00776            -160.00      -36.00
00777            -200.00      -28.00
00778            -280.00      -36.00
00779            -360.00      -28.00
00780            -400.00      -32.00
00781            -400.00      -28.00
00782            -480.00      -28.00
00783            -520.00      -28.00
00784            -560.00      -32.00
00785            -600.00      -32.00
00786            -640.00      -28.00
00787            -720.00      -28.00
00788            -800.00      -32.00
00789            -880.00      -28.00
00790            -960.00      -24.00
00791           -1040.00      -32.00
00792           -1120.00      -24.00
00793           -1240.00      -24.00
00794           -1320.00      -28.00
00795           -1400.00      -28.00
00796           -1520.00      -32.00
00797           -1560.00      -32.00
00798           -1680.00      -20.00
00799           -1680.00      -28.00
00800           -1760.00      -32.00
00801           -1800.00      -24.00
00802           -1840.00      -28.00
00803           -1880.00      -32.00
00804           -1840.00      -20.00
00805           -1840.00      -28.00
00806           -1840.00      -28.00
00807           -1760.00      -24.00
00808           -1760.00      -20.00
00809           -1680.00      -28.00
00810           -1680.00      -24.00
00811           -1640.00      -28.00
00812           -1560.00      -24.00
00813           -1480.00      -24.00
00814           -1440.00      -24.00
00815           -1360.00      -24.00
00816           -1320.00      -20.00
00817           -1280.00      -24.00
00818           -1200.00      -24.00
00819           -1120.00      -24.00
00820           -1040.00      -24.00
00821            -960.00      -20.00
00822            -880.00      -20.00
00823            -760.00      -20.00
00824            -600.00      -20.00
00825            -520.00      -28.00
00826            -400.00      -20.00
00827            -280.00      -20.00
00828            -200.00      -20.00
00829            -120.00      -24.00
00830               0.00      -20.00
00831              80.00      -24.00
00832             160.00      -20.00
00833             200.00      -20.00
00834             320.00      -24.00
00835             360.00      -20.00
00836             360.00      -24.00
00837             400.00      -20.00
00838             480.00      -24.00
00839             520.00      -20.00
00840             560.00      -24.00
00841             640.00      -16.00
00842             680.00      -20.00
00843             720.00      -24.00
00844             800.00      -20.00
00845             880.00      -16.00
00846            1000.00      -20.00
00847            1080.00      -24.00
00848            1200.00      -20.00
00849            1200.00      -16.00
00850            1320.00      -20.00
00851            1400.00      -20.00
00852            1520.00      -12.00
00853            1600.00      -20.00
00854            1680.00      -24.00
00855            1720.00      -20.00
00856            1720.00      -20.00
00857            1760.00      -20.00
00858            1760.00      -20.00
00859            1800.00      -20.00
00860            1800.00      -20.00
00861            1800.00      -20.00
00862            1840.00      -16.00
00863            1800.00      -16.00
00864            1840.00      -20.00
00865            1840.00      -16.00
00866            1880.00      -20.00
00867            1880.00      -20.00
00868            1920.00      -16.00
00869            1920.00      -24.00
00870            1960.00      -16.00
00871            1960.00      -20.00
00872            1960.00      -20.00
00873            1920.00      -20.00
00874            1840.00      -20.00
00875            1760.00      -20.00
00876            1680.00      -24.00
00877            1600.00      -24.00
00878            1520.00      -20.00
00879            1400.00      -16.00
00880            1280.00      -20.00
00881            1240.00      -20.00
00882            1120.00      -16.00
00883            1000.00      -20.00
00884             840.00      -24.00
00885             680.00      -20.00
00886             560.00      -16.00
00887             440.00      -16.00
00888             360.00      -16.00
00889             200.00      -16.00
00890             120.00      -20.00
00891              40.00      -20.00
00892               0.00      -20.00
00893             -40.00      -16.00
00894             -80.00      -24.00
00895             -80.00      -16.00
00896             -80.00      -16.00
00897             -80.00      -16.00
00898            -160.00      -16.00
00899            -120.00      -20.00
00900            -160.00      -24.00
00901            -240.00      -16.00
00902            -240.00      -16.00
00903            -280.00      -20.00
00904            -320.00      -12.00
00905            -360.00      -16.00
00906            -400.00      -16.00
00907            -400.00      -24.00
00908            -400.00      -12.00
00909            -400.00      -16.00
00910            -400.00      -20.00
00911            -400.00      -20.00
00912            -400.00      -20.00
00913            -360.00      -24.00
00914            -400.00      -20.00
00915            -400.00      -16.00
00916            -400.00      -16.00
00917            -400.00      -24.00
00918            -400.00      -16.00
00919            -360.00      -20.00
00920            -360.00      -20.00
00921            -400.00      -20.00
00922            -400.00      -20.00
00923            -440.00      -20.00
00924            -440.00      -16.00
00925            -480.00      -12.00
00926            -560.00      -20.00
00927            -600.00      -20.00
00928            -600.00      -20.00
00929            -680.00      -16.00
00930            -640.00      -16.00
00931            -720.00      -24.00
00932            -720.00      -20.00
00933            -720.00      -20.00
00934            -720.00      -16.00
00935            -680.00      -16.00
00936            -680.00      -16.00
00937            -640.00      -16.00
00938            -600.00      -24.00
00939            -600.00      -16.00
00940            -560.00      -20.00
00941            -520.00      -20.00
00942            -520.00      -20.00
00943            -520.00      -16.00
00944            -520.00      -16.00
00945            -560.00      -20.00
00946            -600.00      -16.00
00947            -640.00      -20.00
00948            -720.00      -20.00
00949            -720.00      -16.00
00950            -800.00      -16.00
00951            -840.00      -24.00
00952            -880.00      -16.00
00953            -880.00      -16.00
00954            -880.00      -12.00
00955            -880.00      -16.00
00956            -840.00      -16.00
00957            -840.00      -20.00
00958            -800.00      -16.00
00959            -760.00      -20.00
00960            -720.00      -16.00
00961            -720.00      -20.00
00962            -680.00      -12.00
00963            -640.00      -20.00
00964            -640.00      -16.00
00965            -600.00      -20.00
00966            -600.00      -16.00
00967            -640.00      -16.00
00968            -680.00      -20.00
00969            -720.00      -16.00
00970            -720.00      -20.00
00971            -760.00      -20.00
00972            -720.00      -16.00
00973            -720.00      -20.00
00974            -680.00      -24.00
00975            -600.00      -16.00
00976            -560.00      -16.00
00977            -440.00      -16.00
00978            -360.00      -16.00
00979            -240.00      -16.00
00980            -120.00      -12.00
00981              40.00      -12.00
00982             120.00      -16.00
00983             240.00      -20.00
00984             440.00      -16.00
00985             560.00      -16.00
00986             720.00      -16.00
00987             800.00      -20.00
00988             960.00      -16.00
00989            1120.00      -20.00
00990            1200.00      -12.00
00991            1320.00      -20.00
00992            1400.00      -16.00
00993            1440.00      -16.00
00994            1480.00      -16.00
00995            1640.00      -16.00
00996            1600.00      -20.00
00997            1640.00      -16.00
00998            1720.00      -20.00
00999            1760.00      -20.00
01000            1760.00      -12.00
01001            1760.00      -20.00
01002            1800.00      -16.00
01003            1800.00      -16.00
01004            1800.00      -24.00
01005            1760.00      -16.00
01006            1720.00      -20.00
01007            1680.00      -16.00
01008            1640.00      -16.00
01009            1560.00      -12.00
01010            1440.00      -12.00
01011               0.00      500.00
01012               0.00      500.00
01013              40.00      -28.00
01014              80.00      -40.00
01015              40.00      -36.00
01016              80.00      -32.00
01017              80.00      -36.00
01018             120.00      -32.00
01019              80.00      -32.00
01020              80.00      -28.00
01021              40.00      -28.00
01022              40.00      -32.00
01023             -40.00      -32.00
01024             -80.00      -32.00
01025            -120.00      -28.00
01026            -200.00      -28.00
01027            -240.00      -28.00
01028            -280.00      -24.00
01029            -320.00      -20.00
01030            -400.00      -28.00
01031            -400.00      -28.00
01032            -480.00      -28.00
01033            -520.00      -32.00
01034            -560.00      -28.00
01035            -640.00      -24.00
01036            -680.00      -28.00
01037            -720.00      -28.00
01038            -800.00      -24.00
01039            -880.00      -28.00
01040            -960.00      -24.00
01041           -1040.00      -28.00
01042           -1160.00      -28.00
01043           -1240.00      -24.00
01044           -1320.00      -24.00
01045           -1440.00      -20.00
01046           -1520.00      -28.00
01047           -1560.00      -20.00
01048           -1640.00      -20.00
01049           -1680.00      -24.00
01050           -1760.00      -28.00
01051           -1840.00      -20.00
01052           -1840.00      -24.00
01053           -1840.00      -24.00
01054           -1880.00      -20.00
01055           -1840.00      -24.00
01056           -1840.00      -24.00
01057           -1760.00      -20.00
01058           -1760.00      -20.00
01059           -1680.00      -16.00
01060           -1640.00      -20.00
01061           -1600.00      -20.00
01062           -1560.00      -24.00
01063           -1480.00      -20.00
01064           -1400.00      -24.00
01065           -1400.00      -20.00
01066           -1320.00      -20.00
01067           -1280.00      -20.00
01068           -1200.00      -24.00
01069           -1120.00      -20.00
01070           -1040.00      -16.00
01071            -960.00      -24.00
01072            -840.00      -20.00
01073            -760.00      -20.00
01074            -600.00      -24.00
01075            -520.00      -20.00
01076            -400.00      -20.00
01077            -320.00      -20.00
01078            -200.00      -20.00
01079             -80.00      -24.00
01080               0.00      -24.00
01081              40.00      -16.00
01082             160.00      -24.00
01083             240.00      -20.00
01084             240.00      -16.00
01085             320.00      -20.00
01086             360.00      -24.00
01087             440.00      -16.00
01088             480.00      -24.00
01089             520.00      -20.00
01090             560.00      -20.00
01091             640.00      -20.00
01092             680.00      -20.00
01093             760.00      -20.00
01094             840.00      -20.00
01095             880.00      -16.00
01096            1000.00      -20.00
01097            1120.00      -24.00
01098            1200.00      -24.00
01099            1280.00      -24.00
01100            1320.00      -16.00
01101            1440.00      -20.00
01102            1520.00      -20.00
01103            1600.00      -20.00
01104            1640.00      -20.00
01105            1680.00      -24.00
01106            1720.00      -20.00
01107            1760.00      -20.00
01108            1760.00      -24.00
01109            1800.00      -20.00
01110            1840.00      -24.00
01111            1840.00      -20.00
01112            1800.00      -20.00
01113            1840.00      -24.00
01114            1840.00      -20.00
01115            1840.00      -20.00
01116            1880.00      -24.00
01117            1920.00      -24.00
01118            1920.00      -20.00
01119            1920.00      -20.00
01120            1960.00      -24.00
01121            1920.00      -20.00
01122            1920.00      -20.00
01123            1920.00      -16.00
01124            1840.00      -20.00
01125            1760.00      -20.00
01126            1680.00      -20.00
01127            1600.00      -20.00
01128            1520.00      -20.00
01129            1440.00      -24.00
01130            1320.00      -20.00
01131            1200.00      -28.00
01132            1080.00      -24.00
01133             960.00      -20.00
01134             800.00      -20.00
01135             680.00      -20.00
01136             560.00      -24.00
01137             400.00      -20.00
01138             280.00      -20.00
01139             200.00      -16.00
01140             160.00      -16.00
01141              80.00      -20.00
01142               0.00      -20.00
01143             -80.00      -20.00
01144             -80.00      -16.00
01145            -120.00      -20.00
01146             -80.00      -20.00
01147             -80.00      -20.00
01148            -120.00      -20.00
01149            -160.00      -20.00
01150            -160.00      -20.00
01151            -200.00      -20.00
01152            -240.00      -16.00
01153            -280.00      -24.00
01154            -280.00      -16.00
01155            -360.00      -20.00
01156            -360.00      -24.00
01157            -400.00      -16.00
01158            -400.00      -20.00
01159            -400.00      -20.00
01160            -400.00      -16.00
01161            -440.00      -20.00
01162            -440.00      -16.00
01163            -400.00      -24.00
01164            -440.00      -28.00
01165            -400.00      -20.00
01166            -400.00      -20.00
01167            -400.00      -24.00
01168            -400.00      -20.00
01169            -360.00      -20.00
01170            -400.00      -20.00
01171            -400.00      -20.00
01172            -400.00      -24.00
01173            -400.00      -16.00
01174            -480.00      -16.00
01175            -520.00       -4.00
01176            -560.00      -20.00
01177            -600.00      -20.00
01178            -640.00      -12.00
01179            -640.00      -20.00
01180            -680.00      -16.00
01181            -720.00      -20.00
01182            -720.00      -20.00
01183            -680.00      -20.00
01184            -720.00      -16.00
01185            -680.00      -24.00
01186            -720.00      -16.00
01187            -640.00      -24.00
01188            -600.00      -24.00
01189            -600.00      -20.00
01190            -600.00      -20.00
01191            -560.00      -20.00
01192            -560.00      -24.00
01193            -520.00      -16.00
01194            -520.00      -16.00
01195            -560.00      -20.00
01196            -600.00      -16.00
01197            -640.00      -24.00
01198            -720.00      -16.00
01199            -760.00      -20.00
01200            -800.00      -16.00
01201            -840.00      -20.00
01202            -880.00      -16.00
01203            -880.00      -24.00
01204            -880.00      -20.00
01205            -880.00      -20.00
01206            -840.00      -20.00
01207            -840.00      -16.00
01208            -840.00      -20.00
01209            -760.00      -20.00
01210            -760.00      -24.00
01211            -720.00      -20.00
01212            -680.00      -24.00
01213            -640.00      -20.00
01214            -600.00      -20.00
01215            -640.00      -20.00
01216            -640.00      -16.00
01217            -640.00      -16.00
01218            -680.00      -24.00
01219            -720.00      -20.00
01220            -720.00      -20.00
01221            -760.00      -20.00
01222            -720.00      -20.00
01223            -680.00      -20.00
01224            -680.00      -16.00
01225            -600.00      -20.00
01226            -560.00      -16.00
01227            -480.00      -16.00
01228            -360.00      -16.00
01229            -240.00      -20.00
01230            -160.00      -20.00
01231               0.00      -20.00
01232             120.00      -20.00
01233             320.00      -16.00
01234             400.00      -20.00
01235             560.00      -20.00
01236             680.00      -16.00
01237             840.00      -16.00
01238             960.00      -20.00
01239            1120.00      -16.00
01240            1240.00      -20.00
01241            1320.00      -16.00
01242            1360.00      -16.00
01243            1480.00      -24.00
01244            1520.00      -24.00
01245            1520.00      -20.00
01246            1640.00      -16.00
01247            1680.00      -12.00
01248            1680.00      -16.00
01249            1720.00      -16.00
01250            1760.00      -20.00
01251            1760.00      -20.00
01252            1800.00      -20.00
01253            1800.00      -20.00
01254            1760.00      -20.00
01255            1760.00      -16.00
01256            1720.00      -20.00
01257            1640.00      -24.00
01258            1640.00      -20.00
01259            1520.00      -16.00
01260            1480.00      -20.00
01261               0.00      500.00
01262               0.00      500.00
01263              40.00      -28.00
01264              40.00      -32.00
01265              80.00      -32.00
01266              80.00      -36.00
01267              80.00      -36.00
01268              80.00      -36.00
01269             120.00      -36.00
01270              80.00      -32.00
01271              80.00      -32.00
01272              40.00      -36.00
01273             -40.00      -28.00
01274             -80.00      -24.00
01275            -120.00      -32.00
01276            -200.00      -32.00
01277            -240.00      -36.00
01278            -240.00      -32.00
01279            -360.00      -28.00
01280            -360.00      -28.00
01281            -440.00      -28.00
01282            -480.00      -28.00
01283            -480.00      -20.00
01284            -520.00      -32.00
01285            -600.00      -24.00
01286            -640.00      -24.00
01287            -760.00      -28.00
01288            -800.00      -28.00
01289            -880.00      -28.00
01290            -920.00      -28.00
01291           -1040.00      -24.00
01292           -1160.00      -20.00
01293           -1240.00      -24.00
01294           -1320.00      -20.00
01295           -1400.00      -28.00
01296           -1480.00      -24.00
01297           -1560.00      -28.00
01298           -1640.00      -24.00
01299           -1720.00      -24.00
01300           -1760.00      -24.00
01301           -1800.00      -20.00
01302           -1840.00      -24.00
01303           -1840.00      -24.00
01304           -1840.00      -28.00
01305           -1840.00      -28.00
01306           -1800.00      -20.00
01307           -1800.00      -28.00
01308           -1720.00      -20.00
01309           -1720.00      -20.00
01310           -1640.00      -20.00
01311           -1600.00      -20.00
01312           -1560.00      -20.00
01313           -1520.00      -16.00
01314           -1440.00      -20.00
01315           -1360.00      -16.00
01316           -1320.00      -20.00
01317           -1240.00      -20.00
01318           -1200.00      -24.00
01319           -1120.00      -24.00
01320           -1040.00      -16.00
01321            -960.00      -20.00
01322            -840.00      -12.00
01323            -720.00      -16.00
01324            -640.00      -16.00
01325            -520.00      -16.00
01326            -400.00      -20.00
01327            -320.00      -16.00
01328            -160.00      -20.00
01329             -80.00      -20.00
01330               0.00      -20.00
01331              80.00      -20.00
01332             200.00      -16.00
01333             240.00      -12.00
01334             280.00      -20.00
01335             320.00      -20.00
01336             400.00      -24.00
01337             440.00      -24.00
01338             480.00      -16.00
01339             520.00      -16.00
01340             560.00      -20.00
01341             640.00      -16.00
01342             680.00      -20.00
01343             760.00      -20.00
01344             840.00      -20.00
01345             880.00      -20.00
01346            1000.00      -20.00
01347            1080.00      -16.00
01348            1120.00      -12.00
01349            1280.00      -16.00
01350            1320.00      -16.00
01351            1400.00      -16.00
01352            1520.00      -20.00
01353            1560.00      -20.00
01354            1680.00      -16.00
01355            1720.00      -16.00
01356            1760.00      -20.00
01357            1760.00      -16.00
01358            1800.00      -20.00
01359            1840.00      -20.00
01360            1800.00      -12.00
01361            1800.00      -16.00
01362            1840.00      -16.00
01363            1840.00      -16.00
01364            1800.00      -16.00
01365            1840.00      -16.00
01366            1880.00      -20.00
01367            1880.00      -12.00
01368            1920.00      -12.00
01369            1920.00      -16.00
01370            1960.00      -20.00
01371            1920.00      -12.00
01372            1920.00      -16.00
01373            1880.00      -16.00
01374            1840.00      -16.00
01375            1760.00      -16.00
01376            1680.00      -20.00
01377            1600.00      -12.00
01378            1520.00      -16.00
01379            1400.00      -12.00
01380            1320.00      -20.00
01381            1200.00      -24.00
01382            1040.00      -16.00
01383             920.00      -20.00
01384             840.00      -20.00
01385             680.00      -20.00
01386             560.00      -20.00
01387             400.00      -12.00
01388             280.00      -16.00
01389             200.00      -20.00
01390             160.00      -16.00
01391              40.00      -16.00
01392               0.00      -20.00
01393             -40.00      -12.00
01394             -40.00      -16.00
01395             -80.00      -20.00
01396             -80.00      -12.00
01397             -80.00      -16.00
01398            -120.00       -8.00
01399            -120.00      -16.00
01400            -240.00      -20.00
01401            -160.00      -16.00
01402            -240.00      -16.00
01403            -280.00      -20.00
01404            -320.00      -16.00
01405            -360.00      -16.00
01406            -360.00      -20.00
01407            -400.00      -16.00
01408            -400.00      -12.00
01409            -400.00      -16.00
01410            -400.00      -24.00
01411            -400.00      -16.00
01412            -400.00      -20.00
01413            -400.00      -12.00
01414            -400.00      -16.00
01415            -400.00      -20.00
01416            -400.00      -20.00
01417            -400.00      -16.00
01418            -400.00      -20.00
01419            -400.00      -16.00
01420            -400.00      -20.00
01421            -360.00      -12.00
01422            -400.00      -16.00
01423            -440.00      -20.00
01424            -480.00      -20.00
01425            -480.00      -20.00
01426            -560.00      -20.00
01427            -600.00      -20.00
01428            -600.00      -16.00
01429            -640.00      -20.00
01430            -680.00      -16.00
01431            -680.00      -20.00
01432            -720.00      -16.00
01433            -720.00      -20.00
01434            -720.00      -16.00
01435            -680.00      -16.00
01436            -680.00      -16.00
01437            -640.00      -12.00
01438            -640.00      -16.00
01439            -600.00      -16.00
01440            -560.00      -20.00
01441            -560.00      -16.00
01442            -520.00      -12.00
01443            -520.00      -28.00
01444            -560.00      -16.00
01445            -560.00      -20.00
01446            -600.00      -20.00
01447            -640.00      -16.00
01448            -680.00      -20.00
01449            -800.00      -20.00
01450            -840.00      -16.00
01451            -800.00      -20.00
01452            -880.00      -16.00
01453            -880.00      -20.00
01454            -920.00      -20.00
01455            -880.00      -16.00
01456            -840.00      -20.00
01457            -840.00      -20.00
01458            -840.00      -24.00
01459            -760.00      -16.00
01460            -760.00      -16.00
01461            -720.00      -20.00
01462            -680.00      -20.00
01463            -640.00      -16.00
01464            -640.00      -20.00
01465            -640.00      -20.00
01466            -600.00      -12.00
01467            -640.00      -20.00
01468            -640.00      -16.00
01469            -720.00      -24.00
01470            -720.00      -20.00
01471            -760.00      -20.00
01472            -760.00      -20.00
01473            -720.00      -16.00
01474            -640.00      -20.00
01475            -640.00      -16.00
01476            -560.00      -16.00
01477            -480.00      -20.00
01478            -400.00      -16.00
01479            -280.00      -20.00
01480             -80.00      -24.00
01481               0.00      -12.00
01482             160.00      -12.00
01483             280.00      -20.00
01484             440.00      -24.00
01485             560.00      -16.00
01486             680.00      -16.00
01487             800.00      -20.00
01488            1000.00      -20.00
01489            1080.00      -16.00
01490            1240.00      -20.00
01491            1320.00      -20.00
01492            1360.00      -20.00
01493            1480.00      -20.00
01494            1520.00      -20.00
01495            1600.00      -24.00
01496            1640.00      -24.00
01497            1680.00      -24.00
01498            1720.00      -16.00
01499            1720.00      -24.00
01500            1760.00      -16.00
01501            1760.00      -20.00
01502            1760.00      -20.00
01503            1840.00      -20.00
01504            1760.00      -16.00
01505            1760.00      -20.00
01506            1720.00      -20.00
01507            1680.00      -24.00
01508            1640.00      -20.00
01509            1560.00      -24.00
01510            1480.00      -16.00
01511               0.00      500.00
01512               0.00      500.00
01513               0.00      -32.00
01514              80.00      -44.00
01515              80.00      -32.00
01516             120.00      -40.00
01517              80.00      -32.00
01518             120.00      -32.00
01519              80.00      -32.00
01520              80.00      -36.00
01521              80.00      -36.00
01522              40.00      -36.00
01523               0.00      -36.00
01524             -80.00      -36.00
01525             -80.00      -36.00
01526            -160.00      -32.00
01527            -240.00      -36.00
01528            -280.00      -32.00
01529            -320.00      -32.00
01530            -400.00      -28.00
01531            -440.00      -36.00
01532            -480.00      -32.00
01533            -480.00      -32.00
01534            -560.00      -36.00
01535            -600.00      -32.00
01536            -640.00      -28.00
01537            -720.00      -32.00
01538            -840.00      -24.00
01539            -880.00      -24.00
01540           -1000.00      -28.00
01541           -1080.00      -28.00
01542           -1160.00      -20.00
01543           -1280.00      -28.00
01544           -1280.00      -28.00
01545           -1440.00      -28.00
01546           -1480.00      -28.00
01547           -1560.00      -20.00
01548           -1680.00      -24.00
01549           -1680.00      -28.00
01550           -1720.00      -28.00
01551           -1800.00      -28.00
01552           -1840.00      -24.00
01553           -1840.00      -28.00
01554           -1840.00      -28.00
01555           -1840.00      -20.00
01556           -1840.00      -24.00
01557           -1800.00      -24.00
01558           -1720.00      -20.00
01559           -1680.00      -28.00
01560           -1680.00      -24.00
01561           -1560.00      -24.00
01562           -1560.00      -24.00
01563           -1520.00      -24.00
01564           -1440.00      -20.00
01565           -1360.00      -28.00
01566           -1320.00      -24.00
01567           -1280.00      -20.00
01568           -1240.00      -32.00
01569           -1120.00      -24.00
01570           -1040.00      -24.00
01571            -960.00      -20.00
01572            -880.00      -24.00
01573            -720.00      -24.00
01574            -640.00      -20.00
01575            -520.00      -20.00
01576            -400.00      -24.00
01577            -320.00      -24.00
01578            -240.00      -20.00
01579             -80.00      -28.00
01580               0.00      -20.00
01581              80.00      -20.00
01582             160.00      -20.00
01583             200.00      -20.00
01584             280.00      -24.00
01585             360.00      -16.00
01586             360.00       -8.00
01587             440.00      -20.00
01588             480.00      -24.00
01589             560.00      -20.00
01590             600.00      -20.00
01591             640.00      -24.00
01592             680.00      -20.00
01593             760.00      -16.00
01594             800.00      -24.00
01595             880.00      -24.00
01596            1000.00      -16.00
01597            1040.00      -24.00
01598            1160.00      -20.00
01599            1240.00      -20.00
01600            1320.00      -20.00
01601            1440.00      -20.00
01602            1520.00      -20.00
01603            1640.00      -16.00
01604            1640.00      -16.00
01605            1720.00      -20.00
01606            1760.00      -20.00
01607            1720.00      -20.00
01608            1800.00      -20.00
01609            1840.00      -24.00
01610            1800.00      -20.00
01611            1840.00      -20.00
01612            1800.00      -16.00
01613            1800.00      -16.00
01614            1800.00      -20.00
01615            1840.00      -20.00
01616            1880.00      -20.00
01617            1880.00      -24.00
01618            1920.00      -16.00
01619            1960.00      -20.00
01620            1920.00      -20.00
01621            1920.00      -20.00
01622            1920.00      -12.00
01623            1880.00      -16.00
01624            1840.00      -16.00
01625            1760.00      -20.00
01626            1640.00      -20.00
01627            1600.00      -16.00
01628            1520.00      -20.00
01629            1400.00      -16.00
01630            1280.00      -16.00
01631            1200.00      -20.00
01632            1080.00      -20.00
01633            1000.00      -16.00
01634             800.00      -20.00
01635             720.00      -20.00
01636             560.00      -20.00
01637             400.00      -20.00
01638             320.00      -16.00
01639             240.00      -20.00
01640             120.00      -20.00
01641              40.00      -12.00
01642             -40.00      -20.00
01643             -40.00      -20.00
01644             -80.00      -16.00
01645            -120.00      -24.00
01646            -120.00      -20.00
01647            -120.00      -20.00
01648            -120.00      -20.00
01649            -160.00      -20.00
01650            -160.00      -16.00
01651            -240.00      -16.00
01652            -240.00      -16.00
01653            -280.00      -16.00
01654            -280.00      -20.00
01655            -360.00      -16.00
01656            -360.00      -20.00
01657            -400.00      -20.00
01658            -400.00      -20.00
01659            -440.00      -20.00
01660            -400.00      -20.00
01661            -400.00      -12.00
01662            -400.00      -16.00
01663            -400.00      -16.00
01664            -400.00      -16.00
01665            -400.00      -20.00
01666            -440.00      -20.00
01667            -400.00      -16.00
01668            -400.00      -20.00
01669            -360.00      -20.00
01670            -360.00      -16.00
01671            -400.00      -20.00
01672            -400.00      -16.00
01673            -440.00      -20.00
01674            -480.00      -16.00
01675            -480.00      -16.00
01676            -560.00      -16.00
01677            -600.00      -20.00
01678            -600.00      -20.00
01679            -680.00      -12.00
01680            -640.00      -16.00
01681            -720.00      -16.00
01682            -720.00      -20.00
01683            -720.00      -16.00
01684            -680.00      -16.00
01685            -720.00      -16.00
01686            -680.00      -24.00
01687            -640.00      -16.00
01688            -600.00      -16.00
01689            -600.00      -16.00
01690            -560.00      -20.00
01691            -560.00      -16.00
01692            -520.00      -12.00
01693            -520.00      -24.00
01694            -520.00      -16.00
01695            -520.00      -20.00
01696            -600.00      -16.00
01697            -640.00      -16.00
01698            -680.00      -16.00
01699            -760.00      -20.00
01700            -800.00      -20.00
01701            -840.00      -16.00
01702            -880.00      -20.00
01703            -880.00      -16.00
01704            -880.00      -16.00
01705            -880.00      -16.00
01706            -840.00      -20.00
01707            -840.00      -12.00
01708            -800.00      -12.00
01709            -760.00      -16.00
01710            -720.00      -20.00
01711            -720.00      -16.00
01712            -680.00      -16.00
01713            -640.00      -12.00
01714            -600.00      -16.00
01715            -600.00      -16.00
01716            -600.00      -16.00
01717            -640.00      -12.00
01718            -680.00      -16.00
01719            -680.00      -16.00
01720            -720.00      -36.00
01721            -760.00      -12.00
01722            -760.00      -20.00
01723            -760.00      -12.00
01724            -680.00      -20.00
01725            -640.00      -16.00
01726            -520.00      -16.00
01727            -480.00      -16.00
01728            -360.00      -16.00
01729            -240.00      -12.00
01730            -120.00      -20.00
01731             -40.00      -20.00
01732              80.00      -16.00
01733             240.00      -16.00
01734             400.00      -12.00
01735             560.00      -12.00
01736             720.00      -16.00
01737             880.00      -16.00
01738             920.00      -16.00
01739            1120.00      -20.00
01740            1200.00      -20.00
01741            1320.00      -16.00
01742            1360.00      -16.00
01743            1440.00      -12.00
01744            1480.00      -16.00
01745            1560.00      -12.00
01746            1600.00      -12.00
01747            1680.00      -20.00
01748            1680.00      -12.00
01749            1720.00      -16.00
01750            1800.00      -16.00
01751            1760.00      -16.00
01752            1800.00      -12.00
01753            1800.00      -20.00
01754            1760.00       -8.00
01755            1760.00      -12.00
01756            1680.00      -12.00
01757            1640.00      -24.00
01758            1640.00      -16.00
01759            1560.00      -16.00
01760            1480.00      -12.00
01761               0.00      500.00
01762               0.00      500.00
01763              40.00      -28.00
01764              40.00      -32.00
01765              80.00      -28.00
01766              80.00      -28.00
01767             120.00      -32.00
01768              80.00      -32.00
01769             120.00      -28.00
01770              80.00      -32.00
01771              80.00      -32.00
01772               0.00      -28.00
01773               0.00      -36.00
01774             -40.00      -32.00
01775            -120.00      -36.00
01776            -160.00      -32.00
01777            -200.00      -32.00
01778            -280.00      -28.00
01779            -360.00      -28.00
01780            -400.00      -28.00
01781            -440.00      -24.00
01782            -480.00      -28.00
01783            -520.00      -28.00
01784            -560.00      -28.00
01785            -600.00      -28.00
01786            -640.00      -24.00
01787            -760.00      -28.00
01788            -800.00      -24.00
01789            -880.00      -24.00
01790            -960.00      -20.00
01791           -1080.00      -20.00
01792           -1160.00      -20.00
01793           -1240.00      -20.00
01794           -1320.00      -20.00
01795           -1400.00      -24.00
01796           -1520.00      -20.00
01797           -1560.00      -20.00
01798           -1600.00      -24.00
01799           -1720.00      -24.00
01800           -1760.00      -24.00
01801           -1800.00      -20.00
01802           -1840.00      -20.00
01803           -1840.00      -20.00
01804           -1880.00      -20.00
01805           -1840.00      -20.00
01806           -1840.00      -16.00
01807           -1800.00      -24.00
01808           -1760.00      -20.00
01809           -1720.00      -24.00
01810           -1640.00      -20.00
01811           -1560.00      -20.00
01812           -1560.00      -24.00
01813           -1480.00      -24.00
01814           -1440.00      -24.00
01815           -1400.00      -28.00
01816           -1320.00      -20.00
01817           -1280.00      -24.00
01818           -1200.00      -16.00
01819           -1120.00      -24.00
01820           -1040.00      -16.00
01821            -960.00      -16.00
01822            -840.00      -24.00
01823            -760.00      -20.00
01824            -640.00      -20.00
01825            -520.00      -24.00
01826            -400.00      -20.00
01827            -280.00      -16.00
01828            -200.00      -12.00
01829             -80.00      -20.00
01830               0.00      -20.00
01831              80.00      -16.00
01832             160.00      -20.00
01833             240.00      -12.00
01834             280.00      -16.00
01835             360.00      -20.00
01836             400.00      -20.00
01837             440.00      -20.00
01838             480.00      -16.00
01839             480.00      -12.00
01840             560.00      -24.00
01841             600.00      -24.00
01842             680.00      -24.00
01843             760.00      -16.00
01844             800.00      -20.00
01845             920.00      -20.00
01846            1000.00      -24.00
01847            1120.00      -20.00
01848            1160.00      -16.00
01849            1280.00      -16.00
01850            1320.00      -20.00
01851            1440.00      -20.00
01852            1520.00      -20.00
01853            1600.00      -16.00
01854            1680.00      -20.00
01855            1680.00      -16.00
01856            1720.00      -16.00
01857            1760.00      -20.00
01858            1800.00      -16.00
01859            1800.00      -20.00
01860            1800.00      -20.00
01861            1800.00      -20.00
01862            1840.00      -20.00
01863            1800.00      -20.00
01864            1840.00      -20.00
01865            1840.00      -24.00
01866            1880.00      -20.00
01867            1880.00      -16.00
01868            1880.00      -20.00
01869            1920.00      -20.00
01870            1960.00      -20.00
01871            1920.00      -20.00
01872            1920.00      -20.00
01873            1880.00      -20.00
01874            1840.00      -24.00
01875            1760.00      -16.00
01876            1680.00      -20.00
01877            1600.00      -16.00
01878            1520.00      -16.00
01879            1400.00      -20.00
01880            1320.00      -24.00
01881            1240.00      -16.00
01882            1080.00      -20.00
01883            1000.00      -24.00
01884             840.00      -20.00
01885             680.00      -16.00
01886             560.00      -20.00
01887             400.00      -24.00
01888             320.00      -24.00
01889             240.00      -20.00
01890             120.00      -32.00
01891              80.00      -20.00
01892               0.00      -20.00
01893             -80.00      -16.00
01894             -80.00      -16.00
01895            -120.00      -20.00
01896            -120.00      -20.00
01897            -120.00      -24.00
01898            -120.00      -20.00
01899            -200.00      -20.00
01900            -160.00      -16.00
01901            -200.00      -20.00
01902            -240.00      -24.00
01903            -280.00      -16.00
01904            -280.00      -20.00
01905            -360.00      -20.00
01906            -360.00      -16.00
01907            -400.00      -24.00
01908            -400.00       -8.00
01909            -400.00      -20.00
01910            -400.00      -20.00
01911            -400.00      -20.00
01912            -400.00      -20.00
01913            -400.00      -16.00
01914            -400.00      -20.00
01915            -400.00      -16.00
01916            -400.00      -16.00
01917            -400.00      -20.00
01918            -400.00      -20.00
01919            -400.00      -24.00
01920            -400.00      -20.00
01921            -360.00      -16.00
01922            -400.00      -16.00
01923            -400.00      -16.00
01924            -480.00      -24.00
01925            -520.00      -16.00
01926            -560.00      -16.00
01927            -600.00      -24.00
01928            -600.00      -28.00
01929            -640.00      -24.00
01930            -640.00      -16.00
01931            -680.00      -16.00
01932            -680.00      -20.00
01933            -720.00      -16.00
01934            -720.00      -20.00
01935            -680.00      -16.00
01936            -640.00      -20.00
01937            -640.00      -24.00
01938            -600.00      -20.00
01939            -600.00      -20.00
01940            -560.00      -16.00
01941            -560.00      -20.00
01942            -520.00      -16.00
01943            -480.00      -24.00
01944            -520.00      -24.00
01945            -560.00      -20.00
01946            -600.00      -16.00
01947            -640.00      -12.00
01948            -680.00      -20.00
01949            -760.00      -20.00
01950            -800.00      -20.00
01951            -840.00      -16.00
01952            -880.00      -16.00
01953            -880.00      -20.00
01954            -880.00      -16.00
01955            -840.00      -16.00
01956            -840.00      -16.00
01957            -840.00      -16.00
01958            -800.00      -20.00
01959            -800.00      -20.00
01960            -760.00      -16.00
01961            -720.00      -20.00
01962            -720.00      -16.00
01963            -640.00      -16.00
01964            -640.00      -20.00
01965            -600.00      -20.00
01966            -600.00      -24.00
01967            -640.00      -16.00
01968            -680.00      -20.00
01969            -720.00      -20.00
01970            -720.00      -16.00
01971            -760.00      -20.00
01972            -760.00      -16.00
01973            -760.00      -16.00
01974            -720.00      -24.00
01975            -640.00      -20.00
01976            -520.00      -16.00
01977            -440.00      -20.00
01978            -320.00      -24.00
01979            -280.00      -20.00
01980            -120.00      -20.00
01981               0.00      -20.00
01982             120.00      -20.00
01983             240.00      -16.00
01984             440.00      -16.00
01985             520.00      -20.00
01986             680.00      -16.00
01987             800.00      -24.00
01988            1000.00      -16.00
01989            1120.00      -12.00
01990            1200.00      -24.00
01991            1320.00      -16.00
01992            1400.00      -12.00
01993            1480.00      -24.00
01994            1520.00      -16.00
01995            1560.00      -16.00
01996            1640.00      -20.00
01997            1680.00      -24.00
01998            1720.00      -16.00
01999            1760.00      -16.00
02000            1760.00      -20.00
02001            1800.00      -16.00
02002            1800.00      -20.00
02003            1800.00      -20.00
02004            1760.00      -16.00
02005            1760.00      -24.00
02006            1720.00      -16.00
02007            1680.00      -16.00
02008            1600.00      -20.00
02009            1520.00      -20.00
02010            1480.00      -16.00
02011               0.00      500.00
02012               0.00      500.00
02013              40.00      -24.00
02014              80.00      -36.00
02015              80.00      -36.00
02016             120.00      -32.00
02017             120.00      -36.00
02018             120.00      -32.00
02019              80.00      -36.00
02020              80.00      -36.00
02021              80.00      -40.00
02022              40.00      -32.00
02023               0.00      -28.00
02024             -80.00      -32.00
02025            -120.00      -28.00
02026            -160.00      -36.00
02027            -240.00      -28.00
02028            -280.00      -28.00
02029            -320.00      -28.00
02030            -400.00      -28.00
02031            -440.00      -28.00
02032            -480.00      -28.00
02033            -520.00      -24.00
02034            -560.00      -28.00
02035            -600.00      -24.00
02036            -680.00      -20.00
02037            -760.00      -20.00
02038            -800.00      -28.00
02039            -920.00      -24.00
02040           -1000.00      -28.00
02041           -1080.00      -24.00
02042           -1160.00      -20.00
02043           -1240.00      -28.00
02044           -1360.00      -24.00
02045           -1440.00      -28.00
02046           -1480.00      -20.00
02047           -1560.00      -28.00
02048           -1680.00      -28.00
02049           -1680.00      -24.00
02050           -1720.00      -24.00
02051           -1800.00      -20.00
02052           -1840.00      -24.00
02053           -1840.00      -24.00
02054           -1840.00      -20.00
02055           -1840.00      -20.00
02056           -1800.00      -20.00
02057           -1800.00      -24.00
02058           -1760.00      -24.00
02059           -1680.00      -24.00
02060           -1680.00      -20.00
02061           -1600.00      -16.00
02062           -1560.00      -20.00
02063           -1480.00      -24.00
02064           -1400.00      -16.00
02065           -1400.00      -20.00
02066           -1360.00      -20.00
02067           -1240.00      -20.00
02068           -1240.00      -20.00
02069           -1160.00      -24.00
02070           -1040.00      -20.00
02071           -1000.00      -24.00
02072            -880.00      -24.00
02073            -720.00      -16.00
02074            -640.00      -16.00
02075            -520.00      -16.00
02076            -400.00      -20.00
02077            -280.00      -20.00
02078            -200.00      -20.00
02079             -80.00      -20.00
02080               0.00      -20.00
02081              80.00      -16.00
02082             160.00      -20.00
02083             240.00      -16.00
02084             280.00      -12.00
02085             360.00      -20.00
02086             400.00      -16.00
02087             400.00      -16.00
02088             440.00      -16.00
02089             520.00      -16.00
02090             600.00      -20.00
02091             600.00      -16.00
02092             720.00      -20.00
02093             760.00      -16.00
02094             840.00      -20.00
02095             880.00      -20.00
02096            1000.00      -12.00
02097            1080.00      -16.00
02098            1160.00      -16.00
02099            1240.00      -24.00
02100            1320.00      -20.00
02101            1440.00      -12.00
02102            1520.00      -16.00
02103            1600.00      -12.00
02104            1640.00      -20.00
02105            1680.00      -16.00
02106            1760.00      -16.00
02107            1760.00      -16.00
02108            1760.00      -20.00
02109            1800.00      -20.00
02110            1800.00      -16.00
02111            1800.00      -20.00
02112            1800.00      -12.00
02113            1840.00      -20.00
02114            1800.00      -20.00
02115            1840.00      -16.00
02116            1840.00      -16.00
02117            1880.00      -16.00
02118            1920.00      -16.00
02119            1960.00      -12.00
02120            1960.00      -16.00
02121            1920.00      -12.00
02122            1920.00      -16.00
02123            1920.00      -20.00
02124            1840.00      -16.00
02125            1760.00      -16.00
02126            1680.00      -16.00
02127            1600.00      -16.00
02128            1520.00      -12.00
02129            1400.00      -24.00
02130            1320.00      -16.00
02131            1240.00      -16.00
02132            1120.00      -16.00
02133             920.00      -36.00
02134             840.00      -12.00
02135             680.00      -16.00
02136             560.00      -12.00
02137             440.00      -16.00
02138             320.00      -16.00
02139             200.00      -16.00
02140             120.00      -16.00
02141              40.00      -16.00
02142               0.00      -16.00
02143             -40.00      -16.00
02144             -80.00      -12.00
02145            -120.00      -12.00
02146            -120.00      -12.00
02147             -80.00      -20.00
02148            -120.00      -12.00
02149            -160.00      -12.00
02150            -160.00      -20.00
02151            -240.00      -12.00
02152            -240.00      -16.00
02153            -280.00      -16.00
02154            -320.00      -12.00
02155            -360.00      -16.00
02156            -360.00      -16.00
02157            -400.00      -12.00
02158            -400.00      -12.00
02159            -440.00      -12.00
02160            -400.00      -20.00
02161            -400.00      -12.00
02162            -400.00      -20.00
02163            -440.00      -16.00
02164            -360.00      -16.00
02165            -400.00      -16.00
02166            -400.00      -16.00
02167            -400.00       -8.00
02168            -400.00      -16.00
02169            -400.00      -12.00
02170            -400.00      -16.00
02171            -400.00      -16.00
02172            -400.00      -16.00
02173            -440.00      -16.00
02174            -440.00      -16.00
02175            -520.00      -16.00
02176            -560.00      -16.00
02177            -600.00      -12.00
02178            -600.00      -12.00
02179            -640.00      -16.00
02180            -680.00      -16.00
02181            -680.00      -16.00
02182            -720.00      -24.00
02183            -720.00      -20.00
02184            -680.00      -24.00
02185            -720.00      -20.00
02186            -640.00       -8.00
02187            -640.00      -16.00
02188            -600.00      -16.00
02189            -600.00      -20.00
02190            -560.00      -16.00
02191            -520.00      -20.00
02192            -560.00      -20.00
02193            -560.00      -16.00
02194            -520.00      -16.00
02195            -560.00      -20.00
02196            -600.00      -12.00
02197            -640.00      -16.00
02198            -680.00      -16.00
02199            -760.00      -16.00
02200            -800.00      -20.00
02201            -840.00      -16.00
02202            -880.00      -20.00
02203            -880.00      -16.00
02204            -920.00      -20.00
02205            -880.00      -20.00
02206            -880.00      -12.00
02207            -840.00      -20.00
02208            -840.00      -20.00
02209            -760.00      -24.00
02210            -760.00      -16.00
02211            -720.00      -20.00
02212            -680.00      -20.00
02213            -640.00      -20.00
02214            -640.00      -16.00
02215            -600.00      -12.00
02216            -640.00      -20.00
02217            -640.00      -16.00
02218            -680.00      -20.00
02219            -720.00      -24.00
02220            -720.00      -20.00
02221            -800.00      -16.00
02222            -760.00      -12.00
02223            -720.00      -24.00
02224            -680.00      -16.00
02225            -600.00      -16.00
02226            -560.00      -16.00
02227            -440.00      -20.00
02228            -360.00      -16.00
02229            -280.00      -16.00
02230            -160.00      -16.00
02231              40.00      -16.00
02232             160.00      -24.00
02233             240.00      -16.00
02234             400.00      -20.00
02235             520.00      -16.00
02236             680.00      -24.00
02237             840.00      -16.00
02238            1000.00      -20.00
02239            1080.00      -24.00
02240            1240.00      -16.00
02241            1320.00      -20.00
02242            1440.00      -20.00
02243            1440.00      -20.00
02244            1480.00      -16.00
02245            1560.00      -16.00
02246            1600.00      -20.00
02247            1680.00      -20.00
02248            1720.00      -20.00
02249            1760.00      -16.00
02250            1760.00      -16.00
02251            1800.00      -20.00
02252            1800.00      -20.00
02253            1800.00      -16.00
02254            1760.00      -20.00
02255            1760.00      -20.00
02256            1760.00      -24.00
02257            1680.00      -16.00
02258            1640.00      -16.00
02259            1560.00      -20.00
02260            1480.00      -20.00
02261              40.00      500.00
02262               0.00      500.00
02263              40.00      -32.00
02264              80.00      -44.00
02265              80.00      -36.00
02266              80.00      -44.00
02267              80.00      -44.00
02268              80.00      -40.00
02269             120.00      -36.00
02270              80.00      -36.00
02271              40.00      -36.00
02272               0.00      -40.00
02273             -40.00      -32.00
02274             -80.00      -32.00
02275            -120.00      -36.00
02276            -160.00      -36.00
02277            -240.00      -36.00
02278            -280.00      -32.00
02279            -320.00      -32.00
02280            -400.00      -32.00
02281            -400.00      -28.00
02282            -480.00      -36.00
02283            -520.00      -28.00
02284            -560.00      -28.00
02285            -600.00      -28.00
02286            -640.00      -28.00
02287            -720.00      -28.00
02288            -800.00      -28.00
02289            -880.00      -24.00
02290            -960.00      -28.00
02291           -1080.00      -28.00
02292           -1160.00      -28.00
02293           -1240.00      -28.00
02294           -1320.00      -28.00
02295           -1400.00      -24.00
02296           -1480.00      -28.00
02297           -1560.00      -28.00
02298           -1640.00      -28.00
02299           -1680.00      -24.00
02300           -1760.00      -24.00
02301           -1800.00      -24.00
02302           -1840.00      -24.00
02303           -1840.00      -24.00
02304           -1840.00      -24.00
02305           -1840.00      -28.00
02306           -1840.00      -28.00
02307           -1760.00      -20.00
02308           -1760.00      -20.00
02309           -1720.00      -24.00
02310           -1640.00      -20.00
02311           -1600.00      -28.00
02312           -1520.00      -24.00
02313           -1520.00      -20.00
02314           -1440.00      -24.00
02315           -1360.00      -24.00
02316           -1320.00      -20.00
02317           -1280.00      -28.00
02318           -1240.00      -24.00
02319           -1160.00      -16.00
02320           -1040.00      -20.00
02321            -960.00      -24.00
02322            -880.00      -16.00
02323            -720.00      -20.00
02324            -640.00      -24.00
02325            -560.00      -24.00
02326            -400.00      -20.00
02327            -280.00      -20.00
02328            -200.00      -20.00
02329             -80.00      -24.00
02330              40.00      -20.00
02331             120.00      -24.00
02332             160.00      -20.00
02333             200.00      -20.00
02334             280.00      -20.00
02335             320.00      -20.00
02336             360.00      -16.00
02337             400.00      -16.00
02338             480.00      -20.00
02339             480.00      -24.00
02340             560.00      -20.00
02341             640.00      -20.00
02342             680.00      -20.00
02343             760.00      -16.00
02344             800.00      -20.00
02345             920.00      -16.00
02346            1000.00      -16.00
02347            1040.00      -20.00
02348            1160.00      -16.00
02349            1240.00      -16.00
02350            1360.00      -20.00
02351            1440.00      -20.00
02352            1520.00      -20.00
02353            1600.00      -20.00
02354            1640.00      -20.00
02355            1680.00      -16.00
02356            1720.00      -16.00
02357            1760.00      -16.00
02358            1760.00      -16.00
02359            1800.00      -24.00
02360            1800.00      -20.00
02361            1760.00      -16.00
02362            1800.00      -16.00
02363            1800.00      -16.00
02364            1840.00      -16.00
02365            1840.00      -20.00
02366            1920.00      -16.00
02367            1880.00      -12.00
02368            1920.00      -16.00
02369            1960.00      -20.00
02370            1960.00      -20.00
02371            1960.00      -20.00
02372            1920.00      -16.00
02373            1880.00      -24.00
02374            1840.00      -16.00
02375            1760.00      -16.00
02376            1680.00      -16.00
02377            1600.00      -28.00
02378            1520.00      -20.00
02379            1400.00      -20.00
02380            1320.00      -20.00
02381            1240.00      -20.00
02382            1080.00      -20.00
02383             960.00      -20.00
02384             840.00      -12.00
02385             680.00      -20.00
02386             560.00      -20.00
02387             440.00      -20.00
02388             320.00      -20.00
02389             200.00      -20.00
02390             120.00      -16.00
02391              80.00      -20.00
02392             -40.00      -20.00
02393             -40.00      -12.00
02394             -80.00      -20.00
02395            -120.00      -20.00
02396            -120.00      -20.00
02397             -80.00      -20.00
02398            -120.00      -20.00
02399            -120.00      -16.00
02400            -160.00      -16.00
02401            -200.00      -16.00
02402            -240.00      -20.00
02403            -280.00      -12.00
02404            -320.00      -16.00
02405            -320.00      -16.00
02406            -400.00      -20.00
02407            -400.00      -24.00
02408            -400.00      -16.00
02409            -440.00       -8.00
02410            -400.00      -20.00
02411            -400.00      -16.00
02412            -400.00      -20.00
02413            -400.00      -20.00
02414            -440.00      -16.00
02415            -400.00      -24.00
02416            -360.00      -16.00
02417            -400.00      -16.00
02418            -400.00      -20.00
02419            -400.00      -16.00
02420            -400.00      -20.00
02421            -400.00      -16.00
02422            -400.00      -16.00
02423            -400.00      -16.00
02424            -440.00      -16.00
02425            -480.00      -16.00
02426            -560.00      -20.00
02427            -600.00      -20.00
02428            -640.00      -20.00
02429            -640.00      -20.00
02430            -720.00      -16.00
02431            -720.00      -20.00
02432            -720.00      -16.00
02433            -720.00      -16.00
02434            -720.00      -16.00
02435            -680.00      -16.00
02436            -640.00      -16.00
02437            -640.00      -16.00
02438            -640.00      -16.00
02439            -560.00      -12.00
02440            -560.00      -20.00
02441            -520.00      -16.00
02442            -520.00      -20.00
02443            -520.00      -16.00
02444            -520.00      -16.00
02445            -560.00      -12.00
02446            -560.00      -16.00
02447            -640.00      -16.00
02448            -680.00      -16.00
02449            -760.00      -20.00
02450            -800.00      -16.00
02451            -840.00      -16.00
02452            -880.00      -20.00
02453            -880.00      -16.00
02454            -880.00      -20.00
02455            -880.00      -16.00
02456            -880.00      -20.00
02457            -840.00       -8.00
02458            -800.00      -20.00
02459            -800.00      -16.00
02460            -760.00      -20.00
02461            -720.00      -16.00
02462            -680.00      -16.00
02463            -640.00      -16.00
02464            -600.00      -16.00
02465            -640.00      -20.00
02466            -640.00      -12.00
02467            -640.00      -16.00
02468            -680.00      -12.00
02469            -720.00      -16.00
02470            -720.00      -16.00
02471            -760.00      -16.00
02472            -760.00      -16.00
02473            -720.00      -12.00
02474            -680.00      -16.00
02475            -640.00      -16.00
02476            -560.00      -20.00
02477            -480.00      -16.00
02478            -360.00      -16.00
02479            -240.00      -16.00
02480            -120.00      -16.00
02481               0.00      -12.00
02482              80.00      -12.00
02483             240.00      -16.00
02484             400.00      -12.00
02485             560.00      -16.00
02486             720.00      -20.00
02487             840.00      -16.00
02488            1000.00      -12.00
02489            1120.00      -20.00
02490            1240.00      -16.00
02491            1320.00      -16.00
02492            1360.00      -20.00
02493            1440.00      -16.00
02494            1520.00      -16.00
02495            1560.00      -12.00
02496            1640.00      -16.00
02497            1680.00      -20.00
02498            1680.00      -16.00
02499            1720.00      -20.00
02500            1760.00      -12.00
02501            1760.00      -12.00
02502            1800.00      -16.00
02503            1800.00      -20.00
02504            1760.00      -16.00
02505            1760.00      -12.00
02506            1720.00      -12.00
02507            1680.00      -12.00
02508            1640.00      -16.00
02509            1560.00      -20.00
02510            1480.00      -12.00
02511               0.00      500.00
02512               0.00      500.00
02513              40.00      -32.00
02514              40.00      -32.00
02515              80.00      -32.00
02516              80.00      -32.00
02517             120.00      -32.00
02518             120.00      -32.00
02519              80.00      -32.00
02520              80.00      -32.00
02521              40.00      -32.00
02522              40.00      -32.00
02523             -40.00      -28.00
02524             -80.00      -28.00
02525            -120.00      -24.00
02526            -160.00      -28.00
02527            -240.00      -28.00
02528            -280.00      -28.00
02529            -360.00      -24.00
02530            -400.00      -32.00
02531            -440.00      -28.00
02532            -440.00      -24.00
02533            -520.00      -24.00
02534            -560.00      -24.00
02535            -600.00      -20.00
02536            -680.00      -28.00
02537            -760.00      -20.00
02538            -760.00      -24.00
02539            -880.00      -24.00
02540            -960.00      -24.00
02541           -1040.00      -24.00
02542           -1160.00      -20.00
02543           -1240.00      -20.00
02544           -1320.00      -24.00
02545           -1440.00      -28.00
02546           -1480.00      -28.00
02547           -1560.00      -20.00
02548           -1600.00      -24.00
02549           -1680.00      -20.00
02550           -1760.00      -28.00
02551           -1800.00      -24.00
02552           -1840.00      -20.00
02553           -1840.00      -24.00
02554           -1880.00      -20.00
02555           -1840.00      -24.00
02556           -1800.00      -24.00
02557           -1760.00      -16.00
02558           -1720.00      -20.00
02559           -1720.00      -20.00
02560           -1640.00      -16.00
02561           -1640.00      -20.00
02562           -1560.00      -20.00
02563           -1480.00      -24.00
02564           -1440.00      -20.00
02565           -1400.00      -24.00
02566           -1320.00      -24.00
02567           -1280.00      -20.00
02568           -1240.00      -16.00
02569           -1120.00      -12.00
02570           -1080.00      -20.00
02571            -960.00      -24.00
02572            -880.00      -20.00
02573            -760.00      -20.00
02574            -640.00      -16.00
02575            -520.00      -16.00
02576            -400.00      -20.00
02577            -280.00      -16.00
02578            -200.00      -20.00
02579            -120.00      -20.00
02580               0.00      -20.00
02581              80.00      -20.00
02582             160.00      -20.00
02583             240.00      -24.00
02584             320.00      -20.00
02585             360.00      -24.00
02586             360.00      -20.00
02587             440.00      -20.00
02588             480.00      -24.00
02589             560.00      -20.00
02590             560.00      -20.00
02591             640.00      -16.00
02592             680.00      -16.00
02593             720.00      -20.00
02594             840.00      -24.00
02595             880.00      -20.00
02596            1000.00      -20.00
02597            1080.00      -16.00
02598            1160.00      -24.00
02599            1280.00      -24.00
02600            1320.00      -16.00
02601            1440.00      -16.00
02602            1480.00      -24.00
02603            1600.00      -24.00
02604            1680.00      -20.00
02605            1720.00      -32.00
02606            1720.00      -20.00
02607            1760.00      -24.00
02608            1800.00      -16.00
02609            1760.00      -24.00
02610            1800.00      -20.00
02611            1800.00      -20.00
02612            1800.00      -20.00
02613            1800.00      -20.00
02614            1840.00      -20.00
02615            1840.00      -16.00
02616            1880.00      -20.00
02617            1880.00      -20.00
02618            1920.00      -20.00
02619            1960.00      -20.00
02620            1960.00      -16.00
02621            1920.00      -16.00
02622            1920.00      -16.00
02623            1880.00      -16.00
02624            1840.00      -20.00
02625            1760.00      -20.00
02626            1680.00      -20.00
02627            1600.00      -20.00
02628            1520.00      -20.00
02629            1400.00      -24.00
02630            1320.00      -20.00
02631            1240.00      -20.00
02632            1080.00      -24.00
02633             960.00      -16.00
02634             800.00      -20.00
02635             680.00      -20.00
02636             560.00      -16.00
02637             440.00      -20.00
02638             280.00      -20.00
02639             200.00      -20.00
02640             120.00      -16.00
02641              40.00      -20.00
02642              40.00      -24.00
02643             -80.00      -20.00
02644             -80.00      -16.00
02645             -80.00      -20.00
02646            -120.00      -20.00
02647            -120.00      -20.00
02648            -160.00      -16.00
02649            -160.00      -20.00
02650            -160.00      -20.00
02651            -200.00      -24.00
02652            -240.00      -20.00
02653            -280.00      -20.00
02654            -320.00      -20.00
02655            -320.00      -20.00
02656            -360.00      -12.00
02657            -400.00      -20.00
02658            -400.00      -16.00
02659            -400.00      -20.00
02660            -400.00      -20.00
02661            -440.00      -20.00
02662            -440.00      -12.00
02663            -400.00      -20.00
02664            -400.00      -20.00
02665            -400.00      -16.00
02666            -400.00      -16.00
02667            -400.00      -20.00
02668            -400.00      -24.00
02669            -400.00      -20.00
02670            -400.00      -16.00
02671            -400.00      -20.00
02672            -400.00      -20.00
02673            -440.00      -24.00
02674            -480.00      -24.00
02675            -520.00      -20.00
02676            -520.00      -16.00
02677            -600.00      -20.00
02678            -600.00      -20.00
02679            -640.00      -20.00
02680            -680.00      -16.00
02681            -640.00      -16.00
02682            -720.00      -12.00
02683            -720.00      -12.00
02684            -720.00      -16.00
02685            -680.00      -16.00
02686            -640.00      -24.00
02687            -640.00      -16.00
02688            -640.00      -20.00
02689            -600.00      -20.00
02690            -560.00      -20.00
02691            -560.00      -20.00
02692            -520.00      -20.00
02693            -560.00      -20.00
02694            -520.00      -16.00
02695            -560.00      -16.00
02696            -600.00      -16.00
02697            -640.00      -16.00
02698            -720.00      -16.00
02699            -760.00      -16.00
02700            -800.00      -24.00
02701            -840.00      -16.00
02702            -880.00      -16.00
02703            -880.00      -20.00
02704            -880.00      -16.00
02705            -880.00      -16.00
02706            -840.00      -16.00
02707            -840.00      -24.00
02708            -800.00      -16.00
02709            -760.00      -12.00
02710            -760.00      -16.00
02711            -720.00      -16.00
02712            -680.00      -20.00
02713            -640.00      -16.00
02714            -600.00      -16.00
02715            -640.00      -16.00
02716            -600.00      -24.00
02717            -680.00      -20.00
02718            -680.00      -16.00
02719            -720.00      -20.00
02720            -760.00      -16.00
02721            -760.00      -16.00
02722            -760.00      -16.00
02723            -720.00      -20.00
02724            -720.00      -16.00
02725            -640.00      -16.00
02726            -520.00      -16.00
02727            -480.00      -16.00
02728            -400.00      -20.00
02729            -240.00      -16.00
02730            -120.00      -20.00
02731             -40.00      -20.00
02732             160.00      -12.00
02733             240.00      -12.00
02734             400.00      -16.00
02735             560.00      -20.00
02736             680.00      -20.00
02737             840.00      -16.00
02738             960.00      -16.00
02739            1120.00      -20.00
02740            1200.00      -20.00
02741            1280.00      -16.00
02742            1360.00      -16.00
02743            1480.00      -16.00
02744            1520.00      -20.00
02745            1560.00      -16.00
02746            1640.00      -20.00
02747            1680.00      -16.00
02748            1720.00      -16.00
02749            1720.00      -24.00
02750            1760.00      -16.00
02751            1760.00      -16.00
02752            1800.00      -20.00
02753            1760.00      -16.00
02754            1800.00      -12.00
02755            1760.00      -20.00
02756            1760.00      -20.00
02757            1640.00      -12.00
02758            1600.00      -20.00
02759            1520.00      -16.00
02760            1480.00      -20.00
02761               0.00      500.00
02762               0.00      500.00
02763              40.00      -28.00
02764              40.00      -36.00
02765              80.00      -36.00
02766             120.00      -32.00
02767              80.00      -36.00
02768             120.00      -36.00
02769              80.00      -36.00
02770              80.00      -28.00
02771              40.00      -28.00
02772              40.00      -28.00
02773              40.00      -32.00
02774             -80.00      -36.00
02775            -120.00      -24.00
02776            -200.00      -28.00
02777            -240.00      -32.00
02778            -280.00      -32.00
02779            -360.00      -24.00
02780            -400.00      -28.00
02781            -440.00      -28.00
02782            -440.00      -24.00
02783            -520.00      -28.00
02784            -560.00      -28.00
02785            -600.00      -28.00
02786            -680.00      -24.00
02787            -720.00      -28.00
02788            -800.00      -28.00
02789            -880.00      -28.00
02790            -960.00      -20.00
02791           -1080.00      -28.00
02792           -1160.00      -24.00
02793           -1240.00      -24.00
02794           -1360.00      -24.00
02795           -1400.00      -20.00
02796           -1440.00      -24.00
02797           -1560.00      -24.00
02798           -1640.00      -20.00
02799           -1720.00      -20.00
02800           -1760.00      -20.00
02801           -1800.00      -24.00
02802           -1800.00      -28.00
02803           -1840.00      -20.00
02804           -1840.00      -24.00
02805           -1840.00      -24.00
02806           -1840.00      -20.00
02807           -1800.00      -20.00
02808           -1760.00      -24.00
02809           -1720.00      -16.00
02810           -1640.00      -16.00
02811           -1560.00      -20.00
02812           -1560.00      -20.00
02813           -1520.00      -16.00
02814           -1440.00      -20.00
02815           -1400.00      -20.00
02816           -1320.00      -20.00
02817           -1280.00      -16.00
02818           -1240.00      -20.00
02819           -1080.00      -24.00
02820           -1080.00      -16.00
02821            -920.00      -16.00
02822            -880.00      -20.00
02823            -760.00      -24.00
02824            -640.00      -20.00
02825            -560.00      -20.00
02826            -400.00      -16.00
02827            -320.00      -20.00
02828            -200.00      -16.00
02829             -80.00      -20.00
02830               0.00      -16.00
02831              80.00      -16.00
02832             160.00      -20.00
02833             200.00      -16.00
02834             280.00      -16.00
02835             400.00      -20.00
02836             400.00      -16.00
02837             400.00      -20.00
02838             520.00      -20.00
02839             520.00      -16.00
02840             600.00      -20.00
02841             640.00      -20.00
02842             680.00      -20.00
02843             720.00      -16.00
02844             840.00      -20.00
02845             880.00      -12.00
02846             960.00      -16.00
02847            1080.00      -16.00
02848            1160.00      -20.00
02849            1240.00      -16.00
02850            1360.00      -20.00
02851            1440.00      -16.00
02852            1480.00      -20.00
02853            1560.00      -20.00
02854            1640.00      -16.00
02855            1720.00      -16.00
02856            1720.00      -16.00
02857            1760.00      -12.00
02858            1800.00      -12.00
02859            1800.00      -20.00
02860            1840.00      -16.00
02861            1840.00      -16.00
02862            1840.00      -16.00
02863            1800.00      -12.00
02864            1840.00      -16.00
02865            1840.00      -12.00
02866            1880.00       -8.00
02867            1880.00      -16.00
02868            1920.00      -16.00
02869            1960.00      -16.00
02870            1960.00      -16.00
02871            1960.00      -12.00
02872            1920.00      -20.00
02873            1920.00      -16.00
02874            1840.00      -12.00
02875            1760.00      -16.00
02876            1680.00      -16.00
02877            1640.00      -12.00
02878            1480.00      -20.00
02879            1400.00      -20.00
02880            1320.00      -16.00
02881            1240.00      -20.00
02882            1120.00      -16.00
02883             960.00      -12.00
02884             840.00      -16.00
02885             720.00      -16.00
02886             560.00      -16.00
02887             440.00      -12.00
02888             320.00      -12.00
02889             200.00      -16.00
02890             120.00      -20.00
02891              40.00      -16.00
02892               0.00      -16.00
02893               0.00      -16.00
02894             -80.00      -12.00
02895             -80.00      -20.00
02896            -120.00      -16.00
02897            -120.00      -12.00
02898             -80.00      -20.00
02899            -160.00      -16.00
02900            -160.00      -16.00
02901            -200.00      -12.00
02902            -240.00      -12.00
02903            -320.00      -12.00
02904            -280.00      -16.00
02905            -360.00      -20.00
02906            -360.00      -12.00
02907            -400.00      -20.00
02908            -400.00      -16.00
02909            -440.00      -16.00
02910            -440.00      -16.00
02911            -400.00      -20.00
02912            -400.00      -16.00
02913            -400.00      -16.00
02914            -400.00      -16.00
02915            -400.00       -8.00
02916            -400.00      -16.00
02917            -400.00      -20.00
02918            -360.00       -8.00
02919            -400.00      -16.00
02920            -400.00      -12.00
02921            -360.00      -12.00
02922            -400.00      -16.00
02923            -440.00      -20.00
02924            -440.00      -16.00
02925            -520.00      -20.00
02926            -600.00      -16.00
02927            -600.00      -16.00
02928            -600.00      -16.00
02929            -680.00      -16.00
02930            -640.00      -16.00
02931            -680.00      -16.00
02932            -720.00      -16.00
02933            -680.00      -20.00
02934            -680.00      -16.00
02935            -680.00      -12.00
02936            -680.00      -16.00
02937            -640.00      -20.00
02938            -640.00      -16.00
02939            -600.00      -12.00
02940            -560.00      -12.00
02941            -560.00      -20.00
02942            -560.00      -20.00
02943            -480.00      -16.00
02944            -560.00      -12.00
02945            -560.00      -12.00
02946            -600.00      -16.00
02947            -640.00      -16.00
02948            -720.00      -16.00
02949            -760.00      -12.00
02950            -800.00      -20.00
02951            -880.00      -16.00
02952            -880.00      -16.00
02953            -880.00      -16.00
02954            -880.00      -16.00
02955            -920.00      -16.00
02956            -840.00      -20.00
02957            -840.00      -16.00
02958            -840.00      -12.00
02959            -760.00      -16.00
02960            -760.00      -12.00
02961            -720.00      -20.00
02962            -720.00      -16.00
02963            -680.00      -20.00
02964            -640.00      -16.00
02965            -600.00      -20.00
02966            -640.00      -16.00
02967            -640.00      -24.00
02968            -680.00      -16.00
02969            -720.00      -16.00
02970            -720.00      -20.00
02971            -760.00      -20.00
02972            -760.00      -16.00
02973            -720.00      -20.00
02974            -680.00      -20.00
02975            -640.00      -12.00
02976            -560.00      -24.00
02977            -440.00      -20.00
02978            -360.00      -20.00
02979            -240.00      -16.00
02980            -160.00      -16.00
02981               0.00      -16.00
02982             160.00      -16.00
02983             240.00      -20.00
02984             400.00      -16.00
02985             560.00      -20.00
02986             680.00      -16.00
02987             840.00      -20.00
02988            1000.00      -16.00
02989            1120.00      -20.00
02990            1240.00      -16.00
02991            1320.00      -28.00
02992            1400.00      -20.00
02993            1440.00      -20.00
02994            1520.00      -24.00
02995            1600.00      -16.00
02996            1600.00      -16.00
02997            1640.00      -16.00
02998            1680.00      -16.00
02999            1720.00      -20.00
03000            1760.00      -16.00
03001            1760.00      -16.00
03002            1800.00      -20.00
03003            1800.00      -16.00
03004            1760.00      -16.00
03005            1760.00      -20.00
03006            1680.00      -12.00
03007            1680.00      -20.00
03008            1600.00      -16.00
03009            1520.00      -16.00
03010            1480.00      -16.00
03011               0.00      500.00
03012              40.00      500.00
03013              40.00      -32.00
03014              80.00      -36.00
03015              80.00      -36.00
03016              80.00      -36.00
03017              80.00      -44.00
03018              80.00      -40.00
03019              80.00      -36.00
03020              80.00      -36.00
03021              40.00      -28.00
03022               0.00      -36.00
03023             -40.00      -32.00
03024             -80.00      -36.00
03025            -120.00      -32.00
03026            -160.00      -32.00
03027            -240.00      -32.00
03028            -280.00      -36.00
03029            -360.00      -28.00
03030            -400.00      -32.00
03031            -400.00      -28.00
03032            -480.00      -28.00
03033            -560.00      -32.00
03034            -560.00      -28.00
03035            -640.00      -28.00
03036            -680.00      -24.00
03037            -720.00      -28.00
03038            -840.00      -24.00
03039            -880.00      -28.00
03040           -1000.00      -32.00
03041           -1040.00      -28.00
03042           -1160.00      -28.00
03043           -1240.00      -24.00
03044           -1320.00      -28.00
03045           -1400.00      -28.00
03046           -1520.00      -28.00
03047           -1560.00      -24.00
03048           -1640.00      -28.00
03049           -1680.00      -24.00
03050           -1760.00      -28.00
03051           -1800.00      -28.00
03052           -1840.00      -24.00
03053           -1840.00      -24.00
03054           -1840.00      -20.00
03055           -1840.00      -28.00
03056           -1800.00      -28.00
03057           -1800.00      -24.00
03058           -1760.00      -24.00
03059           -1720.00      -24.00
03060           -1680.00      -20.00
03061           -1600.00      -28.00
03062           -1520.00      -16.00
03063           -1520.00      -28.00
03064           -1440.00      -20.00
03065           -1360.00      -24.00
03066           -1320.00      -24.00
03067           -1280.00      -20.00
03068           -1200.00      -24.00
03069           -1120.00      -20.00
03070           -1040.00      -24.00
03071            -920.00      -20.00
03072            -840.00      -20.00
03073            -760.00      -20.00
03074            -680.00      -24.00
03075            -520.00      -16.00
03076            -400.00      -24.00
03077            -320.00      -24.00
03078            -200.00      -20.00
03079             -80.00      -20.00
03080               0.00      -16.00
03081              40.00      -20.00
03082             120.00      -16.00
03083             160.00      -16.00
03084             320.00      -20.00
03085             360.00      -20.00
03086             360.00      -16.00
03087             440.00      -20.00
03088             440.00      -24.00
03089             520.00      -20.00
03090             560.00      -16.00
03091             600.00      -12.00
03092             680.00      -20.00
03093             720.00      -20.00
03094             800.00      -20.00
03095             880.00      -12.00
03096             920.00      -20.00
03097            1040.00      -20.00
03098            1160.00      -20.00
03099            1280.00      -24.00
03100            1360.00      -12.00
03101            1440.00      -20.00
03102            1520.00      -20.00
03103            1560.00      -16.00
03104            1640.00      -16.00
03105            1720.00      -20.00
03106            1720.00      -16.00
03107            1760.00      -20.00
03108            1800.00      -20.00
03109            1760.00      -20.00
03110            1800.00      -16.00
03111            1800.00      -16.00
03112            1840.00      -16.00
03113            1840.00      -20.00
03114            1800.00      -16.00
03115            1840.00      -20.00
03116            1880.00      -20.00
03117            1880.00      -16.00
03118            1920.00      -20.00
03119            1960.00      -16.00
03120            1920.00      -16.00
03121            1920.00      -20.00
03122            1920.00      -20.00
03123            1840.00      -20.00
03124            1840.00      -16.00
03125            1760.00      -20.00
03126            1680.00      -16.00
03127            1600.00      -16.00
03128            1520.00      -12.00
03129            1440.00      -16.00
03130            1320.00      -16.00
03131            1200.00      -20.00
03132            1080.00      -20.00
03133            1000.00      -20.00
03134             840.00      -20.00
03135             680.00      -20.00
03136             560.00      -16.00
03137             440.00      -20.00
03138             320.00      -16.00
03139             200.00      -16.00
03140             120.00      -16.00
03141              40.00      -16.00
03142             -40.00      -20.00
03143             -80.00      -16.00
03144             -80.00      -20.00
03145            -120.00      -20.00
03146            -120.00      -16.00
03147            -120.00      -16.00
03148            -160.00      -16.00
03149            -200.00      -20.00
03150            -200.00      -16.00
03151            -240.00      -12.00
03152            -240.00      -20.00
03153            -280.00      -16.00
03154            -280.00      -16.00
03155            -360.00      -16.00
03156            -400.00      -16.00
03157            -400.00      -16.00
03158            -400.00      -16.00
03159            -400.00      -20.00
03160            -400.00      -20.00
03161            -400.00      -16.00
03162            -440.00      -16.00
03163            -360.00      -20.00
03164            -400.00      -16.00
03165            -400.00      -16.00
03166            -400.00      -16.00
03167            -400.00      -12.00
03168            -400.00      -20.00
03169            -400.00      -16.00
03170            -360.00      -12.00
03171            -400.00      -16.00
03172            -400.00      -16.00
03173            -400.00      -12.00
03174            -480.00      -16.00
03175            -520.00      -12.00
03176            -560.00      -20.00
03177            -600.00      -16.00
03178            -600.00      -16.00
03179            -680.00      -12.00
03180            -680.00      -20.00
03181            -680.00      -16.00
03182            -680.00      -24.00
03183            -720.00      -16.00
03184            -720.00      -16.00
03185            -720.00      -16.00
03186            -680.00      -16.00
03187            -640.00      -16.00
03188            -640.00      -12.00
03189            -600.00      -20.00
03190            -560.00      -12.00
03191            -560.00      -16.00
03192            -520.00      -16.00
03193            -520.00      -16.00
03194            -520.00      -12.00
03195            -560.00      -20.00
03196            -600.00      -16.00
03197            -640.00      -16.00
03198            -680.00      -16.00
03199            -720.00      -12.00
03200            -840.00      -16.00
03201            -880.00      -16.00
03202            -920.00      -24.00
03203            -880.00      -16.00
03204            -880.00      -12.00
03205            -880.00      -12.00
03206            -840.00      -20.00
03207            -840.00      -20.00
03208            -840.00      -12.00
03209            -800.00      -16.00
03210            -760.00      -12.00
03211            -720.00      -20.00
03212            -680.00      -12.00
03213            -640.00      -12.00
03214            -640.00      -16.00
03215            -600.00      -16.00
03216            -640.00      -16.00
03217            -640.00      -16.00
03218            -640.00      -20.00
03219            -720.00      -16.00
03220            -720.00      -16.00
03221            -760.00      -16.00
03222            -760.00      -16.00
03223            -760.00      -20.00
03224            -680.00      -20.00
03225            -600.00      -16.00
03226            -560.00      -16.00
03227            -480.00      -16.00
03228            -400.00      -16.00
03229            -280.00      -16.00
03230            -160.00      -20.00
03231               0.00      -12.00
03232             120.00      -16.00
03233             280.00      -16.00
03234             400.00      -16.00
03235             520.00      -20.00
03236             640.00      -16.00
03237             800.00      -16.00
03238            1000.00      -16.00
03239            1120.00      -16.00
03240            1200.00      -12.00
03241            1280.00      -16.00
03242            1360.00      -16.00
03243            1480.00      -16.00
03244            1520.00      -16.00
03245            1560.00      -16.00
03246            1640.00      -16.00
03247            1680.00      -16.00
03248            1720.00      -12.00
03249            1720.00      -16.00
03250            1800.00      -16.00
03251            1800.00      -16.00
03252            1800.00      -12.00
03253            1760.00      -12.00
03254            1800.00      -16.00
03255            1760.00      -16.00
03256            1680.00      -12.00
03257            1680.00      -12.00
03258            1600.00      -16.00
03259            1560.00      -12.00
03260            1440.00      -16.00
03261             -40.00      500.00
03262              40.00      500.00
03263              40.00      -24.00
03264              40.00      -32.00
03265              80.00      -36.00
03266              80.00      -36.00
03267              80.00      -36.00
03268              80.00      -32.00
03269             120.00      -36.00
03270              80.00      -28.00
03271              40.00      -32.00
03272              40.00      -32.00
03273               0.00      -32.00
03274             -40.00      -24.00
03275            -120.00      -28.00
03276            -200.00      -32.00
03277            -240.00      -28.00
03278            -280.00      -28.00
03279            -320.00      -24.00
03280            -400.00      -32.00
03281            -440.00      -28.00
03282            -440.00      -28.00
03283            -480.00      -28.00
03284            -560.00      -28.00
03285            -600.00      -32.00
03286            -680.00      -28.00
03287            -760.00      -28.00
03288            -800.00      -24.00
03289            -880.00      -24.00
03290            -960.00      -24.00
03291           -1080.00      -28.00
03292           -1160.00      -28.00
03293           -1240.00      -24.00
03294           -1320.00      -20.00
03295           -1400.00      -20.00
03296           -1480.00      -28.00
03297           -1560.00      -24.00
03298           -1640.00      -20.00
03299           -1680.00      -24.00
03300           -1760.00      -20.00
03301           -1800.00      -20.00
03302           -1840.00      -20.00
03303           -1880.00      -16.00
03304           -1840.00      -20.00
03305           -1840.00      -20.00
03306           -1800.00      -16.00
03307           -1800.00      -16.00
03308           -1760.00      -24.00
03309           -1680.00      -20.00
03310           -1640.00      -24.00
03311           -1600.00      -24.00
03312           -1600.00      -20.00
03313           -1520.00      -24.00
03314           -1440.00      -20.00
03315           -1360.00      -20.00
03316           -1360.00      -20.00
03317           -1320.00      -20.00
03318           -1200.00      -28.00
03319           -1120.00      -20.00
03320           -1040.00      -20.00
03321            -960.00      -16.00
03322            -880.00      -24.00
03323            -760.00      -20.00
03324            -600.00      -20.00
03325            -560.00      -24.00
03326            -400.00      -20.00
03327            -360.00      -24.00
03328            -200.00      -24.00
03329            -120.00      -24.00
03330             -40.00      -16.00
03331              80.00      -20.00
03332             160.00      -20.00
03333             240.00      -20.00
03334             240.00      -16.00
03335             320.00      -16.00
03336             360.00      -16.00
03337             400.00      -20.00
03338             440.00      -20.00
03339             520.00      -20.00
03340             600.00      -20.00
03341             600.00      -20.00
03342             680.00      -20.00
03343             720.00      -16.00
03344             840.00      -16.00
03345             880.00      -16.00
03346             960.00      -16.00
03347            1040.00      -20.00
03348            1160.00      -20.00
03349            1240.00      -16.00
03350            1320.00      -20.00
03351            1400.00      -20.00
03352            1520.00      -16.00
03353            1560.00      -20.00
03354            1640.00      -16.00
03355            1720.00      -20.00
03356            1720.00      -16.00
03357            1800.00      -20.00
03358            1800.00      -20.00
03359            1760.00      -20.00
03360            1800.00      -16.00
03361            1800.00      -20.00
03362            1840.00      -16.00
03363            1840.00      -16.00
03364            1800.00      -16.00
03365            1840.00      -20.00
03366            1840.00      -20.00
03367            1880.00      -20.00
03368            1920.00      -20.00
03369            1920.00      -20.00
03370            1960.00      -16.00
03371            1960.00      -20.00
03372            1920.00      -20.00
03373            1920.00      -20.00
03374            1840.00      -20.00
03375            1760.00      -20.00
03376            1680.00      -20.00
03377            1640.00      -24.00
03378            1520.00      -20.00
03379            1440.00      -20.00
03380            1320.00      -20.00
03381            1200.00      -20.00
03382            1080.00      -16.00
03383            1000.00      -16.00
03384             840.00      -20.00
03385             680.00      -20.00
03386             560.00      -20.00
03387             400.00      -16.00
03388             240.00      -20.00
03389             200.00      -24.00
03390             120.00      -16.00
03391              40.00      -20.00
03392             -40.00      -16.00
03393             -80.00      -20.00
03394             -80.00      -16.00
03395             -80.00      -20.00
03396             -80.00      -24.00
03397            -120.00      -20.00
03398            -120.00      -20.00
03399            -120.00      -24.00
03400            -200.00      -24.00
03401            -200.00      -16.00
03402            -240.00      -20.00
03403            -280.00      -16.00
03404            -320.00      -20.00
03405            -360.00      -24.00
03406            -360.00      -16.00
03407            -400.00      -16.00
03408            -400.00      -16.00
03409            -440.00      -16.00
03410            -400.00      -20.00
03411            -400.00      -20.00
03412            -400.00      -12.00
03413            -400.00      -20.00
03414            -400.00      -16.00
03415            -400.00      -24.00
03416            -400.00      -20.00
03417            -400.00      -20.00
03418            -400.00      -20.00
03419            -360.00      -16.00
03420            -400.00      -16.00
03421            -400.00      -16.00
03422            -400.00      -20.00
03423            -400.00      -20.00
03424            -480.00      -20.00
03425            -520.00      -20.00
03426            -560.00      -20.00
03427            -600.00      -20.00
03428            -640.00      -20.00
03429            -680.00      -16.00
03430            -680.00      -16.00
03431            -680.00      -20.00
03432            -720.00      -20.00
03433            -720.00      -16.00
03434            -720.00      -20.00
03435            -680.00      -16.00
03436            -640.00      -16.00
03437            -640.00      -16.00
03438            -640.00      -20.00
03439            -600.00      -20.00
03440            -600.00      -16.00
03441            -560.00      -20.00
03442            -520.00      -12.00
03443            -520.00      -16.00
03444            -520.00      -20.00
03445            -560.00      -24.00
03446            -600.00      -20.00
03447            -640.00      -20.00
03448            -720.00      -16.00
03449            -760.00      -20.00
03450            -840.00      -20.00
03451            -840.00      -20.00
03452            -920.00      -16.00
03453            -880.00      -16.00
03454            -880.00      -16.00
03455            -880.00      -16.00
03456            -880.00      -20.00
03457            -840.00      -20.00
03458            -800.00      -16.00
03459            -800.00      -20.00
03460            -760.00      -20.00
03461            -720.00      -20.00
03462            -680.00      -24.00
03463            -680.00      -12.00
03464            -640.00      -24.00
03465            -600.00      -16.00
03466            -640.00      -20.00
03467            -640.00      -20.00
03468            -680.00      -20.00
03469            -720.00      -16.00
03470            -720.00      -20.00
03471            -760.00      -20.00
03472            -760.00      -20.00
03473            -720.00      -24.00
03474            -720.00      -16.00
03475            -600.00      -16.00
03476            -520.00      -16.00
03477            -480.00      -20.00
03478            -360.00      -20.00
03479            -240.00      -16.00
03480            -160.00      -20.00
03481               0.00      -24.00
03482             120.00      -16.00
03483             240.00      -20.00
03484             440.00      -20.00
03485             560.00      -16.00
03486             680.00      -12.00
03487             840.00      -12.00
03488            1000.00      -16.00
03489            1040.00      -24.00
03490            1200.00      -20.00
03491            1320.00      -20.00
03492            1400.00      -20.00
03493            1440.00      -20.00
03494            1520.00      -20.00
03495            1560.00      -16.00
03496            1600.00      -20.00
03497            1680.00      -20.00
03498            1720.00      -16.00
03499            1760.00      -20.00
03500            1800.00      -16.00
03501            1800.00      -16.00
03502            1800.00      -16.00
03503            1800.00      -16.00
03504            1760.00      -20.00
03505            1760.00      -12.00
03506            1720.00      -16.00
03507            1680.00      -24.00
03508            1600.00      -20.00
03509            1520.00      -20.00
03510            1480.00      -20.00
03511               0.00      500.00
03512               0.00      500.00
03513              40.00      -28.00
03514              40.00      -36.00
03515              80.00      -36.00
03516              80.00      -36.00
03517             120.00      -36.00
03518             120.00      -32.00
03519             120.00      -32.00
03520             120.00      -32.00
03521              80.00      -32.00
03522               0.00      -36.00
03523             -40.00      -36.00
03524             -80.00      -28.00
03525            -120.00      -28.00
03526            -160.00      -28.00
03527            -240.00      -32.00
03528            -280.00      -32.00
03529            -360.00      -24.00
03530            -400.00      -28.00
03531            -400.00      -28.00
03532            -480.00      -32.00
03533            -520.00      -28.00
03534            -560.00      -28.00
03535            -600.00      -24.00
03536            -680.00      -24.00
03537            -720.00      -24.00
03538            -800.00      -24.00
03539            -920.00      -24.00
03540            -960.00      -24.00
03541           -1040.00      -28.00
03542           -1160.00      -20.00
03543           -1240.00      -24.00
03544           -1320.00      -24.00
03545           -1400.00      -28.00
03546           -1520.00      -24.00
03547           -1560.00      -20.00
03548           -1640.00      -24.00
03549           -1720.00      -28.00
03550           -1760.00      -20.00
03551           -1760.00      -20.00
03552           -1840.00      -24.00
03553           -1840.00      -20.00
03554           -1840.00      -24.00
03555           -1840.00      -28.00
03556           -1800.00      -28.00
03557           -1800.00      -24.00
03558           -1760.00      -20.00
03559           -1720.00      -20.00
03560           -1680.00      -24.00
03561           -1600.00      -16.00
03562           -1560.00      -16.00
03563           -1520.00      -20.00
03564           -1480.00      -16.00
03565           -1360.00      -24.00
03566           -1320.00      -24.00
03567           -1240.00      -20.00
03568           -1200.00      -16.00
03569           -1160.00      -16.00
03570           -1040.00      -24.00
03571           -1000.00      -20.00
03572            -840.00      -16.00
03573            -760.00      -16.00
03574            -640.00      -20.00
03575            -520.00      -20.00
03576            -440.00      -16.00
03577            -320.00      -16.00
03578            -200.00      -20.00
03579             -80.00      -24.00
03580               0.00      -16.00
03581              80.00      -20.00
03582             160.00      -20.00
03583             240.00      -20.00
03584             240.00      -20.00
03585             320.00      -20.00
03586             400.00      -16.00
03587             400.00      -12.00
03588             480.00      -16.00
03589             560.00      -16.00
03590             560.00      -16.00
03591             600.00      -20.00
03592             680.00      -20.00
03593             720.00      -16.00
03594             800.00      -20.00
03595             880.00      -24.00
03596             960.00      -16.00
03597            1040.00      -16.00
03598            1160.00      -16.00
03599            1280.00      -12.00
03600            1320.00      -20.00
03601            1440.00      -20.00
03602            1520.00      -16.00
03603            1600.00      -20.00
03604            1640.00      -16.00
03605            1680.00      -16.00
03606            1720.00      -16.00
03607            1760.00      -16.00
03608            1800.00      -16.00
03609            1800.00      -16.00
03610            1800.00      -16.00
03611            1840.00      -16.00
03612            1840.00      -12.00
03613            1800.00      -20.00
03614            1800.00      -16.00
03615            1840.00      -12.00
03616            1880.00      -16.00
03617            1880.00      -12.00
03618            1920.00      -16.00
03619            1960.00      -16.00
03620            1960.00      -20.00
03621            1920.00      -12.00
03622            1920.00      -20.00
03623            1880.00      -12.00
03624            1840.00      -24.00
03625            1760.00      -20.00
03626            1680.00      -16.00
03627            1640.00      -12.00
03628            1520.00      -12.00
03629            1440.00      -20.00
03630            1320.00      -12.00
03631            1240.00      -16.00
03632            1120.00      -24.00
03633             960.00      -16.00
03634             840.00      -20.00
03635             720.00      -16.00
03636             560.00      -12.00
03637             400.00      -12.00
03638             280.00      -16.00
03639             200.00      -12.00
03640             120.00      -20.00
03641              40.00      -20.00
03642               0.00      -20.00
03643             -40.00      -20.00
03644             -80.00      -16.00
03645            -120.00      -16.00
03646            -120.00      -12.00
03647            -120.00      -12.00
03648            -120.00      -16.00
03649            -200.00      -16.00
03650            -160.00      -16.00
03651            -200.00       -8.00
03652            -280.00      -16.00
03653            -280.00      -12.00
03654            -280.00      -16.00
03655            -360.00      -16.00
03656            -400.00      -16.00
03657            -400.00      -12.00
03658            -400.00      -20.00
03659            -440.00      -16.00
03660            -440.00      -16.00
03661            -400.00      -20.00
03662            -400.00      -16.00
03663            -400.00      -16.00
03664            -400.00      -12.00
03665            -400.00      -16.00
03666            -400.00      -16.00
03667            -400.00      -16.00
03668            -400.00      -16.00
03669            -360.00      -20.00
03670            -400.00      -12.00
03671            -400.00      -16.00
03672            -400.00      -16.00
03673            -440.00      -16.00
03674            -480.00      -12.00
03675            -480.00      -20.00
03676            -560.00      -12.00
03677            -600.00      -16.00
03678            -600.00      -28.00
03679            -640.00      -20.00
03680            -680.00      -16.00
03681            -720.00      -16.00
03682            -720.00      -12.00
03683            -720.00      -12.00
03684            -680.00      -12.00
03685            -720.00      -16.00
03686            -680.00      -16.00
03687            -640.00      -16.00
03688            -640.00      -16.00
03689            -600.00      -20.00
03690            -560.00      -20.00
03691            -520.00      -20.00
03692            -560.00      -16.00
03693            -520.00      -12.00
03694            -560.00      -20.00
03695            -600.00      -20.00
03696            -560.00      -16.00
03697            -640.00      -20.00
03698            -720.00      -16.00
03699            -720.00      -12.00
03700            -800.00      -16.00
03701            -880.00      -20.00
03702            -880.00      -16.00
03703            -880.00      -20.00
03704            -880.00      -20.00
03705            -880.00      -24.00
03706            -840.00      -20.00
03707            -840.00      -16.00
03708            -840.00      -16.00
03709            -760.00      -16.00
03710            -720.00      -16.00
03711            -720.00      -12.00
03712            -680.00      -16.00
03713            -640.00      -20.00
03714            -640.00      -20.00
03715            -600.00      -16.00
03716            -600.00      -16.00
03717            -680.00      -16.00
03718            -680.00      -24.00
03719            -720.00      -20.00
03720            -760.00      -12.00
03721            -760.00      -16.00
03722            -760.00      -16.00
03723            -760.00      -20.00
03724            -680.00      -16.00
03725            -640.00      -20.00
03726            -520.00      -16.00
03727            -440.00      -16.00
03728            -360.00      -16.00
03729            -280.00      -20.00
03730            -120.00      -20.00
03731               0.00      -20.00
03732             120.00      -20.00
03733             240.00      -20.00
03734             400.00      -20.00
03735             560.00      -20.00
03736             680.00      -20.00
03737             840.00      -16.00
03738            1000.00      -20.00
03739            1120.00      -20.00
03740            1240.00      -16.00
03741            1320.00      -20.00
03742            1360.00      -16.00
03743            1440.00      -16.00
03744            1520.00      -24.00
03745            1560.00      -20.00
03746            1600.00      -20.00
03747            1680.00      -24.00
03748            1680.00      -20.00
03749            1720.00      -20.00
03750            1760.00      -16.00
03751            1760.00      -16.00
03752            1760.00      -20.00
03753            1800.00      -16.00
03754            1800.00      -24.00
03755            1800.00      -24.00
03756            1760.00      -20.00
03757            1680.00      -16.00
03758            1600.00      -16.00
03759            1520.00      -16.00
03760            1480.00      -20.00
03761               0.00      500.00
03762               0.00      500.00
03763              80.00      -28.00
03764              40.00      -36.00
03765              40.00      -40.00
03766              80.00      -36.00
03767              80.00      -36.00
03768             120.00      -36.00
03769              80.00      -32.00
03770              80.00      -40.00
03771              80.00      -40.00
03772              40.00      -40.00
03773               0.00      -36.00
03774             -40.00      -36.00
03775             -80.00      -32.00
03776            -160.00      -32.00
03777            -240.00      -32.00
03778            -280.00      -28.00
03779            -360.00      -36.00
03780            -400.00      -20.00
03781            -400.00      -32.00
03782            -480.00      -28.00
03783            -520.00      -28.00
03784            -560.00      -28.00
03785            -600.00      -28.00
03786            -680.00      -28.00
03787            -720.00      -28.00
03788            -800.00      -28.00
03789            -880.00      -28.00
03790           -1000.00      -32.00
03791           -1040.00      -32.00
03792           -1160.00      -28.00
03793           -1240.00      -28.00
03794           -1320.00      -28.00
03795           -1400.00      -24.00
03796           -1480.00      -24.00
03797           -1560.00      -20.00
03798           -1640.00      -20.00
03799           -1680.00      -28.00
03800           -1760.00      -24.00
03801           -1840.00      -28.00
03802           -1840.00      -20.00
03803           -1840.00      -28.00
03804           -1840.00      -28.00
03805           -1840.00      -28.00
03806           -1800.00      -32.00
03807           -1800.00      -28.00
03808           -1720.00      -28.00
03809           -1680.00      -16.00
03810           -1640.00      -24.00
03811           -1600.00      -24.00
03812           -1560.00      -24.00
03813           -1480.00      -20.00
03814           -1440.00      -20.00
03815           -1360.00      -24.00
03816           -1320.00      -20.00
03817           -1280.00      -20.00
03818           -1200.00      -24.00
03819           -1160.00      -20.00
03820           -1040.00      -24.00
03821            -960.00      -16.00
03822            -880.00      -20.00
03823            -720.00      -20.00
03824            -640.00      -24.00
03825            -520.00      -16.00
03826            -400.00      -20.00
03827            -280.00      -24.00
03828            -240.00      -20.00
03829             -80.00      -20.00
03830               0.00      -20.00
03831              40.00      -20.00
03832             160.00      -20.00
03833             240.00      -16.00
03834             240.00      -16.00
03835             280.00      -20.00
03836             360.00      -20.00
03837             440.00      -24.00
03838             480.00      -24.00
03839             480.00      -16.00
03840             560.00      -24.00
03841             600.00      -20.00
03842             640.00      -20.00
03843             760.00      -16.00
03844             800.00      -24.00
03845             880.00      -20.00
03846             960.00      -20.00
03847            1080.00      -20.00
03848            1160.00      -20.00
03849            1240.00      -24.00
03850            1320.00      -16.00
03851            1440.00      -16.00
03852            1520.00      -20.00
03853            1600.00      -24.00
03854            1640.00      -20.00
03855            1720.00      -20.00
03856            1760.00      -16.00
03857            1760.00      -20.00
03858            1800.00      -20.00
03859            1800.00      -20.00
03860            1800.00      -16.00
03861            1800.00      -16.00
03862            1800.00      -20.00
03863            1800.00      -20.00
03864            1840.00      -20.00
03865            1840.00      -20.00
03866            1880.00      -16.00
03867            1880.00      -16.00
03868            1920.00      -24.00
03869            1960.00      -20.00
03870            1960.00      -16.00
03871            1920.00      -20.00
03872            1920.00      -20.00
03873            1880.00      -20.00
03874            1840.00      -16.00
03875            1800.00      -24.00
03876            1680.00      -20.00
03877            1640.00      -20.00
03878            1480.00      -16.00
03879            1440.00      -16.00
03880            1320.00      -16.00
03881            1200.00      -16.00
03882            1040.00      -24.00
03883            1000.00      -16.00
03884             840.00      -20.00
03885             680.00      -20.00
03886             560.00      -20.00
03887             400.00      -20.00
03888             320.00      -16.00
03889             200.00      -20.00
03890             120.00      -20.00
03891              40.00      -20.00
03892               0.00      -16.00
03893             -80.00      -16.00
03894             -80.00      -12.00
03895            -120.00      -16.00
03896            -120.00      -20.00
03897            -120.00      -16.00
03898            -120.00      -16.00
03899            -120.00      -20.00
03900            -200.00      -24.00
03901            -240.00      -16.00
03902            -240.00      -16.00
03903            -280.00      -16.00
03904            -360.00      -12.00
03905            -360.00      -20.00
03906            -360.00      -16.00
03907            -360.00      -12.00
03908            -400.00      -16.00
03909            -400.00      -20.00
03910            -440.00      -16.00
03911            -440.00      -12.00
03912            -400.00      -20.00
03913            -400.00      -20.00
03914            -360.00      -12.00
03915            -400.00      -20.00
03916            -400.00      -12.00
03917            -400.00      -20.00
03918            -400.00      -20.00
03919            -400.00      -16.00
03920            -400.00      -20.00
03921            -400.00      -12.00
03922            -440.00      -20.00
03923            -400.00      -16.00
03924            -480.00      -20.00
03925            -520.00      -20.00
03926            -560.00      -16.00
03927            -560.00      -16.00
03928            -600.00      -20.00
03929            -640.00      -16.00
03930            -680.00      -16.00
03931            -680.00      -16.00
03932            -720.00      -20.00
03933            -720.00      -24.00
03934            -680.00      -12.00
03935            -680.00      -16.00
03936            -680.00      -20.00
03937            -640.00      -16.00
03938            -600.00      -24.00
03939            -560.00      -20.00
03940            -560.00      -16.00
03941            -560.00      -20.00
03942            -560.00      -16.00
03943            -520.00      -20.00
03944            -520.00      -20.00
03945            -560.00      -12.00
03946            -600.00      -20.00
03947            -640.00      -16.00
03948            -720.00      -16.00
03949            -760.00      -20.00
03950            -800.00      -20.00
03951            -880.00      -20.00
03952            -880.00      -16.00
03953            -880.00      -12.00
03954            -920.00      -16.00
03955            -920.00      -16.00
03956            -880.00      -16.00
03957            -840.00      -20.00
03958            -800.00       -4.00
03959            -800.00      -16.00
03960            -760.00      -12.00
03961            -720.00      -12.00
03962            -680.00      -16.00
03963            -640.00      -16.00
03964            -640.00      -16.00
03965            -600.00      -16.00
03966            -640.00      -20.00
03967            -640.00      -20.00
03968            -680.00      -16.00
03969            -720.00      -16.00
03970            -720.00      -16.00
03971            -760.00      -20.00
03972            -760.00      -12.00
03973            -720.00       -8.00
03974            -680.00      -16.00
03975            -600.00      -20.00
03976            -560.00      -16.00
03977            -440.00      -16.00
03978            -400.00      -16.00
03979            -240.00      -16.00
03980            -120.00      -16.00
03981               0.00      -12.00
03982             120.00      -20.00
03983             280.00      -16.00
03984             360.00      -20.00
03985             560.00      -20.00
03986             680.00      -16.00
03987             840.00      -16.00
03988            1000.00      -12.00
03989            1120.00      -16.00
03990            1200.00      -20.00
03991            1320.00      -12.00
03992            1400.00      -16.00
03993            1440.00      -12.00
03994            1520.00      -16.00
03995            1560.00      -16.00
03996            1640.00      -20.00
03997            1680.00      -20.00
03998            1720.00      -12.00
03999            1720.00      -20.00
04000            1760.00      -16.00
04001            1800.00      -16.00
04002            1800.00      -12.00
04003            1800.00      -16.00
04004            1760.00      -12.00
04005            1760.00      -16.00
04006            1720.00      -16.00
04007            1680.00      -20.00
04008            1600.00      -16.00
04009            1520.00      -16.00
04010            1480.00      -16.00
04011               0.00      500.00
04012              40.00      500.00
04013              40.00      -28.00
04014              80.00      -32.00
04015              80.00      -36.00
04016              80.00      -32.00
04017             120.00      -32.00
04018              80.00      -32.00
04019              40.00      -32.00
04020              80.00      -32.00
04021              80.00      -32.00
04022              40.00      -32.00
04023               0.00      -28.00
04024             -80.00      -28.00
04025            -120.00      -28.00
04026            -160.00      -28.00
04027            -240.00      -20.00
04028            -320.00      -24.00
04029            -320.00      -28.00
04030            -400.00      -32.00
04031            -440.00      -28.00
04032            -480.00      -32.00
04033            -520.00      -28.00
04034            -560.00      -28.00
04035            -600.00      -28.00
04036            -680.00      -24.00
04037            -720.00      -24.00
04038            -800.00      -20.00
04039            -880.00      -24.00
04040            -960.00      -24.00
04041           -1080.00      -28.00
04042           -1200.00      -24.00
04043           -1240.00      -28.00
04044           -1320.00      -28.00
04045           -1400.00      -20.00
04046           -1480.00      -24.00
04047           -1560.00      -24.00
04048           -1640.00      -20.00
04049           -1680.00      -20.00
04050           -1760.00      -24.00
04051           -1760.00      -28.00
04052           -1840.00      -24.00
04053           -1840.00      -20.00
04054           -1840.00      -24.00
04055           -1840.00        0.00
04056           -1840.00      -20.00
04057           -1760.00      -20.00
04058           -1760.00      -20.00
04059           -1720.00      -24.00
04060           -1680.00      -20.00
04061           -1600.00      -28.00
04062           -1560.00      -24.00
04063           -1520.00      -20.00
04064           -1400.00      -24.00
04065           -1440.00      -20.00
04066           -1360.00      -20.00
04067           -1240.00      -24.00
04068           -1200.00      -24.00
04069           -1120.00      -24.00
04070           -1040.00      -28.00
04071            -920.00      -24.00
04072            -880.00      -12.00
04073            -760.00      -24.00
04074            -680.00      -20.00
04075            -560.00      -24.00
04076            -440.00      -24.00
04077            -360.00      -20.00
04078            -240.00      -24.00
04079            -120.00      -20.00
04080               0.00      -20.00
04081              80.00      -24.00
04082             160.00      -24.00
04083             240.00      -28.00
04084             280.00      -24.00
04085             360.00      -16.00
04086             360.00      -20.00
04087             440.00      -24.00
04088             480.00      -20.00
04089             480.00      -20.00
04090             560.00      -24.00
04091             600.00      -16.00
04092             680.00      -24.00
04093             760.00      -24.00
04094             800.00      -16.00
04095             880.00      -16.00
04096             960.00      -20.00
04097            1040.00      -20.00
04098            1160.00      -24.00
04099            1240.00      -20.00
04100            1360.00      -24.00
04101            1400.00      -16.00
04102            1520.00      -20.00
04103            1600.00      -20.00
04104            1640.00      -16.00
04105            1720.00      -16.00
04106            1760.00      -24.00
04107            1800.00      -16.00
04108            1760.00      -20.00
04109            1800.00      -28.00
04110            1840.00      -20.00
04111            1840.00      -16.00
04112            1840.00      -16.00
04113            1800.00      -20.00
04114            1840.00      -24.00
04115            1840.00      -24.00
04116            1880.00      -24.00
04117            1920.00      -20.00
04118            1960.00      -20.00
04119            1960.00      -20.00
04120            1920.00      -16.00
04121            1920.00      -16.00
04122            1920.00      -20.00
04123            1920.00      -24.00
04124            1840.00      -20.00
04125            1760.00      -20.00
04126            1680.00      -20.00
04127            1600.00      -20.00
04128            1520.00      -20.00
04129            1440.00      -24.00
04130            1320.00      -20.00
04131            1240.00      -24.00
04132            1080.00      -20.00
04133             960.00      -24.00
04134             800.00      -16.00
04135             680.00      -24.00
04136             560.00      -24.00
04137             440.00      -20.00
04138             320.00      -16.00
04139             200.00      -20.00
04140              80.00      -20.00
04141              40.00      -20.00
04142              40.00      -16.00
04143             -40.00      -24.00
04144             -80.00      -24.00
04145             -80.00      -20.00
04146            -120.00      -20.00
04147            -120.00      -20.00
04148             -80.00      -16.00
04149            -120.00      -20.00
04150            -160.00      -16.00
04151            -240.00      -20.00
04152            -240.00      -20.00
04153            -280.00      -20.00
04154            -360.00      -24.00
04155            -320.00      -16.00
04156            -360.00      -20.00
04157            -400.00      -20.00
04158            -400.00      -20.00
04159            -400.00      -16.00
04160            -440.00      -20.00
04161            -400.00      -20.00
04162            -400.00      -16.00
04163            -400.00      -16.00
04164            -360.00      -20.00
04165            -400.00      -20.00
04166            -400.00      -20.00
04167            -400.00      -20.00
04168            -400.00      -16.00
04169            -400.00      -16.00
04170            -400.00      -16.00
04171            -400.00      -20.00
04172            -400.00      -20.00
04173            -440.00      -16.00
04174            -480.00      -20.00
04175            -520.00      -24.00
04176            -560.00      -16.00
04177            -560.00      -20.00
04178            -600.00      -16.00
04179            -640.00      -16.00
04180            -680.00      -24.00
04181            -680.00      -16.00
04182            -720.00      -20.00
04183            -680.00      -24.00
04184            -720.00      -20.00
04185            -680.00      -20.00
04186            -680.00      -16.00
04187            -640.00      -12.00
04188            -640.00      -24.00
04189            -600.00      -20.00
04190            -560.00      -20.00
04191            -520.00      -20.00
04192            -520.00      -16.00
04193            -520.00      -16.00
04194            -560.00      -20.00
04195            -560.00      -20.00
04196            -600.00      -20.00
04197            -640.00      -16.00
04198            -720.00      -20.00
04199            -800.00      -16.00
04200            -840.00      -16.00
04201            -840.00      -20.00
04202            -880.00      -20.00
04203            -920.00      -20.00
04204            -920.00      -20.00
04205            -880.00      -16.00
04206            -840.00      -24.00
04207            -840.00      -20.00
04208            -840.00      -20.00
04209            -800.00      -20.00
04210            -760.00      -24.00
04211            -720.00      -16.00
04212            -680.00      -16.00
04213            -640.00      -20.00
04214            -600.00      -20.00
04215            -600.00      -24.00
04216            -600.00      -16.00
04217            -680.00      -20.00
04218            -720.00      -20.00
04219            -720.00      -20.00
04220            -720.00      -16.00
04221            -760.00      -16.00
04222            -760.00      -20.00
04223            -720.00      -20.00
04224            -680.00      -16.00
04225            -600.00      -20.00
04226            -560.00      -20.00
04227            -440.00      -20.00
04228            -400.00      -16.00
04229            -240.00      -20.00
04230             -80.00      -16.00
04231             -40.00      -20.00
04232             160.00      -20.00
04233             280.00      -16.00
04234             400.00      -16.00
04235             520.00      -24.00
04236             640.00      -24.00
04237             840.00      -24.00
04238             960.00      -20.00
04239            1120.00      -20.00
04240            1200.00      -20.00
04241            1320.00      -16.00
04242            1400.00      -16.00
04243            1440.00      -16.00
04244            1480.00      -16.00
04245            1560.00      -24.00
04246            1640.00      -24.00
04247            1640.00      -16.00
04248            1680.00      -20.00
04249            1720.00      -20.00
04250            1720.00      -16.00
04251            1760.00      -20.00
04252            1760.00      -16.00
04253            1760.00      -16.00
04254            1800.00      -16.00
04255            1760.00      -20.00
04256            1720.00      -16.00
04257            1680.00      -24.00
04258            1640.00      -16.00
04259            1560.00      -20.00
04260            1480.00      -20.00
04261               0.00      500.00
04262               0.00      500.00
04263              40.00      -36.00
04264              40.00      -40.00
04265              80.00      -32.00
04266             120.00      -40.00
04267              80.00      -40.00
04268              80.00      -36.00
04269             120.00      -32.00
04270              80.00      -32.00
04271              80.00      -36.00
04272               0.00      -32.00
04273               0.00      -40.00
04274             -80.00      -32.00
04275            -120.00      -32.00
04276            -200.00      -32.00
04277            -240.00      -32.00
04278            -280.00      -32.00
04279            -320.00      -28.00
04280            -400.00      -28.00
04281            -440.00      -28.00
04282            -480.00      -28.00
04283            -520.00      -28.00
04284            -600.00      -28.00
04285            -600.00      -28.00
04286            -680.00      -24.00
04287            -720.00      -28.00
04288            -840.00      -28.00
04289            -880.00      -24.00
04290            -960.00      -28.00
04291           -1080.00      -28.00
04292           -1160.00      -28.00
04293           -1200.00      -24.00
04294           -1360.00      -24.00
04295           -1400.00      -28.00
04296           -1480.00      -20.00
04297           -1560.00      -20.00
04298           -1640.00      -24.00
04299           -1680.00      -24.00
04300           -1720.00      -24.00
04301           -1800.00      -28.00
04302           -1800.00      -20.00
04303           -1840.00      -24.00
04304           -1840.00      -24.00
04305           -1840.00      -24.00
04306           -1840.00      -28.00
04307           -1800.00      -24.00
04308           -1760.00      -24.00
04309           -1680.00      -20.00
04310           -1680.00      -24.00
04311           -1640.00      -24.00
04312           -1560.00      -20.00
04313           -1480.00      -16.00
04314           -1440.00      -20.00
04315           -1400.00      -16.00
04316           -1360.00      -20.00
04317           -1240.00      -16.00
04318           -1240.00       -8.00
04319           -1120.00      -20.00
04320           -1040.00      -16.00
04321           -1000.00      -16.00
04322            -880.00      -20.00
04323            -760.00      -20.00
04324            -640.00      -20.00
04325            -560.00      -20.00
04326            -480.00      -20.00
04327            -280.00      -20.00
04328            -200.00      -20.00
04329             -80.00      -16.00
04330             -40.00      -20.00
04331              80.00      -16.00
04332             160.00      -16.00
04333             240.00      -20.00
04334             240.00      -20.00
04335             360.00      -20.00
04336             360.00      -20.00
04337             440.00      -16.00
04338             440.00      -16.00
04339             520.00      -16.00
04340             520.00      -16.00
04341             640.00      -16.00
04342             680.00      -20.00
04343             720.00      -16.00
04344             840.00      -20.00
04345             880.00      -16.00
04346             960.00      -12.00
04347            1080.00      -16.00
04348            1160.00      -16.00
04349            1240.00      -20.00
04350            1320.00      -16.00
04351            1440.00      -16.00
04352            1520.00      -12.00
04353            1560.00      -16.00
04354            1640.00      -16.00
04355            1680.00      -20.00
04356            1720.00      -16.00
04357            1760.00      -16.00
04358            1760.00      -16.00
04359            1800.00      -16.00
04360            1800.00      -20.00
04361            1840.00      -16.00
04362            1800.00      -16.00
04363            1840.00      -16.00
04364            1840.00      -16.00
04365            1840.00      -16.00
04366            1840.00      -16.00
04367            1880.00      -16.00
04368            1880.00      -16.00
04369            1920.00      -16.00
04370            1920.00      -16.00
04371            1960.00      -16.00
04372            1920.00      -16.00
04373            1880.00      -16.00
04374            1800.00      -12.00
04375            1760.00      -20.00
04376            1680.00      -16.00
04377            1600.00      -16.00
04378            1480.00      -20.00
04379            1440.00      -16.00
04380            1320.00      -20.00
04381            1240.00      -20.00
04382            1080.00      -16.00
04383             960.00      -12.00
04384             800.00      -16.00
04385             680.00      -12.00
04386             560.00      -16.00
04387             400.00      -16.00
04388             320.00      -16.00
04389             200.00      -16.00
04390             120.00      -16.00
04391              40.00      -20.00
04392               0.00      -16.00
04393               0.00      -12.00
04394            -120.00      -16.00
04395            -120.00      -16.00
04396            -120.00      -16.00
04397            -120.00      -20.00
04398            -120.00      -12.00
04399            -160.00      -20.00
04400            -200.00      -16.00
04401            -240.00      -16.00
04402            -240.00      -16.00
04403            -280.00      -20.00
04404            -320.00      -20.00
04405            -360.00      -20.00
04406            -400.00      -16.00
04407            -400.00      -16.00
04408            -400.00      -20.00
04409            -440.00      -16.00
04410            -440.00      -20.00
04411            -400.00      -16.00
04412            -400.00      -16.00
04413            -400.00      -20.00
04414            -400.00      -20.00
04415            -400.00      -20.00
04416            -400.00      -16.00
04417            -400.00      -16.00
04418            -400.00      -16.00
04419            -400.00      -20.00
04420            -360.00      -16.00
04421            -400.00      -16.00
04422            -400.00      -16.00
04423            -440.00      -16.00
04424            -480.00      -16.00
04425            -520.00      -20.00
04426            -560.00      -16.00
04427            -600.00      -16.00
04428            -600.00      -16.00
04429            -640.00      -16.00
04430            -680.00      -16.00
04431            -640.00      -24.00
04432            -720.00      -12.00
04433            -680.00      -20.00
04434            -720.00      -16.00
04435            -680.00      -16.00
04436            -680.00      -12.00
04437            -640.00      -24.00
04438            -600.00      -12.00
04439            -640.00      -16.00
04440            -600.00      -20.00
04441            -560.00      -16.00
04442            -520.00      -16.00
04443            -520.00      -16.00
04444            -520.00      -16.00
04445            -560.00      -20.00
04446            -600.00      -16.00
04447            -640.00      -16.00
04448            -680.00      -16.00
04449            -760.00      -20.00
04450            -800.00      -20.00
04451            -840.00      -20.00
04452            -880.00      -20.00
04453            -880.00      -16.00
04454            -880.00      -24.00
04455            -920.00      -16.00
04456            -840.00      -20.00
04457            -880.00      -20.00
04458            -840.00      -16.00
04459            -800.00      -24.00
04460            -760.00      -20.00
04461            -720.00      -16.00
04462            -680.00      -20.00
04463            -640.00      -16.00
04464            -640.00      -20.00
04465            -600.00      -20.00
04466            -600.00      -20.00
04467            -640.00      -12.00
04468            -680.00      -20.00
04469            -720.00      -24.00
04470            -760.00      -24.00
04471            -760.00      -16.00
04472            -760.00      -20.00
04473            -720.00      -20.00
04474            -680.00      -20.00
04475            -640.00      -20.00
04476            -560.00      -20.00
04477            -480.00      -20.00
04478            -400.00      -20.00
04479            -240.00      -20.00
04480            -120.00      -20.00
04481               0.00      -16.00
04482             160.00      -20.00
04483             240.00      -24.00
04484             400.00      -20.00
04485             560.00      -20.00
04486             680.00      -24.00
04487             840.00      -20.00
04488             960.00      -24.00
04489            1120.00      -24.00
04490            1200.00      -24.00
04491            1280.00      -20.00
04492            1400.00      -16.00
04493            1480.00      -20.00
04494            1520.00      -16.00
04495            1560.00      -20.00
04496            1640.00      -16.00
04497            1640.00      -24.00
04498            1720.00      -20.00
04499            1720.00      -20.00
04500            1760.00      -20.00
04501            1800.00      -20.00
04502            1800.00      -16.00
04503            1800.00      -20.00
04504            1760.00      -16.00
04505            1760.00      -20.00
04506            1720.00      -20.00
04507            1680.00      -20.00
04508            1640.00      -20.00
04509            1520.00      -20.00
04510            1440.00      -16.00
04511               0.00      500.00
04512              40.00      500.00
04513              40.00      -24.00
04514              40.00      -36.00
04515             120.00      -44.00
04516             120.00      -40.00
04517              80.00      -44.00
04518             120.00      -40.00
04519             120.00      -36.00
04520              80.00      -36.00
04521              40.00      -32.00
04522              40.00      -36.00
04523               0.00      -36.00
04524             -80.00      -32.00
04525            -120.00      -36.00
04526            -200.00      -36.00
04527            -240.00      -32.00
04528            -280.00      -28.00
04529            -360.00      -28.00
04530            -400.00      -28.00
04531            -440.00      -28.00
04532            -480.00      -28.00
04533            -520.00      -32.00
04534            -560.00      -32.00
04535            -600.00      -32.00
04536            -640.00      -32.00
04537            -720.00      -28.00
04538            -800.00      -28.00
04539            -880.00      -32.00
04540            -960.00      -32.00
04541           -1080.00      -28.00
04542           -1160.00      -24.00
04543           -1240.00      -28.00
04544           -1320.00      -28.00
04545           -1400.00      -28.00
04546           -1480.00      -28.00
04547           -1560.00      -28.00
04548           -1640.00      -28.00
04549           -1680.00      -24.00
04550           -1760.00      -28.00
04551           -1800.00      -20.00
04552           -1800.00      -28.00
04553           -1840.00      -28.00
04554           -1840.00      -24.00
04555           -1840.00      -28.00
04556           -1840.00      -28.00
04557           -1760.00      -20.00
04558           -1720.00      -28.00
04559           -1720.00      -20.00
04560           -1680.00      -20.00
04561           -1640.00      -24.00
04562           -1560.00      -20.00
04563           -1520.00      -28.00
04564           -1440.00      -20.00
04565           -1400.00      -28.00
04566           -1320.00      -24.00
04567           -1280.00      -24.00
04568           -1240.00      -24.00
04569           -1120.00      -24.00
04570           -1080.00      -24.00
04571           -1000.00      -24.00
04572            -880.00      -16.00
04573            -760.00      -28.00
04574            -640.00      -24.00
04575            -520.00      -20.00
04576            -440.00      -24.00
04577            -320.00      -24.00
04578            -240.00      -24.00
04579             -80.00      -24.00
04580               0.00      -20.00
04581              40.00      -20.00
04582             160.00      -20.00
04583             240.00      -24.00
04584             280.00      -24.00
04585             360.00      -24.00
04586             360.00      -24.00
04587             440.00      -20.00
04588             440.00      -20.00
04589             520.00      -20.00
04590             560.00      -24.00
04591             600.00      -20.00
04592             640.00      -20.00
04593             760.00      -20.00
04594             800.00      -24.00
04595             920.00      -20.00
04596             960.00      -20.00
04597            1040.00      -16.00
04598            1200.00      -20.00
04599            1240.00      -20.00
04600            1360.00      -20.00
04601            1440.00      -20.00
04602            1520.00      -20.00
04603            1640.00      -20.00
04604            1640.00      -24.00
04605            1720.00      -16.00
04606            1760.00      -20.00
04607            1760.00      -24.00
04608            1800.00      -20.00
04609            1800.00      -20.00
04610            1800.00      -20.00
04611            1840.00      -20.00
04612            1840.00      -20.00
04613            1840.00      -20.00
04614            1840.00      -20.00
04615            1840.00      -16.00
04616            1880.00      -24.00
04617            1880.00      -20.00
04618            1920.00      -20.00
04619            1960.00      -20.00
04620            1920.00      -20.00
04621            1920.00      -28.00
04622            1960.00      -20.00
04623            1880.00      -20.00
04624            1840.00      -16.00
04625            1760.00      -12.00
04626            1720.00      -20.00
04627            1640.00      -20.00
04628            1520.00      -20.00
04629            1400.00      -16.00
04630            1360.00      -16.00
04631            1200.00      -16.00
04632            1080.00      -20.00
04633             960.00      -16.00
04634             840.00      -20.00
04635             720.00      -20.00
04636             560.00      -16.00
04637             400.00      -20.00
04638             320.00      -20.00
04639             200.00      -24.00
04640              80.00      -24.00
04641              40.00      -20.00
04642             -40.00      -16.00
04643             -40.00      -12.00
04644             -80.00      -16.00
04645            -120.00      -20.00
04646            -120.00      -20.00
04647            -120.00      -20.00
04648            -120.00      -16.00
04649            -160.00      -16.00
04650            -160.00      -20.00
04651            -200.00      -24.00
04652            -240.00      -16.00
04653            -320.00      -12.00
04654            -320.00      -16.00
04655            -360.00      -20.00
04656            -360.00      -20.00
04657            -360.00      -20.00
04658            -400.00      -16.00
04659            -400.00      -20.00
04660            -400.00      -16.00
04661            -440.00      -16.00
04662            -400.00      -16.00
04663            -400.00      -20.00
04664            -400.00      -20.00
04665            -400.00      -16.00
04666            -400.00      -20.00
04667            -400.00      -20.00
04668            -400.00      -12.00
04669            -400.00      -16.00
04670            -400.00      -16.00
04671            -360.00      -16.00
04672            -400.00      -20.00
04673            -440.00      -20.00
04674            -480.00      -20.00
04675            -520.00      -16.00
04676            -520.00      -16.00
04677            -560.00      -20.00
04678            -600.00      -20.00
04679            -640.00      -20.00
04680            -680.00      -20.00
04681            -680.00      -20.00
04682            -720.00      -16.00
04683            -720.00      -20.00
04684            -720.00      -16.00
04685            -680.00      -16.00
04686            -680.00      -16.00
04687            -640.00      -20.00
04688            -600.00      -16.00
04689            -600.00      -16.00
04690            -560.00      -16.00
04691            -520.00      -20.00
04692            -520.00      -16.00
04693            -520.00      -16.00
04694            -560.00      -16.00
04695            -560.00      -20.00
04696            -600.00      -20.00
04697            -640.00      -20.00
04698            -720.00      -20.00
04699            -720.00      -16.00
04700            -800.00      -16.00
04701            -880.00      -20.00
04702            -880.00      -16.00
04703            -920.00      -20.00
04704            -920.00      -16.00
04705            -880.00      -16.00
04706            -840.00      -24.00
04707            -840.00      -16.00
04708            -800.00      -16.00
04709            -800.00      -20.00
04710            -760.00      -16.00
04711            -680.00      -12.00
04712            -640.00      -20.00
04713            -640.00      -20.00
04714            -600.00      -20.00
04715            -640.00      -16.00
04716            -600.00      -16.00
04717            -640.00      -20.00
04718            -680.00       -8.00
04719            -720.00      -20.00
04720            -720.00      -12.00
04721            -800.00      -16.00
04722            -760.00      -16.00
04723            -720.00      -20.00
04724            -680.00      -16.00
04725            -600.00      -20.00
04726            -560.00      -16.00
04727            -440.00      -16.00
04728            -360.00      -16.00
04729            -280.00      -16.00
04730            -120.00      -16.00
04731               0.00      -16.00
04732             120.00      -20.00
04733             280.00      -16.00
04734             400.00      -20.00
04735             520.00      -12.00
04736             680.00      -16.00
04737             840.00      -12.00
04738            1000.00      -16.00
04739            1120.00      -16.00
04740            1200.00      -12.00
04741            1280.00      -16.00
04742            1400.00      -16.00
04743            1440.00      -20.00
04744            1520.00      -16.00
04745            1560.00      -12.00
04746            1600.00      -12.00
04747            1680.00      -12.00
04748            1680.00      -16.00
04749            1760.00      -16.00
04750            1760.00      -16.00
04751            1760.00      -12.00
04752            1840.00      -16.00
04753            1800.00      -16.00
04754            1800.00      -12.00
04755            1760.00      -16.00
04756            1720.00      -16.00
04757            1680.00      -12.00
04758            1600.00      -16.00
04759            1560.00      -16.00
04760            1480.00      -16.00
04761             -40.00      500.00
04762               0.00      500.00
04763              40.00      -28.00
04764              40.00      -28.00
04765             120.00      -32.00
04766              80.00      -36.00
04767             120.00      -36.00
04768             160.00      -36.00
04769             120.00      -36.00
04770              80.00      -32.00
04771              80.00      -32.00
04772               0.00      -32.00
04773             -40.00      -28.00
04774             -80.00      -32.00
04775            -120.00      -32.00
04776            -160.00      -32.00
04777            -240.00      -32.00
04778            -280.00      -28.00
04779            -360.00      -32.00
04780            -400.00      -28.00
04781            -440.00      -28.00
04782            -480.00      -28.00
04783            -520.00      -28.00
04784            -560.00      -24.00
04785            -600.00      -28.00
04786            -680.00      -24.00
04787            -720.00      -28.00
04788            -800.00      -24.00
04789            -880.00      -28.00
04790            -960.00      -24.00
04791           -1040.00      -20.00
04792           -1160.00      -28.00
04793           -1240.00      -24.00
04794           -1320.00      -28.00
04795           -1400.00      -24.00
04796           -1480.00      -24.00
04797           -1560.00      -24.00
04798           -1640.00      -28.00
04799           -1680.00      -24.00
04800           -1720.00      -24.00
04801           -1760.00      -28.00
04802           -1800.00      -24.00
04803           -1840.00      -24.00
04804           -1840.00      -20.00
04805           -1840.00      -24.00
04806           -1800.00      -24.00
04807           -1800.00      -24.00
04808           -1760.00      -24.00
04809           -1720.00      -24.00
04810           -1640.00      -16.00
04811           -1600.00      -24.00
04812           -1560.00      -20.00
04813           -1520.00      -20.00
04814           -1440.00      -16.00
04815           -1400.00      -20.00
04816           -1360.00      -20.00
04817           -1280.00      -24.00
04818           -1200.00      -28.00
04819           -1120.00      -20.00
04820           -1040.00      -20.00
04821            -960.00      -24.00
04822            -880.00      -24.00
04823            -760.00      -20.00
04824            -640.00      -20.00
04825            -560.00      -24.00
04826            -400.00      -24.00
04827            -280.00      -20.00
04828            -200.00      -20.00
04829             -80.00      -20.00
04830               0.00      -24.00
04831              80.00      -24.00
04832             160.00      -24.00
04833             240.00      -24.00
04834             280.00      -24.00
04835             320.00      -20.00
04836             400.00      -12.00
04837             400.00      -24.00
04838             440.00      -20.00
04839             520.00      -28.00
04840             600.00      -24.00
04841             640.00      -24.00
04842             640.00      -20.00
04843             720.00      -20.00
04844             840.00      -20.00
04845             840.00      -20.00
04846             960.00      -24.00
04847            1080.00      -24.00
04848            1160.00      -16.00
04849            1280.00      -24.00
04850            1320.00      -20.00
04851            1440.00      -20.00
04852            1560.00      -28.00
04853            1600.00      -24.00
04854            1640.00      -24.00
04855            1720.00      -20.00
04856            1720.00      -20.00
04857            1760.00      -20.00
04858            1760.00      -20.00
04859            1840.00      -20.00
04860            1800.00      -20.00
04861            1800.00      -16.00
04862            1840.00      -20.00
04863            1840.00      -20.00
04864            1840.00      -20.00
04865            1840.00      -20.00
04866            1840.00      -20.00
04867            1920.00      -20.00
04868            1960.00      -16.00
04869            1920.00      -20.00
04870            1960.00      -20.00
04871            1960.00      -20.00
04872            1920.00      -24.00
04873            1920.00      -24.00
04874            1840.00      -20.00
04875            1800.00      -24.00
04876            1720.00      -20.00
04877            1600.00      -20.00
04878            1520.00      -16.00
04879            1440.00      -24.00
04880            1320.00      -28.00
04881            1200.00      -20.00
04882            1080.00      -20.00
04883             960.00      -20.00
04884             840.00      -16.00
04885             680.00      -20.00
04886             560.00      -20.00
04887             400.00      -20.00
04888             360.00      -20.00
04889             200.00      -20.00
04890              80.00      -20.00
04891              40.00      -20.00
04892               0.00      -24.00
04893             -40.00      -20.00
04894             -80.00      -16.00
04895            -120.00      -20.00
04896            -120.00      -24.00
04897            -120.00      -20.00
04898            -120.00      -20.00
04899            -160.00      -24.00
04900            -160.00      -20.00
04901            -200.00      -20.00
04902            -240.00      -20.00
04903            -280.00      -24.00
04904            -320.00      -12.00
04905            -360.00      -12.00
04906            -400.00      -24.00
04907            -400.00      -16.00
04908            -400.00      -24.00
04909            -440.00      -20.00
04910            -400.00      -16.00
04911            -400.00      -20.00
04912            -360.00      -16.00
04913            -400.00      -16.00
04914            -360.00      -20.00
04915            -400.00      -20.00
04916            -400.00      -24.00
04917            -400.00      -16.00
04918            -400.00      -20.00
04919            -400.00      -24.00
04920            -400.00      -24.00
04921            -360.00      -16.00
04922            -440.00      -24.00
04923            -440.00      -24.00
04924            -480.00      -16.00
04925            -520.00      -20.00
04926            -560.00      -20.00
04927            -600.00      -20.00
04928            -600.00      -20.00
04929            -640.00      -16.00
04930            -680.00      -20.00
04931            -680.00      -20.00
04932            -720.00      -20.00
04933            -720.00      -24.00
04934            -720.00      -24.00
04935            -720.00      -20.00
04936            -640.00      -16.00
04937            -640.00      -20.00
04938            -640.00      -24.00
04939            -600.00      -20.00
04940            -560.00      -20.00
04941            -560.00      -16.00
04942            -560.00      -20.00
04943            -520.00      -12.00
04944            -520.00      -20.00
04945            -560.00      -20.00
04946            -600.00      -20.00
04947            -680.00      -16.00
04948            -720.00      -24.00
04949            -760.00      -24.00
04950            -840.00      -20.00
04951            -880.00      -16.00
04952            -920.00      -16.00
04953            -880.00      -20.00
04954            -920.00      -20.00
04955            -880.00      -20.00
04956            -840.00      -20.00
04957            -880.00      -20.00
04958            -840.00      -16.00
04959            -760.00      -24.00
04960            -760.00      -16.00
04961            -720.00      -20.00
04962            -680.00      -20.00
04963            -680.00      -20.00
04964            -600.00      -24.00
04965            -600.00      -20.00
04966            -640.00      -12.00
04967            -640.00      -20.00
04968            -680.00      -20.00
04969            -720.00      -20.00
04970            -720.00      -20.00
04971            -760.00      -16.00
04972            -760.00      -16.00
04973            -720.00      -28.00
04974            -680.00      -20.00
04975            -640.00      -16.00
04976            -520.00      -16.00
04977            -480.00      -24.00
04978            -360.00      -24.00
04979            -240.00      -20.00
04980            -160.00      -16.00
04981             -40.00      -20.00
04982              80.00      -20.00
04983             280.00      -16.00
04984             440.00      -20.00
04985             560.00      -16.00
04986             680.00      -20.00
04987             840.00      -24.00
04988             960.00      -16.00
04989            1120.00      -20.00
04990            1240.00      -12.00
04991            1320.00      -20.00
04992            1400.00      -20.00
04993            1480.00      -24.00
04994            1520.00      -24.00
04995            1600.00      -16.00
04996            1600.00      -20.00
04997            1680.00      -20.00
04998            1720.00      -16.00
04999            1720.00      -24.00
05000            1760.00      -16.00
