Unit:(mV)
                     CH1         CH2
Frequency              ?   1.149 kHz
Period                 ?  870.322 us
00001            1840.00      -16.00
00002            1840.00      -16.00
00003            1840.00      -16.00
00004            1840.00      -16.00
00005            1800.00      -12.00
00006            1720.00      -20.00
00007            1680.00       -8.00
00008            1640.00      -16.00
00009            1520.00      -12.00
00010            1440.00      500.00
00011               0.00      500.00
00012              40.00      500.00
00013              40.00      -28.00
00014              80.00      -32.00
00015              80.00      -36.00
00016              80.00      -40.00
00017              80.00      -28.00
00018              80.00      -28.00
00019              40.00      -28.00
00020               0.00      -28.00
00021               0.00      -36.00
00022               0.00      -24.00
00023             -80.00      -28.00
00024             -80.00      -32.00
00025            -160.00      -28.00
00026            -240.00      -32.00
00027            -280.00      -28.00
00028            -360.00      -28.00
00029            -400.00      -24.00
00030            -440.00      -24.00
00031            -480.00      -20.00
00032            -560.00      -24.00
00033            -600.00      -28.00
00034            -640.00      -24.00
00035            -760.00      -20.00
00036            -840.00      -28.00
00037            -920.00      -20.00
00038           -1040.00      -20.00
00039           -1120.00      -32.00
00040           -1240.00      -20.00
00041           -1320.00      -20.00
00042           -1440.00      -20.00
00043           -1560.00      -20.00
00044           -1640.00      -24.00
00045           -1720.00      -20.00
00046           -1800.00      -20.00
00047           -1880.00      -20.00
00048           -1960.00      -20.00
00049           -2000.00      -24.00
00050           -2040.00      -20.00
00051           -2080.00      -16.00
00052           -2080.00      -16.00
00053           -2080.00      -24.00
00054           -2080.00      -20.00
00055           -2080.00      -20.00
00056           -2040.00      -20.00
00057           -2000.00      -12.00
00058           -1960.00      -24.00
00059           -1880.00      -20.00
00060           -1840.00      -20.00
00061           -1840.00      -20.00
00062           -1760.00      -16.00
00063           -1720.00      -20.00
00064           -1640.00      -20.00
00065           -1560.00      -16.00
00066           -1480.00      -16.00
00067           -1360.00      -16.00
00068           -1360.00      -20.00
00069           -1200.00      -16.00
00070           -1080.00      -16.00
00071           -1000.00      -20.00
00072            -840.00      -16.00
00073            -720.00      -20.00
00074            -560.00      -16.00
00075            -400.00      -20.00
00076            -280.00      -16.00
00077            -200.00      -12.00
00078             -80.00      -16.00
00079              80.00      -16.00
00080             200.00      -12.00
00081             280.00      -12.00
00082             320.00      -20.00
00083             440.00      -12.00
00084             520.00      -16.00
00085             560.00      -16.00
00086             600.00      -20.00
00087             680.00      -12.00
00088             720.00      -16.00
00089             800.00      -16.00
00090             880.00      -12.00
00091             880.00      -20.00
00092            1000.00      -20.00
00093            1040.00      -16.00
00094            1120.00      -12.00
00095            1200.00      -12.00
00096            1320.00      -20.00
00097            1360.00      -16.00
00098            1480.00       -8.00
00099            1520.00      -12.00
00100            1640.00      -16.00
00101            1720.00      -12.00
00102            1840.00      -16.00
00103            1920.00      -12.00
00104            1960.00      -16.00
00105            1960.00      -16.00
00106            2000.00      -16.00
00107            2000.00      -16.00
00108            2040.00      -16.00
00109            2000.00      -12.00
00110            2000.00      -16.00
00111            2000.00      -16.00
00112            2000.00      -20.00
00113            1960.00      -16.00
00114            2000.00      -16.00
00115            2000.00      -16.00
00116            2000.00      -16.00
00117            2000.00      -16.00
00118            2040.00      -12.00
00119            2080.00      -16.00
00120            2080.00      -20.00
00121            2000.00      -16.00
00122            2000.00      -20.00
00123            1960.00      -16.00
00124            1880.00      -16.00
00125            1800.00      -16.00
00126            1720.00      -16.00
00127            1600.00      -16.00
00128            1480.00      -16.00
00129            1440.00      -16.00
00130            1320.00      -20.00
00131            1200.00      -20.00
00132            1080.00      -16.00
00133             920.00      -16.00
00134             760.00      -16.00
00135             640.00      -20.00
00136             520.00      -12.00
00137             400.00      -16.00
00138             280.00      -20.00
00139             200.00      -20.00
00140              80.00      -16.00
00141              40.00      -16.00
00142               0.00      -20.00
00143             -40.00      -20.00
00144            -120.00      -16.00
00145             -80.00      -16.00
00146            -160.00      -12.00
00147            -160.00      -20.00
00148            -160.00      -20.00
00149            -240.00      -20.00
00150            -320.00      -20.00
00151            -320.00      -16.00
00152            -400.00      -24.00
00153            -400.00      -20.00
00154            -400.00      -16.00
00155            -440.00      -16.00
00156            -440.00      -12.00
00157            -440.00      -16.00
00158            -480.00      -16.00
00159            -480.00      -16.00
00160            -480.00      -16.00
00161            -480.00      -16.00
00162            -480.00      -20.00
00163            -480.00      -16.00
00164            -480.00      -12.00
00165            -480.00      -20.00
00166            -520.00      -16.00
00167            -520.00      -16.00
00168            -480.00      -16.00
00169            -480.00      -20.00
00170            -520.00      -20.00
00171            -520.00      -16.00
00172            -560.00      -16.00
00173            -600.00      -16.00
00174            -640.00      -20.00
00175            -720.00      -12.00
00176            -760.00      -16.00
00177            -840.00      -24.00
00178            -880.00      -16.00
00179            -880.00      -20.00
00180            -920.00      -12.00
00181            -920.00      -24.00
00182            -960.00      -16.00
00183            -960.00      -20.00
00184            -920.00      -20.00
00185            -920.00      -20.00
00186            -880.00      -20.00
00187            -880.00      -16.00
00188            -840.00      -16.00
00189            -800.00      -16.00
00190            -720.00      -12.00
00191            -720.00      -20.00
00192            -720.00      -16.00
00193            -640.00      -16.00
00194            -680.00      -20.00
00195            -680.00      -24.00
00196            -720.00      -16.00
00197            -720.00      -16.00
00198            -800.00      -16.00
00199            -840.00      -16.00
00200            -840.00      -16.00
00201            -880.00      -20.00
00202            -840.00      -16.00
00203            -840.00      -20.00
00204            -840.00      -16.00
00205            -800.00      -20.00
00206            -760.00      -20.00
00207            -720.00      -16.00
00208            -680.00      -20.00
00209            -640.00      -20.00
00210            -600.00      -16.00
00211            -560.00      -12.00
00212            -520.00      -16.00
00213            -520.00      -16.00
00214            -480.00      -16.00
00215            -480.00      -24.00
00216            -480.00      -20.00
00217            -480.00      -16.00
00218            -560.00      -20.00
00219            -600.00      -20.00
00220            -640.00      -24.00
00221            -640.00      -16.00
00222            -640.00      -12.00
00223            -640.00      -16.00
00224            -560.00      -24.00
00225            -480.00      -16.00
00226            -400.00      -16.00
00227            -280.00      -20.00
00228            -160.00      -20.00
00229             -80.00      -16.00
00230              80.00      -16.00
00231             160.00      -20.00
00232             320.00      -20.00
00233             480.00      -20.00
00234             640.00      -16.00
00235             760.00      -12.00
00236             920.00      -20.00
00237            1000.00      -20.00
00238            1160.00      -16.00
00239            1320.00      -16.00
00240            1360.00      -16.00
00241            1520.00      -16.00
00242            1520.00      -20.00
00243            1600.00      -20.00
00244            1680.00      -24.00
00245            1720.00      -20.00
00246            1760.00      -16.00
00247            1800.00      -16.00
00248            1840.00      -20.00
00249            1840.00      -20.00
00250            1840.00      -16.00
00251            1840.00      -16.00
00252            1880.00      -24.00
00253            1840.00      -16.00
00254            1840.00      -20.00
00255            1800.00      -16.00
00256            1760.00      -24.00
00257            1680.00      -12.00
00258            1600.00      -20.00
00259            1520.00      -16.00
00260            1480.00      500.00
00261               0.00      500.00
00262              80.00      500.00
00263              40.00      -32.00
00264              40.00      -36.00
00265              80.00      -36.00
00266              80.00      -32.00
00267              80.00      -36.00
00268              80.00      -32.00
00269              40.00      -32.00
00270              80.00      -32.00
00271               0.00      -28.00
00272             -40.00      -28.00
00273             -80.00      -32.00
00274            -120.00      -32.00
00275            -160.00      -32.00
00276            -240.00      -32.00
00277            -280.00      -32.00
00278            -360.00      -28.00
00279            -400.00      -24.00
00280            -440.00      -28.00
00281            -480.00      -32.00
00282            -520.00      -24.00
00283            -600.00      -32.00
00284            -680.00      -28.00
00285            -760.00      -28.00
00286            -840.00      -24.00
00287            -920.00      -20.00
00288           -1040.00      -20.00
00289           -1120.00      -24.00
00290           -1240.00      -24.00
00291           -1320.00      -24.00
00292           -1440.00      -28.00
00293           -1560.00      -24.00
00294           -1640.00      -24.00
00295           -1720.00      -24.00
00296           -1840.00      -24.00
00297           -1920.00      -24.00
00298           -1960.00      -20.00
00299           -2000.00      -28.00
00300           -2040.00      -28.00
00301           -2080.00      -24.00
00302           -2080.00      -24.00
00303           -2080.00      -20.00
00304           -2040.00      -20.00
00305           -2080.00      -20.00
00306           -2040.00      -20.00
00307           -2000.00      -20.00
00308           -1960.00      -24.00
00309           -1920.00      -20.00
00310           -1840.00      -24.00
00311           -1840.00      -16.00
00312           -1760.00      -20.00
00313           -1720.00      -20.00
00314           -1600.00      -20.00
00315           -1600.00      -16.00
00316           -1480.00      -16.00
00317           -1440.00      -16.00
00318           -1320.00      -20.00
00319           -1200.00      -20.00
00320           -1080.00      -20.00
00321           -1000.00      -16.00
00322            -840.00      -16.00
00323            -720.00      -20.00
00324            -560.00      -16.00
00325            -440.00      -20.00
00326            -360.00      -16.00
00327            -160.00      -16.00
00328             -40.00      -20.00
00329              40.00      -20.00
00330             160.00      -20.00
00331             240.00      -24.00
00332             360.00      -16.00
00333             400.00      -16.00
00334             480.00      -12.00
00335             560.00      -20.00
00336             600.00      -20.00
00337             640.00      -20.00
00338             760.00      -24.00
00339             800.00      -16.00
00340             840.00      -20.00
00341             880.00      -16.00
00342             960.00      -20.00
00343            1040.00      -16.00
00344            1160.00      -20.00
00345            1200.00      -16.00
00346            1280.00      -12.00
00347            1360.00      -20.00
00348            1480.00      -16.00
00349            1520.00      -16.00
00350            1640.00      -20.00
00351            1760.00      -20.00
00352            1840.00      -16.00
00353            1880.00      -16.00
00354            1960.00      -16.00
00355            2000.00      -20.00
00356            2000.00      -16.00
00357            2000.00      -16.00
00358            2000.00      -20.00
00359            2000.00      -16.00
00360            2040.00      -20.00
00361            2000.00      -12.00
00362            2000.00      -16.00
00363            2000.00      -12.00
00364            2000.00      -16.00
00365            2000.00      -12.00
00366            2000.00      -16.00
00367            2000.00      -16.00
00368            2000.00      -12.00
00369            2080.00      -20.00
00370            2040.00      -16.00
00371            2000.00      -12.00
00372            2040.00      -16.00
00373            2000.00      -16.00
00374            1920.00      -16.00
00375            1800.00      -16.00
00376            1720.00      -16.00
00377            1600.00      -20.00
00378            1520.00      -12.00
00379            1400.00      -16.00
00380            1320.00      -16.00
00381            1160.00      -16.00
00382            1040.00      -16.00
00383             880.00      -20.00
00384             800.00      -16.00
00385             640.00      -20.00
00386             520.00      -16.00
00387             360.00      -16.00
00388             280.00      -16.00
00389             160.00      -16.00
00390              80.00      -16.00
00391              40.00      -12.00
00392               0.00      -12.00
00393             -80.00      -20.00
00394             -80.00      -12.00
00395            -120.00       -8.00
00396            -120.00      -16.00
00397            -160.00      -16.00
00398            -200.00      -16.00
00399            -240.00      -12.00
00400            -280.00      -12.00
00401            -320.00      -12.00
00402            -400.00      -20.00
00403            -400.00      -20.00
00404            -440.00      -20.00
00405            -440.00      -12.00
00406            -440.00      -16.00
00407            -440.00      -20.00
00408            -480.00      -12.00
00409            -440.00      -16.00
00410            -520.00      -12.00
00411            -480.00      -16.00
00412            -480.00      -16.00
00413            -480.00      -16.00
00414            -480.00      -12.00
00415            -480.00      -20.00
00416            -520.00      -16.00
00417            -520.00      -12.00
00418            -520.00      -12.00
00419            -520.00      -20.00
00420            -480.00      -12.00
00421            -560.00      -16.00
00422            -560.00      -20.00
00423            -600.00      -16.00
00424            -640.00      -16.00
00425            -720.00      -16.00
00426            -800.00      -16.00
00427            -800.00      -12.00
00428            -840.00      -16.00
00429            -920.00      -16.00
00430            -920.00      -12.00
00431            -920.00      -16.00
00432            -920.00      -16.00
00433            -920.00      -12.00
00434            -920.00      -12.00
00435            -920.00      -16.00
00436            -880.00      -16.00
00437            -840.00      -16.00
00438            -800.00      -12.00
00439            -760.00      -12.00
00440            -760.00      -20.00
00441            -720.00      -12.00
00442            -720.00      -16.00
00443            -640.00      -16.00
00444            -680.00      -12.00
00445            -720.00      -16.00
00446            -680.00      -16.00
00447            -720.00      -12.00
00448            -760.00      -12.00
00449            -800.00      -16.00
00450            -840.00      -12.00
00451            -880.00      -16.00
00452            -880.00      -12.00
00453            -840.00      -12.00
00454            -840.00      -16.00
00455            -800.00       -8.00
00456            -760.00       -8.00
00457            -720.00      -16.00
00458            -680.00      -12.00
00459            -640.00      -20.00
00460            -600.00      -16.00
00461            -560.00      -12.00
00462            -520.00      -12.00
00463            -520.00      -16.00
00464            -480.00      -12.00
00465            -480.00      -16.00
00466            -520.00      -16.00
00467            -480.00      -16.00
00468            -560.00      -12.00
00469            -640.00      -16.00
00470            -600.00      -12.00
00471            -640.00      -12.00
00472            -680.00      -12.00
00473            -600.00      -16.00
00474            -520.00      -16.00
00475            -480.00      -12.00
00476            -400.00      -12.00
00477            -280.00       -8.00
00478            -240.00      -12.00
00479             -80.00      -12.00
00480              40.00      -20.00
00481             200.00      -16.00
00482             360.00      -12.00
00483             480.00      -12.00
00484             600.00      -16.00
00485             760.00      -12.00
00486             880.00       -8.00
00487            1080.00      -12.00
00488            1160.00      -20.00
00489            1280.00      -16.00
00490            1400.00      -16.00
00491            1480.00      -24.00
00492            1560.00      -16.00
00493            1600.00      -16.00
00494            1680.00      -12.00
00495            1720.00      -16.00
00496            1760.00      -12.00
00497            1800.00      -16.00
00498            1840.00      -20.00
00499            1840.00      -20.00
00500            1840.00      -12.00
00501            1840.00      -20.00
00502            1840.00      -20.00
00503            1840.00      -16.00
00504            1800.00      -20.00
00505            1800.00      -16.00
00506            1760.00      -12.00
00507            1680.00      -20.00
00508            1640.00      -20.00
00509            1520.00      -16.00
00510            1480.00      500.00
00511               0.00      500.00
00512              80.00      500.00
00513              40.00      -36.00
00514              40.00      -36.00
00515              80.00      -28.00
00516              80.00      -36.00
00517              80.00      -36.00
00518              40.00      -36.00
00519              40.00      -36.00
00520              40.00      -36.00
00521               0.00      -36.00
00522             -40.00      -32.00
00523             -80.00      -28.00
00524             -80.00      -32.00
00525            -160.00      -32.00
00526            -160.00      -32.00
00527            -320.00      -32.00
00528            -360.00      -28.00
00529            -400.00      -32.00
00530            -440.00      -32.00
00531            -480.00      -28.00
00532            -560.00      -28.00
00533            -600.00      -24.00
00534            -680.00      -28.00
00535            -720.00      -24.00
00536            -840.00      -28.00
00537            -920.00      -28.00
00538           -1040.00      -28.00
00539           -1120.00      -28.00
00540           -1240.00      -32.00
00541           -1320.00      -28.00
00542           -1400.00      -24.00
00543           -1520.00      -24.00
00544           -1640.00      -28.00
00545           -1720.00      -28.00
00546           -1840.00      -28.00
00547           -1920.00      -24.00
00548           -1960.00      -28.00
00549           -2000.00      -24.00
00550           -2080.00      -24.00
00551           -2120.00      -28.00
00552           -2120.00      -24.00
00553           -2080.00      -24.00
00554           -2080.00      -16.00
00555           -2080.00      -24.00
00556           -2040.00      -20.00
00557           -2000.00      -28.00
00558           -2000.00      -28.00
00559           -1920.00      -24.00
00560           -1880.00      -24.00
00561           -1840.00      -20.00
00562           -1760.00      -20.00
00563           -1720.00      -24.00
00564           -1640.00      -28.00
00565           -1600.00      -20.00
00566           -1440.00      -24.00
00567           -1400.00      -24.00
00568           -1320.00      -24.00
00569           -1200.00      -24.00
00570           -1080.00      -24.00
00571            -960.00      -20.00
00572            -840.00      -20.00
00573            -720.00      -28.00
00574            -600.00      -20.00
00575            -440.00      -20.00
00576            -320.00      -20.00
00577            -160.00      -24.00
00578             -40.00      -20.00
00579              80.00      -20.00
00580             200.00      -20.00
00581             280.00      -16.00
00582             320.00      -20.00
00583             440.00      -24.00
00584             480.00      -16.00
00585             520.00      -20.00
00586             640.00      -20.00
00587             600.00      -20.00
00588             720.00      -20.00
00589             800.00      -20.00
00590             880.00      -16.00
00591             880.00      -20.00
00592             960.00      -20.00
00593            1040.00      -24.00
00594            1120.00      -16.00
00595            1200.00      -20.00
00596            1240.00      -20.00
00597            1360.00      -20.00
00598            1480.00      -20.00
00599            1560.00      -16.00
00600            1680.00      -20.00
00601            1720.00      -16.00
00602            1840.00      -24.00
00603            1920.00      -16.00
00604            1920.00      -20.00
00605            2000.00      -20.00
00606            2000.00      -16.00
00607            2000.00      -20.00
00608            2000.00      -16.00
00609            2000.00      -16.00
00610            2000.00      -20.00
00611            2000.00      -24.00
00612            2000.00      -20.00
00613            2000.00      -20.00
00614            2000.00      -20.00
00615            2000.00      -20.00
00616            2040.00      -20.00
00617            2040.00      -20.00
00618            2040.00      -16.00
00619            2080.00      -20.00
00620            2040.00      -16.00
00621            2000.00      -12.00
00622            2000.00      -24.00
00623            1960.00      -20.00
00624            1880.00      -20.00
00625            1840.00      -20.00
00626            1720.00      -16.00
00627            1600.00      -16.00
00628            1520.00      -16.00
00629            1400.00      -16.00
00630            1320.00      -16.00
00631            1200.00      -16.00
00632            1040.00      -20.00
00633             920.00      -16.00
00634             760.00      -20.00
00635             600.00      -16.00
00636             520.00      -16.00
00637             400.00      -16.00
00638             240.00      -16.00
00639             160.00      -16.00
00640              80.00      -16.00
00641               0.00      -20.00
00642               0.00      -20.00
00643             -80.00      -16.00
00644             -80.00      -20.00
00645             -80.00      -16.00
00646            -160.00      -16.00
00647            -160.00      -12.00
00648            -200.00      -16.00
00649            -240.00      -20.00
00650            -280.00      -20.00
00651            -280.00      -20.00
00652            -320.00      -16.00
00653            -360.00      -20.00
00654            -400.00      -16.00
00655            -400.00      -16.00
00656            -480.00      -20.00
00657            -480.00      -16.00
00658            -480.00      -16.00
00659            -480.00      -16.00
00660            -440.00      -20.00
00661            -440.00      -20.00
00662            -480.00      -20.00
00663            -480.00      -20.00
00664            -480.00      -20.00
00665            -520.00      -16.00
00666            -520.00      -16.00
00667            -520.00      -12.00
00668            -560.00      -20.00
00669            -520.00      -12.00
00670            -520.00      -16.00
00671            -520.00      -16.00
00672            -560.00      -20.00
00673            -600.00      -20.00
00674            -640.00      -20.00
00675            -720.00      -16.00
00676            -760.00      -20.00
00677            -800.00      -16.00
00678            -880.00      -16.00
00679            -920.00      -20.00
00680            -920.00      -12.00
00681            -920.00      -20.00
00682            -960.00      -20.00
00683            -960.00      -20.00
00684            -920.00      -16.00
00685            -920.00      -16.00
00686            -880.00      -20.00
00687            -840.00      -16.00
00688            -800.00      -20.00
00689            -760.00      -16.00
00690            -720.00      -16.00
00691            -680.00      -20.00
00692            -680.00      -16.00
00693            -640.00      -16.00
00694            -680.00      -12.00
00695            -720.00      -16.00
00696            -680.00      -16.00
00697            -720.00      -16.00
00698            -760.00      -16.00
00699            -840.00      -16.00
00700            -840.00      -20.00
00701            -880.00      -12.00
00702            -840.00      -16.00
00703            -840.00      -16.00
00704            -800.00      -20.00
00705            -840.00      -16.00
00706            -760.00      -20.00
00707            -760.00      -16.00
00708            -680.00      -20.00
00709            -680.00      -16.00
00710            -600.00      -20.00
00711            -560.00      -20.00
00712            -560.00      -20.00
00713            -480.00      -16.00
00714            -480.00      -24.00
00715            -440.00      -20.00
00716            -480.00      -20.00
00717            -520.00      -16.00
00718            -560.00      -20.00
00719            -600.00      -12.00
00720            -600.00      -16.00
00721            -640.00      -20.00
00722            -640.00      -12.00
00723            -600.00      -12.00
00724            -560.00      -16.00
00725            -440.00      -16.00
00726            -400.00      -16.00
00727            -320.00      -24.00
00728            -200.00      -20.00
00729             -40.00      -16.00
00730              40.00      -20.00
00731             200.00      -12.00
00732             360.00      -20.00
00733             480.00      -12.00
00734             640.00      -16.00
00735             760.00      -20.00
00736             920.00      -16.00
00737            1120.00      -20.00
00738            1160.00      -16.00
00739            1280.00      -16.00
00740            1360.00      -12.00
00741            1480.00      -12.00
00742            1520.00      -12.00
00743            1640.00      -12.00
00744            1680.00      -12.00
00745            1720.00      -20.00
00746            1760.00      -16.00
00747            1840.00      -16.00
00748            1840.00      -16.00
00749            1880.00      -16.00
00750            1840.00      -20.00
00751            1840.00      -12.00
00752            1880.00      -12.00
00753            1840.00      -16.00
00754            1840.00      -16.00
00755            1800.00      -12.00
00756            1760.00      -16.00
00757            1680.00      -16.00
00758            1640.00      -12.00
00759            1520.00      -20.00
00760            1480.00      500.00
00761               0.00      500.00
00762               0.00      500.00
00763              80.00      -28.00
00764              40.00      -32.00
00765              80.00      -32.00
00766              80.00      -32.00
00767             120.00      -32.00
00768              80.00      -28.00
00769              80.00      -32.00
00770              40.00      -28.00
00771              40.00      -32.00
00772             -40.00      -32.00
00773             -80.00      -28.00
00774            -120.00      -24.00
00775            -200.00      -28.00
00776            -240.00      -28.00
00777            -280.00      -24.00
00778            -320.00      -28.00
00779            -400.00      -28.00
00780            -440.00      -24.00
00781            -480.00      -24.00
00782            -560.00      -24.00
00783            -600.00      -24.00
00784            -680.00      -20.00
00785            -720.00      -28.00
00786            -800.00      -24.00
00787            -920.00      -24.00
00788           -1040.00      -28.00
00789           -1120.00      -20.00
00790           -1240.00      -16.00
00791           -1320.00      -16.00
00792           -1440.00      -20.00
00793           -1560.00      -20.00
00794           -1680.00      -24.00
00795           -1720.00      -20.00
00796           -1840.00      -20.00
00797           -1920.00      -16.00
00798           -1960.00      -20.00
00799           -2000.00      -20.00
00800           -2040.00      -20.00
00801           -2120.00      -20.00
00802           -2080.00      -20.00
00803           -2080.00      -20.00
00804           -2080.00      -20.00
00805           -2040.00      -16.00
00806           -2000.00      -20.00
00807           -2040.00      -16.00
00808           -1960.00      -16.00
00809           -1920.00      -20.00
00810           -1880.00      -12.00
00811           -1880.00      -12.00
00812           -1760.00      -16.00
00813           -1680.00      -16.00
00814           -1640.00      -20.00
00815           -1560.00      -12.00
00816           -1520.00      -16.00
00817           -1400.00      -20.00
00818           -1280.00      -16.00
00819           -1240.00      -16.00
00820           -1120.00      -20.00
00821            -960.00      -16.00
00822            -840.00      -16.00
00823            -680.00      -24.00
00824            -600.00      -20.00
00825            -440.00      -20.00
00826            -320.00      -12.00
00827            -160.00      -16.00
00828               0.00      -12.00
00829              80.00      -16.00
00830             160.00      -16.00
00831             280.00      -20.00
00832             320.00      -20.00
00833             440.00      -16.00
00834             520.00      -16.00
00835             560.00      -20.00
00836             600.00      -16.00
00837             640.00      -12.00
00838             720.00      -16.00
00839             800.00      -16.00
00840             840.00      -16.00
00841             880.00      -16.00
00842             960.00      -16.00
00843            1040.00      -16.00
00844            1080.00      -16.00
00845            1200.00      -20.00
00846            1240.00      -12.00
00847            1360.00      -12.00
00848            1520.00      -16.00
00849            1600.00      -20.00
00850            1680.00      -16.00
00851            1720.00      -16.00
00852            1840.00      -20.00
00853            1880.00      -24.00
00854            1920.00      -16.00
00855            1960.00      -20.00
00856            2000.00      -24.00
00857            2000.00      -12.00
00858            2000.00      -12.00
00859            2040.00      -16.00
00860            2000.00      -20.00
00861            2000.00      -28.00
00862            2000.00      -20.00
00863            1960.00      -20.00
00864            2000.00      -20.00
00865            2000.00      -16.00
00866            2040.00      -12.00
00867            2040.00      -16.00
00868            2040.00      -20.00
00869            2080.00      -16.00
00870            2040.00      -20.00
00871            2040.00      -20.00
00872            2000.00      -16.00
00873            1960.00      -20.00
00874            1880.00      -16.00
00875            1800.00      -20.00
00876            1720.00      -16.00
00877            1640.00      -16.00
00878            1520.00      -20.00
00879            1400.00      -20.00
00880            1280.00      -20.00
00881            1200.00      -24.00
00882            1040.00      -20.00
00883             880.00      -16.00
00884             760.00      -12.00
00885             640.00      -16.00
00886             520.00      -20.00
00887             400.00      -16.00
00888             240.00      -20.00
00889             200.00      -16.00
00890             120.00      -16.00
00891               0.00      -16.00
00892               0.00      -20.00
00893             -40.00      -16.00
00894            -120.00      -16.00
00895            -120.00      -16.00
00896            -120.00      -16.00
00897            -160.00      -20.00
00898            -200.00      -20.00
00899            -240.00      -20.00
00900            -280.00      -16.00
00901            -360.00      -16.00
00902            -360.00      -16.00
00903            -400.00      -16.00
00904            -400.00      -16.00
00905            -400.00      -20.00
00906            -480.00      -16.00
00907            -440.00      -20.00
00908            -480.00      -20.00
00909            -480.00      -16.00
00910            -480.00      -12.00
00911            -480.00      -20.00
00912            -480.00      -16.00
00913            -440.00      -16.00
00914            -480.00      -16.00
00915            -480.00      -20.00
00916            -520.00      -20.00
00917            -480.00      -20.00
00918            -480.00      -20.00
00919            -520.00      -20.00
00920            -480.00      -20.00
00921            -520.00      -16.00
00922            -560.00      -20.00
00923            -600.00      -16.00
00924            -640.00      -12.00
00925            -720.00      -16.00
00926            -800.00      -16.00
00927            -800.00      -20.00
00928            -880.00      -20.00
00929            -920.00      -16.00
00930            -920.00      -20.00
00931            -920.00      -24.00
00932            -960.00      -16.00
00933            -960.00      -16.00
00934            -920.00      -12.00
00935            -920.00      -20.00
00936            -880.00      -12.00
00937            -840.00      -20.00
00938            -800.00      -20.00
00939            -760.00      -20.00
00940            -760.00      -20.00
00941            -720.00      -20.00
00942            -640.00      -20.00
00943            -680.00      -16.00
00944            -680.00      -24.00
00945            -680.00      -20.00
00946            -720.00      -16.00
00947            -720.00      -20.00
00948            -760.00      -16.00
00949            -800.00      -24.00
00950            -840.00      -16.00
00951            -840.00      -16.00
00952            -880.00      -16.00
00953            -840.00      -20.00
00954            -840.00      -20.00
00955            -800.00      -16.00
00956            -760.00      -20.00
00957            -720.00      -16.00
00958            -680.00      -16.00
00959            -640.00      -20.00
00960            -600.00      -20.00
00961            -560.00      -16.00
00962            -520.00      -20.00
00963            -520.00      -20.00
00964            -480.00      -20.00
00965            -480.00      -20.00
00966            -480.00      -16.00
00967            -520.00      -24.00
00968            -560.00      -24.00
00969            -600.00      -16.00
00970            -640.00      -20.00
00971            -640.00      -16.00
00972            -640.00      -20.00
00973            -600.00      -16.00
00974            -560.00      -20.00
00975            -480.00      -16.00
00976            -400.00      -20.00
00977            -280.00      -16.00
00978            -200.00      -20.00
00979             -40.00      -16.00
00980              80.00      -16.00
00981             160.00      -16.00
00982             400.00      -16.00
00983             520.00      -16.00
00984             640.00      -16.00
00985             760.00      -24.00
00986             880.00      -20.00
00987            1000.00      -20.00
00988            1160.00      -16.00
00989            1240.00      -16.00
00990            1400.00      -12.00
00991            1480.00      -20.00
00992            1520.00      -16.00
00993            1640.00      -16.00
00994            1680.00      -16.00
00995            1720.00      -20.00
00996            1760.00      -16.00
00997            1760.00      -16.00
00998            1840.00      -16.00
00999            1840.00      -12.00
01000            1880.00      -16.00
01001            1840.00      -16.00
01002            1840.00      -20.00
01003            1840.00      -20.00
01004            1840.00      -16.00
01005            1760.00      -16.00
01006            1720.00      -20.00
01007            1680.00      -16.00
01008            1640.00      -16.00
01009            1520.00      -12.00
01010            1440.00      500.00
01011               0.00      500.00
01012               0.00      500.00
01013              40.00      -36.00
01014              80.00      -36.00
01015             120.00      -36.00
01016              80.00      -36.00
01017              80.00      -40.00
01018              80.00      -28.00
01019              40.00      -28.00
01020              40.00      -32.00
01021               0.00      -28.00
01022               0.00      -32.00
01023             -40.00      -32.00
01024            -120.00      -36.00
01025            -160.00      -28.00
01026            -200.00      -32.00
01027            -280.00      -36.00
01028            -320.00      -28.00
01029            -400.00      -28.00
01030            -440.00      -28.00
01031            -480.00      -28.00
01032            -520.00      -28.00
01033            -600.00      -28.00
01034            -640.00      -28.00
01035            -720.00      -20.00
01036            -800.00      -24.00
01037            -920.00      -28.00
01038           -1040.00      -28.00
01039           -1120.00      -24.00
01040           -1240.00      -24.00
01041           -1360.00      -28.00
01042           -1440.00      -24.00
01043           -1560.00      -20.00
01044           -1600.00      -20.00
01045           -1720.00      -28.00
01046           -1840.00      -20.00
01047           -1840.00      -24.00
01048           -1960.00      -20.00
01049           -2000.00      -28.00
01050           -2080.00      -24.00
01051           -2080.00      -20.00
01052           -2080.00      -24.00
01053           -2080.00      -28.00
01054           -2080.00      -20.00
01055           -2040.00      -24.00
01056           -2040.00      -20.00
01057           -2000.00      -20.00
01058           -1960.00      -20.00
01059           -1920.00      -28.00
01060           -1880.00      -24.00
01061           -1840.00      -16.00
01062           -1760.00      -24.00
01063           -1680.00      -24.00
01064           -1680.00      -20.00
01065           -1520.00      -24.00
01066           -1520.00      -20.00
01067           -1400.00      -20.00
01068           -1280.00      -16.00
01069           -1240.00      -24.00
01070           -1080.00      -20.00
01071            -960.00      -20.00
01072            -880.00      -20.00
01073            -680.00      -24.00
01074            -600.00      -16.00
01075            -440.00      -16.00
01076            -320.00      -20.00
01077            -120.00      -20.00
01078             -40.00      -20.00
01079              80.00      -20.00
01080             160.00      -16.00
01081             280.00      -24.00
01082             360.00      -24.00
01083             440.00      -16.00
01084             520.00      -16.00
01085             560.00      -16.00
01086             640.00      -12.00
01087             680.00      -20.00
01088             720.00      -20.00
01089             800.00      -16.00
01090             840.00      -16.00
01091             880.00      -12.00
01092            1000.00      -20.00
01093            1040.00      -16.00
01094            1080.00      -12.00
01095            1200.00      -16.00
01096            1280.00      -20.00
01097            1360.00      -20.00
01098            1440.00      -16.00
01099            1560.00      -20.00
01100            1640.00      -16.00
01101            1760.00      -16.00
01102            1840.00      -16.00
01103            1920.00      -16.00
01104            1920.00      -16.00
01105            2000.00      -16.00
01106            2040.00      -16.00
01107            2000.00      -20.00
01108            2000.00      -20.00
01109            2000.00      -16.00
01110            2000.00      -20.00
01111            2000.00      -16.00
01112            2000.00      -20.00
01113            2000.00      -20.00
01114            2000.00      -16.00
01115            2000.00      -16.00
01116            2000.00      -16.00
01117            2040.00      -20.00
01118            2040.00      -16.00
01119            2080.00      -16.00
01120            2040.00      -16.00
01121            2000.00      -16.00
01122            2000.00      -16.00
01123            1920.00      -12.00
01124            1880.00      -12.00
01125            1800.00      -16.00
01126            1720.00      -16.00
01127            1600.00      -16.00
01128            1520.00      -16.00
01129            1400.00      -16.00
01130            1320.00      -20.00
01131            1200.00      -16.00
01132            1040.00      -16.00
01133             920.00      -12.00
01134             720.00      -16.00
01135             640.00      -16.00
01136             520.00      -12.00
01137             400.00      -16.00
01138             280.00      -16.00
01139             160.00       -8.00
01140              80.00      -20.00
01141              80.00      -20.00
01142             -40.00      -12.00
01143             -40.00      -12.00
01144             -80.00      -12.00
01145            -120.00      -20.00
01146            -160.00      -16.00
01147            -160.00      -12.00
01148            -200.00      -16.00
01149            -240.00      -16.00
01150            -280.00      -16.00
01151            -320.00      -20.00
01152            -360.00      -12.00
01153            -360.00      -12.00
01154            -400.00      -20.00
01155            -400.00      -12.00
01156            -440.00      -16.00
01157            -480.00      -16.00
01158            -440.00      -16.00
01159            -480.00      -16.00
01160            -480.00      -16.00
01161            -480.00      -16.00
01162            -480.00      -12.00
01163            -480.00      -16.00
01164            -480.00      -16.00
01165            -480.00      -12.00
01166            -520.00      -16.00
01167            -480.00      -16.00
01168            -480.00      -16.00
01169            -520.00      -12.00
01170            -520.00      -16.00
01171            -520.00      -12.00
01172            -560.00      -12.00
01173            -600.00      -20.00
01174            -640.00      -12.00
01175            -720.00      -16.00
01176            -760.00      -16.00
01177            -840.00       -8.00
01178            -880.00      -20.00
01179            -880.00      -16.00
01180            -920.00      -16.00
01181            -920.00      -16.00
01182            -960.00      -16.00
01183            -960.00      -12.00
01184            -920.00      -16.00
01185            -920.00      -12.00
01186            -920.00      -16.00
01187            -840.00      -16.00
01188            -840.00      -16.00
01189            -800.00      -16.00
01190            -720.00       -8.00
01191            -720.00      -12.00
01192            -680.00      -16.00
01193            -680.00      -16.00
01194            -680.00      -20.00
01195            -680.00      -12.00
01196            -720.00      -16.00
01197            -720.00      -16.00
01198            -760.00      -16.00
01199            -840.00      -12.00
01200            -840.00      -16.00
01201            -840.00      -16.00
01202            -840.00      -16.00
01203            -840.00      -16.00
01204            -840.00      -16.00
01205            -760.00      -16.00
01206            -760.00      -12.00
01207            -720.00       -8.00
01208            -680.00      -16.00
01209            -680.00      -12.00
01210            -640.00      -16.00
01211            -600.00      -16.00
01212            -520.00      -16.00
01213            -520.00      -16.00
01214            -480.00      -12.00
01215            -480.00      -12.00
01216            -480.00      -16.00
01217            -560.00      -12.00
01218            -560.00      -20.00
01219            -600.00      -12.00
01220            -640.00      -16.00
01221            -640.00      -12.00
01222            -600.00      -12.00
01223            -640.00      -12.00
01224            -560.00       -8.00
01225            -480.00      -20.00
01226            -400.00      -16.00
01227            -280.00      -16.00
01228            -160.00      -16.00
01229             -80.00      -20.00
01230              80.00      -16.00
01231             240.00      -12.00
01232             360.00      -12.00
01233             520.00      -20.00
01234             640.00      -12.00
01235             720.00      -12.00
01236             880.00      -16.00
01237            1040.00      -20.00
01238            1200.00      -16.00
01239            1280.00      -16.00
01240            1440.00      -12.00
01241            1480.00      -16.00
01242            1560.00      -16.00
01243            1600.00      -16.00
01244            1680.00       -8.00
01245            1720.00      -24.00
01246            1800.00      -20.00
01247            1760.00      -20.00
01248            1840.00      -12.00
01249            1840.00      -16.00
01250            1840.00      -20.00
01251            1880.00      -12.00
01252            1840.00      -20.00
01253            1840.00      -16.00
01254            1800.00      -12.00
01255            1800.00      -12.00
01256            1760.00      -24.00
01257            1680.00      -20.00
01258            1600.00      -16.00
01259            1520.00      -16.00
01260            1440.00      500.00
01261               0.00      500.00
01262              40.00      500.00
01263              80.00      -36.00
01264              40.00      -40.00
01265              80.00      -36.00
01266              80.00      -36.00
01267              80.00      -36.00
01268              80.00      -32.00
01269              40.00      -32.00
01270              40.00      -32.00
01271               0.00      -36.00
01272             -40.00      -32.00
01273             -80.00      -32.00
01274             -80.00      -36.00
01275            -160.00      -36.00
01276            -200.00      -28.00
01277            -280.00      -28.00
01278            -320.00      -32.00
01279            -400.00      -28.00
01280            -440.00      -36.00
01281            -480.00      -28.00
01282            -520.00      -28.00
01283            -600.00      -28.00
01284            -640.00      -24.00
01285            -760.00      -28.00
01286            -840.00      -28.00
01287            -920.00      -28.00
01288           -1040.00      -28.00
01289           -1120.00      -32.00
01290           -1200.00      -32.00
01291           -1320.00      -28.00
01292           -1440.00      -28.00
01293           -1560.00      -28.00
01294           -1640.00      -28.00
01295           -1720.00      -24.00
01296           -1800.00      -24.00
01297           -1880.00      -28.00
01298           -1960.00      -28.00
01299           -2000.00      -28.00
01300           -2000.00      -28.00
01301           -2080.00      -24.00
01302           -2080.00      -28.00
01303           -2080.00      -32.00
01304           -2120.00      -24.00
01305           -2040.00      -24.00
01306           -2080.00      -20.00
01307           -1960.00      -24.00
01308           -1960.00      -28.00
01309           -1920.00      -24.00
01310           -1880.00      -24.00
01311           -1840.00      -24.00
01312           -1760.00      -32.00
01313           -1720.00      -24.00
01314           -1640.00      -28.00
01315           -1520.00      -20.00
01316           -1480.00      -20.00
01317           -1440.00      -20.00
01318           -1280.00      -24.00
01319           -1240.00      -20.00
01320           -1120.00      -20.00
01321            -960.00      -20.00
01322            -880.00      -20.00
01323            -720.00      -20.00
01324            -560.00      -20.00
01325            -400.00      -24.00
01326            -320.00      -24.00
01327            -120.00      -20.00
01328             -80.00      -20.00
01329              80.00      -20.00
01330             120.00      -20.00
01331             240.00      -12.00
01332             360.00      -20.00
01333             400.00      -24.00
01334             520.00      -20.00
01335             560.00      -20.00
01336             640.00      -24.00
01337             720.00      -24.00
01338             720.00      -20.00
01339             800.00      -20.00
01340             840.00      -24.00
01341             880.00      -20.00
01342             960.00      -20.00
01343            1040.00      -16.00
01344            1080.00      -16.00
01345            1200.00      -16.00
01346            1280.00      -20.00
01347            1360.00      -32.00
01348            1480.00      -16.00
01349            1600.00      -24.00
01350            1680.00      -20.00
01351            1760.00      -20.00
01352            1840.00      -20.00
01353            1880.00      -16.00
01354            1920.00      -20.00
01355            1960.00      -16.00
01356            2000.00      -20.00
01357            2040.00      -20.00
01358            2040.00      -20.00
01359            2000.00      -20.00
01360            2000.00      -16.00
01361            2000.00      -20.00
01362            2000.00      -20.00
01363            2000.00      -16.00
01364            1960.00      -16.00
01365            2000.00      -20.00
01366            2000.00      -20.00
01367            2000.00      -16.00
01368            2040.00      -20.00
01369            2080.00      -20.00
01370            2040.00      -20.00
01371            2040.00      -20.00
01372            2000.00      -16.00
01373            1960.00      -20.00
01374            1840.00      -20.00
01375            1800.00      -16.00
01376            1720.00      -20.00
01377            1640.00      -20.00
01378            1520.00      -20.00
01379            1400.00      -20.00
01380            1320.00      -16.00
01381            1200.00      -24.00
01382            1040.00      -16.00
01383             920.00      -16.00
01384             760.00      -16.00
01385             640.00      -20.00
01386             520.00      -16.00
01387             360.00      -20.00
01388             280.00      -20.00
01389             160.00      -12.00
01390              80.00      -24.00
01391              40.00      -16.00
01392               0.00      -16.00
01393             -80.00      -20.00
01394             -80.00      -16.00
01395            -120.00      -20.00
01396            -160.00      -20.00
01397            -160.00      -20.00
01398            -240.00      -20.00
01399            -280.00      -20.00
01400            -280.00      -20.00
01401            -320.00      -16.00
01402            -360.00      -20.00
01403            -400.00      -20.00
01404            -400.00      -16.00
01405            -440.00      -20.00
01406            -440.00      -16.00
01407            -480.00      -16.00
01408            -480.00      -20.00
01409            -480.00      -16.00
01410            -480.00      -16.00
01411            -480.00      -16.00
01412            -440.00      -16.00
01413            -440.00      -20.00
01414            -480.00      -24.00
01415            -520.00      -16.00
01416            -520.00      -16.00
01417            -480.00      -20.00
01418            -480.00      -24.00
01419            -560.00      -16.00
01420            -480.00      -20.00
01421            -520.00      -20.00
01422            -560.00      -16.00
01423            -600.00      -16.00
01424            -640.00      -20.00
01425            -720.00      -16.00
01426            -760.00      -20.00
01427            -800.00      -16.00
01428            -840.00      -20.00
01429            -880.00      -16.00
01430            -920.00      -24.00
01431            -920.00      -16.00
01432            -920.00      -20.00
01433            -920.00      -20.00
01434            -920.00      -20.00
01435            -920.00      -20.00
01436            -880.00      -20.00
01437            -840.00      -20.00
01438            -840.00      -12.00
01439            -800.00      -20.00
01440            -720.00      -16.00
01441            -720.00      -24.00
01442            -680.00      -20.00
01443            -680.00      -16.00
01444            -680.00      -16.00
01445            -680.00      -20.00
01446            -720.00      -24.00
01447            -760.00      -16.00
01448            -800.00      -12.00
01449            -800.00      -16.00
01450            -840.00      -16.00
01451            -840.00      -16.00
01452            -880.00      -16.00
01453            -880.00      -20.00
01454            -840.00      -20.00
01455            -760.00      -24.00
01456            -760.00      -20.00
01457            -720.00      -16.00
01458            -720.00      -16.00
01459            -680.00      -20.00
01460            -640.00      -16.00
01461            -600.00      -16.00
01462            -560.00      -16.00
01463            -520.00      -16.00
01464            -480.00      -16.00
01465            -480.00      -20.00
01466            -480.00      -20.00
01467            -520.00      -12.00
01468            -520.00      -20.00
01469            -600.00      -16.00
01470            -640.00      -20.00
01471            -680.00      -20.00
01472            -600.00      -20.00
01473            -600.00      -20.00
01474            -560.00      -16.00
01475            -480.00      -16.00
01476            -400.00      -16.00
01477            -320.00      -16.00
01478            -200.00      -16.00
01479             -80.00      -12.00
01480              80.00      -20.00
01481             240.00      -20.00
01482             320.00      -16.00
01483             480.00      -24.00
01484             600.00      -20.00
01485             760.00      -16.00
01486             880.00      -16.00
01487            1040.00      -16.00
01488            1160.00      -16.00
01489            1280.00      -16.00
01490            1400.00      -16.00
01491            1480.00      -16.00
01492            1560.00      -16.00
01493            1640.00      -16.00
01494            1680.00      -16.00
01495            1720.00      -16.00
01496            1760.00      -16.00
01497            1800.00      -12.00
01498            1840.00      -16.00
01499            1840.00      -16.00
01500            1880.00      -16.00
01501            1840.00      -16.00
01502            1840.00      -16.00
01503            1840.00      -16.00
01504            1840.00      -16.00
01505            1800.00      -12.00
01506            1760.00      -16.00
01507            1680.00      -16.00
01508            1600.00      -16.00
01509            1520.00      -16.00
01510            1480.00      500.00
01511              40.00      500.00
01512              40.00      500.00
01513              80.00      -32.00
01514              80.00      -40.00
01515              40.00      -36.00
01516              80.00      -32.00
01517              80.00      -28.00
01518              40.00      -32.00
01519              80.00      -32.00
01520              40.00      -28.00
01521               0.00      -28.00
01522             -40.00      -28.00
01523             -80.00      -28.00
01524            -120.00      -28.00
01525            -160.00      -28.00
01526            -240.00      -28.00
01527            -280.00      -28.00
01528            -360.00      -28.00
01529            -360.00      -32.00
01530            -440.00      -28.00
01531            -520.00      -28.00
01532            -520.00      -24.00
01533            -600.00      -28.00
01534            -680.00      -24.00
01535            -720.00      -28.00
01536            -840.00      -24.00
01537            -920.00      -28.00
01538           -1040.00      -24.00
01539           -1160.00      -24.00
01540           -1240.00      -28.00
01541           -1360.00      -24.00
01542           -1440.00      -24.00
01543           -1520.00      -16.00
01544           -1680.00      -20.00
01545           -1760.00      -24.00
01546           -1840.00      -24.00
01547           -1920.00      -20.00
01548           -1960.00      -20.00
01549           -2000.00      -20.00
01550           -2040.00      -20.00
01551           -2080.00      -20.00
01552           -2120.00      -20.00
01553           -2120.00      -12.00
01554           -2080.00      -20.00
01555           -2080.00      -20.00
01556           -2040.00      -24.00
01557           -2000.00      -16.00
01558           -2000.00      -20.00
01559           -1920.00      -20.00
01560           -1840.00      -20.00
01561           -1800.00      -16.00
01562           -1760.00      -20.00
01563           -1680.00      -16.00
01564           -1640.00      -20.00
01565           -1560.00      -24.00
01566           -1480.00      -24.00
01567           -1440.00      -20.00
01568           -1360.00      -20.00
01569           -1240.00      -20.00
01570           -1160.00      -24.00
01571           -1000.00      -20.00
01572            -840.00      -16.00
01573            -720.00      -12.00
01574            -560.00      -16.00
01575            -400.00      -28.00
01576            -280.00      -20.00
01577            -160.00      -20.00
01578             -40.00      -16.00
01579              40.00      -12.00
01580             120.00      -16.00
01581             240.00      -20.00
01582             320.00      -16.00
01583             400.00      -16.00
01584             480.00      -16.00
01585             560.00      -20.00
01586             640.00      -20.00
01587             680.00      -20.00
01588             760.00      -20.00
01589             760.00      -16.00
01590             840.00      -12.00
01591             920.00      -16.00
01592            1000.00      -16.00
01593            1000.00      -16.00
01594            1120.00      -12.00
01595            1200.00      -20.00
01596            1320.00      -20.00
01597            1360.00      -20.00
01598            1480.00      -20.00
01599            1600.00      -20.00
01600            1680.00      -16.00
01601            1720.00      -16.00
01602            1840.00      -16.00
01603            1880.00      -16.00
01604            1960.00      -20.00
01605            2000.00      -20.00
01606            2000.00      -16.00
01607            2000.00      -20.00
01608            2000.00      -20.00
01609            2040.00      -16.00
01610            2000.00      -20.00
01611            2000.00      -12.00
01612            2000.00      -16.00
01613            1960.00      -16.00
01614            2000.00      -20.00
01615            1960.00      -16.00
01616            2000.00      -20.00
01617            2040.00      -20.00
01618            2040.00      -20.00
01619            2080.00      -20.00
01620            2040.00      -20.00
01621            2040.00      -16.00
01622            2000.00      -16.00
01623            1960.00      -16.00
01624            1880.00      -24.00
01625            1840.00      -20.00
01626            1720.00      -20.00
01627            1640.00      -16.00
01628            1520.00      -16.00
01629            1400.00      -20.00
01630            1280.00      -16.00
01631            1200.00      -16.00
01632            1040.00      -24.00
01633             920.00      -20.00
01634             760.00      -20.00
01635             640.00      -24.00
01636             520.00      -16.00
01637             360.00      -20.00
01638             240.00      -20.00
01639             160.00      -20.00
01640              80.00      -16.00
01641              40.00      -16.00
01642               0.00      -20.00
01643             -80.00      -16.00
01644            -120.00      -20.00
01645            -120.00      -20.00
01646            -160.00      -20.00
01647            -160.00      -24.00
01648            -200.00      -20.00
01649            -240.00      -16.00
01650            -240.00      -20.00
01651            -320.00      -20.00
01652            -360.00      -20.00
01653            -400.00      -16.00
01654            -440.00      -20.00
01655            -440.00      -16.00
01656            -440.00      -24.00
01657            -440.00      -20.00
01658            -440.00      -16.00
01659            -480.00      -20.00
01660            -480.00      -20.00
01661            -480.00      -16.00
01662            -480.00      -24.00
01663            -480.00      -16.00
01664            -480.00      -16.00
01665            -520.00      -16.00
01666            -520.00      -20.00
01667            -480.00      -20.00
01668            -520.00      -20.00
01669            -480.00      -16.00
01670            -520.00      -16.00
01671            -480.00      -20.00
01672            -560.00      -20.00
01673            -600.00      -16.00
01674            -680.00      -20.00
01675            -720.00      -20.00
01676            -760.00      -24.00
01677            -840.00      -16.00
01678            -880.00      -16.00
01679            -880.00      -20.00
01680            -920.00      -24.00
01681            -960.00      -16.00
01682            -920.00      -20.00
01683            -960.00      -20.00
01684            -920.00      -20.00
01685            -880.00      -20.00
01686            -880.00      -20.00
01687            -840.00      -12.00
01688            -840.00      -16.00
01689            -800.00      -20.00
01690            -720.00      -20.00
01691            -720.00      -12.00
01692            -680.00      -20.00
01693            -680.00      -20.00
01694            -680.00      -20.00
01695            -680.00      -16.00
01696            -720.00      -20.00
01697            -760.00      -20.00
01698            -800.00      -20.00
01699            -800.00      -16.00
01700            -880.00      -20.00
01701            -880.00      -16.00
01702            -880.00      -20.00
01703            -880.00      -20.00
01704            -840.00      -20.00
01705            -800.00      -16.00
01706            -760.00      -24.00
01707            -760.00      -16.00
01708            -720.00      -16.00
01709            -680.00      -16.00
01710            -600.00      -16.00
01711            -560.00      -16.00
01712            -560.00      -20.00
01713            -520.00      -16.00
01714            -480.00      -20.00
01715            -480.00      -16.00
01716            -480.00      -16.00
01717            -520.00      -24.00
01718            -560.00      -24.00
01719            -560.00      -24.00
01720            -600.00      -20.00
01721            -640.00      -20.00
01722            -640.00      -20.00
01723            -600.00      -20.00
01724            -520.00      -20.00
01725            -520.00      -16.00
01726            -360.00      -20.00
01727            -280.00      -16.00
01728            -160.00      -16.00
01729             -80.00      -20.00
01730              40.00      -16.00
01731             200.00      -16.00
01732             360.00      -20.00
01733             440.00      -20.00
01734             600.00      -20.00
01735             800.00      -16.00
01736             880.00      -20.00
01737            1040.00      -16.00
01738            1160.00      -20.00
01739            1320.00      -16.00
01740            1400.00      -24.00
01741            1480.00      -24.00
01742            1600.00      -20.00
01743            1600.00      -20.00
01744            1680.00      -20.00
01745            1760.00      -16.00
01746            1760.00      -16.00
01747            1760.00      -20.00
01748            1800.00      -16.00
01749            1840.00      -20.00
01750            1840.00      -16.00
01751            1840.00      -20.00
01752            1880.00      -16.00
01753            1840.00      -24.00
01754            1840.00      -16.00
01755            1800.00      -16.00
01756            1760.00      -20.00
01757            1680.00      -20.00
01758            1640.00      -20.00
01759            1520.00      -20.00
01760            1440.00      500.00
01761               0.00      500.00
01762              40.00      500.00
01763              40.00      -32.00
01764              80.00      -36.00
01765              40.00      -40.00
01766              80.00      -36.00
01767              80.00      -36.00
01768              80.00      -40.00
01769              80.00      -36.00
01770              40.00      -28.00
01771               0.00      -32.00
01772             -40.00      -28.00
01773             -80.00      -28.00
01774             -80.00      -32.00
01775            -200.00      -28.00
01776            -240.00      -32.00
01777            -280.00      -36.00
01778            -360.00      -32.00
01779            -400.00      -32.00
01780            -440.00      -32.00
01781            -480.00      -28.00
01782            -560.00      -28.00
01783            -600.00      -24.00
01784            -640.00      -28.00
01785            -720.00      -28.00
01786            -880.00      -28.00
01787            -920.00      -24.00
01788           -1000.00      -24.00
01789           -1120.00      -28.00
01790           -1240.00      -28.00
01791           -1320.00      -20.00
01792           -1440.00      -24.00
01793           -1560.00      -20.00
01794           -1640.00      -24.00
01795           -1760.00      -24.00
01796           -1800.00      -20.00
01797           -1920.00      -24.00
01798           -1920.00      -24.00
01799           -2000.00      -24.00
01800           -2080.00      -28.00
01801           -2080.00      -24.00
01802           -2080.00      -20.00
01803           -2080.00      -20.00
01804           -2080.00      -24.00
01805           -2080.00      -24.00
01806           -2040.00      -24.00
01807           -2000.00      -20.00
01808           -2000.00      -20.00
01809           -1920.00      -20.00
01810           -1880.00      -20.00
01811           -1800.00      -16.00
01812           -1760.00      -20.00
01813           -1720.00      -20.00
01814           -1640.00      -20.00
01815           -1560.00      -24.00
01816           -1520.00      -20.00
01817           -1400.00      -16.00
01818           -1360.00      -20.00
01819           -1240.00      -20.00
01820           -1120.00      -20.00
01821            -960.00      -20.00
01822            -880.00      -20.00
01823            -720.00      -20.00
01824            -560.00      -20.00
01825            -480.00      -20.00
01826            -280.00      -16.00
01827            -200.00      -16.00
01828             -80.00      -20.00
01829              80.00      -16.00
01830             160.00      -20.00
01831             240.00      -16.00
01832             360.00      -20.00
01833             400.00      -20.00
01834             480.00      -20.00
01835             560.00      -20.00
01836             600.00      -16.00
01837             680.00      -20.00
01838             680.00      -20.00
01839             800.00      -20.00
01840             840.00      -20.00
01841             920.00      -16.00
01842            1000.00      -16.00
01843            1000.00      -20.00
01844            1160.00      -16.00
01845            1200.00      -20.00
01846            1280.00      -20.00
01847            1360.00      -16.00
01848            1400.00      -16.00
01849            1560.00      -24.00
01850            1680.00      -16.00
01851            1760.00      -16.00
01852            1840.00      -20.00
01853            1880.00      -20.00
01854            1920.00      -16.00
01855            1960.00      -20.00
01856            2000.00      -16.00
01857            2040.00      -16.00
01858            2000.00      -16.00
01859            2000.00      -16.00
01860            2000.00      -12.00
01861            1960.00       -8.00
01862            2000.00      -16.00
01863            2000.00      -20.00
01864            2000.00      -20.00
01865            2000.00      -16.00
01866            2040.00      -16.00
01867            2040.00      -12.00
01868            2040.00      -16.00
01869            2080.00      -16.00
01870            2040.00      -16.00
01871            2040.00      -12.00
01872            2000.00      -16.00
01873            1960.00      -16.00
01874            1880.00      -20.00
01875            1800.00      -16.00
01876            1720.00      -20.00
01877            1600.00      -16.00
01878            1560.00      -12.00
01879            1400.00      -12.00
01880            1320.00      -12.00
01881            1160.00      -16.00
01882            1040.00      -16.00
01883             880.00      -12.00
01884             760.00      -16.00
01885             640.00      -16.00
01886             480.00      -20.00
01887             360.00      -16.00
01888             240.00      -20.00
01889             160.00      -16.00
01890              80.00      -16.00
01891               0.00      -16.00
01892               0.00      -16.00
01893             -40.00      -20.00
01894            -120.00      -16.00
01895             -80.00      -12.00
01896            -160.00      -20.00
01897            -200.00      -16.00
01898            -160.00      -12.00
01899            -240.00      -12.00
01900            -320.00      -16.00
01901            -280.00      -16.00
01902            -360.00      -12.00
01903            -400.00      -12.00
01904            -400.00      -16.00
01905            -480.00      -12.00
01906            -440.00      -20.00
01907            -480.00      -12.00
01908            -480.00      -12.00
01909            -480.00      -16.00
01910            -480.00      -12.00
01911            -440.00      -16.00
01912            -480.00      -16.00
01913            -440.00      -12.00
01914            -480.00      -16.00
01915            -480.00      -20.00
01916            -520.00      -12.00
01917            -520.00      -20.00
01918            -520.00      -16.00
01919            -520.00      -16.00
01920            -520.00      -16.00
01921            -560.00      -16.00
01922            -560.00      -16.00
01923            -600.00      -16.00
01924            -680.00      -16.00
01925            -720.00      -16.00
01926            -760.00      -12.00
01927            -800.00      -20.00
01928            -880.00      -12.00
01929            -920.00      -12.00
01930            -920.00      -12.00
01931            -920.00      -16.00
01932            -960.00      -12.00
01933            -920.00      -12.00
01934            -920.00      -12.00
01935            -880.00      -20.00
01936            -880.00      -16.00
01937            -840.00      -12.00
01938            -800.00      -16.00
01939            -800.00      -16.00
01940            -720.00      -16.00
01941            -720.00      -16.00
01942            -680.00      -20.00
01943            -680.00      -16.00
01944            -640.00       -8.00
01945            -720.00      -16.00
01946            -720.00      -20.00
01947            -760.00      -12.00
01948            -800.00      -12.00
01949            -800.00      -16.00
01950            -880.00      -16.00
01951            -880.00      -20.00
01952            -880.00      -20.00
01953            -840.00      -20.00
01954            -840.00      -16.00
01955            -840.00      -12.00
01956            -760.00      -12.00
01957            -720.00      -12.00
01958            -720.00      -16.00
01959            -640.00      -16.00
01960            -640.00      -12.00
01961            -600.00      -12.00
01962            -520.00      -20.00
01963            -480.00      -16.00
01964            -520.00      -12.00
01965            -480.00      -16.00
01966            -480.00      -20.00
01967            -520.00      -16.00
01968            -560.00      -16.00
01969            -640.00      -20.00
01970            -640.00      -20.00
01971            -640.00      -20.00
01972            -640.00      -16.00
01973            -600.00      -20.00
01974            -520.00      -16.00
01975            -480.00      -12.00
01976            -400.00      -16.00
01977            -280.00      -16.00
01978            -200.00      -20.00
01979             -80.00      -20.00
01980              40.00      -12.00
01981             160.00      -16.00
01982             360.00      -20.00
01983             480.00      -20.00
01984             640.00      -20.00
01985             800.00      -12.00
01986             920.00      -24.00
01987            1080.00      -20.00
01988            1200.00      -20.00
01989            1280.00      -16.00
01990            1400.00      -12.00
01991            1480.00      -20.00
01992            1480.00      -16.00
01993            1640.00      -16.00
01994            1680.00      -16.00
01995            1720.00      -16.00
01996            1760.00      -16.00
01997            1800.00      -20.00
01998            1840.00      -20.00
01999            1840.00      -16.00
02000            1840.00      -16.00
02001            1840.00      -16.00
02002            1840.00      -16.00
02003            1840.00      -20.00
02004            1840.00      -20.00
02005            1800.00      -16.00
02006            1760.00      -16.00
02007            1680.00      -20.00
02008            1600.00      -16.00
02009            1560.00      -20.00
02010            1440.00      500.00
02011               0.00      500.00
02012               0.00      500.00
02013              40.00      -36.00
02014              80.00      -36.00
02015              80.00      -60.00
02016              80.00      -36.00
02017             120.00      -40.00
02018              40.00      -36.00
02019             120.00      -36.00
02020              40.00      -40.00
02021               0.00      -32.00
02022             -40.00      -32.00
02023             -80.00      -36.00
02024            -160.00      -40.00
02025            -160.00      -32.00
02026            -240.00      -32.00
02027            -240.00      -36.00
02028            -320.00      -32.00
02029            -400.00      -32.00
02030            -440.00      -28.00
02031            -480.00      -28.00
02032            -560.00      -32.00
02033            -600.00      -28.00
02034            -640.00      -36.00
02035            -720.00      -32.00
02036            -840.00      -24.00
02037            -920.00      -28.00
02038           -1040.00      -28.00
02039           -1120.00      -24.00
02040           -1240.00      -24.00
02041           -1320.00      -32.00
02042           -1440.00      -24.00
02043           -1560.00      -24.00
02044           -1640.00      -28.00
02045           -1720.00      -24.00
02046           -1840.00      -28.00
02047           -1880.00      -24.00
02048           -1960.00      -28.00
02049           -2000.00      -32.00
02050           -2080.00      -20.00
02051           -2080.00      -24.00
02052           -2080.00      -20.00
02053           -2120.00      -20.00
02054           -2080.00      -24.00
02055           -2080.00      -24.00
02056           -2080.00      -28.00
02057           -2000.00      -20.00
02058           -1960.00      -24.00
02059           -1960.00      -24.00
02060           -1880.00      -24.00
02061           -1840.00      -24.00
02062           -1760.00      -20.00
02063           -1720.00      -24.00
02064           -1640.00      -24.00
02065           -1600.00      -24.00
02066           -1440.00      -24.00
02067           -1360.00      -16.00
02068           -1360.00      -20.00
02069           -1240.00      -20.00
02070           -1120.00      -24.00
02071           -1000.00      -24.00
02072            -920.00      -24.00
02073            -720.00      -20.00
02074            -560.00      -20.00
02075            -440.00      -28.00
02076            -280.00      -24.00
02077            -200.00      -16.00
02078             -80.00      -20.00
02079              80.00      -20.00
02080             160.00      -20.00
02081             280.00      -20.00
02082             360.00      -24.00
02083             400.00      -20.00
02084             480.00      -20.00
02085             520.00      -20.00
02086             640.00      -20.00
02087             680.00      -20.00
02088             720.00      -20.00
02089             800.00      -20.00
02090             840.00      -16.00
02091             920.00      -20.00
02092            1000.00      -20.00
02093            1000.00      -24.00
02094            1120.00      -20.00
02095            1200.00      -16.00
02096            1280.00      -20.00
02097            1360.00      -20.00
02098            1480.00      -20.00
02099            1520.00      -16.00
02100            1680.00      -24.00
02101            1760.00      -20.00
02102            1840.00      -20.00
02103            1880.00      -20.00
02104            1920.00      -24.00
02105            1960.00      -20.00
02106            2000.00      -20.00
02107            2000.00      -16.00
02108            2000.00      -20.00
02109            2000.00      -20.00
02110            2000.00      -20.00
02111            1960.00      -20.00
02112            1960.00      -20.00
02113            2000.00      -20.00
02114            2000.00      -20.00
02115            2000.00      -20.00
02116            2000.00      -20.00
02117            2040.00      -16.00
02118            2000.00      -16.00
02119            2040.00      -24.00
02120            2040.00      -20.00
02121            2040.00      -20.00
02122            2000.00      -16.00
02123            1920.00      -16.00
02124            1920.00      -20.00
02125            1800.00      -20.00
02126            1720.00      -20.00
02127            1640.00      -16.00
02128            1480.00      -20.00
02129            1440.00      -20.00
02130            1320.00      -20.00
02131            1160.00      -24.00
02132            1080.00      -20.00
02133             880.00      -16.00
02134             720.00      -20.00
02135             640.00      -20.00
02136             480.00      -20.00
02137             360.00      -20.00
02138             280.00      -20.00
02139             160.00      -20.00
02140              80.00      -16.00
02141              40.00      -20.00
02142               0.00      -24.00
02143             -40.00      -16.00
02144             -80.00      -24.00
02145            -160.00      -16.00
02146            -160.00      -20.00
02147            -160.00      -20.00
02148            -200.00      -20.00
02149            -240.00      -16.00
02150            -320.00      -16.00
02151            -320.00      -16.00
02152            -320.00      -20.00
02153            -400.00      -16.00
02154            -440.00      -16.00
02155            -400.00      -16.00
02156            -440.00      -20.00
02157            -480.00      -16.00
02158            -480.00      -16.00
02159            -480.00      -20.00
02160            -480.00      -24.00
02161            -480.00      -20.00
02162            -480.00      -20.00
02163            -480.00      -24.00
02164            -480.00      -20.00
02165            -520.00      -20.00
02166            -520.00      -16.00
02167            -520.00      -16.00
02168            -480.00      -24.00
02169            -520.00      -16.00
02170            -520.00      -16.00
02171            -520.00      -20.00
02172            -600.00      -20.00
02173            -600.00      -16.00
02174            -680.00      -16.00
02175            -720.00      -16.00
02176            -760.00      -12.00
02177            -840.00      -12.00
02178            -840.00      -16.00
02179            -880.00      -16.00
02180            -920.00      -16.00
02181            -920.00      -20.00
02182            -920.00      -16.00
02183            -960.00      -12.00
02184            -920.00      -16.00
02185            -920.00      -20.00
02186            -880.00      -24.00
02187            -840.00      -20.00
02188            -800.00      -20.00
02189            -760.00      -16.00
02190            -760.00      -16.00
02191            -720.00      -20.00
02192            -680.00      -12.00
02193            -640.00      -12.00
02194            -680.00      -20.00
02195            -720.00      -16.00
02196            -720.00      -12.00
02197            -720.00      -16.00
02198            -760.00      -16.00
02199            -800.00      -16.00
02200            -880.00      -16.00
02201            -880.00      -16.00
02202            -840.00      -20.00
02203            -880.00      -12.00
02204            -840.00      -20.00
02205            -840.00      -24.00
02206            -800.00      -20.00
02207            -720.00      -20.00
02208            -720.00      -16.00
02209            -720.00      -20.00
02210            -640.00      -20.00
02211            -600.00      -20.00
02212            -520.00      -16.00
02213            -480.00      -16.00
02214            -480.00      -20.00
02215            -480.00      -20.00
02216            -480.00      -16.00
02217            -560.00      -20.00
02218            -560.00      -20.00
02219            -600.00      -20.00
02220            -640.00      -16.00
02221            -640.00      -16.00
02222            -640.00      -16.00
02223            -600.00      -20.00
02224            -560.00      -16.00
02225            -440.00      -16.00
02226            -360.00      -20.00
02227            -320.00      -16.00
02228            -200.00      -16.00
02229             -40.00      -16.00
02230              40.00      -16.00
02231             160.00      -16.00
02232             360.00      -40.00
02233             480.00      -16.00
02234             600.00      -20.00
02235             760.00      -12.00
02236             920.00      -12.00
02237            1040.00      -16.00
02238            1160.00      -20.00
02239            1280.00      -20.00
02240            1400.00      -16.00
02241            1480.00      -16.00
02242            1560.00      -16.00
02243            1640.00      -16.00
02244            1680.00      -12.00
02245            1720.00      -16.00
02246            1800.00      -16.00
02247            1800.00      -20.00
02248            1800.00      -16.00
02249            1840.00      -12.00
02250            1840.00      -12.00
02251            1880.00      -12.00
02252            1880.00      -12.00
02253            1840.00      -16.00
02254            1840.00      -20.00
02255            1800.00      -16.00
02256            1720.00      -12.00
02257            1680.00      -16.00
02258            1600.00      -16.00
02259            1520.00      -12.00
02260            1440.00      500.00
02261               0.00      500.00
02262              40.00      500.00
02263              40.00      -32.00
02264              80.00      -36.00
02265              40.00      -36.00
02266              80.00      -32.00
02267              40.00      -32.00
02268              80.00      -32.00
02269              40.00      -24.00
02270              40.00      -32.00
02271               0.00      -28.00
02272             -40.00      -28.00
02273             -80.00      -24.00
02274            -120.00      -32.00
02275            -200.00      -28.00
02276            -240.00      -32.00
02277            -280.00      -32.00
02278            -320.00      -32.00
02279            -400.00      -28.00
02280            -400.00      -28.00
02281            -520.00      -24.00
02282            -560.00      -28.00
02283            -600.00      -24.00
02284            -640.00      -24.00
02285            -760.00      -24.00
02286            -840.00      -24.00
02287            -920.00      -20.00
02288           -1040.00      -24.00
02289           -1160.00      -24.00
02290           -1240.00      -24.00
02291           -1320.00      -28.00
02292           -1440.00      -20.00
02293           -1560.00      -24.00
02294           -1640.00      -20.00
02295           -1720.00      -24.00
02296           -1800.00      -24.00
02297           -1920.00      -20.00
02298           -1960.00      -16.00
02299           -2000.00      -20.00
02300           -2040.00      -20.00
02301           -2080.00      -20.00
02302           -2120.00      -20.00
02303           -2080.00      -20.00
02304           -2120.00      -28.00
02305           -2080.00      -24.00
02306           -2040.00      -16.00
02307           -2000.00      -20.00
02308           -2000.00      -24.00
02309           -1920.00      -24.00
02310           -1880.00      -20.00
02311           -1840.00      -20.00
02312           -1760.00      -24.00
02313           -1720.00      -24.00
02314           -1640.00      -20.00
02315           -1640.00      -20.00
02316           -1480.00      -20.00
02317           -1400.00      -16.00
02318           -1360.00      -16.00
02319           -1240.00      -20.00
02320           -1080.00      -20.00
02321           -1040.00      -16.00
02322            -880.00      -16.00
02323            -760.00      -24.00
02324            -600.00      -24.00
02325            -480.00      -16.00
02326            -320.00      -20.00
02327            -160.00      -24.00
02328             -80.00      -24.00
02329              40.00      -16.00
02330             160.00      -16.00
02331             240.00      -16.00
02332             360.00      -20.00
02333             400.00      -20.00
02334             480.00      -16.00
02335             560.00      -16.00
02336             640.00      -16.00
02337             680.00      -20.00
02338             720.00      -20.00
02339             800.00      -20.00
02340             800.00      -24.00
02341             880.00      -20.00
02342             960.00      -16.00
02343            1000.00      -16.00
02344            1120.00      -16.00
02345            1200.00      -16.00
02346            1280.00      -24.00
02347            1360.00      -20.00
02348            1480.00      -24.00
02349            1560.00      -24.00
02350            1640.00      -20.00
02351            1720.00      -20.00
02352            1840.00      -24.00
02353            1880.00      -16.00
02354            1920.00      -12.00
02355            1960.00      -20.00
02356            2000.00      -20.00
02357            2000.00      -20.00
02358            2000.00      -16.00
02359            2000.00      -20.00
02360            2000.00      -20.00
02361            2000.00      -20.00
02362            1960.00      -20.00
02363            2000.00      -20.00
02364            1960.00      -16.00
02365            1960.00      -20.00
02366            2000.00      -20.00
02367            2040.00      -12.00
02368            2080.00      -20.00
02369            2080.00      -16.00
02370            2040.00      -20.00
02371            2040.00      -20.00
02372            2000.00      -16.00
02373            1920.00      -20.00
02374            1880.00      -16.00
02375            1800.00      -16.00
02376            1720.00      -20.00
02377            1640.00      -24.00
02378            1520.00      -20.00
02379            1400.00      -20.00
02380            1320.00      -24.00
02381            1160.00      -20.00
02382            1040.00      -16.00
02383             880.00      -20.00
02384             720.00      -24.00
02385             640.00      -20.00
02386             480.00      -16.00
02387             360.00      -20.00
02388             240.00      -20.00
02389             160.00      -24.00
02390              80.00      -20.00
02391               0.00      -20.00
02392             -40.00      -20.00
02393             -80.00      -16.00
02394             -80.00      -20.00
02395            -120.00      -20.00
02396            -160.00      -20.00
02397            -160.00      -20.00
02398            -240.00      -24.00
02399            -240.00      -20.00
02400            -280.00      -24.00
02401            -320.00      -20.00
02402            -360.00      -20.00
02403            -400.00      -20.00
02404            -400.00      -16.00
02405            -440.00      -20.00
02406            -440.00      -24.00
02407            -480.00      -16.00
02408            -480.00      -24.00
02409            -520.00      -16.00
02410            -480.00      -20.00
02411            -480.00      -20.00
02412            -480.00      -16.00
02413            -480.00      -16.00
02414            -480.00      -28.00
02415            -480.00      -20.00
02416            -520.00      -16.00
02417            -520.00      -16.00
02418            -480.00      -16.00
02419            -520.00      -16.00
02420            -520.00      -20.00
02421            -560.00      -16.00
02422            -560.00      -20.00
02423            -600.00      -16.00
02424            -680.00      -20.00
02425            -720.00      -20.00
02426            -760.00      -24.00
02427            -800.00      -16.00
02428            -840.00      -16.00
02429            -880.00      -16.00
02430            -920.00      -16.00
02431            -920.00      -16.00
02432            -920.00      -20.00
02433            -960.00      -20.00
02434            -920.00      -20.00
02435            -920.00      -16.00
02436            -880.00      -20.00
02437            -840.00      -20.00
02438            -840.00      -16.00
02439            -800.00      -16.00
02440            -720.00      -16.00
02441            -720.00      -20.00
02442            -680.00      -20.00
02443            -640.00      -24.00
02444            -680.00      -20.00
02445            -680.00      -20.00
02446            -720.00      -20.00
02447            -760.00      -16.00
02448            -760.00      -16.00
02449            -840.00      -20.00
02450            -840.00      -24.00
02451            -880.00      -20.00
02452            -880.00      -20.00
02453            -880.00      -24.00
02454            -840.00      -20.00
02455            -840.00      -20.00
02456            -760.00      -12.00
02457            -720.00      -16.00
02458            -720.00      -12.00
02459            -680.00      -20.00
02460            -640.00      -24.00
02461            -560.00      -20.00
02462            -560.00      -16.00
02463            -520.00      -20.00
02464            -480.00      -20.00
02465            -480.00      -20.00
02466            -480.00      -20.00
02467            -520.00      -20.00
02468            -560.00      -16.00
02469            -600.00      -12.00
02470            -640.00      -20.00
02471            -640.00      -20.00
02472            -680.00      -12.00
02473            -600.00      -16.00
02474            -560.00      -16.00
02475            -480.00      -20.00
02476            -400.00      -16.00
02477            -240.00      -16.00
02478            -160.00      -20.00
02479             -40.00      -12.00
02480              80.00      -20.00
02481             200.00      -20.00
02482             360.00      -20.00
02483             480.00      -20.00
02484             640.00      -16.00
02485             720.00      -16.00
02486             880.00      -16.00
02487            1000.00      -16.00
02488            1200.00      -16.00
02489            1320.00      -20.00
02490            1440.00      -20.00
02491            1480.00      -16.00
02492            1560.00      -20.00
02493            1640.00      -20.00
02494            1680.00      -20.00
02495            1720.00      -16.00
02496            1760.00      -20.00
02497            1800.00      -20.00
02498            1840.00      -16.00
02499            1840.00      -20.00
02500            1880.00      -20.00
02501            1880.00      -20.00
02502            1840.00      -16.00
02503            1840.00      -24.00
02504            1840.00      -20.00
02505            1800.00      -20.00
02506            1760.00      -20.00
02507            1680.00      -16.00
02508            1600.00      -16.00
02509            1520.00      -20.00
02510            1480.00      500.00
02511               0.00      500.00
02512              40.00      500.00
02513              40.00      -32.00
02514              80.00      -36.00
02515              80.00      -40.00
02516              80.00      -32.00
02517              40.00      -32.00
02518              80.00      -36.00
02519              80.00      -32.00
02520              40.00      -32.00
02521               0.00      -36.00
02522             -40.00      -28.00
02523             -40.00      -28.00
02524            -120.00      -36.00
02525            -160.00      -28.00
02526            -240.00      -32.00
02527            -280.00      -32.00
02528            -320.00      -28.00
02529            -360.00      -32.00
02530            -440.00      -32.00
02531            -480.00      -28.00
02532            -560.00      -28.00
02533            -560.00      -28.00
02534            -640.00      -28.00
02535            -720.00      -28.00
02536            -800.00      -28.00
02537            -880.00      -24.00
02538           -1000.00      -28.00
02539           -1120.00      -28.00
02540           -1200.00      -24.00
02541           -1360.00      -24.00
02542           -1440.00      -24.00
02543           -1520.00      -28.00
02544           -1680.00      -20.00
02545           -1720.00      -20.00
02546           -1760.00      -20.00
02547           -1880.00      -20.00
02548           -1960.00      -24.00
02549           -2000.00      -28.00
02550           -2040.00      -24.00
02551           -2080.00      -24.00
02552           -2120.00      -24.00
02553           -2080.00      -20.00
02554           -2120.00      -20.00
02555           -2040.00      -24.00
02556           -2040.00      -24.00
02557           -2000.00      -20.00
02558           -1960.00      -20.00
02559           -1880.00      -16.00
02560           -1840.00      -20.00
02561           -1880.00      -28.00
02562           -1760.00      -24.00
02563           -1720.00      -20.00
02564           -1600.00      -20.00
02565           -1600.00      -24.00
02566           -1480.00      -20.00
02567           -1400.00      -20.00
02568           -1320.00      -20.00
02569           -1240.00      -20.00
02570           -1120.00      -16.00
02571           -1040.00      -20.00
02572            -840.00      -24.00
02573            -680.00      -20.00
02574            -560.00      -20.00
02575            -480.00      -16.00
02576            -320.00      -16.00
02577            -200.00      -16.00
02578             -40.00      -20.00
02579              40.00      -20.00
02580             200.00      -20.00
02581             280.00      -20.00
02582             320.00      -20.00
02583             400.00      -16.00
02584             440.00      -16.00
02585             560.00      -20.00
02586             600.00      -20.00
02587             680.00      -20.00
02588             720.00      -16.00
02589             800.00      -20.00
02590             840.00      -20.00
02591             920.00      -20.00
02592            1000.00      -20.00
02593            1040.00      -28.00
02594            1120.00      -12.00
02595            1200.00      -24.00
02596            1280.00      -16.00
02597            1400.00      -20.00
02598            1480.00      -16.00
02599            1560.00      -16.00
02600            1640.00      -20.00
02601            1760.00      -12.00
02602            1840.00      -16.00
02603            1880.00      -16.00
02604            1960.00      -16.00
02605            1960.00      -16.00
02606            2000.00      -16.00
02607            2000.00      -20.00
02608            2000.00      -20.00
02609            2000.00      -20.00
02610            2000.00      -16.00
02611            1960.00      -16.00
02612            2000.00      -16.00
02613            1960.00      -20.00
02614            2000.00      -20.00
02615            2000.00      -16.00
02616            2000.00      -16.00
02617            2040.00      -16.00
02618            2040.00      -20.00
02619            2080.00      -20.00
02620            2080.00      -20.00
02621            2000.00      -12.00
02622            2000.00      -16.00
02623            1920.00      -16.00
02624            1880.00      -16.00
02625            1800.00      -16.00
02626            1680.00      -16.00
02627            1600.00      -16.00
02628            1520.00      -16.00
02629            1400.00      -20.00
02630            1280.00      -20.00
02631            1200.00      -12.00
02632            1040.00      -12.00
02633             920.00      -20.00
02634             760.00      -20.00
02635             640.00      -20.00
02636             520.00      -16.00
02637             360.00      -20.00
02638             240.00      -12.00
02639             200.00      -16.00
02640              80.00      -16.00
02641              40.00      -16.00
02642               0.00      -16.00
02643             -40.00      -16.00
02644            -120.00      -20.00
02645            -120.00      -16.00
02646            -160.00      -20.00
02647            -160.00      -20.00
02648            -200.00      -20.00
02649            -280.00      -12.00
02650            -280.00      -12.00
02651            -320.00      -16.00
02652            -400.00      -12.00
02653            -400.00      -16.00
02654            -400.00      -24.00
02655            -440.00      -16.00
02656            -440.00      -16.00
02657            -480.00      -20.00
02658            -480.00      -28.00
02659            -480.00      -12.00
02660            -480.00      -12.00
02661            -520.00      -20.00
02662            -480.00      -16.00
02663            -480.00      -16.00
02664            -440.00      -12.00
02665            -480.00        4.00
02666            -480.00      -20.00
02667            -520.00      -12.00
02668            -520.00      -16.00
02669            -520.00      -12.00
02670            -480.00      -16.00
02671            -480.00      -20.00
02672            -560.00      -12.00
02673            -600.00      -20.00
02674            -640.00      -16.00
02675            -720.00      -20.00
02676            -800.00      -20.00
02677            -800.00      -20.00
02678            -840.00      -12.00
02679            -880.00      -16.00
02680            -920.00      -20.00
02681            -920.00      -16.00
02682            -920.00      -16.00
02683            -960.00      -16.00
02684            -920.00      -20.00
02685            -920.00      -16.00
02686            -880.00      -20.00
02687            -880.00      -16.00
02688            -800.00      -16.00
02689            -800.00      -16.00
02690            -720.00      -16.00
02691            -720.00      -20.00
02692            -680.00      -16.00
02693            -680.00      -20.00
02694            -640.00      -20.00
02695            -680.00      -20.00
02696            -720.00      -20.00
02697            -720.00      -12.00
02698            -760.00      -20.00
02699            -840.00      -20.00
02700            -880.00      -20.00
02701            -880.00      -16.00
02702            -880.00      -20.00
02703            -880.00      -16.00
02704            -840.00      -16.00
02705            -800.00      -20.00
02706            -800.00      -20.00
02707            -760.00      -12.00
02708            -720.00      -16.00
02709            -640.00      -20.00
02710            -640.00      -20.00
02711            -560.00      -16.00
02712            -560.00      -20.00
02713            -480.00      -20.00
02714            -480.00      -16.00
02715            -480.00      -20.00
02716            -480.00      -16.00
02717            -520.00      -20.00
02718            -520.00      -20.00
02719            -640.00      -12.00
02720            -640.00      -16.00
02721            -640.00      -16.00
02722            -640.00      -20.00
02723            -600.00      -16.00
02724            -600.00      -20.00
02725            -480.00      -16.00
02726            -400.00      -20.00
02727            -320.00      -20.00
02728            -160.00      -20.00
02729             -80.00      -20.00
02730             120.00      -16.00
02731             240.00      -20.00
02732             360.00      -24.00
02733             480.00      -20.00
02734             640.00      -24.00
02735             720.00      -24.00
02736             880.00      -16.00
02737            1040.00      -24.00
02738            1160.00      -20.00
02739            1280.00      -12.00
02740            1400.00      -24.00
02741            1480.00      -24.00
02742            1560.00      -16.00
02743            1640.00      -20.00
02744            1640.00      -16.00
02745            1760.00      -20.00
02746            1760.00      -20.00
02747            1800.00      -20.00
02748            1840.00      -12.00
02749            1840.00      -20.00
02750            1880.00      -20.00
02751            1840.00      -24.00
02752            1840.00      -20.00
02753            1840.00      -20.00
02754            1840.00      -20.00
02755            1800.00      -20.00
02756            1760.00      -24.00
02757            1680.00      -20.00
02758            1600.00      -24.00
02759            1520.00      -20.00
02760            1440.00      500.00
02761               0.00      500.00
02762              40.00      500.00
02763              40.00      -32.00
02764              80.00      -36.00
02765              80.00      -40.00
02766              80.00      -36.00
02767              80.00      -40.00
02768              40.00      -36.00
02769              80.00      -40.00
02770              40.00      -36.00
02771               0.00      -36.00
02772             -80.00      -36.00
02773             -80.00      -36.00
02774            -120.00      -36.00
02775            -160.00      -32.00
02776            -240.00      -32.00
02777            -280.00      -32.00
02778            -320.00      -40.00
02779            -400.00      -32.00
02780            -440.00      -32.00
02781            -480.00      -36.00
02782            -520.00      -28.00
02783            -600.00      -28.00
02784            -640.00      -36.00
02785            -760.00      -36.00
02786            -800.00      -28.00
02787            -920.00      -32.00
02788           -1040.00      -28.00
02789           -1120.00      -28.00
02790           -1240.00      -28.00
02791           -1320.00      -24.00
02792           -1440.00      -28.00
02793           -1560.00      -28.00
02794           -1640.00      -28.00
02795           -1760.00      -24.00
02796           -1800.00      -32.00
02797           -1920.00      -28.00
02798           -1960.00      -28.00
02799           -2000.00      -28.00
02800           -2040.00      -28.00
02801           -2080.00      -28.00
02802           -2120.00      -28.00
02803           -2080.00      -36.00
02804           -2120.00      -28.00
02805           -2040.00      -20.00
02806           -2040.00      -28.00
02807           -2000.00      -24.00
02808           -1960.00      -28.00
02809           -1920.00      -24.00
02810           -1880.00      -24.00
02811           -1840.00      -24.00
02812           -1760.00      -24.00
02813           -1680.00      -20.00
02814           -1600.00      -20.00
02815           -1560.00      -24.00
02816           -1520.00      -24.00
02817           -1400.00      -24.00
02818           -1280.00      -24.00
02819           -1240.00      -24.00
02820           -1160.00      -24.00
02821           -1000.00      -20.00
02822            -840.00      -20.00
02823            -720.00      -24.00
02824            -600.00      -24.00
02825            -440.00      -20.00
02826            -320.00      -28.00
02827            -160.00      -24.00
02828             -40.00      -24.00
02829               0.00      -16.00
02830             160.00      -24.00
02831             280.00      -24.00
02832             360.00      -24.00
02833             440.00      -24.00
02834             520.00      -24.00
02835             520.00      -24.00
02836             560.00      -20.00
02837             680.00      -28.00
02838             720.00      -16.00
02839             800.00      -20.00
02840             800.00      -20.00
02841             920.00      -20.00
02842             960.00      -20.00
02843            1000.00      -20.00
02844            1120.00      -24.00
02845            1200.00      -20.00
02846            1280.00      -24.00
02847            1360.00      -20.00
02848            1440.00      -20.00
02849            1560.00      -16.00
02850            1640.00      -20.00
02851            1760.00      -20.00
02852            1840.00      -24.00
02853            1880.00      -20.00
02854            1920.00      -16.00
02855            2000.00      -24.00
02856            2000.00      -16.00
02857            2040.00      -16.00
02858            2000.00      -16.00
02859            2040.00      -16.00
02860            2000.00      -20.00
02861            2000.00      -24.00
02862            2000.00      -20.00
02863            1960.00      -24.00
02864            1960.00      -20.00
02865            2000.00      -16.00
02866            2040.00      -20.00
02867            2040.00      -24.00
02868            2040.00      -12.00
02869            2040.00      -24.00
02870            2040.00      -16.00
02871            2040.00      -20.00
02872            2000.00      -20.00
02873            1960.00      -20.00
02874            1880.00      -20.00
02875            1800.00      -24.00
02876            1720.00      -16.00
02877            1600.00      -20.00
02878            1520.00      -20.00
02879            1440.00      -16.00
02880            1280.00      -24.00
02881            1160.00      -16.00
02882            1040.00      -20.00
02883             920.00      -20.00
02884             800.00      -20.00
02885             640.00      -24.00
02886             480.00      -20.00
02887             400.00      -24.00
02888             240.00      -20.00
02889             160.00      -16.00
02890              80.00      -20.00
02891               0.00      -24.00
02892             -40.00      -12.00
02893             -80.00      -20.00
02894             -80.00      -20.00
02895            -120.00      -16.00
02896            -160.00      -16.00
02897            -160.00      -16.00
02898            -240.00      -16.00
02899            -240.00      -20.00
02900            -320.00      -20.00
02901            -360.00      -12.00
02902            -400.00      -24.00
02903            -400.00      -16.00
02904            -440.00      -20.00
02905            -440.00      -16.00
02906            -440.00      -20.00
02907            -480.00      -20.00
02908            -520.00      -20.00
02909            -520.00      -20.00
02910            -480.00      -20.00
02911            -480.00      -20.00
02912            -480.00      -20.00
02913            -480.00      -20.00
02914            -520.00      -28.00
02915            -480.00      -16.00
02916            -520.00      -20.00
02917            -520.00      -16.00
02918            -480.00      -24.00
02919            -520.00      -24.00
02920            -480.00      -20.00
02921            -520.00      -20.00
02922            -560.00      -16.00
02923            -600.00      -20.00
02924            -680.00      -12.00
02925            -720.00      -16.00
02926            -760.00      -16.00
02927            -800.00      -24.00
02928            -880.00      -16.00
02929            -880.00      -20.00
02930            -920.00      -20.00
02931            -920.00      -16.00
02932            -920.00      -20.00
02933            -960.00      -20.00
02934            -920.00      -16.00
02935            -880.00      -16.00
02936            -880.00      -20.00
02937            -840.00      -20.00
02938            -800.00      -16.00
02939            -760.00      -20.00
02940            -720.00      -20.00
02941            -720.00      -20.00
02942            -680.00      -20.00
02943            -640.00      -16.00
02944            -640.00      -20.00
02945            -680.00      -16.00
02946            -680.00      -20.00
02947            -760.00      -20.00
02948            -800.00      -12.00
02949            -800.00      -16.00
02950            -840.00      -20.00
02951            -880.00      -20.00
02952            -880.00      -20.00
02953            -880.00      -20.00
02954            -840.00      -20.00
02955            -800.00      -20.00
02956            -800.00      -16.00
02957            -720.00      -16.00
02958            -720.00      -16.00
02959            -680.00      -16.00
02960            -600.00      -16.00
02961            -600.00      -20.00
02962            -520.00      -16.00
02963            -520.00      -12.00
02964            -480.00      -16.00
02965            -480.00      -16.00
02966            -520.00      -28.00
02967            -520.00      -20.00
02968            -520.00      -16.00
02969            -600.00      -16.00
02970            -640.00      -20.00
02971            -640.00      -20.00
02972            -640.00      -16.00
02973            -640.00      -12.00
02974            -560.00      -20.00
02975            -480.00      -20.00
02976            -400.00      -16.00
02977            -280.00      -20.00
02978            -200.00      -20.00
02979             -80.00      -16.00
02980              80.00      -16.00
02981             200.00      -16.00
02982             360.00      -16.00
02983             480.00      -20.00
02984             600.00      -20.00
02985             760.00      -16.00
02986             880.00      -16.00
02987            1040.00      -16.00
02988            1200.00      -16.00
02989            1280.00      -12.00
02990            1400.00      -16.00
02991            1480.00      -20.00
02992            1560.00      -16.00
02993            1600.00      -16.00
02994            1680.00      -16.00
02995            1760.00      -20.00
02996            1760.00      -20.00
02997            1800.00      -20.00
02998            1800.00      -16.00
02999            1840.00      -20.00
03000            1840.00      -12.00
03001            1880.00      -16.00
03002            1840.00      -24.00
03003            1840.00      -16.00
03004            1800.00      -24.00
03005            1800.00      -16.00
03006            1760.00      -12.00
03007            1640.00      -12.00
03008            1640.00      -16.00
03009            1520.00      -16.00
03010            1440.00      500.00
03011               0.00      500.00
03012              80.00      500.00
03013              40.00      -28.00
03014              40.00      -32.00
03015              40.00      -36.00
03016              40.00      -28.00
03017              80.00      -36.00
03018              80.00      -36.00
03019              80.00      -36.00
03020              40.00      -28.00
03021               0.00      -28.00
03022               0.00      -28.00
03023             -80.00      -32.00
03024            -160.00      -32.00
03025            -200.00      -28.00
03026            -240.00      -28.00
03027            -280.00      -32.00
03028            -280.00      -28.00
03029            -400.00      -24.00
03030            -440.00      -28.00
03031            -480.00      -28.00
03032            -520.00      -28.00
03033            -600.00      -28.00
03034            -640.00      -24.00
03035            -760.00      -28.00
03036            -800.00      -20.00
03037            -920.00      -20.00
03038           -1040.00      -24.00
03039           -1120.00      -24.00
03040           -1240.00      -16.00
03041           -1320.00      -24.00
03042           -1480.00      -24.00
03043           -1560.00      -24.00
03044           -1640.00      -24.00
03045           -1720.00      -24.00
03046           -1800.00      -24.00
03047           -1880.00      -20.00
03048           -1960.00      -24.00
03049           -2000.00      -24.00
03050           -2040.00      -20.00
03051           -2080.00      -20.00
03052           -2120.00      -24.00
03053           -2120.00      -24.00
03054           -2080.00      -20.00
03055           -2080.00      -24.00
03056           -2000.00      -24.00
03057           -2000.00      -20.00
03058           -1920.00      -20.00
03059           -1920.00      -20.00
03060           -1920.00      -20.00
03061           -1840.00      -20.00
03062           -1800.00      -20.00
03063           -1680.00      -20.00
03064           -1640.00      -24.00
03065           -1560.00      -20.00
03066           -1520.00      -24.00
03067           -1440.00      -16.00
03068           -1320.00      -20.00
03069           -1240.00      -20.00
03070           -1120.00      -24.00
03071            -960.00      -20.00
03072            -880.00      -24.00
03073            -720.00      -24.00
03074            -600.00      -20.00
03075            -440.00      -24.00
03076            -280.00      -20.00
03077            -160.00      -20.00
03078             -40.00      -20.00
03079              40.00      -24.00
03080             120.00      -20.00
03081             240.00      -16.00
03082             320.00      -20.00
03083             440.00      -20.00
03084             480.00      -24.00
03085             520.00      -24.00
03086             600.00      -20.00
03087             640.00      -20.00
03088             760.00      -24.00
03089             760.00      -20.00
03090             880.00      -24.00
03091             880.00      -24.00
03092            1000.00      -20.00
03093            1040.00      -24.00
03094            1120.00      -20.00
03095            1160.00      -12.00
03096            1280.00      -20.00
03097            1360.00      -20.00
03098            1480.00      -20.00
03099            1520.00      -24.00
03100            1680.00      -24.00
03101            1760.00      -20.00
03102            1840.00      -16.00
03103            1920.00      -20.00
03104            1920.00      -24.00
03105            1960.00      -24.00
03106            2000.00      -20.00
03107            2000.00      -28.00
03108            2040.00      -20.00
03109            2000.00      -16.00
03110            2040.00      -20.00
03111            2000.00      -20.00
03112            1960.00      -20.00
03113            2000.00      -20.00
03114            2000.00      -20.00
03115            2000.00      -20.00
03116            2000.00      -20.00
03117            2040.00      -20.00
03118            2040.00      -20.00
03119            2040.00      -24.00
03120            2080.00      -20.00
03121            2040.00      -24.00
03122            2000.00      -28.00
03123            1920.00      -16.00
03124            1880.00      -20.00
03125            1800.00      -16.00
03126            1720.00      -24.00
03127            1600.00      -20.00
03128            1480.00      -20.00
03129            1400.00      -20.00
03130            1320.00      -20.00
03131            1200.00      -20.00
03132            1040.00      -24.00
03133             880.00      -24.00
03134             760.00      -20.00
03135             640.00      -20.00
03136             480.00      -16.00
03137             360.00      -20.00
03138             240.00      -24.00
03139             200.00      -24.00
03140              80.00      -16.00
03141              40.00      -20.00
03142             -40.00      -20.00
03143             -80.00      -16.00
03144            -120.00      -20.00
03145            -160.00      -20.00
03146            -160.00      -20.00
03147            -200.00      -20.00
03148            -200.00      -24.00
03149            -280.00      -20.00
03150            -280.00      -20.00
03151            -320.00      -24.00
03152            -400.00      -24.00
03153            -400.00      -20.00
03154            -400.00      -16.00
03155            -440.00      -20.00
03156            -440.00      -16.00
03157            -440.00      -20.00
03158            -480.00      -24.00
03159            -480.00      -20.00
03160            -480.00      -20.00
03161            -480.00      -24.00
03162            -480.00      -24.00
03163            -480.00      -24.00
03164            -480.00      -20.00
03165            -520.00      -28.00
03166            -520.00      -20.00
03167            -480.00      -20.00
03168            -520.00      -20.00
03169            -520.00      -16.00
03170            -520.00      -24.00
03171            -520.00      -24.00
03172            -520.00      -20.00
03173            -600.00      -20.00
03174            -640.00      -16.00
03175            -720.00      -20.00
03176            -760.00      -24.00
03177            -800.00      -28.00
03178            -880.00      -24.00
03179            -880.00      -24.00
03180            -880.00      -20.00
03181            -920.00      -16.00
03182            -920.00      -20.00
03183            -920.00      -20.00
03184            -920.00      -20.00
03185            -880.00      -20.00
03186            -880.00      -20.00
03187            -840.00      -20.00
03188            -800.00      -16.00
03189            -800.00      -20.00
03190            -720.00      -16.00
03191            -720.00      -16.00
03192            -680.00      -16.00
03193            -640.00      -16.00
03194            -640.00      -24.00
03195            -680.00      -20.00
03196            -720.00      -20.00
03197            -720.00      -24.00
03198            -760.00      -20.00
03199            -840.00      -20.00
03200            -880.00      -16.00
03201            -880.00      -20.00
03202            -880.00      -20.00
03203            -880.00      -20.00
03204            -840.00      -20.00
03205            -840.00      -20.00
03206            -760.00      -24.00
03207            -760.00      -20.00
03208            -720.00      -16.00
03209            -720.00      -20.00
03210            -640.00      -20.00
03211            -600.00      -16.00
03212            -560.00      -12.00
03213            -520.00      -20.00
03214            -480.00      -16.00
03215            -480.00      -20.00
03216            -480.00      -20.00
03217            -520.00      -20.00
03218            -560.00      -20.00
03219            -560.00      -16.00
03220            -640.00      -16.00
03221            -640.00      -16.00
03222            -640.00      -16.00
03223            -600.00      -16.00
03224            -560.00      -20.00
03225            -520.00      -16.00
03226            -440.00      -20.00
03227            -280.00      -20.00
03228            -200.00      -16.00
03229             -80.00      -20.00
03230             120.00      -16.00
03231             200.00      -16.00
03232             360.00      -20.00
03233             480.00      -16.00
03234             560.00      -20.00
03235             800.00      -20.00
03236             920.00      -16.00
03237            1040.00      -20.00
03238            1160.00      -24.00
03239            1320.00      -16.00
03240            1400.00      -16.00
03241            1480.00      -20.00
03242            1520.00      -20.00
03243            1600.00      -20.00
03244            1680.00      -16.00
03245            1720.00      -20.00
03246            1760.00      -20.00
03247            1800.00      -16.00
03248            1840.00      -20.00
03249            1840.00      -20.00
03250            1840.00      -20.00
03251            1840.00      -24.00
03252            1840.00      -16.00
03253            1880.00      -16.00
03254            1840.00      -20.00
03255            1800.00      -20.00
03256            1720.00      -16.00
03257            1680.00      -16.00
03258            1600.00      -12.00
03259            1520.00      -16.00
03260            1480.00      -12.00
03261               0.00      500.00
03262               0.00      500.00
03263              40.00      -36.00
03264              80.00      -36.00
03265              80.00      -36.00
03266              80.00      -36.00
03267             120.00      -32.00
03268              80.00      -32.00
03269              80.00      -36.00
03270              40.00      -32.00
03271               0.00      -28.00
03272             -40.00      -32.00
03273             -80.00      -32.00
03274            -120.00      -28.00
03275            -200.00      -36.00
03276            -240.00      -32.00
03277            -280.00      -32.00
03278            -320.00      -32.00
03279            -400.00      -28.00
03280            -440.00      -28.00
03281            -480.00      -28.00
03282            -560.00      -28.00
03283            -600.00      -28.00
03284            -640.00      -32.00
03285            -720.00      -28.00
03286            -840.00      -24.00
03287            -920.00      -24.00
03288           -1040.00      -28.00
03289           -1120.00      -28.00
03290           -1200.00      -24.00
03291           -1360.00      -28.00
03292           -1440.00      -24.00
03293           -1560.00      -24.00
03294           -1640.00      -24.00
03295           -1760.00      -20.00
03296           -1840.00      -20.00
03297           -1880.00      -20.00
03298           -2000.00      -24.00
03299           -2000.00      -24.00
03300           -2040.00      -28.00
03301           -2040.00      -24.00
03302           -2080.00      -20.00
03303           -2080.00      -20.00
03304           -2080.00      -28.00
03305           -2080.00      -20.00
03306           -2040.00      -20.00
03307           -2000.00      -24.00
03308           -2000.00      -20.00
03309           -1920.00      -28.00
03310           -1880.00      -20.00
03311           -1800.00      -20.00
03312           -1800.00      -16.00
03313           -1680.00      -20.00
03314           -1680.00      -20.00
03315           -1600.00      -24.00
03316           -1520.00      -12.00
03317           -1400.00      -16.00
03318           -1360.00      -20.00
03319           -1240.00      -20.00
03320           -1120.00      -20.00
03321            -960.00      -20.00
03322            -880.00      -20.00
03323            -720.00      -24.00
03324            -600.00      -20.00
03325            -440.00      -16.00
03326            -360.00      -16.00
03327            -160.00      -20.00
03328             -80.00      -28.00
03329              40.00      -20.00
03330             160.00      -20.00
03331             240.00      -16.00
03332             320.00      -12.00
03333             400.00      -20.00
03334             480.00      -20.00
03335             560.00      -16.00
03336             600.00      -24.00
03337             680.00      -24.00
03338             720.00      -20.00
03339             800.00      -16.00
03340             880.00      -12.00
03341             920.00      -16.00
03342             960.00      -20.00
03343            1040.00      -16.00
03344            1120.00      -16.00
03345            1200.00      -20.00
03346            1280.00      -20.00
03347            1360.00      -16.00
03348            1440.00      -16.00
03349            1520.00      -16.00
03350            1640.00      -16.00
03351            1760.00      -16.00
03352            1840.00      -16.00
03353            1880.00      -16.00
03354            1920.00      -20.00
03355            2000.00      -16.00
03356            2000.00      -16.00
03357            2000.00      -20.00
03358            2000.00      -16.00
03359            2000.00      -20.00
03360            2000.00      -16.00
03361            1960.00      -16.00
03362            1960.00      -16.00
03363            2000.00      -12.00
03364            2000.00      -20.00
03365            2000.00      -20.00
03366            2000.00      -20.00
03367            2000.00      -20.00
03368            2040.00      -16.00
03369            2040.00      -20.00
03370            2040.00      -16.00
03371            2000.00      -20.00
03372            2000.00      -16.00
03373            1920.00      -16.00
03374            1880.00      -20.00
03375            1800.00      -20.00
03376            1680.00      -20.00
03377            1640.00      -12.00
03378            1480.00      -16.00
03379            1400.00      -20.00
03380            1320.00      -20.00
03381            1200.00      -16.00
03382            1080.00      -16.00
03383             920.00      -20.00
03384             800.00      -16.00
03385             640.00      -16.00
03386             480.00      -20.00
03387             320.00      -20.00
03388             240.00      -16.00
03389             160.00      -20.00
03390              80.00      -12.00
03391               0.00      -16.00
03392             -40.00      -16.00
03393             -80.00      -20.00
03394            -120.00      -16.00
03395            -120.00      -16.00
03396            -160.00      -20.00
03397            -240.00      -20.00
03398            -240.00      -20.00
03399            -240.00      -12.00
03400            -320.00      -16.00
03401            -320.00      -16.00
03402            -400.00      -20.00
03403            -400.00      -20.00
03404            -440.00      -16.00
03405            -480.00      -20.00
03406            -480.00      -16.00
03407            -440.00      -16.00
03408            -480.00      -16.00
03409            -480.00      -20.00
03410            -480.00      -16.00
03411            -480.00      -16.00
03412            -480.00      -16.00
03413            -480.00      -16.00
03414            -480.00      -16.00
03415            -520.00      -16.00
03416            -480.00      -16.00
03417            -520.00      -16.00
03418            -520.00      -20.00
03419            -480.00      -16.00
03420            -520.00      -20.00
03421            -520.00      -16.00
03422            -560.00      -16.00
03423            -600.00      -20.00
03424            -600.00      -16.00
03425            -720.00      -20.00
03426            -760.00      -20.00
03427            -800.00      -20.00
03428            -840.00      -16.00
03429            -920.00      -16.00
03430            -880.00      -16.00
03431            -920.00      -16.00
03432            -920.00      -12.00
03433            -920.00      -20.00
03434            -920.00      -16.00
03435            -880.00      -20.00
03436            -840.00      -20.00
03437            -840.00      -24.00
03438            -800.00      -20.00
03439            -760.00      -16.00
03440            -760.00      -16.00
03441            -680.00      -16.00
03442            -680.00      -20.00
03443            -680.00      -16.00
03444            -680.00      -12.00
03445            -680.00      -24.00
03446            -720.00      -20.00
03447            -760.00      -12.00
03448            -800.00      -16.00
03449            -840.00      -20.00
03450            -880.00      -20.00
03451            -880.00      -16.00
03452            -880.00      -20.00
03453            -880.00      -20.00
03454            -880.00      -16.00
03455            -840.00      -24.00
03456            -800.00      -20.00
03457            -760.00      -16.00
03458            -720.00      -16.00
03459            -680.00      -16.00
03460            -640.00      -20.00
03461            -600.00      -16.00
03462            -560.00      -20.00
03463            -560.00      -24.00
03464            -480.00      -24.00
03465            -480.00      -20.00
03466            -480.00      -24.00
03467            -480.00      -20.00
03468            -560.00      -20.00
03469            -560.00      -20.00
03470            -600.00      -16.00
03471            -640.00      -24.00
03472            -640.00      -16.00
03473            -600.00      -20.00
03474            -560.00      -20.00
03475            -480.00      -20.00
03476            -400.00      -16.00
03477            -320.00      -16.00
03478            -200.00      -20.00
03479             -80.00      -20.00
03480              80.00      -20.00
03481             200.00      -16.00
03482             360.00      -20.00
03483             440.00      -20.00
03484             600.00      -20.00
03485             760.00      -16.00
03486             920.00      -16.00
03487            1040.00      -16.00
03488            1160.00      -16.00
03489            1280.00      -20.00
03490            1400.00      -16.00
03491            1480.00      -20.00
03492            1560.00      -20.00
03493            1640.00      -20.00
03494            1680.00      -20.00
03495            1720.00      -24.00
03496            1800.00      -16.00
03497            1800.00      -16.00
03498            1800.00      -20.00
03499            1840.00      -16.00
03500            1880.00      -20.00
03501            1840.00      -20.00
03502            1840.00      -20.00
03503            1840.00      -16.00
03504            1840.00      -20.00
03505            1800.00      -20.00
03506            1760.00      -16.00
03507            1680.00      -16.00
03508            1640.00      -24.00
03509            1520.00      -16.00
03510            1440.00      -16.00
03511               0.00      500.00
03512              40.00      500.00
03513              40.00      -32.00
03514              40.00      -40.00
03515              80.00      -36.00
03516              80.00      -36.00
03517              80.00      -36.00
03518              80.00      -40.00
03519              40.00      -36.00
03520              40.00      -36.00
03521               0.00      -36.00
03522             -40.00      -32.00
03523             -40.00      -40.00
03524             -80.00      -32.00
03525            -160.00      -32.00
03526            -240.00      -36.00
03527            -280.00      -32.00
03528            -360.00      -24.00
03529            -360.00      -32.00
03530            -440.00      -32.00
03531            -480.00      -32.00
03532            -520.00      -32.00
03533            -600.00      -36.00
03534            -680.00      -32.00
03535            -720.00      -32.00
03536            -800.00      -36.00
03537            -920.00      -28.00
03538           -1040.00      -28.00
03539           -1120.00      -40.00
03540           -1240.00      -28.00
03541           -1320.00      -32.00
03542           -1440.00      -28.00
03543           -1520.00      -28.00
03544           -1640.00      -24.00
03545           -1720.00      -28.00
03546           -1840.00      -24.00
03547           -1920.00      -28.00
03548           -1960.00      -28.00
03549           -2040.00      -20.00
03550           -2080.00      -24.00
03551           -2080.00      -28.00
03552           -2080.00      -24.00
03553           -2120.00      -24.00
03554           -2080.00      -20.00
03555           -2080.00      -20.00
03556           -2040.00      -20.00
03557           -2000.00      -20.00
03558           -1960.00      -24.00
03559           -1960.00      -20.00
03560           -1880.00      -24.00
03561           -1840.00      -24.00
03562           -1760.00      -20.00
03563           -1720.00      -24.00
03564           -1680.00      -20.00
03565           -1560.00      -24.00
03566           -1520.00      -24.00
03567           -1440.00      -24.00
03568           -1320.00      -24.00
03569           -1200.00      -20.00
03570           -1160.00      -20.00
03571           -1000.00      -28.00
03572            -880.00      -20.00
03573            -760.00      -24.00
03574            -560.00      -20.00
03575            -400.00      -24.00
03576            -320.00      -20.00
03577            -120.00      -20.00
03578             -40.00      -20.00
03579              80.00      -24.00
03580             160.00      -20.00
03581             240.00      -20.00
03582             360.00      -20.00
03583             400.00      -20.00
03584             480.00      -24.00
03585             560.00      -20.00
03586             600.00      -16.00
03587             640.00      -20.00
03588             760.00      -20.00
03589             800.00      -20.00
03590             880.00      -24.00
03591             880.00      -20.00
03592             960.00      -20.00
03593            1040.00      -24.00
03594            1120.00      -20.00
03595            1200.00      -20.00
03596            1280.00      -20.00
03597            1360.00      -24.00
03598            1440.00      -20.00
03599            1560.00      -16.00
03600            1640.00      -16.00
03601            1760.00      -16.00
03602            1840.00      -20.00
03603            1920.00      -16.00
03604            1960.00      -16.00
03605            1960.00      -24.00
03606            2000.00      -24.00
03607            2000.00      -16.00
03608            2000.00      -20.00
03609            2040.00      -20.00
03610            2000.00      -20.00
03611            2000.00      -24.00
03612            2000.00      -20.00
03613            2000.00      -20.00
03614            2000.00      -20.00
03615            2000.00      -24.00
03616            2000.00      -16.00
03617            2000.00      -20.00
03618            2040.00      -24.00
03619            2040.00      -20.00
03620            2040.00      -20.00
03621            2040.00      -20.00
03622            2000.00      -16.00
03623            1960.00      -24.00
03624            1880.00      -12.00
03625            1800.00      -24.00
03626            1680.00      -20.00
03627            1600.00      -24.00
03628            1520.00      -20.00
03629            1400.00      -16.00
03630            1280.00      -16.00
03631            1200.00      -20.00
03632            1040.00      -20.00
03633             880.00      -24.00
03634             800.00      -12.00
03635             640.00      -20.00
03636             480.00      -24.00
03637             360.00      -20.00
03638             240.00      -16.00
03639             160.00      -16.00
03640              80.00      -16.00
03641               0.00      -20.00
03642             -40.00      -12.00
03643             -80.00      -20.00
03644            -120.00      -20.00
03645            -160.00      -16.00
03646            -160.00      -16.00
03647            -160.00      -20.00
03648            -200.00      -16.00
03649            -280.00      -16.00
03650            -280.00      -16.00
03651            -320.00      -20.00
03652            -360.00      -20.00
03653            -400.00      -20.00
03654            -440.00      -16.00
03655            -480.00      -20.00
03656            -480.00      -24.00
03657            -480.00      -12.00
03658            -480.00      -16.00
03659            -520.00      -16.00
03660            -480.00      -20.00
03661            -480.00      -20.00
03662            -480.00      -20.00
03663            -480.00      -20.00
03664            -480.00      -24.00
03665            -480.00      -16.00
03666            -480.00      -16.00
03667            -480.00      -20.00
03668            -520.00      -12.00
03669            -520.00      -20.00
03670            -520.00      -20.00
03671            -480.00      -20.00
03672            -520.00      -16.00
03673            -600.00      -20.00
03674            -680.00      -20.00
03675            -680.00      -16.00
03676            -760.00      -20.00
03677            -800.00      -20.00
03678            -840.00      -12.00
03679            -880.00      -20.00
03680            -920.00      -20.00
03681            -920.00      -16.00
03682            -920.00      -20.00
03683            -920.00      -16.00
03684            -920.00      -20.00
03685            -920.00      -20.00
03686            -880.00      -16.00
03687            -840.00      -16.00
03688            -840.00      -16.00
03689            -800.00      -20.00
03690            -760.00      -16.00
03691            -720.00      -16.00
03692            -680.00      -16.00
03693            -680.00      -16.00
03694            -680.00      -12.00
03695            -680.00      -20.00
03696            -720.00      -16.00
03697            -760.00      -16.00
03698            -800.00      -16.00
03699            -800.00      -20.00
03700            -840.00      -20.00
03701            -880.00      -16.00
03702            -880.00      -16.00
03703            -880.00      -20.00
03704            -840.00      -16.00
03705            -800.00      -16.00
03706            -800.00      -16.00
03707            -760.00      -20.00
03708            -720.00      -12.00
03709            -680.00      -16.00
03710            -640.00      -12.00
03711            -600.00      -20.00
03712            -560.00      -24.00
03713            -480.00      -16.00
03714            -520.00      -16.00
03715            -480.00      -16.00
03716            -480.00      -16.00
03717            -520.00      -16.00
03718            -560.00      -16.00
03719            -600.00      -20.00
03720            -640.00      -16.00
03721            -680.00      -20.00
03722            -640.00      -16.00
03723            -600.00      -16.00
03724            -560.00      -16.00
03725            -480.00      -12.00
03726            -400.00      -16.00
03727            -320.00      -20.00
03728            -240.00      -20.00
03729             -80.00      -20.00
03730              40.00      -12.00
03731             200.00      -20.00
03732             360.00      -16.00
03733             480.00      -12.00
03734             640.00      -12.00
03735             720.00      -12.00
03736             880.00      -20.00
03737            1000.00      -16.00
03738            1200.00      -16.00
03739            1280.00      -16.00
03740            1440.00      -12.00
03741            1440.00      -16.00
03742            1520.00      -16.00
03743            1640.00      -16.00
03744            1680.00      -20.00
03745            1720.00       -8.00
03746            1760.00      -16.00
03747            1800.00      -20.00
03748            1840.00      -12.00
03749            1800.00      -16.00
03750            1840.00      -16.00
03751            1840.00      -16.00
03752            1840.00      -12.00
03753            1840.00      -12.00
03754            1840.00      -12.00
03755            1760.00      -16.00
03756            1760.00      -16.00
03757            1680.00      -12.00
03758            1600.00      -20.00
03759            1520.00      -20.00
03760            1440.00      -16.00
03761               0.00      500.00
03762               0.00      500.00
03763              40.00      -28.00
03764              40.00      -36.00
03765              80.00      -32.00
03766              40.00      -28.00
03767              80.00      -32.00
03768              40.00      -32.00
03769              80.00      -36.00
03770              40.00      -36.00
03771              40.00      -36.00
03772             -40.00      -32.00
03773             -80.00      -28.00
03774             -80.00      -32.00
03775            -160.00      -28.00
03776            -200.00      -32.00
03777            -240.00      -28.00
03778            -320.00      -28.00
03779            -360.00      -24.00
03780            -440.00      -28.00
03781            -480.00      -44.00
03782            -480.00      -24.00
03783            -560.00      -24.00
03784            -640.00      -28.00
03785            -720.00      -28.00
03786            -840.00      -24.00
03787            -920.00      -24.00
03788           -1000.00      -28.00
03789           -1160.00      -20.00
03790           -1240.00      -28.00
03791           -1320.00      -24.00
03792           -1440.00      -20.00
03793           -1520.00      -28.00
03794           -1640.00      -24.00
03795           -1720.00      -24.00
03796           -1800.00      -20.00
03797           -1920.00      -28.00
03798           -1960.00      -20.00
03799           -2040.00      -28.00
03800           -2080.00      -28.00
03801           -2120.00      -28.00
03802           -2080.00      -16.00
03803           -2120.00      -28.00
03804           -2080.00      -24.00
03805           -2080.00      -20.00
03806           -2080.00      -24.00
03807           -2000.00      -24.00
03808           -2000.00      -24.00
03809           -1920.00      -24.00
03810           -1880.00      -24.00
03811           -1800.00      -20.00
03812           -1760.00      -20.00
03813           -1680.00      -24.00
03814           -1680.00      -20.00
03815           -1600.00      -20.00
03816           -1520.00      -20.00
03817           -1400.00      -24.00
03818           -1320.00      -24.00
03819           -1240.00      -24.00
03820           -1120.00      -20.00
03821           -1000.00      -20.00
03822            -880.00      -12.00
03823            -720.00      -24.00
03824            -560.00      -16.00
03825            -440.00      -20.00
03826            -280.00      -24.00
03827            -200.00      -24.00
03828             -80.00      -24.00
03829              40.00      -20.00
03830             160.00      -20.00
03831             240.00      -20.00
03832             360.00      -20.00
03833             440.00      -20.00
03834             520.00      -24.00
03835             520.00      -20.00
03836             640.00      -24.00
03837             680.00      -24.00
03838             720.00      -20.00
03839             800.00      -20.00
03840             840.00      -16.00
03841             880.00      -20.00
03842             960.00      -20.00
03843            1040.00      -20.00
03844            1120.00      -16.00
03845            1200.00      -28.00
03846            1280.00      -20.00
03847            1400.00      -24.00
03848            1480.00      -16.00
03849            1520.00      -16.00
03850            1640.00      -20.00
03851            1760.00      -20.00
03852            1800.00      -24.00
03853            1920.00      -24.00
03854            1920.00      -20.00
03855            1960.00      -24.00
03856            2000.00      -16.00
03857            2000.00      -20.00
03858            2040.00      -24.00
03859            2040.00      -20.00
03860            2000.00      -20.00
03861            1960.00      -20.00
03862            2000.00      -20.00
03863            1960.00      -24.00
03864            2000.00      -20.00
03865            2000.00      -20.00
03866            2000.00      -20.00
03867            2000.00      -20.00
03868            2040.00      -20.00
03869            2080.00      -16.00
03870            2080.00      -24.00
03871            2000.00      -20.00
03872            2000.00      -16.00
03873            1960.00      -24.00
03874            1880.00      -16.00
03875            1800.00      -16.00
03876            1720.00      -20.00
03877            1640.00      -24.00
03878            1520.00      -16.00
03879            1400.00      -16.00
03880            1320.00      -20.00
03881            1160.00      -20.00
03882            1040.00      -16.00
03883             880.00      -16.00
03884             800.00       -8.00
03885             600.00      -20.00
03886             520.00      -20.00
03887             360.00      -16.00
03888             280.00      -16.00
03889             160.00      -24.00
03890              80.00      -20.00
03891               0.00      -20.00
03892             -40.00      -16.00
03893             -80.00      -20.00
03894             -80.00      -20.00
03895             -80.00      -16.00
03896            -200.00      -24.00
03897            -200.00      -20.00
03898            -240.00      -20.00
03899            -280.00      -20.00
03900            -280.00      -24.00
03901            -320.00      -20.00
03902            -360.00      -24.00
03903            -400.00      -20.00
03904            -400.00      -20.00
03905            -480.00      -24.00
03906            -480.00      -20.00
03907            -480.00      -20.00
03908            -480.00      -20.00
03909            -480.00      -20.00
03910            -480.00      -20.00
03911            -480.00      -20.00
03912            -480.00      -20.00
03913            -480.00      -20.00
03914            -440.00      -24.00
03915            -480.00      -24.00
03916            -520.00      -24.00
03917            -480.00      -16.00
03918            -520.00      -16.00
03919            -480.00      -20.00
03920            -520.00      -20.00
03921            -520.00      -20.00
03922            -520.00      -16.00
03923            -600.00      -16.00
03924            -640.00      -20.00
03925            -680.00      -20.00
03926            -760.00      -20.00
03927            -800.00      -16.00
03928            -880.00      -16.00
03929            -880.00      -20.00
03930            -920.00      -16.00
03931            -920.00      -16.00
03932            -920.00      -16.00
03933            -920.00      -20.00
03934            -920.00      -24.00
03935            -920.00      -16.00
03936            -880.00      -20.00
03937            -880.00      -20.00
03938            -800.00      -16.00
03939            -760.00      -24.00
03940            -760.00      -20.00
03941            -680.00      -20.00
03942            -720.00      -24.00
03943            -680.00      -16.00
03944            -680.00      -20.00
03945            -680.00      -16.00
03946            -720.00      -16.00
03947            -720.00      -16.00
03948            -800.00      -12.00
03949            -840.00      -16.00
03950            -840.00      -20.00
03951            -880.00      -16.00
03952            -880.00      -20.00
03953            -880.00      -20.00
03954            -840.00      -16.00
03955            -800.00      -16.00
03956            -760.00      -16.00
03957            -720.00      -16.00
03958            -720.00      -20.00
03959            -680.00      -20.00
03960            -640.00      -16.00
03961            -600.00      -40.00
03962            -520.00      -16.00
03963            -520.00      -16.00
03964            -480.00      -16.00
03965            -480.00      -24.00
03966            -480.00      -20.00
03967            -520.00      -24.00
03968            -560.00      -20.00
03969            -640.00      -20.00
03970            -640.00      -20.00
03971            -600.00      -20.00
03972            -640.00      -20.00
03973            -600.00      -16.00
03974            -520.00      -16.00
03975            -480.00      -20.00
03976            -400.00      -16.00
03977            -280.00      -20.00
03978            -160.00      -20.00
03979             -40.00      -16.00
03980              80.00      -20.00
03981             200.00      -16.00
03982             360.00      -16.00
03983             480.00      -20.00
03984             640.00      -20.00
03985             720.00      -12.00
03986             880.00      -20.00
03987            1040.00      -24.00
03988            1200.00        0.00
03989            1320.00      -20.00
03990            1400.00      -12.00
03991            1480.00      -20.00
03992            1520.00      -20.00
03993            1640.00      -20.00
03994            1680.00      -16.00
03995            1760.00      -12.00
03996            1760.00      -24.00
03997            1800.00      -16.00
03998            1800.00      -20.00
03999            1840.00      -16.00
04000            1840.00      -16.00
04001            1840.00      -24.00
04002            1880.00      -20.00
04003            1840.00      -16.00
04004            1840.00      -16.00
04005            1800.00      -16.00
04006            1720.00      -12.00
04007            1680.00      -20.00
04008            1600.00      -20.00
04009            1520.00      -20.00
04010            1440.00      -20.00
04011               0.00      500.00
04012              40.00      500.00
04013              40.00      -36.00
04014              80.00      -36.00
04015              80.00      -32.00
04016              40.00      -36.00
04017              40.00      -36.00
04018              80.00      -32.00
04019              40.00      -32.00
04020              40.00      -32.00
04021               0.00      -32.00
04022               0.00      -28.00
04023             -80.00      -32.00
04024            -120.00      -32.00
04025            -160.00      -32.00
04026            -240.00      -32.00
04027            -280.00      -28.00
04028            -360.00      -28.00
04029            -360.00      -32.00
04030            -440.00      -28.00
04031            -480.00      -24.00
04032            -520.00      -28.00
04033            -600.00      -24.00
04034            -640.00      -28.00
04035            -720.00      -24.00
04036            -800.00      -24.00
04037            -920.00      -28.00
04038           -1000.00      -28.00
04039           -1120.00      -24.00
04040           -1200.00      -20.00
04041           -1320.00      -24.00
04042           -1440.00      -24.00
04043           -1520.00      -28.00
04044           -1680.00      -24.00
04045           -1720.00      -24.00
04046           -1840.00      -20.00
04047           -1920.00      -20.00
04048           -1960.00      -24.00
04049           -2000.00      -20.00
04050           -2080.00      -20.00
04051           -2080.00      -28.00
04052           -2120.00      -40.00
04053           -2080.00      -20.00
04054           -2080.00      -20.00
04055           -2080.00      -24.00
04056           -2040.00      -20.00
04057           -2000.00      -20.00
04058           -2000.00      -20.00
04059           -1920.00      -24.00
04060           -1840.00      -20.00
04061           -1840.00       -4.00
04062           -1760.00      -24.00
04063           -1680.00      -20.00
04064           -1640.00      -20.00
04065           -1560.00      -16.00
04066           -1480.00      -16.00
04067           -1400.00      -20.00
04068           -1360.00      -16.00
04069           -1240.00      -20.00
04070           -1120.00      -20.00
04071           -1000.00      -20.00
04072            -920.00      -16.00
04073            -720.00      -16.00
04074            -600.00      -16.00
04075            -440.00      -20.00
04076            -280.00      -20.00
04077            -200.00      -16.00
04078             -80.00      -16.00
04079              80.00      -20.00
04080             120.00      -12.00
04081             240.00      -20.00
04082             320.00      -20.00
04083             440.00      -24.00
04084             480.00      -16.00
04085             560.00      -20.00
04086             640.00      -16.00
04087             680.00      -20.00
04088             720.00      -20.00
04089             800.00      -12.00
04090             840.00      -20.00
04091             880.00      -12.00
04092             960.00      -24.00
04093            1040.00      -16.00
04094            1120.00      -16.00
04095            1200.00      -20.00
04096            1280.00      -20.00
04097            1360.00      -16.00
04098            1480.00      -12.00
04099            1560.00      -12.00
04100            1680.00      -16.00
04101            1760.00      -20.00
04102            1800.00      -16.00
04103            1920.00      -12.00
04104            1960.00      -16.00
04105            1960.00      -16.00
04106            2000.00      -20.00
04107            2000.00      -16.00
04108            2000.00      -20.00
04109            2040.00      -16.00
04110            2000.00      -16.00
04111            2000.00      -16.00
04112            2000.00      -12.00
04113            1960.00      -12.00
04114            2000.00      -12.00
04115            2000.00      -12.00
04116            2000.00      -16.00
04117            2000.00      -12.00
04118            2040.00      -12.00
04119            2080.00      -12.00
04120            2080.00      -12.00
04121            2040.00      -16.00
04122            2000.00      -16.00
04123            1920.00      -20.00
04124            1880.00      -12.00
04125            1800.00      -16.00
04126            1720.00      -16.00
04127            1600.00      -16.00
04128            1520.00      -24.00
04129            1400.00      -16.00
04130            1320.00      -12.00
04131            1160.00      -16.00
04132            1040.00      -24.00
04133             880.00      -16.00
04134             760.00      -20.00
04135             640.00      -20.00
04136             480.00      -16.00
04137             360.00      -12.00
04138             240.00      -12.00
04139             160.00      -16.00
04140              80.00      -16.00
04141              40.00      -12.00
04142             -40.00      -16.00
04143             -80.00      -16.00
04144             -80.00      -16.00
04145            -160.00      -16.00
04146            -160.00      -16.00
04147            -200.00      -16.00
04148            -240.00      -16.00
04149            -240.00      -20.00
04150            -280.00      -16.00
04151            -320.00      -12.00
04152            -360.00      -16.00
04153            -400.00      -16.00
04154            -400.00      -12.00
04155            -440.00      -16.00
04156            -440.00      -12.00
04157            -480.00      -16.00
04158            -440.00      -20.00
04159            -480.00      -12.00
04160            -480.00      -20.00
04161            -480.00      -20.00
04162            -440.00      -16.00
04163            -480.00      -20.00
04164            -520.00      -16.00
04165            -480.00      -16.00
04166            -520.00      -12.00
04167            -480.00      -16.00
04168            -520.00      -12.00
04169            -480.00      -16.00
04170            -520.00      -16.00
04171            -520.00      -12.00
04172            -560.00      -16.00
04173            -600.00      -20.00
04174            -640.00      -12.00
04175            -720.00      -16.00
04176            -760.00      -16.00
04177            -800.00      -20.00
04178            -840.00      -16.00
04179            -880.00      -12.00
04180            -920.00      -16.00
04181            -920.00      -16.00
04182            -920.00      -16.00
04183            -960.00      -16.00
04184            -920.00      -16.00
04185            -920.00      -20.00
04186            -880.00      -12.00
04187            -840.00      -20.00
04188            -840.00      -20.00
04189            -760.00      -20.00
04190            -760.00      -16.00
04191            -720.00      -20.00
04192            -680.00      -16.00
04193            -680.00      -12.00
04194            -680.00      -16.00
04195            -680.00      -12.00
04196            -720.00      -24.00
04197            -760.00      -20.00
04198            -760.00      -24.00
04199            -840.00      -16.00
04200            -840.00      -16.00
04201            -880.00      -20.00
04202            -880.00      -20.00
04203            -880.00      -16.00
04204            -840.00      -16.00
04205            -840.00      -20.00
04206            -800.00      -20.00
04207            -760.00      -20.00
04208            -720.00      -20.00
04209            -680.00      -20.00
04210            -640.00      -16.00
04211            -560.00      -20.00
04212            -560.00      -24.00
04213            -520.00      -16.00
04214            -480.00      -20.00
04215            -480.00      -16.00
04216            -440.00      -20.00
04217            -480.00      -24.00
04218            -560.00      -20.00
04219            -560.00      -12.00
04220            -600.00      -20.00
04221            -640.00      -20.00
04222            -640.00      -24.00
04223            -600.00      -24.00
04224            -520.00      -20.00
04225            -480.00      -16.00
04226            -440.00      -20.00
04227            -280.00      -24.00
04228            -160.00      -20.00
04229             -80.00      -16.00
04230              80.00      -20.00
04231             240.00      -20.00
04232             320.00      -16.00
04233             480.00      -16.00
04234             600.00      -16.00
04235             760.00      -20.00
04236             880.00      -12.00
04237            1000.00      -20.00
04238            1200.00      -24.00
04239            1280.00      -20.00
04240            1360.00      -20.00
04241            1480.00      -12.00
04242            1560.00      -16.00
04243            1600.00      -16.00
04244            1680.00      -24.00
04245            1720.00      -20.00
04246            1800.00      -20.00
04247            1760.00      -24.00
04248            1800.00      -24.00
04249            1840.00      -16.00
04250            1840.00      -16.00
04251            1880.00      -16.00
04252            1840.00      -16.00
04253            1840.00      -20.00
04254            1840.00      -16.00
04255            1800.00      -16.00
04256            1760.00      -20.00
04257            1680.00      -16.00
04258            1600.00      -16.00
04259            1520.00      -20.00
04260            1480.00      -20.00
04261               0.00      500.00
04262              40.00      500.00
04263              40.00      -36.00
04264              80.00      -36.00
04265              80.00      -36.00
04266              80.00      -40.00
04267             120.00      -36.00
04268              80.00      -36.00
04269              40.00      -32.00
04270              40.00      -36.00
04271               0.00      -32.00
04272             -40.00      -28.00
04273             -40.00      -32.00
04274             -80.00      -36.00
04275            -160.00      -28.00
04276            -200.00      -32.00
04277            -280.00      -20.00
04278            -360.00      -32.00
04279            -400.00      -28.00
04280            -400.00      -32.00
04281            -480.00      -32.00
04282            -560.00      -24.00
04283            -600.00      -28.00
04284            -640.00      -28.00
04285            -720.00      -32.00
04286            -800.00      -24.00
04287            -920.00      -28.00
04288           -1000.00      -32.00
04289           -1120.00      -28.00
04290           -1240.00      -28.00
04291           -1360.00      -24.00
04292           -1440.00      -24.00
04293           -1560.00      -28.00
04294           -1640.00      -28.00
04295           -1720.00      -28.00
04296           -1800.00      -24.00
04297           -1880.00      -24.00
04298           -1960.00      -24.00
04299           -2000.00      -24.00
04300           -2040.00      -24.00
04301           -2080.00      -20.00
04302           -2120.00      -24.00
04303           -2080.00      -20.00
04304           -2120.00      -24.00
04305           -2080.00      -24.00
04306           -2040.00      -20.00
04307           -2040.00      -28.00
04308           -1960.00      -20.00
04309           -1920.00      -16.00
04310           -1880.00      -24.00
04311           -1840.00      -24.00
04312           -1760.00      -28.00
04313           -1720.00      -24.00
04314           -1600.00      -16.00
04315           -1560.00      -28.00
04316           -1520.00      -24.00
04317           -1400.00      -24.00
04318           -1360.00      -24.00
04319           -1200.00      -28.00
04320           -1080.00      -24.00
04321           -1000.00      -20.00
04322            -880.00      -24.00
04323            -760.00      -16.00
04324            -560.00      -16.00
04325            -440.00      -24.00
04326            -280.00      -20.00
04327            -240.00      -20.00
04328            -120.00      -20.00
04329              80.00      -20.00
04330             120.00      -20.00
04331             240.00      -20.00
04332             360.00      -28.00
04333             400.00      -20.00
04334             520.00      -20.00
04335             560.00      -16.00
04336             640.00      -16.00
04337             680.00      -20.00
04338             720.00      -20.00
04339             800.00      -20.00
04340             880.00      -20.00
04341             920.00      -24.00
04342             960.00      -16.00
04343            1080.00      -16.00
04344            1080.00      -16.00
04345            1160.00      -20.00
04346            1280.00      -20.00
04347            1360.00      -24.00
04348            1520.00      -16.00
04349            1560.00      -16.00
04350            1640.00      -20.00
04351            1720.00      -20.00
04352            1800.00      -16.00
04353            1920.00      -16.00
04354            1920.00      -20.00
04355            1960.00      -16.00
04356            2000.00      -20.00
04357            2040.00      -16.00
04358            2040.00      -20.00
04359            2000.00      -16.00
04360            2000.00      -16.00
04361            2000.00      -16.00
04362            2000.00      -20.00
04363            2000.00      -16.00
04364            2000.00      -16.00
04365            2000.00      -16.00
04366            2000.00      -12.00
04367            2000.00      -16.00
04368            2040.00      -20.00
04369            2080.00      -20.00
04370            2040.00      -16.00
04371            2040.00      -24.00
04372            2000.00      -20.00
04373            1960.00      -20.00
04374            1880.00      -20.00
04375            1800.00      -24.00
04376            1680.00      -16.00
04377            1640.00      -20.00
04378            1520.00      -16.00
04379            1400.00      -16.00
04380            1280.00      -16.00
04381            1200.00      -16.00
04382            1040.00      -20.00
04383             920.00      -20.00
04384             760.00      -16.00
04385             640.00      -12.00
04386             480.00      -16.00
04387             360.00      -16.00
04388             200.00      -16.00
04389             120.00      -16.00
04390              80.00      -16.00
04391               0.00      -24.00
04392             -40.00      -16.00
04393             -80.00      -24.00
04394            -120.00      -16.00
04395            -120.00      -20.00
04396            -160.00      -20.00
04397            -200.00      -24.00
04398            -240.00      -20.00
04399            -280.00      -24.00
04400            -280.00      -20.00
04401            -360.00      -16.00
04402            -400.00      -20.00
04403            -400.00      -20.00
04404            -440.00      -20.00
04405            -440.00      -20.00
04406            -440.00      -16.00
04407            -480.00      -16.00
04408            -480.00      -20.00
04409            -520.00      -20.00
04410            -440.00      -20.00
04411            -480.00      -16.00
04412            -480.00      -20.00
04413            -480.00      -12.00
04414            -480.00      -16.00
04415            -520.00      -12.00
04416            -480.00      -24.00
04417            -520.00      -16.00
04418            -480.00      -20.00
04419            -520.00      -20.00
04420            -480.00      -20.00
04421            -560.00      -16.00
04422            -560.00      -20.00
04423            -600.00      -20.00
04424            -640.00      -16.00
04425            -680.00      -16.00
04426            -760.00      -16.00
04427            -800.00      -20.00
04428            -840.00      -16.00
04429            -880.00      -16.00
04430            -880.00      -20.00
04431            -920.00      -20.00
04432            -920.00      -16.00
04433            -920.00      -12.00
04434            -920.00      -16.00
04435            -880.00      -20.00
04436            -880.00      -16.00
04437            -840.00      -20.00
04438            -840.00      -16.00
04439            -800.00      -16.00
04440            -720.00      -16.00
04441            -720.00      -16.00
04442            -680.00      -16.00
04443            -680.00      -16.00
04444            -680.00      -16.00
04445            -720.00      -16.00
04446            -720.00      -16.00
04447            -760.00      -20.00
04448            -800.00      -20.00
04449            -840.00      -16.00
04450            -880.00      -16.00
04451            -880.00      -16.00
04452            -880.00      -20.00
04453            -880.00      -16.00
04454            -840.00      -16.00
04455            -800.00      -16.00
04456            -760.00      -16.00
04457            -760.00      -16.00
04458            -720.00      -16.00
04459            -680.00      -16.00
04460            -640.00      -12.00
04461            -600.00      -16.00
04462            -560.00      -12.00
04463            -480.00      -12.00
04464            -480.00      -16.00
04465            -480.00      -16.00
04466            -480.00      -16.00
04467            -520.00      -20.00
04468            -520.00      -20.00
04469            -600.00      -16.00
04470            -640.00      -16.00
04471            -640.00      -16.00
04472            -640.00      -12.00
04473            -600.00      -12.00
04474            -560.00      -16.00
04475            -480.00      -20.00
04476            -400.00      -12.00
04477            -320.00      -16.00
04478            -200.00      -16.00
04479             -40.00      -16.00
04480              80.00      -12.00
04481             200.00      -16.00
04482             320.00      -12.00
04483             440.00      -16.00
04484             600.00      -16.00
04485             800.00      -16.00
04486             920.00      -16.00
04487            1040.00      -12.00
04488            1160.00      -20.00
04489            1280.00      -16.00
04490            1360.00      -16.00
04491            1520.00      -16.00
04492            1560.00      -16.00
04493            1640.00      -12.00
04494            1640.00      -16.00
04495            1720.00      -20.00
04496            1760.00      -12.00
04497            1800.00      -20.00
04498            1800.00      -16.00
04499            1840.00      -16.00
04500            1880.00      -16.00
04501            1840.00      -16.00
04502            1840.00      -16.00
04503            1840.00      -16.00
04504            1840.00      -16.00
04505            1800.00      -12.00
04506            1720.00      -20.00
04507            1680.00      -12.00
04508            1600.00      -16.00
04509            1520.00      -16.00
04510            1440.00      -12.00
04511               0.00      500.00
04512              40.00      500.00
04513              40.00      -32.00
04514              80.00      -36.00
04515              80.00      -36.00
04516              80.00      -32.00
04517              80.00      -32.00
04518              80.00      -32.00
04519              40.00      -28.00
04520              40.00      -32.00
04521               0.00      -28.00
04522             -40.00      -32.00
04523             -40.00      -32.00
04524            -120.00      -32.00
04525            -160.00      -32.00
04526            -200.00      -28.00
04527            -280.00      -28.00
04528            -320.00      -28.00
04529            -400.00      -28.00
04530            -400.00      -28.00
04531            -480.00      -28.00
04532            -560.00      -28.00
04533            -560.00      -20.00
04534            -640.00      -32.00
04535            -720.00      -28.00
04536            -800.00      -24.00
04537            -920.00      -20.00
04538           -1040.00      -24.00
04539           -1120.00      -28.00
04540           -1240.00      -24.00
04541           -1360.00      -28.00
04542           -1440.00      -28.00
04543           -1560.00      -28.00
04544           -1640.00      -24.00
04545           -1720.00      -28.00
04546           -1840.00      -16.00
04547           -1920.00      -24.00
04548           -1960.00      -24.00
04549           -2000.00      -24.00
04550           -2040.00      -28.00
04551           -2080.00      -24.00
04552           -2080.00      -24.00
04553           -2120.00      -28.00
04554           -2120.00      -24.00
04555           -2080.00      -20.00
04556           -2040.00      -20.00
04557           -2000.00      -16.00
04558           -1960.00      -20.00
04559           -1920.00      -16.00
04560           -1880.00      -24.00
04561           -1840.00      -24.00
04562           -1760.00      -20.00
04563           -1680.00      -20.00
04564           -1600.00      -20.00
04565           -1600.00      -24.00
04566           -1520.00      -20.00
04567           -1400.00      -20.00
04568           -1360.00      -20.00
04569           -1200.00      -20.00
04570           -1120.00      -24.00
04571           -1000.00      -16.00
04572            -840.00      -20.00
04573            -760.00      -28.00
04574            -600.00      -24.00
04575            -440.00      -20.00
04576            -280.00      -24.00
04577            -200.00      -24.00
04578             -80.00      -20.00
04579              40.00      -20.00
04580             160.00      -20.00
04581             240.00      -20.00
04582             360.00      -24.00
04583             400.00      -20.00
04584             480.00      -20.00
04585             560.00      -16.00
04586             640.00      -24.00
04587             680.00      -20.00
04588             720.00      -24.00
04589             760.00      -20.00
04590             840.00      -24.00
04591             880.00      -24.00
04592             960.00      -16.00
04593            1080.00      -20.00
04594            1080.00      -12.00
04595            1160.00      -12.00
04596            1280.00      -20.00
04597            1360.00      -20.00
04598            1480.00      -20.00
04599            1560.00      -20.00
04600            1680.00      -24.00
04601            1760.00      -20.00
04602            1840.00      -24.00
04603            1880.00      -20.00
04604            1960.00      -20.00
04605            2000.00      -20.00
04606            2000.00      -20.00
04607            2000.00      -20.00
04608            2000.00      -20.00
04609            2040.00      -20.00
04610            2000.00      -16.00
04611            2000.00      -24.00
04612            2000.00      -24.00
04613            2000.00      -20.00
04614            2000.00      -16.00
04615            2000.00      -20.00
04616            2000.00      -20.00
04617            2000.00      -24.00
04618            2040.00      -20.00
04619            2080.00      -20.00
04620            2040.00      -24.00
04621            2000.00      -20.00
04622            2000.00      -24.00
04623            1960.00      -16.00
04624            1840.00      -24.00
04625            1800.00      -16.00
04626            1680.00      -20.00
04627            1600.00      -16.00
04628            1520.00      -16.00
04629            1440.00      -20.00
04630            1320.00      -20.00
04631            1200.00      -20.00
04632            1040.00      -12.00
04633             880.00      -20.00
04634             760.00      -20.00
04635             640.00      -20.00
04636             480.00      -16.00
04637             360.00      -20.00
04638             240.00      -20.00
04639             160.00      -20.00
04640              80.00      -20.00
04641               0.00      -20.00
04642             -40.00      -16.00
04643             -80.00      -16.00
04644            -120.00      -20.00
04645             -80.00      -20.00
04646            -160.00      -20.00
04647            -200.00      -20.00
04648            -240.00      -28.00
04649            -280.00      -20.00
04650            -240.00      -20.00
04651            -320.00      -20.00
04652            -400.00      -16.00
04653            -400.00      -20.00
04654            -480.00      -24.00
04655            -440.00      -12.00
04656            -480.00      -24.00
04657            -480.00      -20.00
04658            -440.00      -20.00
04659            -480.00      -20.00
04660            -480.00      -16.00
04661            -440.00      -20.00
04662            -440.00      -20.00
04663            -440.00      -24.00
04664            -480.00      -16.00
04665            -480.00      -16.00
04666            -480.00      -20.00
04667            -520.00      -20.00
04668            -520.00      -16.00
04669            -480.00      -16.00
04670            -480.00      -16.00
04671            -520.00      -16.00
04672            -560.00      -16.00
04673            -600.00      -20.00
04674            -600.00      -20.00
04675            -720.00      -16.00
04676            -760.00      -20.00
04677            -800.00      -20.00
04678            -840.00      -16.00
04679            -880.00      -16.00
04680            -880.00      -20.00
04681            -920.00      -20.00
04682            -960.00      -24.00
04683            -920.00      -16.00
04684            -920.00      -20.00
04685            -880.00      -16.00
04686            -880.00      -16.00
04687            -880.00      -16.00
04688            -840.00      -20.00
04689            -760.00      -16.00
04690            -760.00      -20.00
04691            -720.00      -12.00
04692            -720.00      -16.00
04693            -720.00      -16.00
04694            -720.00      -16.00
04695            -680.00      -16.00
04696            -720.00      -16.00
04697            -760.00      -20.00
04698            -800.00      -20.00
04699            -840.00      -16.00
04700            -840.00      -20.00
04701            -920.00      -20.00
04702            -880.00      -20.00
04703            -880.00      -20.00
04704            -880.00      -16.00
04705            -800.00      -20.00
04706            -800.00      -16.00
04707            -720.00      -20.00
04708            -720.00      -20.00
04709            -680.00      -16.00
04710            -640.00      -16.00
04711            -560.00      -16.00
04712            -560.00      -16.00
04713            -480.00      -20.00
04714            -480.00      -20.00
04715            -480.00      -24.00
04716            -480.00      -16.00
04717            -520.00      -28.00
04718            -560.00      -16.00
04719            -600.00      -20.00
04720            -600.00      -12.00
04721            -640.00      -20.00
04722            -640.00      -20.00
04723            -600.00      -20.00
04724            -560.00      -16.00
04725            -520.00      -20.00
04726            -400.00      -20.00
04727            -360.00      -20.00
04728            -200.00      -12.00
04729            -120.00      -16.00
04730              40.00      -16.00
04731             200.00      -20.00
04732             320.00      -16.00
04733             480.00      -20.00
04734             640.00      -20.00
04735             800.00      -20.00
04736             960.00      -20.00
04737            1080.00      -20.00
04738            1200.00      -12.00
04739            1280.00      -16.00
04740            1400.00      -24.00
04741            1440.00      -16.00
04742            1560.00      -16.00
04743            1600.00      -24.00
04744            1680.00      -20.00
04745            1720.00      -16.00
04746            1800.00      -16.00
04747            1800.00      -16.00
04748            1840.00      -12.00
04749            1840.00      -16.00
04750            1840.00      -20.00
04751            1880.00      -16.00
04752            1840.00      -20.00
04753            1840.00      -20.00
04754            1800.00      -20.00
04755            1800.00      -20.00
04756            1760.00      -16.00
04757            1680.00      -16.00
04758            1600.00      -12.00
04759            1560.00      -12.00
04760            1440.00      -16.00
04761               0.00      500.00
04762               0.00      500.00
04763              40.00      -32.00
04764              40.00      -32.00
04765              40.00      -36.00
04766              80.00      -36.00
04767              40.00      -32.00
04768             120.00      -28.00
04769              40.00      -28.00
04770              40.00      -36.00
04771               0.00      -28.00
04772             -40.00      -36.00
04773             -80.00      -24.00
04774            -120.00      -28.00
04775            -160.00      -28.00
04776            -240.00      -32.00
04777            -280.00      -28.00
04778            -360.00      -24.00
04779            -360.00      -32.00
04780            -440.00      -28.00
04781            -480.00      -28.00
04782            -520.00      -28.00
04783            -600.00      -28.00
04784            -640.00      -28.00
04785            -720.00      -24.00
04786            -840.00      -24.00
04787            -920.00      -24.00
04788           -1000.00      -24.00
04789           -1160.00      -28.00
04790           -1240.00      -28.00
04791           -1360.00      -20.00
04792           -1440.00      -24.00
04793           -1520.00      -20.00
04794           -1640.00      -20.00
04795           -1760.00      -24.00
04796           -1800.00      -16.00
04797           -1880.00      -24.00
04798           -1960.00      -24.00
04799           -2000.00      -24.00
04800           -2040.00      -24.00
04801           -2080.00      -24.00
04802           -2120.00      -20.00
04803           -2120.00      -16.00
04804           -2080.00      -16.00
04805           -2080.00      -20.00
04806           -2040.00      -24.00
04807           -2000.00      -20.00
04808           -1960.00      -24.00
04809           -1880.00      -16.00
04810           -1920.00      -20.00
04811           -1840.00      -24.00
04812           -1800.00      -24.00
04813           -1680.00      -16.00
04814           -1680.00      -16.00
04815           -1560.00      -12.00
04816           -1480.00      -24.00
04817           -1440.00      -20.00
04818           -1320.00      -20.00
04819           -1240.00      -16.00
04820           -1120.00      -20.00
04821           -1000.00      -16.00
04822            -880.00      -16.00
04823            -720.00      -16.00
04824            -600.00      -12.00
04825            -440.00      -20.00
04826            -360.00      -20.00
04827            -200.00      -20.00
04828             -80.00      -24.00
04829              40.00      -16.00
04830             160.00      -20.00
04831             240.00      -12.00
04832             280.00      -20.00
04833             440.00      -16.00
04834             440.00      -16.00
04835             560.00      -16.00
04836             600.00      -20.00
04837             680.00      -20.00
04838             680.00      -16.00
04839             800.00      -20.00
04840             840.00      -12.00
04841             960.00      -16.00
04842            1000.00      -20.00
04843            1000.00      -16.00
04844            1080.00      -12.00
04845            1200.00      -16.00
04846            1320.00      -16.00
04847            1360.00      -12.00
04848            1480.00      -12.00
04849            1600.00      -16.00
04850            1680.00      -20.00
04851            1760.00      -12.00
04852            1840.00      -16.00
04853            1920.00      -20.00
04854            1960.00      -16.00
04855            2000.00      -20.00
04856            2000.00      -16.00
04857            2000.00      -16.00
04858            2000.00      -16.00
04859            2000.00      -16.00
04860            2000.00      -24.00
04861            2000.00      -20.00
04862            2000.00      -12.00
04863            2000.00      -16.00
04864            1960.00      -16.00
04865            1960.00      -20.00
04866            2000.00      -20.00
04867            2000.00      -16.00
04868            2000.00      -16.00
04869            2040.00      -16.00
04870            2080.00      -20.00
04871            2040.00      -12.00
04872            2000.00      -12.00
04873            1920.00      -16.00
04874            1920.00      -16.00
04875            1800.00      -12.00
04876            1680.00      -16.00
04877            1600.00      -16.00
04878            1520.00      -16.00
04879            1440.00      -16.00
04880            1280.00      -16.00
04881            1160.00      -12.00
04882            1040.00      -20.00
04883             920.00      -16.00
04884             760.00      -16.00
04885             640.00      -16.00
04886             480.00      -12.00
04887             360.00      -20.00
04888             240.00      -16.00
04889             200.00      -16.00
04890              80.00      -16.00
04891             -40.00      -12.00
04892             -40.00      -16.00
04893             -80.00      -12.00
04894             -80.00      -16.00
04895            -120.00      -16.00
04896            -160.00      -16.00
04897            -160.00      -16.00
04898            -200.00      -20.00
04899            -240.00      -16.00
04900            -360.00      -12.00
04901            -320.00      -16.00
04902            -360.00      -16.00
04903            -400.00      -12.00
04904            -440.00      -20.00
04905            -440.00      -12.00
04906            -440.00      -16.00
04907            -480.00      -16.00
04908            -480.00      -16.00
04909            -520.00      -12.00
04910            -480.00      -12.00
04911            -440.00      -12.00
04912            -480.00      -16.00
04913            -480.00      -20.00
04914            -480.00      -20.00
04915            -520.00      -12.00
04916            -520.00      -20.00
04917            -520.00      -16.00
04918            -520.00      -16.00
04919            -480.00      -12.00
04920            -480.00      -12.00
04921            -520.00      -16.00
04922            -560.00      -16.00
04923            -600.00      -20.00
04924            -640.00      -20.00
04925            -680.00      -12.00
04926            -760.00      -16.00
04927            -840.00      -20.00
04928            -840.00      -16.00
04929            -880.00      -12.00
04930            -880.00      -20.00
04931            -920.00      -16.00
04932            -920.00      -20.00
04933            -920.00      -20.00
04934            -920.00      -20.00
04935            -880.00      -16.00
04936            -880.00      -16.00
04937            -880.00      -20.00
04938            -800.00      -16.00
04939            -800.00      -16.00
04940            -720.00      -12.00
04941            -720.00      -16.00
04942            -680.00      -16.00
04943            -680.00      -16.00
04944            -680.00      -20.00
04945            -720.00      -12.00
04946            -720.00      -20.00
04947            -760.00      -12.00
04948            -760.00      -12.00
04949            -840.00      -16.00
04950            -840.00      -20.00
04951            -880.00      -20.00
04952            -880.00      -20.00
04953            -880.00      -16.00
04954            -880.00      -20.00
04955            -800.00      -24.00
04956            -800.00      -16.00
04957            -760.00      -16.00
04958            -680.00      -16.00
04959            -680.00      -20.00
04960            -600.00      -20.00
04961            -600.00      -24.00
04962            -560.00      -24.00
04963            -520.00      -16.00
04964            -480.00      -20.00
04965            -480.00      -16.00
04966            -480.00      -20.00
04967            -480.00      -16.00
04968            -520.00      -16.00
04969            -600.00      -20.00
04970            -640.00      -24.00
04971            -640.00      -16.00
04972            -640.00      -20.00
04973            -640.00      -20.00
04974            -480.00      -20.00
04975            -520.00      -20.00
04976            -360.00      -12.00
04977            -320.00      -12.00
04978            -200.00      -16.00
04979             -40.00      -12.00
04980              40.00      -16.00
04981             160.00      -20.00
04982             360.00      -16.00
04983             440.00      -20.00
04984             640.00      -24.00
04985             760.00      -16.00
04986             880.00      -20.00
04987            1040.00      -20.00
04988            1160.00      -16.00
04989            1240.00      -16.00
04990            1440.00      -16.00
04991            1480.00      -20.00
04992            1560.00      -16.00
04993            1640.00      -20.00
04994            1640.00      -12.00
04995            1720.00      -20.00
04996            1760.00      -16.00
04997            1840.00      -24.00
04998            1800.00      -20.00
04999            1840.00      -16.00
05000            1840.00      -16.00
