Unit:(mV)
                     CH1         CH2
Frequency              ?   1.179 kHz
Period                 ?  848.176 us
00001             240.00      -20.00
00002             200.00      -16.00
00003             160.00      -16.00
00004             120.00      -20.00
00005              80.00      -16.00
00006              40.00      -16.00
00007             -80.00      -20.00
00008            -160.00      -20.00
00009            -240.00      -16.00
00010            -320.00      -20.00
00011             320.00      500.00
00012             400.00      500.00
00013             520.00      500.00
00014             560.00      -28.00
00015             640.00      -36.00
00016             720.00      -36.00
00017             760.00      -32.00
00018             800.00      -32.00
00019             840.00      -32.00
00020             880.00      -28.00
00021             880.00      -32.00
00022             920.00      -28.00
00023             920.00      -28.00
00024             960.00      -28.00
00025             960.00      -28.00
00026             920.00      -32.00
00027             920.00      -24.00
00028             960.00      -28.00
00029             880.00      -28.00
00030             880.00      -32.00
00031             880.00      -32.00
00032             880.00      -20.00
00033             840.00      -24.00
00034             800.00      -28.00
00035             800.00      -24.00
00036             800.00      -28.00
00037             720.00      -20.00
00038             640.00      -24.00
00039             560.00      -28.00
00040             440.00      -32.00
00041             320.00      -20.00
00042             240.00      -20.00
00043              80.00      -24.00
00044               0.00      -28.00
00045             -80.00      -20.00
00046            -200.00      -24.00
00047            -320.00      -24.00
00048            -400.00      -20.00
00049            -520.00      -24.00
00050            -600.00      -20.00
00051            -680.00      -20.00
00052            -760.00      -12.00
00053            -800.00      -20.00
00054            -840.00      -16.00
00055            -840.00      -20.00
00056            -880.00      -28.00
00057            -840.00      -20.00
00058            -840.00      -20.00
00059            -840.00      -20.00
00060            -880.00      -16.00
00061            -880.00      -20.00
00062            -920.00      -16.00
00063            -920.00      -20.00
00064            -960.00      -20.00
00065           -1040.00      -20.00
00066           -1040.00      -12.00
00067           -1080.00      -16.00
00068           -1080.00      -20.00
00069           -1040.00      -20.00
00070           -1040.00      -20.00
00071           -1040.00      -16.00
00072            -960.00      -16.00
00073            -880.00      -16.00
00074            -800.00      -20.00
00075            -720.00      -16.00
00076            -600.00      -16.00
00077            -520.00      -20.00
00078            -440.00      -12.00
00079            -360.00      -16.00
00080            -240.00      -20.00
00081            -200.00      -16.00
00082            -160.00      -16.00
00083            -120.00      -16.00
00084            -120.00      -16.00
00085            -120.00      -12.00
00086             -80.00      -20.00
00087            -120.00      -12.00
00088             -80.00      -20.00
00089             -80.00      -16.00
00090            -120.00      -16.00
00091            -120.00      -16.00
00092            -160.00      -20.00
00093            -160.00      -16.00
00094            -200.00      -16.00
00095            -200.00      -12.00
00096            -160.00      -20.00
00097            -160.00      -16.00
00098            -120.00      -16.00
00099            -120.00      -12.00
00100             -80.00      -12.00
00101             -40.00      -20.00
00102             -40.00      -16.00
00103             -40.00      -24.00
00104               0.00      -12.00
00105               0.00      -16.00
00106               0.00      -20.00
00107             -40.00      -16.00
00108             -40.00      -12.00
00109             -40.00      -16.00
00110             -80.00      -12.00
00111             -40.00      -16.00
00112             -80.00      -12.00
00113             -80.00      -16.00
00114             -40.00      -16.00
00115               0.00      -16.00
00116              40.00      -16.00
00117             160.00      -12.00
00118             240.00      -16.00
00119             360.00      -12.00
00120             440.00      -12.00
00121             560.00      -16.00
00122             680.00      -12.00
00123             760.00      -12.00
00124             840.00      -16.00
00125             840.00      -16.00
00126             880.00      -12.00
00127             880.00      -12.00
00128             880.00      -16.00
00129             880.00      -20.00
00130             840.00      -12.00
00131             800.00      -16.00
00132             720.00      -16.00
00133             640.00      -16.00
00134             560.00      -12.00
00135             480.00      -16.00
00136             360.00      -12.00
00137             240.00      -20.00
00138             200.00      -12.00
00139             120.00      -16.00
00140              80.00      -16.00
00141             120.00      -20.00
00142             120.00      -16.00
00143              80.00      -20.00
00144              80.00      -16.00
00145              40.00      -16.00
00146              40.00      -12.00
00147             -40.00      -16.00
00148            -120.00      -16.00
00149            -240.00      -12.00
00150            -360.00      -12.00
00151            -400.00      -12.00
00152            -480.00      -12.00
00153            -520.00      -12.00
00154            -560.00      -16.00
00155            -600.00      -16.00
00156            -600.00      -16.00
00157            -560.00      -16.00
00158            -520.00      -12.00
00159            -520.00      -12.00
00160            -440.00      -24.00
00161            -360.00      -16.00
00162            -280.00      -16.00
00163            -200.00      -12.00
00164             -80.00      -16.00
00165               0.00      -16.00
00166              40.00      -16.00
00167             120.00      -16.00
00168             160.00      -16.00
00169             200.00      -16.00
00170             280.00      -16.00
00171             320.00      -20.00
00172             360.00      -12.00
00173             360.00      -12.00
00174             360.00      -16.00
00175             400.00      -20.00
00176             400.00      -12.00
00177             400.00      -20.00
00178             360.00      -16.00
00179             360.00      -12.00
00180             320.00      -16.00
00181             320.00      -16.00
00182             280.00      -16.00
00183             240.00      -12.00
00184             240.00      -20.00
00185             240.00      -12.00
00186             240.00      -16.00
00187             200.00      -16.00
00188             240.00      -20.00
00189             120.00      -12.00
00190              80.00      -16.00
00191              40.00      -20.00
00192             -80.00      -20.00
00193            -160.00      -12.00
00194            -240.00      -12.00
00195            -360.00      -16.00
00196            -520.00      -16.00
00197            -640.00      -16.00
00198            -760.00      -16.00
00199            -840.00      -16.00
00200            -920.00      -16.00
00201            -960.00      -12.00
00202           -1000.00      -12.00
00203            -960.00      -16.00
00204            -960.00      -12.00
00205            -920.00      -16.00
00206            -880.00      -16.00
00207            -800.00      -16.00
00208            -760.00      -20.00
00209            -680.00      -16.00
00210            -600.00      -20.00
00211            -560.00      -16.00
00212            -520.00      -16.00
00213            -480.00      -12.00
00214            -400.00      -24.00
00215            -360.00      -16.00
00216            -400.00      -20.00
00217            -320.00      -16.00
00218            -320.00      -20.00
00219            -360.00      -16.00
00220            -360.00      -16.00
00221            -400.00      -16.00
00222            -320.00      -24.00
00223            -320.00      -20.00
00224            -240.00      -20.00
00225            -120.00      -16.00
00226             -40.00      -16.00
00227             120.00      -20.00
00228             240.00      -16.00
00229             400.00      -20.00
00230             560.00      -16.00
00231             680.00      -16.00
00232             840.00      -16.00
00233             880.00      -20.00
00234             960.00      -16.00
00235            1000.00      -20.00
00236            1040.00      -20.00
00237            1080.00      -16.00
00238            1080.00      -16.00
00239            1040.00      -16.00
00240            1000.00      -16.00
00241             960.00      -20.00
00242             880.00      -16.00
00243             720.00      -24.00
00244             640.00      -16.00
00245             520.00      -16.00
00246             440.00      -20.00
00247             400.00      -24.00
00248             360.00      -12.00
00249             320.00      -20.00
00250             240.00      -16.00
00251             240.00      -20.00
00252             240.00      -20.00
00253             160.00      -16.00
00254             160.00      -16.00
00255              80.00      -16.00
00256               0.00      -16.00
00257             -80.00      -16.00
00258            -160.00      -16.00
00259            -240.00      -20.00
00260            -280.00      -16.00
00261             360.00      500.00
00262             440.00      500.00
00263             520.00      500.00
00264             560.00      -40.00
00265             640.00      -36.00
00266             720.00      -32.00
00267             800.00      -40.00
00268             800.00      -32.00
00269             880.00      -36.00
00270             880.00      -32.00
00271             920.00      -32.00
00272             920.00      -40.00
00273             960.00      -32.00
00274             920.00      -32.00
00275             960.00      -32.00
00276             960.00      -28.00
00277             920.00      -28.00
00278             920.00      -28.00
00279             880.00      -32.00
00280             880.00      -32.00
00281             880.00      -32.00
00282             840.00      -32.00
00283             840.00      -20.00
00284             800.00      -36.00
00285             800.00      -32.00
00286             800.00      -28.00
00287             680.00      -24.00
00288             640.00      -32.00
00289             560.00      -28.00
00290             440.00      -24.00
00291             360.00      -28.00
00292             240.00      -28.00
00293             120.00      -28.00
00294               0.00      -24.00
00295            -120.00      -28.00
00296            -200.00      -20.00
00297            -320.00      -24.00
00298            -400.00      -28.00
00299            -520.00      -28.00
00300            -600.00      -24.00
00301            -680.00      -24.00
00302            -760.00      -20.00
00303            -800.00      -24.00
00304            -840.00      -20.00
00305            -880.00      -20.00
00306            -840.00      -20.00
00307            -880.00      -24.00
00308            -880.00      -20.00
00309            -840.00      -20.00
00310            -840.00      -24.00
00311            -880.00      -20.00
00312            -920.00      -20.00
00313            -920.00      -20.00
00314            -960.00      -24.00
00315           -1000.00      -20.00
00316           -1040.00      -20.00
00317           -1040.00      -16.00
00318           -1040.00      -20.00
00319           -1040.00      -20.00
00320           -1040.00      -20.00
00321           -1000.00      -16.00
00322            -920.00      -16.00
00323            -880.00      -16.00
00324            -760.00      -20.00
00325            -720.00      -24.00
00326            -600.00      -16.00
00327            -520.00      -20.00
00328            -400.00      -24.00
00329            -360.00      -20.00
00330            -280.00      -24.00
00331            -200.00      -20.00
00332            -160.00      -16.00
00333            -120.00      -16.00
00334             -80.00      -20.00
00335            -120.00      -20.00
00336             -80.00      -20.00
00337            -120.00      -20.00
00338            -120.00      -20.00
00339            -120.00      -20.00
00340            -160.00      -16.00
00341            -120.00      -20.00
00342            -160.00      -16.00
00343            -200.00      -16.00
00344            -160.00      -16.00
00345            -160.00      -20.00
00346            -160.00      -16.00
00347            -160.00      -12.00
00348            -120.00      -16.00
00349            -120.00      -20.00
00350             -80.00      -20.00
00351             -40.00      -12.00
00352               0.00      -16.00
00353             -40.00      -12.00
00354               0.00      -24.00
00355               0.00      -20.00
00356               0.00      -12.00
00357             -40.00      -16.00
00358             -40.00      -20.00
00359             -40.00      -24.00
00360             -80.00      -20.00
00361             -80.00      -16.00
00362             -80.00      -16.00
00363             -80.00      -20.00
00364             -40.00      -20.00
00365               0.00      -12.00
00366              40.00      -20.00
00367             120.00      -16.00
00368             200.00      -16.00
00369             320.00      -20.00
00370             440.00      -16.00
00371             560.00      -16.00
00372             680.00      -16.00
00373             760.00      -20.00
00374             840.00      -16.00
00375             880.00      -16.00
00376             880.00      -16.00
00377             920.00      -16.00
00378             920.00      -20.00
00379             880.00      -12.00
00380             880.00      -12.00
00381             800.00      -20.00
00382             760.00      -16.00
00383             680.00      -20.00
00384             560.00      -20.00
00385             440.00      -20.00
00386             360.00      -12.00
00387             240.00      -20.00
00388             200.00      -16.00
00389             120.00      -16.00
00390              80.00      -12.00
00391              80.00      -16.00
00392             120.00      -16.00
00393              80.00      -16.00
00394              80.00      -16.00
00395              40.00      -20.00
00396               0.00      -16.00
00397             -40.00      -20.00
00398            -120.00      -16.00
00399            -200.00      -12.00
00400            -320.00      -20.00
00401            -400.00      -20.00
00402            -480.00      -16.00
00403            -520.00      -16.00
00404            -560.00      -20.00
00405            -560.00      -16.00
00406            -600.00      -20.00
00407            -600.00      -16.00
00408            -560.00      -20.00
00409            -480.00      -16.00
00410            -440.00      -16.00
00411            -360.00      -16.00
00412            -240.00      -20.00
00413            -160.00      -20.00
00414             -80.00      -20.00
00415               0.00      -12.00
00416              40.00      -16.00
00417             120.00      -20.00
00418             160.00      -12.00
00419             240.00      -16.00
00420             280.00      -16.00
00421             320.00      -20.00
00422             360.00      -16.00
00423             360.00      -16.00
00424             400.00      -20.00
00425             400.00      -12.00
00426             400.00      -12.00
00427             400.00      -16.00
00428             360.00      -16.00
00429             360.00      -16.00
00430             360.00      -16.00
00431             280.00      -16.00
00432             280.00      -12.00
00433             240.00      -12.00
00434             240.00      -20.00
00435             240.00      -16.00
00436             240.00      -16.00
00437             200.00      -20.00
00438             200.00      -16.00
00439             160.00      -16.00
00440              80.00      -16.00
00441              40.00      -16.00
00442             -40.00      -16.00
00443            -120.00      -16.00
00444            -240.00      -20.00
00445            -320.00      -12.00
00446            -440.00      -12.00
00447            -600.00      -16.00
00448            -720.00      -16.00
00449            -800.00      -16.00
00450            -920.00      -12.00
00451            -960.00      -16.00
00452            -960.00      -16.00
00453           -1000.00      -20.00
00454            -960.00      -16.00
00455            -920.00      -16.00
00456            -880.00      -16.00
00457            -800.00      -20.00
00458            -760.00      -12.00
00459            -640.00      -16.00
00460            -600.00      -12.00
00461            -560.00      -12.00
00462            -480.00       -8.00
00463            -480.00      -12.00
00464            -440.00      -12.00
00465            -400.00      -16.00
00466            -360.00      -12.00
00467            -320.00      -16.00
00468            -280.00      -12.00
00469            -320.00      -12.00
00470            -360.00      -12.00
00471            -360.00      -12.00
00472            -360.00      -20.00
00473            -360.00      -12.00
00474            -280.00      -16.00
00475            -160.00      -12.00
00476               0.00      -12.00
00477              80.00      -16.00
00478             240.00      -12.00
00479             440.00      -16.00
00480             560.00      -12.00
00481             720.00      -16.00
00482             840.00      -12.00
00483             920.00       -8.00
00484            1000.00      -12.00
00485            1040.00      -16.00
00486            1080.00      -12.00
00487            1040.00      -12.00
00488            1080.00      -12.00
00489            1040.00      -16.00
00490            1000.00      -12.00
00491             960.00      -20.00
00492             840.00      -16.00
00493             760.00      -16.00
00494             640.00       -8.00
00495             560.00      -20.00
00496             480.00      -16.00
00497             400.00      -12.00
00498             360.00      -12.00
00499             280.00      -20.00
00500             240.00      -12.00
00501             240.00      -12.00
00502             200.00      -16.00
00503             200.00      -20.00
00504             160.00      -16.00
00505              40.00      -12.00
00506               0.00       -8.00
00507             -80.00      -12.00
00508            -160.00      -12.00
00509            -240.00      -16.00
00510            -360.00      -16.00
00511             360.00      500.00
00512             400.00      500.00
00513             480.00      500.00
00514             600.00      -36.00
00515             680.00      -40.00
00516             720.00      -28.00
00517             760.00      -32.00
00518             840.00      -32.00
00519             840.00      -24.00
00520             920.00      -32.00
00521             920.00      -28.00
00522             920.00      -28.00
00523             920.00      -28.00
00524             920.00      -28.00
00525             920.00      -28.00
00526             960.00      -28.00
00527             920.00      -28.00
00528             880.00      -28.00
00529             880.00      -24.00
00530             880.00      -28.00
00531             880.00      -28.00
00532             840.00      -20.00
00533             840.00      -28.00
00534             840.00      -28.00
00535             800.00      -24.00
00536             760.00      -24.00
00537             720.00      -20.00
00538             640.00      -44.00
00539             560.00      -20.00
00540             440.00      -24.00
00541             320.00      -24.00
00542             240.00      -24.00
00543              80.00      -24.00
00544               0.00      -16.00
00545            -120.00      -24.00
00546            -200.00      -20.00
00547            -360.00      -24.00
00548            -440.00      -24.00
00549            -520.00      -16.00
00550            -600.00      -24.00
00551            -680.00      -24.00
00552            -760.00      -24.00
00553            -760.00      -24.00
00554            -840.00      -24.00
00555            -880.00      -20.00
00556            -880.00      -20.00
00557            -840.00      -20.00
00558            -840.00      -16.00
00559            -880.00      -20.00
00560            -840.00      -20.00
00561            -880.00      -12.00
00562            -920.00      -24.00
00563            -960.00      -24.00
00564            -960.00      -20.00
00565           -1000.00      -20.00
00566           -1040.00      -16.00
00567           -1080.00      -20.00
00568           -1040.00      -20.00
00569           -1040.00      -20.00
00570           -1040.00      -20.00
00571           -1000.00      -24.00
00572            -920.00      -20.00
00573            -880.00      -16.00
00574            -800.00      -20.00
00575            -680.00      -20.00
00576            -600.00      -16.00
00577            -520.00      -20.00
00578            -400.00      -20.00
00579            -360.00      -20.00
00580            -240.00      -20.00
00581            -200.00      -16.00
00582            -160.00      -16.00
00583            -120.00      -28.00
00584             -80.00      -16.00
00585            -120.00      -12.00
00586             -80.00      -20.00
00587            -120.00      -16.00
00588            -120.00      -20.00
00589            -120.00      -24.00
00590             -80.00      -20.00
00591            -120.00      -16.00
00592            -160.00      -20.00
00593            -160.00      -16.00
00594            -160.00      -24.00
00595            -200.00      -16.00
00596            -160.00      -16.00
00597            -160.00      -20.00
00598            -120.00      -20.00
00599            -120.00      -20.00
00600             -80.00      -16.00
00601             -40.00      -20.00
00602             -40.00      -16.00
00603               0.00      -16.00
00604               0.00      -20.00
00605               0.00      -16.00
00606               0.00      -16.00
00607             -80.00      -20.00
00608             -40.00      -20.00
00609             -40.00      -20.00
00610             -80.00      -20.00
00611             -80.00      -20.00
00612             -80.00      -24.00
00613            -120.00      -20.00
00614             -40.00      -16.00
00615               0.00      -20.00
00616              40.00      -16.00
00617             160.00      -20.00
00618             200.00      -16.00
00619             360.00      -20.00
00620             440.00      -20.00
00621             560.00      -20.00
00622             680.00      -20.00
00623             800.00      -20.00
00624             840.00      -24.00
00625             840.00      -20.00
00626             880.00      -20.00
00627             920.00      -24.00
00628             880.00      -16.00
00629             880.00      -16.00
00630             840.00      -16.00
00631             800.00      -20.00
00632             720.00      -16.00
00633             640.00      -20.00
00634             560.00      -24.00
00635             440.00      -16.00
00636             360.00      -20.00
00637             240.00      -20.00
00638             200.00      -24.00
00639             160.00      -20.00
00640              80.00      -20.00
00641              80.00      -16.00
00642              80.00      -20.00
00643              80.00      -20.00
00644              80.00      -24.00
00645              40.00      -16.00
00646               0.00      -20.00
00647             -40.00      -20.00
00648            -120.00      -28.00
00649            -240.00      -20.00
00650            -320.00      -20.00
00651            -400.00      -20.00
00652            -480.00      -16.00
00653            -560.00      -20.00
00654            -560.00      -20.00
00655            -600.00      -12.00
00656            -600.00      -16.00
00657            -560.00      -16.00
00658            -560.00      -20.00
00659            -480.00      -16.00
00660            -440.00      -20.00
00661            -360.00      -16.00
00662            -280.00      -16.00
00663            -160.00      -20.00
00664             -40.00      -20.00
00665               0.00      -20.00
00666              80.00      -20.00
00667              80.00      -20.00
00668             200.00      -20.00
00669             200.00      -20.00
00670             280.00      -16.00
00671             320.00      -20.00
00672             360.00      -20.00
00673             360.00      -20.00
00674             400.00      -12.00
00675             400.00      -20.00
00676             360.00      -16.00
00677             360.00      -20.00
00678             400.00      -16.00
00679             360.00      -16.00
00680             320.00      -16.00
00681             320.00      -16.00
00682             280.00      -20.00
00683             280.00      -20.00
00684             240.00      -16.00
00685             240.00      -20.00
00686             240.00      -16.00
00687             200.00      -16.00
00688             200.00      -20.00
00689             120.00      -16.00
00690              80.00      -20.00
00691              40.00      -12.00
00692             -40.00      -20.00
00693            -120.00      -20.00
00694            -240.00      -16.00
00695            -360.00      -16.00
00696            -440.00      -20.00
00697            -600.00      -16.00
00698            -720.00      -16.00
00699            -800.00      -16.00
00700            -920.00      -16.00
00701            -920.00      -24.00
00702            -960.00      -12.00
00703            -960.00      -20.00
00704            -960.00      -20.00
00705            -880.00      -20.00
00706            -880.00      -20.00
00707            -800.00      -20.00
00708            -760.00      -16.00
00709            -680.00      -16.00
00710            -600.00      -16.00
00711            -520.00      -16.00
00712            -520.00      -12.00
00713            -480.00      -24.00
00714            -440.00      -20.00
00715            -400.00      -20.00
00716            -320.00      -16.00
00717            -360.00      -12.00
00718            -280.00      -20.00
00719            -280.00      -20.00
00720            -320.00      -12.00
00721            -360.00      -16.00
00722            -360.00      -16.00
00723            -320.00      -20.00
00724            -280.00      -20.00
00725            -160.00      -20.00
00726             -40.00      -12.00
00727              80.00      -16.00
00728             240.00      -20.00
00729             400.00      -20.00
00730             560.00      -20.00
00731             720.00      -16.00
00732             800.00      -12.00
00733             880.00      -20.00
00734            1000.00      -16.00
00735            1000.00      -20.00
00736            1040.00      -20.00
00737            1040.00      -16.00
00738            1080.00      -16.00
00739            1040.00      -24.00
00740            1000.00      -16.00
00741             920.00      -16.00
00742             840.00      -16.00
00743             800.00      -12.00
00744             640.00      -20.00
00745             520.00      -20.00
00746             440.00      -16.00
00747             400.00      -12.00
00748             320.00      -16.00
00749             280.00      -16.00
00750             280.00      -20.00
00751             240.00      -16.00
00752             200.00      -20.00
00753             160.00      -16.00
00754             120.00      -16.00
00755              80.00      -16.00
00756               0.00      -20.00
00757             -80.00      -20.00
00758            -120.00      -20.00
00759            -240.00      -28.00
00760            -320.00      -20.00
00761             320.00      500.00
00762             400.00      500.00
00763             480.00      500.00
00764             560.00      -36.00
00765             640.00      -36.00
00766             760.00      -36.00
00767             800.00      -36.00
00768             800.00      -32.00
00769             880.00      -32.00
00770             880.00      -36.00
00771             920.00      -32.00
00772             920.00      -28.00
00773             960.00      -32.00
00774             960.00      -28.00
00775             960.00      -28.00
00776             920.00      -32.00
00777             920.00      -36.00
00778             920.00      -28.00
00779             880.00      -32.00
00780             880.00      -24.00
00781             880.00      -24.00
00782             840.00      -28.00
00783             840.00      -32.00
00784             800.00      -28.00
00785             800.00      -24.00
00786             720.00      -24.00
00787             680.00      -24.00
00788             640.00      -28.00
00789             520.00      -24.00
00790             440.00      -20.00
00791             320.00      -28.00
00792             200.00      -20.00
00793              80.00      -20.00
00794               0.00      -28.00
00795            -120.00      -16.00
00796            -240.00      -24.00
00797            -320.00      -28.00
00798            -440.00      -16.00
00799            -520.00      -24.00
00800            -600.00      -20.00
00801            -680.00      -20.00
00802            -760.00      -24.00
00803            -800.00      -20.00
00804            -840.00      -24.00
00805            -840.00      -20.00
00806            -880.00      -16.00
00807            -840.00      -16.00
00808            -840.00      -16.00
00809            -840.00      -24.00
00810            -880.00      -16.00
00811            -880.00      -20.00
00812            -880.00      -20.00
00813            -960.00      -20.00
00814            -960.00      -16.00
00815           -1000.00      -20.00
00816           -1040.00      -20.00
00817           -1040.00      -24.00
00818           -1040.00      -16.00
00819           -1040.00      -20.00
00820           -1040.00      -16.00
00821           -1000.00      -16.00
00822            -920.00      -16.00
00823            -880.00      -20.00
00824            -760.00      -12.00
00825            -680.00      -20.00
00826            -600.00      -20.00
00827            -480.00      -20.00
00828            -400.00      -12.00
00829            -360.00      -16.00
00830            -280.00      -16.00
00831            -200.00      -16.00
00832            -160.00      -20.00
00833            -120.00      -16.00
00834            -120.00      -20.00
00835            -120.00      -16.00
00836            -120.00      -20.00
00837             -80.00      -12.00
00838             -80.00      -16.00
00839            -120.00      -16.00
00840            -120.00      -20.00
00841            -160.00      -12.00
00842            -160.00      -16.00
00843            -200.00      -16.00
00844            -160.00      -20.00
00845            -160.00      -24.00
00846            -200.00      -20.00
00847            -200.00      -16.00
00848            -160.00      -16.00
00849            -120.00      -16.00
00850             -80.00      -16.00
00851             -40.00      -16.00
00852               0.00      -20.00
00853               0.00      -20.00
00854               0.00      -16.00
00855               0.00      -12.00
00856             -40.00      -20.00
00857             -40.00      -16.00
00858             -40.00      -16.00
00859             -80.00      -16.00
00860             -80.00      -16.00
00861             -80.00      -12.00
00862             -80.00      -12.00
00863             -80.00      -16.00
00864             -40.00      -16.00
00865               0.00      -20.00
00866              40.00      -16.00
00867             120.00      -16.00
00868             200.00      -16.00
00869             320.00      -12.00
00870             440.00      -12.00
00871             560.00      -12.00
00872             680.00      -12.00
00873             760.00      -12.00
00874             840.00      -16.00
00875             880.00      -16.00
00876             920.00      -16.00
00877             920.00      -16.00
00878             920.00      -16.00
00879             880.00      -20.00
00880             840.00      -16.00
00881             800.00      -16.00
00882             760.00      -12.00
00883             640.00      -12.00
00884             560.00      -12.00
00885             480.00      -16.00
00886             360.00      -20.00
00887             240.00      -16.00
00888             160.00      -12.00
00889             120.00      -16.00
00890              80.00      -24.00
00891              80.00      -16.00
00892              80.00      -12.00
00893              80.00      -12.00
00894              80.00      -16.00
00895              40.00      -16.00
00896               0.00      -12.00
00897             -40.00      -16.00
00898            -120.00      -12.00
00899            -200.00      -32.00
00900            -280.00      -16.00
00901            -400.00      -12.00
00902            -480.00      -16.00
00903            -520.00      -20.00
00904            -600.00      -16.00
00905            -600.00      -16.00
00906            -600.00      -12.00
00907            -560.00      -12.00
00908            -560.00      -20.00
00909            -480.00      -16.00
00910            -440.00      -16.00
00911            -360.00      -12.00
00912            -240.00      -16.00
00913            -160.00      -16.00
00914             -40.00      -20.00
00915               0.00      -20.00
00916              40.00      -16.00
00917             120.00      -20.00
00918             160.00      -16.00
00919             200.00      -20.00
00920             320.00      -16.00
00921             320.00      -16.00
00922             360.00      -16.00
00923             360.00      -20.00
00924             400.00      -16.00
00925             400.00      -16.00
00926             400.00      -12.00
00927             360.00      -16.00
00928             360.00      -16.00
00929             360.00      -20.00
00930             360.00      -12.00
00931             320.00      -16.00
00932             280.00      -16.00
00933             240.00      -16.00
00934             240.00      -16.00
00935             240.00      -16.00
00936             240.00      -20.00
00937             240.00      -16.00
00938             200.00      -20.00
00939             160.00      -16.00
00940             120.00      -16.00
00941              40.00      -16.00
00942             -40.00      -20.00
00943            -120.00      -16.00
00944            -240.00      -16.00
00945            -360.00      -12.00
00946            -440.00      -24.00
00947            -600.00      -16.00
00948            -720.00      -16.00
00949            -840.00      -16.00
00950            -920.00      -16.00
00951            -960.00      -12.00
00952            -960.00      -16.00
00953            -960.00      -20.00
00954            -960.00      -12.00
00955            -920.00      -16.00
00956            -880.00      -16.00
00957            -800.00      -20.00
00958            -720.00      -16.00
00959            -680.00      -16.00
00960            -600.00      -16.00
00961            -560.00      -16.00
00962            -520.00      -20.00
00963            -480.00      -20.00
00964            -440.00      -12.00
00965            -400.00      -16.00
00966            -320.00      -20.00
00967            -320.00      -16.00
00968            -280.00      -20.00
00969            -360.00      -16.00
00970            -360.00      -20.00
00971            -360.00      -20.00
00972            -360.00      -20.00
00973            -320.00      -20.00
00974            -280.00      -16.00
00975            -160.00      -16.00
00976             -40.00      -16.00
00977              80.00      -12.00
00978             240.00      -16.00
00979             400.00      -16.00
00980             560.00      -20.00
00981             720.00      -28.00
00982             840.00      -20.00
00983             920.00      -20.00
00984            1000.00      -16.00
00985            1040.00      -16.00
00986            1040.00      -16.00
00987            1080.00      -16.00
00988            1040.00      -20.00
00989            1080.00      -16.00
00990            1000.00      -20.00
00991             920.00      -16.00
00992             880.00      -16.00
00993             720.00      -12.00
00994             640.00      -20.00
00995             560.00      -20.00
00996             480.00      -16.00
00997             360.00      -16.00
00998             360.00      -16.00
00999             280.00      -20.00
01000             240.00      -20.00
01001             240.00      -24.00
01002             160.00      -20.00
01003             160.00      -20.00
01004             120.00      -12.00
01005              40.00      -20.00
01006              40.00      -20.00
01007             -40.00      -20.00
01008            -160.00      -16.00
01009            -240.00      -20.00
01010            -360.00      -20.00
01011             360.00      500.00
01012             400.00      500.00
01013             480.00      500.00
01014             560.00      -32.00
01015             640.00      -36.00
01016             720.00      -36.00
01017             760.00      -36.00
01018             840.00      -36.00
01019             840.00      -32.00
01020             880.00      -40.00
01021             920.00      -36.00
01022             920.00      -32.00
01023             920.00      -32.00
01024             920.00      -28.00
01025             920.00      -32.00
01026             920.00      -32.00
01027             920.00      -32.00
01028             920.00      -32.00
01029             880.00      -28.00
01030             880.00      -40.00
01031             880.00      -28.00
01032             840.00      -24.00
01033             880.00      -28.00
01034             840.00      -24.00
01035             800.00      -28.00
01036             720.00      -28.00
01037             680.00      -28.00
01038             600.00      -28.00
01039             520.00      -32.00
01040             440.00      -24.00
01041             360.00      -24.00
01042             240.00      -24.00
01043             120.00      -32.00
01044               0.00      -24.00
01045            -120.00      -16.00
01046            -200.00      -24.00
01047            -320.00      -28.00
01048            -440.00      -24.00
01049            -520.00      -24.00
01050            -600.00      -28.00
01051            -680.00      -24.00
01052            -720.00      -28.00
01053            -800.00      -20.00
01054            -840.00      -28.00
01055            -840.00      -24.00
01056            -880.00      -20.00
01057            -880.00      -24.00
01058            -880.00      -28.00
01059            -880.00      -24.00
01060            -880.00      -20.00
01061            -880.00      -20.00
01062            -880.00      -24.00
01063            -960.00      -28.00
01064           -1000.00      -24.00
01065           -1040.00      -24.00
01066           -1000.00      -24.00
01067           -1040.00      -16.00
01068           -1040.00      -20.00
01069           -1080.00      -20.00
01070           -1040.00      -20.00
01071           -1040.00      -20.00
01072            -960.00      -16.00
01073            -880.00      -20.00
01074            -760.00      -24.00
01075            -720.00      -20.00
01076            -600.00      -20.00
01077            -480.00      -24.00
01078            -400.00      -24.00
01079            -360.00      -16.00
01080            -280.00      -20.00
01081            -240.00      -20.00
01082            -160.00      -20.00
01083            -120.00      -24.00
01084            -120.00      -16.00
01085            -120.00      -20.00
01086             -80.00      -16.00
01087             -80.00      -24.00
01088             -80.00      -16.00
01089             -80.00      -16.00
01090            -120.00      -20.00
01091            -160.00      -20.00
01092            -160.00      -16.00
01093            -160.00      -20.00
01094            -200.00      -16.00
01095            -200.00      -20.00
01096            -160.00      -24.00
01097            -160.00      -20.00
01098            -120.00      -16.00
01099            -120.00      -20.00
01100             -80.00      -16.00
01101             -40.00      -12.00
01102             -40.00      -20.00
01103              40.00      -20.00
01104               0.00      -16.00
01105             -40.00      -20.00
01106             -40.00      -16.00
01107             -40.00      -16.00
01108             -80.00      -20.00
01109             -80.00      -28.00
01110             -80.00      -16.00
01111             -80.00      -16.00
01112             -80.00      -20.00
01113             -80.00      -16.00
01114             -80.00      -20.00
01115               0.00      -12.00
01116              40.00      -16.00
01117              80.00      -24.00
01118             200.00      -16.00
01119             360.00      -16.00
01120             440.00      -16.00
01121             560.00      -20.00
01122             640.00      -20.00
01123             760.00      -12.00
01124             840.00      -16.00
01125             920.00      -16.00
01126             880.00      -16.00
01127             880.00      -20.00
01128             880.00      -24.00
01129             880.00      -16.00
01130             840.00      -20.00
01131             800.00      -16.00
01132             720.00      -20.00
01133             640.00      -20.00
01134             560.00      -16.00
01135             440.00      -16.00
01136             360.00      -20.00
01137             240.00      -16.00
01138             160.00      -20.00
01139             120.00      -20.00
01140             120.00      -16.00
01141              80.00      -20.00
01142              80.00      -16.00
01143              80.00      -20.00
01144              80.00      -16.00
01145               0.00      -24.00
01146               0.00      -20.00
01147             -40.00      -20.00
01148            -120.00      -20.00
01149            -200.00      -16.00
01150            -320.00      -20.00
01151            -400.00      -16.00
01152            -480.00      -12.00
01153            -560.00      -20.00
01154            -600.00      -16.00
01155            -600.00      -16.00
01156            -600.00      -16.00
01157            -560.00      -16.00
01158            -520.00      -16.00
01159            -520.00      -12.00
01160            -440.00      -20.00
01161            -400.00      -20.00
01162            -240.00      -20.00
01163            -160.00      -16.00
01164             -80.00      -16.00
01165               0.00      -20.00
01166              80.00      -12.00
01167             120.00      -20.00
01168             160.00      -16.00
01169             200.00      -24.00
01170             280.00      -20.00
01171             360.00      -12.00
01172             400.00      -12.00
01173             400.00      -16.00
01174             400.00      -16.00
01175             400.00      -20.00
01176             400.00      -16.00
01177             400.00      -16.00
01178             360.00      -24.00
01179             360.00      -16.00
01180             360.00      -16.00
01181             320.00      -16.00
01182             320.00      -16.00
01183             240.00      -16.00
01184             240.00      -20.00
01185             240.00      -16.00
01186             240.00      -16.00
01187             240.00      -20.00
01188             200.00      -20.00
01189             120.00      -16.00
01190             120.00      -16.00
01191              40.00      -12.00
01192             -80.00      -12.00
01193            -120.00      -12.00
01194            -240.00      -20.00
01195            -360.00      -24.00
01196            -440.00      -16.00
01197            -600.00       -8.00
01198            -720.00      -12.00
01199            -840.00      -20.00
01200            -880.00      -12.00
01201            -960.00      -12.00
01202           -1000.00      -20.00
01203            -960.00      -16.00
01204            -960.00      -20.00
01205            -920.00      -16.00
01206            -880.00      -12.00
01207            -800.00      -16.00
01208            -720.00      -12.00
01209            -680.00      -12.00
01210            -600.00      -12.00
01211            -560.00      -12.00
01212            -520.00      -12.00
01213            -480.00      -16.00
01214            -440.00      -20.00
01215            -400.00      -20.00
01216            -400.00      -16.00
01217            -320.00      -16.00
01218            -320.00      -12.00
01219            -360.00      -12.00
01220            -360.00      -12.00
01221            -360.00      -12.00
01222            -360.00      -16.00
01223            -360.00      -20.00
01224            -240.00      -20.00
01225            -160.00      -20.00
01226             -40.00      -16.00
01227              80.00      -16.00
01228             240.00      -16.00
01229             400.00      -16.00
01230             560.00      -16.00
01231             720.00      -24.00
01232             800.00      -20.00
01233             920.00      -16.00
01234             960.00      -20.00
01235            1040.00      -16.00
01236            1040.00      -16.00
01237            1040.00      -16.00
01238            1080.00      -12.00
01239            1040.00      -20.00
01240            1040.00      -16.00
01241             920.00      -12.00
01242             840.00      -16.00
01243             800.00      -16.00
01244             640.00      -12.00
01245             560.00      -16.00
01246             480.00      -16.00
01247             400.00      -12.00
01248             360.00      -16.00
01249             280.00      -16.00
01250             240.00      -16.00
01251             240.00      -16.00
01252             200.00      -12.00
01253             160.00      -16.00
01254             120.00      -16.00
01255              80.00      -16.00
01256              40.00      -12.00
01257             -80.00      -12.00
01258            -160.00      -12.00
01259            -240.00      -16.00
01260            -280.00      -20.00
01261             320.00      500.00
01262             400.00      500.00
01263             480.00      500.00
01264             560.00      -36.00
01265             640.00      -32.00
01266             720.00      -32.00
01267             760.00      -32.00
01268             800.00      -28.00
01269             880.00      -36.00
01270             880.00      -32.00
01271             920.00      -28.00
01272             920.00      -36.00
01273             920.00      -32.00
01274             960.00      -24.00
01275             960.00      -32.00
01276             920.00      -28.00
01277             920.00      -28.00
01278             920.00      -28.00
01279             880.00      -28.00
01280             880.00      -28.00
01281             880.00      -28.00
01282             840.00      -28.00
01283             840.00      -24.00
01284             800.00      -24.00
01285             800.00      -28.00
01286             760.00      -28.00
01287             680.00      -20.00
01288             640.00      -32.00
01289             560.00      -28.00
01290             440.00      -24.00
01291             360.00      -24.00
01292             240.00      -20.00
01293             120.00      -24.00
01294               0.00      -24.00
01295             -80.00      -28.00
01296            -200.00      -20.00
01297            -320.00      -20.00
01298            -400.00      -20.00
01299            -560.00      -24.00
01300            -640.00      -24.00
01301            -680.00      -20.00
01302            -760.00      -20.00
01303            -800.00      -20.00
01304            -840.00      -20.00
01305            -880.00      -20.00
01306            -840.00      -20.00
01307            -880.00      -20.00
01308            -880.00      -28.00
01309            -840.00      -20.00
01310            -880.00      -20.00
01311            -880.00      -28.00
01312            -920.00      -24.00
01313            -920.00      -20.00
01314            -960.00      -20.00
01315           -1000.00      -20.00
01316           -1000.00      -24.00
01317           -1040.00      -24.00
01318           -1040.00      -20.00
01319           -1040.00      -24.00
01320           -1040.00      -24.00
01321           -1000.00      -16.00
01322            -960.00      -20.00
01323            -880.00      -20.00
01324            -760.00      -24.00
01325            -720.00      -20.00
01326            -600.00      -24.00
01327            -480.00      -24.00
01328            -400.00      -28.00
01329            -360.00      -20.00
01330            -240.00      -20.00
01331            -200.00      -12.00
01332            -200.00      -20.00
01333            -160.00      -24.00
01334            -120.00      -20.00
01335            -120.00      -24.00
01336             -80.00      -20.00
01337            -120.00      -20.00
01338             -80.00      -24.00
01339             -80.00      -20.00
01340            -120.00      -20.00
01341            -120.00      -20.00
01342            -160.00      -20.00
01343            -160.00      -24.00
01344            -160.00      -20.00
01345            -200.00      -20.00
01346            -160.00      -20.00
01347            -200.00      -20.00
01348            -120.00      -16.00
01349            -120.00      -20.00
01350             -80.00      -24.00
01351             -40.00      -20.00
01352             -40.00      -16.00
01353               0.00      -24.00
01354               0.00      -20.00
01355               0.00      -20.00
01356               0.00      -24.00
01357             -40.00      -20.00
01358             -80.00      -20.00
01359             -80.00      -16.00
01360             -80.00      -16.00
01361             -80.00      -24.00
01362             -80.00      -20.00
01363             -80.00      -20.00
01364             -40.00      -24.00
01365               0.00      -28.00
01366              40.00      -20.00
01367             120.00      -20.00
01368             200.00      -24.00
01369             320.00      -16.00
01370             440.00      -20.00
01371             560.00      -20.00
01372             640.00      -24.00
01373             760.00      -24.00
01374             840.00      -16.00
01375             880.00      -20.00
01376             880.00      -20.00
01377             880.00      -20.00
01378             880.00      -20.00
01379             880.00      -20.00
01380             840.00      -20.00
01381             760.00      -20.00
01382             720.00      -20.00
01383             640.00      -24.00
01384             560.00      -28.00
01385             440.00      -20.00
01386             320.00      -20.00
01387             240.00      -20.00
01388             200.00      -16.00
01389              80.00      -16.00
01390              80.00      -20.00
01391              80.00      -20.00
01392              80.00      -20.00
01393              80.00      -16.00
01394              40.00      -20.00
01395              40.00      -16.00
01396               0.00      -16.00
01397             -80.00      -16.00
01398            -120.00      -20.00
01399            -200.00      -24.00
01400            -320.00      -20.00
01401            -440.00      -20.00
01402            -480.00      -20.00
01403            -560.00      -24.00
01404            -560.00      -20.00
01405            -560.00      -20.00
01406            -600.00      -28.00
01407            -560.00      -16.00
01408            -560.00      -16.00
01409            -520.00      -24.00
01410            -440.00      -20.00
01411            -360.00      -16.00
01412            -240.00      -20.00
01413            -120.00      -20.00
01414             -80.00      -16.00
01415               0.00      -16.00
01416              80.00      -20.00
01417             120.00      -20.00
01418             160.00      -24.00
01419             200.00      -16.00
01420             280.00      -16.00
01421             320.00      -20.00
01422             360.00      -20.00
01423             400.00      -16.00
01424             360.00       -8.00
01425             400.00      -12.00
01426             400.00      -20.00
01427             360.00      -16.00
01428             360.00      -16.00
01429             360.00      -20.00
01430             360.00      -16.00
01431             280.00      -20.00
01432             280.00      -20.00
01433             240.00      -16.00
01434             240.00      -20.00
01435             280.00      -20.00
01436             240.00      -20.00
01437             200.00      -16.00
01438             200.00      -20.00
01439             120.00      -20.00
01440              80.00      -16.00
01441              40.00      -16.00
01442             -80.00      -24.00
01443            -120.00      -16.00
01444            -240.00      -20.00
01445            -400.00      -20.00
01446            -480.00      -16.00
01447            -560.00      -16.00
01448            -720.00      -20.00
01449            -800.00      -20.00
01450            -920.00      -20.00
01451            -960.00      -16.00
01452           -1000.00      -16.00
01453            -960.00      -24.00
01454            -960.00      -20.00
01455            -920.00      -20.00
01456            -880.00      -20.00
01457            -800.00      -20.00
01458            -760.00      -16.00
01459            -680.00      -16.00
01460            -600.00      -16.00
01461            -600.00      -20.00
01462            -480.00      -16.00
01463            -440.00      -20.00
01464            -400.00      -20.00
01465            -400.00      -24.00
01466            -360.00      -16.00
01467            -320.00      -16.00
01468            -320.00      -20.00
01469            -360.00      -20.00
01470            -360.00      -16.00
01471            -360.00      -20.00
01472            -400.00      -16.00
01473            -360.00      -20.00
01474            -280.00      -24.00
01475            -160.00      -16.00
01476             -40.00      -16.00
01477              80.00      -16.00
01478             240.00      -20.00
01479             400.00      -12.00
01480             560.00      -16.00
01481             720.00      -24.00
01482             840.00      -24.00
01483             920.00      -20.00
01484             960.00      -16.00
01485            1000.00      -16.00
01486            1040.00      -20.00
01487            1080.00      -24.00
01488            1080.00      -16.00
01489            1040.00      -16.00
01490            1000.00      -16.00
01491             960.00      -20.00
01492             880.00      -20.00
01493             760.00      -20.00
01494             640.00      -16.00
01495             560.00      -24.00
01496             480.00      -20.00
01497             400.00      -16.00
01498             320.00      -20.00
01499             320.00      -20.00
01500             240.00      -16.00
01501             200.00      -16.00
01502             200.00      -20.00
01503             160.00      -16.00
01504             160.00      -16.00
01505              40.00      -20.00
01506              40.00      -16.00
01507             -40.00      -16.00
01508            -160.00      -20.00
01509            -240.00      -20.00
01510            -320.00      -24.00
01511             360.00      500.00
01512             400.00      500.00
01513             480.00      500.00
01514             560.00      -40.00
01515             640.00      -28.00
01516             680.00      -32.00
01517             800.00      -36.00
01518             800.00      -32.00
01519             840.00      -32.00
01520             880.00      -32.00
01521             920.00      -32.00
01522             920.00      -28.00
01523             960.00      -32.00
01524             920.00      -28.00
01525             920.00      -32.00
01526             920.00      -24.00
01527             880.00      -28.00
01528             880.00      -28.00
01529             880.00      -28.00
01530             880.00      -28.00
01531             840.00      -28.00
01532             840.00      -32.00
01533             840.00      -28.00
01534             800.00      -24.00
01535             760.00      -28.00
01536             760.00      -28.00
01537             680.00      -24.00
01538             640.00      -28.00
01539             520.00      -24.00
01540             400.00      -24.00
01541             320.00      -28.00
01542             240.00      -24.00
01543             120.00      -24.00
01544               0.00      -16.00
01545            -120.00      -16.00
01546            -240.00      -24.00
01547            -280.00      -20.00
01548            -400.00      -24.00
01549            -520.00      -24.00
01550            -600.00      -24.00
01551            -680.00      -24.00
01552            -760.00      -20.00
01553            -800.00      -16.00
01554            -840.00      -20.00
01555            -840.00      -16.00
01556            -880.00      -20.00
01557            -840.00      -20.00
01558            -880.00      -20.00
01559            -840.00      -20.00
01560            -880.00      -20.00
01561            -880.00      -24.00
01562            -920.00      -12.00
01563            -960.00      -16.00
01564            -960.00      -20.00
01565           -1000.00      -24.00
01566           -1000.00      -20.00
01567           -1040.00      -20.00
01568           -1040.00      -16.00
01569           -1040.00      -20.00
01570           -1040.00      -20.00
01571            -960.00      -20.00
01572            -960.00      -20.00
01573            -840.00      -16.00
01574            -760.00      -16.00
01575            -720.00      -20.00
01576            -600.00      -16.00
01577            -520.00      -24.00
01578            -400.00      -20.00
01579            -320.00      -20.00
01580            -240.00      -16.00
01581            -160.00      -12.00
01582            -160.00      -16.00
01583            -120.00      -24.00
01584            -120.00      -16.00
01585             -80.00      -12.00
01586            -120.00      -20.00
01587            -120.00      -16.00
01588             -80.00      -16.00
01589            -120.00      -16.00
01590            -120.00      -12.00
01591            -120.00      -16.00
01592            -160.00      -12.00
01593            -160.00      -20.00
01594            -160.00      -16.00
01595            -160.00      -16.00
01596            -200.00      -16.00
01597            -160.00      -16.00
01598            -160.00      -16.00
01599            -120.00      -20.00
01600             -80.00      -16.00
01601             -80.00      -16.00
01602             -40.00      -20.00
01603               0.00      -16.00
01604               0.00      -20.00
01605               0.00      -20.00
01606               0.00      -16.00
01607             -40.00      -12.00
01608             -80.00      -16.00
01609             -80.00      -16.00
01610             -80.00      -16.00
01611             -80.00      -16.00
01612             -80.00      -16.00
01613            -120.00      -12.00
01614             -80.00      -16.00
01615               0.00      -12.00
01616              40.00      -16.00
01617             120.00      -16.00
01618             240.00      -20.00
01619             320.00      -16.00
01620             440.00      -12.00
01621             560.00      -20.00
01622             680.00      -20.00
01623             760.00      -20.00
01624             800.00      -12.00
01625             880.00      -20.00
01626             920.00      -16.00
01627             880.00      -16.00
01628             880.00      -16.00
01629             880.00      -16.00
01630             840.00      -16.00
01631             800.00      -16.00
01632             720.00      -16.00
01633             640.00      -16.00
01634             520.00      -20.00
01635             400.00      -12.00
01636             320.00      -28.00
01637             240.00      -16.00
01638             200.00      -12.00
01639             160.00      -20.00
01640             120.00      -16.00
01641              80.00      -20.00
01642              80.00      -20.00
01643              40.00      -16.00
01644              80.00      -20.00
01645              40.00      -16.00
01646               0.00      -12.00
01647             -80.00      -16.00
01648            -120.00      -16.00
01649            -240.00      -20.00
01650            -320.00      -20.00
01651            -400.00      -16.00
01652            -480.00      -16.00
01653            -560.00      -16.00
01654            -600.00      -20.00
01655            -600.00      -16.00
01656            -600.00      -12.00
01657            -560.00      -20.00
01658            -600.00      -16.00
01659            -520.00      -16.00
01660            -400.00      -16.00
01661            -360.00      -16.00
01662            -240.00      -16.00
01663            -160.00      -20.00
01664             -80.00      -20.00
01665              40.00      -16.00
01666              80.00      -12.00
01667             120.00      -24.00
01668             160.00      -20.00
01669             200.00      -24.00
01670             320.00      -16.00
01671             360.00      -16.00
01672             360.00      -16.00
01673             360.00      -20.00
01674             400.00      -16.00
01675             360.00      -12.00
01676             400.00      -20.00
01677             400.00      -16.00
01678             400.00      -12.00
01679             360.00      -16.00
01680             320.00      -20.00
01681             320.00      -24.00
01682             280.00      -16.00
01683             240.00      -12.00
01684             240.00      -16.00
01685             240.00      -16.00
01686             240.00      -24.00
01687             200.00      -20.00
01688             200.00      -20.00
01689             160.00      -20.00
01690              80.00      -16.00
01691              40.00      -16.00
01692             -80.00      -20.00
01693             -80.00      -16.00
01694            -240.00      -20.00
01695            -400.00      -20.00
01696            -480.00      -16.00
01697            -600.00      -16.00
01698            -680.00      -20.00
01699            -800.00      -20.00
01700            -880.00      -16.00
01701            -960.00      -24.00
01702           -1000.00      -20.00
01703            -960.00      -16.00
01704            -960.00      -16.00
01705            -920.00      -20.00
01706            -880.00      -20.00
01707            -800.00      -16.00
01708            -720.00      -20.00
01709            -720.00      -20.00
01710            -640.00      -20.00
01711            -560.00      -16.00
01712            -520.00      -24.00
01713            -480.00      -20.00
01714            -400.00      -16.00
01715            -400.00      -16.00
01716            -360.00      -24.00
01717            -320.00      -20.00
01718            -320.00      -20.00
01719            -320.00      -24.00
01720            -320.00      -16.00
01721            -360.00      -12.00
01722            -400.00      -12.00
01723            -360.00      -24.00
01724            -280.00      -20.00
01725            -160.00      -20.00
01726             -40.00      -20.00
01727             120.00      -24.00
01728             240.00        0.00
01729             400.00      -16.00
01730             560.00      -16.00
01731             680.00      -16.00
01732             840.00      -16.00
01733             920.00      -20.00
01734             960.00      -12.00
01735            1000.00      -20.00
01736            1040.00      -20.00
01737            1040.00      -20.00
01738            1080.00      -20.00
01739            1040.00      -20.00
01740            1000.00      -20.00
01741             960.00      -20.00
01742             840.00      -20.00
01743             760.00      -20.00
01744             640.00      -20.00
01745             560.00      -20.00
01746             480.00      -20.00
01747             400.00      -20.00
01748             320.00      -16.00
01749             280.00      -12.00
01750             240.00      -24.00
01751             240.00      -20.00
01752             200.00      -20.00
01753             160.00      -20.00
01754             120.00      -20.00
01755              80.00      -20.00
01756               0.00      -24.00
01757             -80.00      -12.00
01758            -160.00      -16.00
01759            -280.00      -20.00
01760            -320.00      -20.00
01761             320.00      500.00
01762             400.00      500.00
01763             480.00      500.00
01764             560.00      -36.00
01765             640.00      -40.00
01766             680.00      -44.00
01767             760.00      -40.00
01768             800.00      -36.00
01769             840.00      -32.00
01770             880.00      -36.00
01771             920.00      -36.00
01772             920.00      -36.00
01773             920.00      -32.00
01774             920.00      -36.00
01775             920.00      -32.00
01776             920.00      -24.00
01777             920.00      -36.00
01778             920.00      -28.00
01779             880.00      -32.00
01780             880.00      -32.00
01781             880.00      -32.00
01782             880.00      -32.00
01783             800.00      -28.00
01784             840.00      -28.00
01785             800.00      -28.00
01786             720.00      -20.00
01787             720.00      -28.00
01788             600.00      -32.00
01789             560.00      -28.00
01790             440.00      -28.00
01791             320.00      -32.00
01792             240.00      -28.00
01793             120.00      -24.00
01794               0.00      -24.00
01795            -120.00      -28.00
01796            -240.00      -28.00
01797            -320.00      -24.00
01798            -400.00      -24.00
01799            -560.00      -28.00
01800            -600.00      -28.00
01801            -680.00      -24.00
01802            -760.00      -20.00
01803            -800.00      -28.00
01804            -800.00      -28.00
01805            -840.00      -28.00
01806            -880.00      -24.00
01807            -880.00      -28.00
01808            -840.00      -24.00
01809            -840.00      -24.00
01810            -840.00      -20.00
01811            -880.00      -20.00
01812            -880.00      -24.00
01813            -920.00      -24.00
01814            -960.00      -16.00
01815           -1000.00      -20.00
01816           -1040.00      -20.00
01817           -1040.00      -28.00
01818           -1040.00      -20.00
01819           -1040.00      -20.00
01820           -1040.00      -20.00
01821            -960.00      -24.00
01822            -920.00      -24.00
01823            -840.00      -20.00
01824            -800.00      -24.00
01825            -680.00      -24.00
01826            -600.00      -20.00
01827            -520.00      -20.00
01828            -400.00      -16.00
01829            -280.00      -20.00
01830            -240.00      -20.00
01831            -200.00      -24.00
01832            -120.00      -12.00
01833            -120.00      -20.00
01834            -120.00      -24.00
01835            -120.00      -20.00
01836             -80.00      -24.00
01837             -80.00      -20.00
01838             -80.00      -16.00
01839             -80.00      -24.00
01840            -160.00      -16.00
01841            -120.00      -16.00
01842            -160.00      -20.00
01843            -160.00      -24.00
01844            -200.00      -20.00
01845            -200.00      -24.00
01846            -160.00      -24.00
01847            -160.00      -20.00
01848            -160.00      -16.00
01849            -120.00      -20.00
01850             -80.00      -16.00
01851             -80.00      -20.00
01852             -40.00      -16.00
01853               0.00      -20.00
01854               0.00      -16.00
01855               0.00      -16.00
01856               0.00      -20.00
01857             -40.00      -20.00
01858             -80.00      -16.00
01859             -80.00      -12.00
01860             -80.00      -16.00
01861             -80.00      -12.00
01862             -80.00      -24.00
01863             -80.00      -16.00
01864             -80.00      -16.00
01865             -40.00      -20.00
01866              40.00      -20.00
01867             120.00      -16.00
01868             200.00      -16.00
01869             320.00      -12.00
01870             400.00      -20.00
01871             600.00      -20.00
01872             680.00      -16.00
01873             720.00      -16.00
01874             840.00      -16.00
01875             880.00      -16.00
01876             880.00      -20.00
01877             920.00      -16.00
01878             920.00      -20.00
01879             880.00      -20.00
01880             840.00      -12.00
01881             800.00      -24.00
01882             720.00      -20.00
01883             680.00      -20.00
01884             560.00      -20.00
01885             440.00      -24.00
01886             320.00      -16.00
01887             240.00      -16.00
01888             160.00      -28.00
01889             120.00      -16.00
01890              80.00      -16.00
01891              80.00      -20.00
01892              40.00      -20.00
01893              80.00      -16.00
01894              80.00      -20.00
01895              40.00      -16.00
01896               0.00      -16.00
01897             -80.00      -20.00
01898            -120.00      -16.00
01899            -200.00      -20.00
01900            -320.00      -20.00
01901            -400.00      -16.00
01902            -440.00      -16.00
01903            -520.00      -20.00
01904            -560.00      -20.00
01905            -560.00      -12.00
01906            -560.00      -16.00
01907            -560.00      -20.00
01908            -560.00      -20.00
01909            -520.00      -16.00
01910            -440.00      -20.00
01911            -360.00      -20.00
01912            -240.00      -20.00
01913            -160.00      -16.00
01914             -80.00      -16.00
01915               0.00      -16.00
01916              40.00      -16.00
01917             120.00      -20.00
01918             160.00      -16.00
01919             240.00      -16.00
01920             280.00      -24.00
01921             320.00      -16.00
01922             360.00      -16.00
01923             360.00      -16.00
01924             360.00      -12.00
01925             360.00      -16.00
01926             400.00      -20.00
01927             400.00      -16.00
01928             360.00      -16.00
01929             360.00      -20.00
01930             320.00      -16.00
01931             320.00      -20.00
01932             240.00      -20.00
01933             320.00      -16.00
01934             240.00      -16.00
01935             240.00      -12.00
01936             240.00      -20.00
01937             200.00      -16.00
01938             200.00      -16.00
01939             160.00      -12.00
01940              80.00      -16.00
01941              40.00      -20.00
01942             -40.00      -16.00
01943            -120.00      -16.00
01944            -240.00      -20.00
01945            -360.00      -12.00
01946            -520.00      -16.00
01947            -640.00      -12.00
01948            -720.00      -16.00
01949            -840.00      -12.00
01950            -920.00      -20.00
01951            -960.00      -20.00
01952           -1000.00      -16.00
01953            -960.00      -20.00
01954            -960.00      -20.00
01955            -920.00      -12.00
01956            -880.00      -12.00
01957            -800.00      -16.00
01958            -720.00      -16.00
01959            -720.00      -16.00
01960            -640.00      -16.00
01961            -560.00      -20.00
01962            -520.00      -16.00
01963            -440.00      -16.00
01964            -400.00      -16.00
01965            -400.00      -16.00
01966            -360.00      -12.00
01967            -360.00      -20.00
01968            -320.00      -16.00
01969            -360.00      -16.00
01970            -360.00      -12.00
01971            -400.00      -16.00
01972            -360.00      -16.00
01973            -360.00      -16.00
01974            -240.00      -16.00
01975            -160.00      -16.00
01976             -40.00      -20.00
01977              80.00      -16.00
01978             240.00      -16.00
01979             360.00      -12.00
01980             560.00      -16.00
01981             680.00      -20.00
01982             800.00       -8.00
01983             880.00      -16.00
01984             960.00      -16.00
01985            1000.00      -16.00
01986            1040.00      -12.00
01987            1040.00      -16.00
01988            1040.00      -16.00
01989            1080.00      -16.00
01990            1000.00      -20.00
01991             960.00      -16.00
01992             840.00      -16.00
01993             760.00      -20.00
01994             640.00      -16.00
01995             560.00      -20.00
01996             440.00      -16.00
01997             360.00      -20.00
01998             320.00      -12.00
01999             280.00      -12.00
02000             240.00      -16.00
02001             200.00      -12.00
02002             200.00      -16.00
02003             160.00      -16.00
02004             120.00      -16.00
02005              40.00      -12.00
02006               0.00      -16.00
02007             -80.00      -12.00
02008            -120.00      -24.00
02009            -200.00      -12.00
02010            -320.00      -12.00
02011             320.00      500.00
02012             400.00      500.00
02013             480.00      500.00
02014             560.00      -36.00
02015             640.00      -32.00
02016             680.00      -32.00
02017             760.00      -32.00
02018             800.00      -36.00
02019             840.00      -36.00
02020             880.00      -28.00
02021             920.00      -28.00
02022             920.00      -32.00
02023             920.00      -32.00
02024             960.00      -28.00
02025             920.00      -28.00
02026             880.00      -28.00
02027             920.00      -32.00
02028             880.00      -28.00
02029             880.00      -32.00
02030             880.00      -28.00
02031             880.00      -28.00
02032             840.00      -28.00
02033             880.00      -20.00
02034             840.00      -24.00
02035             800.00      -20.00
02036             760.00      -28.00
02037             680.00      -28.00
02038             600.00      -28.00
02039             560.00      -28.00
02040             440.00      -28.00
02041             320.00      -20.00
02042             240.00      -24.00
02043             120.00      -24.00
02044               0.00      -28.00
02045             -80.00      -24.00
02046            -200.00      -24.00
02047            -320.00      -20.00
02048            -440.00      -20.00
02049            -520.00      -28.00
02050            -560.00      -24.00
02051            -720.00      -28.00
02052            -720.00      -24.00
02053            -800.00      -24.00
02054            -840.00      -28.00
02055            -880.00      -24.00
02056            -880.00      -24.00
02057            -880.00      -28.00
02058            -840.00      -24.00
02059            -880.00      -24.00
02060            -880.00      -20.00
02061            -840.00      -24.00
02062            -880.00      -24.00
02063            -920.00      -28.00
02064            -960.00      -16.00
02065           -1000.00      -24.00
02066           -1040.00      -20.00
02067           -1040.00      -24.00
02068           -1040.00      -20.00
02069           -1040.00      -24.00
02070           -1040.00      -24.00
02071            -960.00      -24.00
02072            -920.00      -24.00
02073            -880.00      -20.00
02074            -800.00      -28.00
02075            -680.00      -20.00
02076            -600.00      -20.00
02077            -480.00      -24.00
02078            -400.00      -24.00
02079            -360.00      -24.00
02080            -240.00      -24.00
02081            -200.00      -20.00
02082            -120.00      -20.00
02083            -160.00      -20.00
02084            -120.00      -20.00
02085            -120.00      -24.00
02086             -80.00      -20.00
02087             -80.00      -24.00
02088             -80.00      -24.00
02089             -80.00      -20.00
02090            -120.00      -16.00
02091            -160.00      -24.00
02092            -160.00      -20.00
02093            -160.00      -16.00
02094            -160.00      -24.00
02095            -200.00      -20.00
02096            -160.00      -24.00
02097            -160.00      -24.00
02098            -120.00      -24.00
02099             -80.00      -20.00
02100             -80.00      -20.00
02101             -40.00      -24.00
02102             -40.00      -24.00
02103             -40.00      -20.00
02104               0.00      -20.00
02105               0.00      -28.00
02106               0.00      -24.00
02107             -80.00      -20.00
02108             -40.00      -16.00
02109             -40.00      -20.00
02110             -80.00      -20.00
02111             -80.00      -24.00
02112             -80.00      -20.00
02113             -80.00      -20.00
02114             -80.00      -20.00
02115             -40.00      -20.00
02116              40.00      -20.00
02117              80.00      -20.00
02118             200.00      -20.00
02119             320.00      -16.00
02120             440.00      -20.00
02121             560.00      -20.00
02122             680.00      -20.00
02123             800.00      -20.00
02124             840.00      -12.00
02125             880.00      -20.00
02126             880.00      -16.00
02127             880.00      -20.00
02128             880.00      -20.00
02129             880.00      -24.00
02130             840.00      -24.00
02131             800.00      -24.00
02132             720.00      -24.00
02133             680.00      -20.00
02134             560.00      -20.00
02135             440.00      -20.00
02136             360.00      -16.00
02137             240.00      -24.00
02138             120.00      -20.00
02139             120.00      -20.00
02140              80.00      -20.00
02141              80.00      -20.00
02142              80.00      -20.00
02143              40.00      -16.00
02144              80.00      -24.00
02145              40.00      -16.00
02146              40.00      -16.00
02147             -80.00      -24.00
02148            -120.00      -20.00
02149            -240.00      -24.00
02150            -280.00      -20.00
02151            -440.00      -20.00
02152            -480.00      -16.00
02153            -520.00      -16.00
02154            -560.00      -20.00
02155            -600.00      -16.00
02156            -600.00      -16.00
02157            -560.00      -16.00
02158            -560.00      -20.00
02159            -560.00      -20.00
02160            -440.00      -20.00
02161            -360.00      -16.00
02162            -280.00      -20.00
02163            -160.00      -16.00
02164             -40.00      -16.00
02165               0.00      -20.00
02166              80.00      -20.00
02167             120.00      -20.00
02168             200.00      -20.00
02169             240.00      -24.00
02170             280.00      -20.00
02171             320.00      -20.00
02172             360.00      -20.00
02173             400.00      -16.00
02174             400.00      -20.00
02175             400.00      -16.00
02176             400.00      -20.00
02177             400.00      -16.00
02178             360.00      -20.00
02179             360.00      -20.00
02180             360.00      -20.00
02181             280.00      -20.00
02182             280.00      -20.00
02183             280.00      -16.00
02184             280.00      -16.00
02185             240.00      -24.00
02186             240.00      -20.00
02187             200.00      -20.00
02188             160.00      -16.00
02189             160.00      -16.00
02190             120.00      -20.00
02191               0.00      -16.00
02192             -40.00      -16.00
02193            -120.00      -24.00
02194            -240.00      -24.00
02195            -360.00      -20.00
02196            -520.00      -20.00
02197            -600.00      -20.00
02198            -720.00      -24.00
02199            -840.00      -16.00
02200            -920.00      -20.00
02201            -920.00      -16.00
02202           -1000.00      -16.00
02203           -1000.00      -20.00
02204           -1000.00      -20.00
02205            -920.00      -20.00
02206            -880.00      -20.00
02207            -800.00      -24.00
02208            -720.00      -16.00
02209            -640.00      -16.00
02210            -600.00      -16.00
02211            -560.00      -24.00
02212            -520.00      -20.00
02213            -440.00      -20.00
02214            -400.00      -24.00
02215            -400.00      -16.00
02216            -360.00      -16.00
02217            -320.00      -24.00
02218            -320.00      -16.00
02219            -320.00      -16.00
02220            -320.00      -16.00
02221            -400.00      -20.00
02222            -400.00      -20.00
02223            -360.00      -16.00
02224            -280.00      -20.00
02225            -160.00      -20.00
02226             -40.00      -20.00
02227              40.00      -24.00
02228             240.00      -16.00
02229             400.00      -24.00
02230             560.00      -20.00
02231             680.00      -16.00
02232             800.00      -16.00
02233             880.00      -16.00
02234             960.00      -16.00
02235            1000.00      -20.00
02236            1040.00      -20.00
02237            1040.00      -20.00
02238            1040.00      -20.00
02239            1040.00      -20.00
02240            1000.00      -28.00
02241             880.00      -16.00
02242             840.00      -20.00
02243             760.00      -20.00
02244             640.00      -24.00
02245             560.00      -20.00
02246             480.00      -16.00
02247             360.00      -16.00
02248             320.00      -20.00
02249             280.00      -24.00
02250             240.00      -12.00
02251             240.00      -24.00
02252             240.00      -20.00
02253             160.00      -20.00
02254             160.00      -24.00
02255              80.00      -16.00
02256               0.00      -16.00
02257             -40.00      -20.00
02258            -160.00      -20.00
02259            -240.00      -16.00
02260            -280.00      -16.00
02261             320.00      500.00
02262             400.00      500.00
02263             440.00      500.00
02264             560.00      -32.00
02265             640.00      -40.00
02266             720.00      -36.00
02267             760.00      -32.00
02268             800.00      -32.00
02269             840.00      -36.00
02270             880.00      -28.00
02271             920.00      -36.00
02272             920.00      -32.00
02273             920.00      -28.00
02274             880.00      -28.00
02275             920.00      -28.00
02276             920.00      -32.00
02277             920.00      -28.00
02278             880.00      -28.00
02279             880.00      -28.00
02280             880.00      -32.00
02281             840.00      -32.00
02282             840.00      -24.00
02283             840.00      -28.00
02284             800.00      -28.00
02285             800.00      -28.00
02286             760.00      -24.00
02287             720.00      -28.00
02288             640.00      -28.00
02289             520.00      -24.00
02290             440.00      -28.00
02291             360.00      -28.00
02292             200.00      -16.00
02293             120.00      -24.00
02294               0.00      -24.00
02295            -160.00      -20.00
02296            -240.00      -24.00
02297            -320.00      -24.00
02298            -400.00      -20.00
02299            -560.00      -24.00
02300            -600.00      -24.00
02301            -680.00      -20.00
02302            -760.00      -20.00
02303            -800.00      -20.00
02304            -840.00      -20.00
02305            -840.00      -20.00
02306            -840.00      -16.00
02307            -880.00      -24.00
02308            -840.00      -20.00
02309            -840.00      -28.00
02310            -840.00      -24.00
02311            -880.00      -20.00
02312            -880.00      -20.00
02313            -960.00      -20.00
02314            -960.00      -20.00
02315           -1000.00      -24.00
02316           -1040.00      -24.00
02317           -1040.00      -20.00
02318           -1040.00      -16.00
02319           -1040.00      -20.00
02320           -1040.00      -20.00
02321           -1000.00      -20.00
02322            -920.00      -20.00
02323            -880.00      -20.00
02324            -800.00      -20.00
02325            -680.00      -20.00
02326            -600.00      -20.00
02327            -480.00      -20.00
02328            -400.00      -16.00
02329            -320.00      -20.00
02330            -240.00      -16.00
02331            -200.00      -20.00
02332            -160.00      -20.00
02333            -120.00      -20.00
02334            -120.00      -20.00
02335            -120.00      -16.00
02336            -120.00      -16.00
02337             -80.00      -16.00
02338             -80.00      -16.00
02339             -80.00      -20.00
02340            -120.00      -16.00
02341            -120.00      -16.00
02342            -160.00      -24.00
02343            -160.00      -16.00
02344            -160.00      -16.00
02345            -200.00      -16.00
02346            -160.00      -16.00
02347            -160.00      -20.00
02348            -160.00      -12.00
02349            -120.00      -16.00
02350             -80.00      -16.00
02351             -80.00      -16.00
02352               0.00      -16.00
02353               0.00      -28.00
02354               0.00      -16.00
02355             -40.00      -16.00
02356             -40.00      -16.00
02357             -40.00      -16.00
02358             -40.00      -16.00
02359             -80.00      -16.00
02360            -120.00      -16.00
02361             -80.00      -16.00
02362            -120.00      -20.00
02363             -80.00      -16.00
02364             -80.00      -20.00
02365             -40.00      -16.00
02366               0.00      -20.00
02367             120.00      -16.00
02368             200.00      -20.00
02369             320.00      -20.00
02370             480.00      -16.00
02371             560.00      -16.00
02372             680.00      -20.00
02373             760.00      -16.00
02374             840.00      -20.00
02375             880.00      -16.00
02376             880.00      -16.00
02377             880.00      -12.00
02378             880.00      -16.00
02379             840.00      -20.00
02380             840.00      -16.00
02381             800.00      -20.00
02382             760.00      -24.00
02383             640.00      -16.00
02384             560.00      -16.00
02385             440.00      -16.00
02386             320.00      -20.00
02387             240.00      -16.00
02388             200.00      -16.00
02389             120.00      -16.00
02390              80.00      -16.00
02391              80.00      -20.00
02392              80.00      -20.00
02393              80.00      -16.00
02394              80.00      -20.00
02395              40.00      -12.00
02396               0.00      -16.00
02397             -40.00      -16.00
02398            -120.00      -24.00
02399            -200.00      -20.00
02400            -320.00      -16.00
02401            -400.00      -12.00
02402            -480.00      -20.00
02403            -520.00      -12.00
02404            -560.00      -16.00
02405            -560.00      -12.00
02406            -600.00      -16.00
02407            -600.00      -16.00
02408            -520.00      -20.00
02409            -480.00      -20.00
02410            -440.00      -20.00
02411            -400.00      -16.00
02412            -240.00      -20.00
02413            -160.00      -24.00
02414             -80.00      -20.00
02415              40.00      -16.00
02416              40.00      -20.00
02417             120.00      -20.00
02418             160.00      -20.00
02419             240.00      -24.00
02420             320.00      -20.00
02421             320.00      -20.00
02422             400.00      -20.00
02423             360.00      -16.00
02424             360.00      -16.00
02425             400.00      -16.00
02426             400.00      -24.00
02427             400.00      -16.00
02428             400.00      -16.00
02429             360.00      -16.00
02430             320.00      -20.00
02431             320.00      -16.00
02432             280.00      -12.00
02433             280.00      -20.00
02434             240.00      -16.00
02435             240.00      -20.00
02436             240.00      -20.00
02437             200.00      -24.00
02438             200.00      -28.00
02439             160.00      -20.00
02440              80.00      -20.00
02441              40.00      -24.00
02442             -40.00      -20.00
02443            -120.00      -24.00
02444            -240.00      -20.00
02445            -360.00      -20.00
02446            -480.00      -24.00
02447            -600.00      -20.00
02448            -720.00      -20.00
02449            -800.00      -20.00
02450            -920.00      -20.00
02451            -920.00      -20.00
02452           -1000.00      -16.00
02453           -1000.00      -20.00
02454            -960.00      -16.00
02455            -920.00      -20.00
02456            -880.00      -20.00
02457            -800.00      -24.00
02458            -720.00      -24.00
02459            -680.00      -20.00
02460            -600.00      -12.00
02461            -560.00      -16.00
02462            -520.00      -20.00
02463            -480.00      -16.00
02464            -400.00      -16.00
02465            -400.00      -28.00
02466            -360.00      -20.00
02467            -320.00      -20.00
02468            -320.00      -16.00
02469            -320.00      -24.00
02470            -360.00      -20.00
02471            -400.00      -20.00
02472            -360.00      -20.00
02473            -320.00      -16.00
02474            -280.00      -20.00
02475            -200.00      -20.00
02476             -40.00      -16.00
02477              80.00      -16.00
02478             200.00      -24.00
02479             400.00      -16.00
02480             560.00      -20.00
02481             680.00      -20.00
02482             840.00      -24.00
02483             880.00      -24.00
02484             960.00      -16.00
02485            1000.00      -20.00
02486            1000.00      -24.00
02487            1040.00      -20.00
02488            1040.00      -16.00
02489            1040.00      -24.00
02490            1000.00      -20.00
02491             920.00      -20.00
02492             840.00      -20.00
02493             760.00      -16.00
02494             640.00      -20.00
02495             560.00      -24.00
02496             440.00      -20.00
02497             400.00      -20.00
02498             320.00      -16.00
02499             280.00      -20.00
02500             240.00      -24.00
02501             200.00      -20.00
02502             200.00      -20.00
02503             200.00      -20.00
02504             120.00      -20.00
02505              80.00      -24.00
02506              40.00      -16.00
02507             -40.00      -16.00
02508            -160.00      -24.00
02509            -240.00      -20.00
02510            -320.00      -16.00
02511             320.00      500.00
02512             400.00      500.00
02513             480.00      500.00
02514             560.00      -36.00
02515             640.00      -44.00
02516             680.00      -32.00
02517             760.00      -36.00
02518             800.00      -36.00
02519             840.00      -44.00
02520             840.00      -36.00
02521             880.00      -36.00
02522             920.00      -40.00
02523             920.00      -36.00
02524             920.00      -36.00
02525             920.00      -32.00
02526             920.00      -32.00
02527             920.00      -28.00
02528             880.00      -28.00
02529             880.00      -32.00
02530             840.00      -36.00
02531             840.00      -36.00
02532             880.00      -36.00
02533             840.00      -32.00
02534             800.00      -32.00
02535             760.00      -28.00
02536             720.00      -32.00
02537             680.00      -32.00
02538             600.00      -32.00
02539             520.00      -28.00
02540             440.00      -28.00
02541             320.00      -24.00
02542             240.00      -28.00
02543             120.00      -28.00
02544               0.00      -24.00
02545            -120.00      -24.00
02546            -240.00      -28.00
02547            -320.00      -24.00
02548            -400.00      -24.00
02549            -520.00      -28.00
02550            -600.00      -28.00
02551            -680.00      -28.00
02552            -720.00      -24.00
02553            -800.00      -20.00
02554            -800.00      -24.00
02555            -840.00      -20.00
02556            -840.00      -28.00
02557            -840.00      -20.00
02558            -840.00      -24.00
02559            -880.00      -28.00
02560            -880.00      -24.00
02561            -880.00      -24.00
02562            -880.00      -24.00
02563            -920.00      -24.00
02564            -960.00      -20.00
02565            -960.00      -20.00
02566           -1040.00      -20.00
02567           -1000.00      -28.00
02568           -1040.00      -24.00
02569           -1040.00      -28.00
02570           -1040.00      -20.00
02571           -1000.00      -24.00
02572            -920.00      -24.00
02573            -880.00      -20.00
02574            -800.00      -20.00
02575            -720.00      -24.00
02576            -560.00      -20.00
02577            -480.00      -20.00
02578            -400.00      -16.00
02579            -320.00      -24.00
02580            -280.00      -24.00
02581            -200.00      -20.00
02582            -120.00      -20.00
02583            -120.00      -20.00
02584            -120.00      -20.00
02585            -120.00      -20.00
02586             -80.00      -20.00
02587             -80.00      -24.00
02588             -80.00      -20.00
02589            -120.00      -24.00
02590            -120.00      -20.00
02591            -160.00      -20.00
02592            -160.00      -16.00
02593            -200.00      -24.00
02594            -200.00      -20.00
02595            -200.00      -20.00
02596            -160.00      -24.00
02597            -160.00      -20.00
02598            -160.00      -16.00
02599             -80.00      -20.00
02600             -80.00      -20.00
02601             -40.00      -16.00
02602               0.00      -16.00
02603               0.00      -20.00
02604               0.00      -20.00
02605               0.00      -16.00
02606             -40.00      -20.00
02607             -40.00      -16.00
02608             -80.00      -20.00
02609             -80.00      -20.00
02610             -80.00      -16.00
02611             -80.00      -20.00
02612             -80.00      -24.00
02613             -40.00      -24.00
02614             -40.00      -16.00
02615             -40.00      -20.00
02616              40.00      -24.00
02617              80.00      -20.00
02618             200.00      -16.00
02619             280.00      -16.00
02620             440.00      -20.00
02621             560.00      -20.00
02622             680.00      -32.00
02623             760.00      -20.00
02624             840.00      -20.00
02625             880.00      -20.00
02626             880.00      -16.00
02627             880.00      -20.00
02628             880.00      -20.00
02629             880.00      -16.00
02630             840.00      -16.00
02631             760.00      -16.00
02632             720.00      -20.00
02633             640.00      -16.00
02634             560.00      -16.00
02635             440.00      -20.00
02636             360.00      -20.00
02637             240.00      -20.00
02638             200.00      -20.00
02639             120.00      -16.00
02640             120.00      -20.00
02641              80.00      -16.00
02642              80.00      -24.00
02643              80.00      -24.00
02644              80.00      -20.00
02645              40.00      -20.00
02646               0.00      -20.00
02647             -80.00      -20.00
02648            -120.00      -24.00
02649            -240.00      -20.00
02650            -280.00      -20.00
02651            -400.00      -16.00
02652            -440.00      -16.00
02653            -520.00      -16.00
02654            -560.00      -20.00
02655            -560.00      -16.00
02656            -560.00      -12.00
02657            -600.00      -20.00
02658            -560.00      -20.00
02659            -520.00      -20.00
02660            -440.00      -20.00
02661            -360.00      -20.00
02662            -240.00      -16.00
02663            -160.00      -16.00
02664             -80.00      -16.00
02665              40.00      -16.00
02666              40.00      -16.00
02667             120.00      -20.00
02668             200.00      -16.00
02669             240.00      -20.00
02670             280.00      -20.00
02671             320.00      -16.00
02672             360.00      -20.00
02673             400.00      -20.00
02674             400.00      -12.00
02675             400.00      -20.00
02676             360.00      -20.00
02677             400.00      -16.00
02678             360.00      -12.00
02679             360.00      -20.00
02680             360.00      -20.00
02681             320.00      -20.00
02682             280.00      -16.00
02683             280.00      -16.00
02684             240.00      -20.00
02685             240.00      -16.00
02686             240.00      -20.00
02687             200.00      -16.00
02688             200.00      -20.00
02689             160.00      -16.00
02690              80.00      -20.00
02691              40.00      -20.00
02692             -40.00      -20.00
02693            -120.00      -16.00
02694            -280.00      -16.00
02695            -360.00      -24.00
02696            -440.00      -12.00
02697            -600.00      -16.00
02698            -760.00      -20.00
02699            -800.00      -16.00
02700            -920.00      -16.00
02701            -960.00      -16.00
02702           -1000.00      -16.00
02703            -960.00      -12.00
02704            -960.00      -16.00
02705            -920.00      -20.00
02706            -880.00      -16.00
02707            -800.00      -16.00
02708            -760.00      -16.00
02709            -680.00      -20.00
02710            -640.00      -12.00
02711            -560.00      -16.00
02712            -520.00      -16.00
02713            -480.00      -16.00
02714            -400.00      -20.00
02715            -400.00      -16.00
02716            -360.00      -16.00
02717            -360.00      -20.00
02718            -320.00      -12.00
02719            -360.00      -20.00
02720            -360.00      -20.00
02721            -400.00      -16.00
02722            -360.00      -16.00
02723            -360.00      -20.00
02724            -240.00      -16.00
02725            -200.00      -12.00
02726             -80.00      -16.00
02727              80.00      -16.00
02728             240.00      -16.00
02729             360.00      -16.00
02730             560.00      -12.00
02731             680.00      -16.00
02732             800.00      -16.00
02733             880.00      -16.00
02734             960.00      -12.00
02735            1000.00      -20.00
02736            1040.00      -12.00
02737            1040.00      -16.00
02738            1040.00      -12.00
02739            1040.00      -20.00
02740            1000.00      -20.00
02741            1000.00      -16.00
02742             880.00      -20.00
02743             760.00      -12.00
02744             640.00      -20.00
02745             560.00      -12.00
02746             480.00      -20.00
02747             400.00      -16.00
02748             320.00      -16.00
02749             280.00      -16.00
02750             240.00      -16.00
02751             200.00      -16.00
02752             240.00      -16.00
02753             160.00      -16.00
02754             160.00      -12.00
02755             120.00      -16.00
02756              40.00      -16.00
02757             -40.00      -12.00
02758            -120.00      -20.00
02759            -240.00      -16.00
02760            -280.00      -16.00
02761             280.00      500.00
02762             400.00      500.00
02763             480.00      500.00
02764             520.00      -36.00
02765             600.00      -36.00
02766             680.00      -40.00
02767             720.00      -36.00
02768             800.00      -36.00
02769             840.00      -32.00
02770             880.00      -36.00
02771             880.00      -36.00
02772             880.00      -32.00
02773             920.00      -32.00
02774             920.00      -32.00
02775             920.00      -28.00
02776             920.00      -28.00
02777             880.00      -36.00
02778             880.00      -28.00
02779             880.00      -28.00
02780             880.00      -28.00
02781             840.00      -32.00
02782             840.00      -28.00
02783             880.00      -28.00
02784             800.00      -24.00
02785             800.00      -24.00
02786             720.00      -24.00
02787             680.00      -24.00
02788             640.00      -32.00
02789             560.00      -28.00
02790             440.00      -28.00
02791             360.00      -28.00
02792             240.00      -24.00
02793             120.00      -24.00
02794               0.00      -28.00
02795             -80.00      -28.00
02796            -200.00      -28.00
02797            -320.00      -20.00
02798            -440.00      -24.00
02799            -520.00      -32.00
02800            -600.00      -28.00
02801            -640.00      -28.00
02802            -760.00      -20.00
02803            -800.00      -24.00
02804            -840.00      -24.00
02805            -840.00      -24.00
02806            -880.00      -24.00
02807            -840.00      -32.00
02808            -840.00      -28.00
02809            -800.00      -20.00
02810            -880.00      -28.00
02811            -880.00      -24.00
02812            -920.00      -24.00
02813            -920.00      -28.00
02814            -960.00      -24.00
02815            -960.00      -28.00
02816           -1000.00      -28.00
02817           -1040.00      -28.00
02818           -1040.00      -20.00
02819           -1040.00      -24.00
02820           -1040.00      -16.00
02821           -1000.00      -20.00
02822            -960.00      -24.00
02823            -880.00      -24.00
02824            -760.00      -28.00
02825            -680.00      -28.00
02826            -600.00      -20.00
02827            -480.00      -28.00
02828            -400.00      -24.00
02829            -320.00      -28.00
02830            -280.00      -28.00
02831            -160.00      -24.00
02832            -160.00      -16.00
02833            -120.00      -24.00
02834            -120.00      -20.00
02835             -80.00      -20.00
02836            -120.00      -28.00
02837             -80.00      -20.00
02838             -80.00      -24.00
02839            -120.00      -20.00
02840            -120.00      -24.00
02841            -120.00      -24.00
02842            -160.00      -28.00
02843            -160.00      -20.00
02844            -200.00      -24.00
02845            -200.00      -20.00
02846            -160.00      -24.00
02847            -160.00      -24.00
02848            -160.00      -20.00
02849            -120.00      -20.00
02850             -80.00      -20.00
02851             -40.00      -24.00
02852             -40.00      -24.00
02853             -40.00      -24.00
02854               0.00      -20.00
02855               0.00      -20.00
02856             -40.00      -24.00
02857             -80.00      -24.00
02858             -40.00      -20.00
02859             -80.00      -20.00
02860            -120.00      -20.00
02861             -80.00      -24.00
02862             -80.00      -24.00
02863             -80.00      -20.00
02864             -80.00      -20.00
02865             -40.00      -24.00
02866               0.00      -20.00
02867             120.00      -20.00
02868             200.00      -24.00
02869             320.00      -20.00
02870             440.00      -24.00
02871             560.00      -20.00
02872             680.00      -20.00
02873             760.00      -28.00
02874             840.00      -20.00
02875             880.00      -24.00
02876             880.00      -16.00
02877             880.00      -20.00
02878             880.00      -20.00
02879             880.00      -24.00
02880             840.00      -24.00
02881             800.00      -20.00
02882             720.00      -20.00
02883             640.00      -16.00
02884             560.00      -16.00
02885             440.00      -20.00
02886             360.00      -20.00
02887             240.00      -20.00
02888             200.00      -20.00
02889             160.00      -24.00
02890              80.00      -24.00
02891              80.00      -20.00
02892              80.00      -16.00
02893              40.00      -20.00
02894              80.00      -20.00
02895              40.00      -16.00
02896               0.00      -24.00
02897             -40.00      -24.00
02898            -120.00      -24.00
02899            -240.00      -20.00
02900            -280.00      -20.00
02901            -400.00      -20.00
02902            -480.00      -20.00
02903            -560.00      -24.00
02904            -560.00      -16.00
02905            -560.00      -24.00
02906            -600.00      -20.00
02907            -560.00      -16.00
02908            -560.00      -20.00
02909            -520.00      -20.00
02910            -480.00      -20.00
02911            -360.00      -16.00
02912            -240.00      -20.00
02913            -120.00      -20.00
02914             -80.00      -20.00
02915               0.00      -20.00
02916              80.00      -20.00
02917             120.00      -24.00
02918             160.00      -16.00
02919             200.00      -20.00
02920             240.00      -20.00
02921             320.00      -20.00
02922             360.00      -12.00
02923             400.00      -16.00
02924             400.00      -28.00
02925             400.00      -20.00
02926             400.00      -20.00
02927             360.00      -24.00
02928             360.00      -20.00
02929             360.00      -24.00
02930             360.00      -20.00
02931             280.00      -20.00
02932             280.00      -20.00
02933             280.00      -16.00
02934             240.00      -24.00
02935             240.00      -20.00
02936             240.00      -16.00
02937             240.00      -16.00
02938             200.00      -16.00
02939             160.00      -12.00
02940              80.00      -24.00
02941              40.00      -20.00
02942             -80.00      -16.00
02943            -120.00      -20.00
02944            -240.00      -20.00
02945            -320.00      -16.00
02946            -440.00      -20.00
02947            -600.00      -20.00
02948            -720.00      -24.00
02949            -840.00      -20.00
02950            -880.00      -20.00
02951           -1000.00      -20.00
02952           -1000.00      -20.00
02953           -1000.00      -16.00
02954            -960.00      -20.00
02955            -920.00      -20.00
02956            -880.00      -20.00
02957            -840.00      -20.00
02958            -760.00      -20.00
02959            -680.00      -20.00
02960            -600.00      -28.00
02961            -560.00      -20.00
02962            -520.00      -16.00
02963            -480.00      -20.00
02964            -440.00      -20.00
02965            -400.00      -16.00
02966            -360.00      -24.00
02967            -320.00      -24.00
02968            -320.00      -20.00
02969            -320.00      -12.00
02970            -360.00      -24.00
02971            -360.00      -16.00
02972            -400.00      -20.00
02973            -360.00      -24.00
02974            -280.00      -24.00
02975            -160.00      -20.00
02976             -40.00      -20.00
02977              80.00      -16.00
02978             240.00      -20.00
02979             360.00      -20.00
02980             520.00      -16.00
02981             680.00      -24.00
02982             800.00      -28.00
02983             880.00      -20.00
02984             960.00      -20.00
02985            1000.00      -16.00
02986            1040.00      -20.00
02987            1040.00      -20.00
02988            1040.00      -16.00
02989            1040.00      -20.00
02990            1040.00      -24.00
02991             960.00      -20.00
02992             840.00      -20.00
02993             760.00      -20.00
02994             640.00      -16.00
02995             520.00      -24.00
02996             480.00      -16.00
02997             360.00      -24.00
02998             320.00      -20.00
02999             280.00      -20.00
03000             240.00      -20.00
03001             240.00      -20.00
03002             240.00      -16.00
03003             160.00      -20.00
03004             120.00      -20.00
03005              80.00      -16.00
03006               0.00      -20.00
03007             -40.00      -20.00
03008            -160.00      -20.00
03009            -200.00      -16.00
03010            -320.00      -20.00
03011             280.00      500.00
03012             400.00      500.00
03013             520.00      500.00
03014             560.00      -32.00
03015             600.00      -32.00
03016             680.00      -36.00
03017             760.00      -36.00
03018             800.00      -32.00
03019             840.00      -36.00
03020             840.00      -40.00
03021             880.00      -36.00
03022             880.00      -36.00
03023             920.00      -32.00
03024             920.00      -28.00
03025             920.00      -28.00
03026             920.00      -32.00
03027             920.00      -32.00
03028             880.00      -28.00
03029             880.00      -28.00
03030             880.00      -28.00
03031             840.00      -28.00
03032             840.00      -28.00
03033             840.00      -28.00
03034             800.00      -28.00
03035             800.00      -28.00
03036             760.00      -24.00
03037             680.00      -24.00
03038             640.00      -32.00
03039             520.00      -20.00
03040             440.00      -24.00
03041             320.00      -24.00
03042             240.00      -20.00
03043              80.00      -20.00
03044               0.00      -20.00
03045            -120.00      -24.00
03046            -200.00      -24.00
03047            -320.00      -20.00
03048            -440.00      -24.00
03049            -520.00      -20.00
03050            -600.00      -24.00
03051            -680.00      -20.00
03052            -760.00      -20.00
03053            -800.00      -24.00
03054            -840.00      -24.00
03055            -840.00      -20.00
03056            -840.00      -24.00
03057            -840.00      -24.00
03058            -840.00      -24.00
03059            -840.00      -20.00
03060            -880.00      -16.00
03061            -840.00      -16.00
03062            -880.00      -20.00
03063            -920.00      -20.00
03064            -960.00      -24.00
03065            -960.00      -24.00
03066           -1000.00      -12.00
03067           -1000.00      -20.00
03068           -1040.00      -24.00
03069           -1040.00      -24.00
03070           -1040.00      -20.00
03071           -1000.00      -16.00
03072            -920.00      -20.00
03073            -880.00      -20.00
03074            -760.00      -20.00
03075            -680.00      -20.00
03076            -600.00      -20.00
03077            -480.00      -16.00
03078            -400.00      -20.00
03079            -360.00      -16.00
03080            -280.00      -16.00
03081            -200.00      -16.00
03082            -160.00      -16.00
03083            -120.00      -16.00
03084            -120.00      -16.00
03085             -80.00      -20.00
03086             -80.00      -16.00
03087             -80.00      -16.00
03088            -120.00      -12.00
03089            -120.00      -20.00
03090            -120.00      -16.00
03091            -160.00      -20.00
03092            -160.00      -20.00
03093            -200.00      -16.00
03094            -160.00      -16.00
03095            -160.00      -16.00
03096            -160.00      -20.00
03097            -160.00      -16.00
03098            -120.00      -16.00
03099            -120.00      -20.00
03100             -80.00      -16.00
03101             -40.00      -16.00
03102               0.00      -20.00
03103               0.00      -16.00
03104               0.00      -16.00
03105               0.00      -16.00
03106             -40.00      -16.00
03107             -80.00      -20.00
03108             -40.00      -16.00
03109             -80.00      -16.00
03110            -120.00      -24.00
03111             -80.00      -20.00
03112             -80.00      -20.00
03113             -80.00      -16.00
03114             -40.00      -20.00
03115             -40.00      -16.00
03116              40.00      -20.00
03117             120.00      -16.00
03118             200.00      -20.00
03119             320.00      -12.00
03120             440.00      -16.00
03121             560.00      -16.00
03122             680.00      -20.00
03123             800.00      -20.00
03124             840.00      -12.00
03125             880.00      -16.00
03126             880.00      -24.00
03127             880.00      -20.00
03128             880.00      -24.00
03129             880.00      -20.00
03130             840.00      -16.00
03131             800.00      -16.00
03132             720.00      -12.00
03133             640.00      -20.00
03134             560.00      -12.00
03135             440.00      -20.00
03136             320.00      -12.00
03137             240.00      -16.00
03138             160.00      -16.00
03139             120.00      -20.00
03140              80.00      -16.00
03141              80.00      -16.00
03142              80.00      -16.00
03143              80.00      -12.00
03144              80.00      -20.00
03145              40.00      -16.00
03146               0.00      -12.00
03147             -40.00      -16.00
03148            -120.00      -20.00
03149            -200.00      -20.00
03150            -280.00      -16.00
03151            -400.00      -16.00
03152            -480.00      -20.00
03153            -520.00      -16.00
03154            -560.00      -20.00
03155            -600.00      -20.00
03156            -600.00      -16.00
03157            -560.00      -16.00
03158            -560.00      -16.00
03159            -480.00      -24.00
03160            -440.00      -16.00
03161            -360.00      -16.00
03162            -280.00      -20.00
03163            -160.00      -20.00
03164             -80.00      -20.00
03165               0.00      -20.00
03166              80.00      -20.00
03167             120.00      -20.00
03168             200.00      -20.00
03169             240.00      -20.00
03170             280.00      -20.00
03171             320.00      -16.00
03172             360.00      -16.00
03173             400.00      -12.00
03174             400.00      -16.00
03175             400.00      -20.00
03176             400.00      -20.00
03177             400.00      -24.00
03178             360.00      -20.00
03179             320.00      -16.00
03180             320.00      -16.00
03181             320.00      -16.00
03182             320.00      -20.00
03183             280.00      -20.00
03184             240.00      -20.00
03185             240.00      -24.00
03186             240.00      -20.00
03187             200.00      -20.00
03188             160.00      -16.00
03189             160.00      -16.00
03190              80.00      -20.00
03191              40.00      -20.00
03192             -80.00      -24.00
03193            -120.00      -20.00
03194            -200.00      -20.00
03195            -360.00      -20.00
03196            -480.00      -24.00
03197            -600.00      -24.00
03198            -720.00      -20.00
03199            -800.00      -16.00
03200            -880.00      -16.00
03201            -960.00      -24.00
03202            -960.00      -20.00
03203            -960.00      -20.00
03204            -960.00      -20.00
03205            -920.00      -24.00
03206            -880.00      -24.00
03207            -800.00      -24.00
03208            -760.00      -20.00
03209            -640.00      -20.00
03210            -600.00      -20.00
03211            -560.00      -24.00
03212            -480.00      -20.00
03213            -440.00      -20.00
03214            -440.00      -20.00
03215            -400.00      -20.00
03216            -360.00      -20.00
03217            -360.00      -16.00
03218            -320.00      -16.00
03219            -360.00      -24.00
03220            -320.00      -16.00
03221            -400.00      -24.00
03222            -360.00      -20.00
03223            -320.00      -24.00
03224            -280.00      -20.00
03225            -160.00      -28.00
03226             -40.00      -20.00
03227              80.00      -20.00
03228             240.00      -20.00
03229             360.00      -20.00
03230             560.00      -24.00
03231             680.00      -20.00
03232             800.00      -20.00
03233             920.00      -20.00
03234             920.00      -20.00
03235            1000.00      -20.00
03236            1000.00      -16.00
03237            1040.00      -20.00
03238            1040.00      -20.00
03239            1040.00      -20.00
03240            1000.00      -28.00
03241             920.00      -16.00
03242             840.00      -20.00
03243             720.00      -20.00
03244             640.00      -20.00
03245             520.00      -24.00
03246             440.00      -16.00
03247             400.00      -20.00
03248             320.00      -16.00
03249             280.00      -24.00
03250             240.00      -24.00
03251             240.00      -20.00
03252             240.00      -20.00
03253             160.00      -16.00
03254             120.00      -20.00
03255              80.00      -20.00
03256               0.00      -16.00
03257             -40.00      -20.00
03258            -120.00      -20.00
03259            -200.00      -16.00
03260            -320.00      -20.00
03261             320.00      500.00
03262             360.00      500.00
03263             480.00      500.00
03264             560.00      -36.00
03265             600.00      -36.00
03266             680.00      -40.00
03267             760.00      -36.00
03268             800.00      -40.00
03269             840.00      -36.00
03270             880.00      -36.00
03271             920.00      -36.00
03272             880.00      -36.00
03273             920.00      -32.00
03274             920.00      -32.00
03275             920.00      -32.00
03276             920.00      -32.00
03277             920.00      -32.00
03278             880.00      -28.00
03279             880.00      -36.00
03280             880.00      -28.00
03281             880.00      -32.00
03282             840.00      -24.00
03283             840.00      -28.00
03284             800.00      -28.00
03285             800.00      -28.00
03286             760.00      -32.00
03287             680.00      -32.00
03288             600.00      -24.00
03289             560.00      -28.00
03290             480.00      -32.00
03291             360.00      -28.00
03292             240.00      -24.00
03293              80.00      -24.00
03294              40.00      -28.00
03295            -120.00      -28.00
03296            -240.00      -24.00
03297            -320.00      -20.00
03298            -400.00      -28.00
03299            -520.00      -20.00
03300            -600.00      -28.00
03301            -640.00      -20.00
03302            -760.00      -24.00
03303            -760.00      -24.00
03304            -840.00      -28.00
03305            -840.00      -28.00
03306            -840.00      -28.00
03307            -840.00      -28.00
03308            -840.00      -20.00
03309            -880.00      -24.00
03310            -880.00      -20.00
03311            -880.00      -24.00
03312            -880.00      -20.00
03313            -920.00      -20.00
03314            -960.00      -24.00
03315            -960.00      -20.00
03316           -1000.00      -24.00
03317           -1040.00      -20.00
03318           -1000.00      -24.00
03319           -1040.00      -20.00
03320           -1040.00      -24.00
03321           -1000.00      -20.00
03322            -920.00      -24.00
03323            -840.00      -20.00
03324            -760.00      -24.00
03325            -680.00      -24.00
03326            -600.00      -40.00
03327            -520.00      -24.00
03328            -440.00      -28.00
03329            -320.00      -20.00
03330            -240.00      -12.00
03331            -200.00      -16.00
03332            -200.00      -16.00
03333            -160.00      -20.00
03334            -120.00      -20.00
03335            -120.00      -20.00
03336             -80.00      -24.00
03337             -80.00      -24.00
03338             -80.00      -20.00
03339             -80.00      -20.00
03340            -120.00      -24.00
03341            -120.00      -20.00
03342            -160.00      -16.00
03343            -200.00      -16.00
03344            -200.00      -24.00
03345            -200.00      -12.00
03346            -160.00      -24.00
03347            -120.00      -20.00
03348            -160.00      -20.00
03349            -120.00      -20.00
03350             -80.00      -24.00
03351             -40.00      -24.00
03352               0.00      -20.00
03353               0.00      -20.00
03354               0.00      -20.00
03355             -40.00      -16.00
03356             -40.00      -16.00
03357             -80.00      -16.00
03358             -80.00      -16.00
03359             -80.00      -16.00
03360             -80.00      -16.00
03361            -120.00      -20.00
03362             -80.00      -16.00
03363             -80.00      -20.00
03364             -80.00      -16.00
03365             -40.00      -16.00
03366              40.00      -20.00
03367             120.00      -12.00
03368             200.00      -20.00
03369             320.00       -8.00
03370             440.00      -20.00
03371             560.00      -20.00
03372             680.00      -20.00
03373             760.00      -20.00
03374             800.00      -16.00
03375             840.00      -20.00
03376             880.00      -16.00
03377             880.00      -20.00
03378             880.00      -20.00
03379             840.00      -16.00
03380             800.00      -16.00
03381             800.00      -20.00
03382             720.00      -16.00
03383             600.00      -20.00
03384             560.00      -12.00
03385             440.00      -12.00
03386             320.00      -20.00
03387             240.00      -16.00
03388             200.00      -20.00
03389             120.00      -12.00
03390              80.00      -16.00
03391              80.00      -20.00
03392              80.00      -20.00
03393              80.00      -16.00
03394              80.00      -16.00
03395              40.00      -20.00
03396             -40.00      -24.00
03397             -80.00      -24.00
03398            -160.00      -20.00
03399            -240.00      -16.00
03400            -280.00      -20.00
03401            -400.00      -16.00
03402            -480.00      -20.00
03403            -520.00      -16.00
03404            -560.00      -12.00
03405            -560.00      -16.00
03406            -600.00      -16.00
03407            -600.00      -20.00
03408            -520.00      -20.00
03409            -520.00      -16.00
03410            -440.00      -16.00
03411            -360.00      -16.00
03412            -280.00      -12.00
03413            -120.00      -20.00
03414             -80.00      -16.00
03415              40.00      -16.00
03416              40.00      -20.00
03417             160.00      -16.00
03418             200.00      -16.00
03419             200.00      -16.00
03420             280.00      -16.00
03421             360.00      -16.00
03422             360.00      -12.00
03423             400.00      -16.00
03424             400.00      -20.00
03425             400.00      -16.00
03426             400.00      -16.00
03427             400.00      -20.00
03428             360.00      -20.00
03429             360.00      -16.00
03430             360.00      -16.00
03431             320.00      -16.00
03432             280.00      -16.00
03433             280.00      -12.00
03434             240.00      -16.00
03435             240.00      -16.00
03436             240.00      -16.00
03437             200.00      -20.00
03438             200.00      -20.00
03439             120.00      -12.00
03440              80.00      -12.00
03441              40.00      -16.00
03442             -40.00      -16.00
03443            -120.00      -20.00
03444            -200.00      -20.00
03445            -360.00      -16.00
03446            -480.00      -20.00
03447            -600.00      -16.00
03448            -720.00      -12.00
03449            -840.00      -20.00
03450            -920.00      -12.00
03451            -960.00      -16.00
03452           -1000.00      -16.00
03453            -960.00      -20.00
03454            -960.00      -12.00
03455            -960.00      -16.00
03456            -880.00      -16.00
03457            -800.00      -16.00
03458            -720.00      -12.00
03459            -720.00      -16.00
03460            -640.00      -16.00
03461            -560.00      -12.00
03462            -480.00      -12.00
03463            -440.00      -16.00
03464            -400.00      -16.00
03465            -400.00      -12.00
03466            -360.00      -20.00
03467            -360.00      -16.00
03468            -360.00      -12.00
03469            -360.00      -16.00
03470            -360.00      -12.00
03471            -360.00      -20.00
03472            -360.00      -16.00
03473            -360.00      -16.00
03474            -280.00      -12.00
03475            -160.00      -20.00
03476             -80.00      -16.00
03477              80.00      -16.00
03478             200.00      -16.00
03479             400.00      -16.00
03480             560.00      -16.00
03481             680.00      -20.00
03482             800.00      -20.00
03483             880.00      -16.00
03484             920.00      -16.00
03485            1000.00      -16.00
03486            1000.00      -12.00
03487            1040.00      -16.00
03488            1040.00      -20.00
03489            1040.00      -16.00
03490            1000.00      -20.00
03491             920.00      -20.00
03492             880.00      -20.00
03493             720.00      -16.00
03494             640.00      -16.00
03495             560.00      -16.00
03496             440.00      -16.00
03497             400.00      -20.00
03498             360.00      -16.00
03499             280.00      -16.00
03500             240.00      -12.00
03501             200.00      -16.00
03502             240.00      -16.00
03503             200.00      -16.00
03504             120.00      -16.00
03505              80.00      -24.00
03506              40.00      -16.00
03507             -80.00      -12.00
03508            -160.00      -16.00
03509            -240.00      -12.00
03510            -320.00      -24.00
03511             280.00      500.00
03512             400.00      500.00
03513             480.00      500.00
03514             560.00      -32.00
03515             600.00      -36.00
03516             680.00      -36.00
03517             720.00      -36.00
03518             800.00      -36.00
03519             800.00      -36.00
03520             880.00      -36.00
03521             880.00      -32.00
03522             920.00      -32.00
03523             920.00      -28.00
03524             920.00      -32.00
03525             920.00      -32.00
03526             920.00      -28.00
03527             920.00      -20.00
03528             920.00      -32.00
03529             880.00      -28.00
03530             840.00      -24.00
03531             880.00      -24.00
03532             840.00      -28.00
03533             840.00      -28.00
03534             840.00      -28.00
03535             800.00      -32.00
03536             720.00      -28.00
03537             680.00      -28.00
03538             640.00      -32.00
03539             520.00      -24.00
03540             440.00      -28.00
03541             320.00      -24.00
03542             200.00      -28.00
03543             120.00      -28.00
03544               0.00      -24.00
03545            -120.00      -28.00
03546            -240.00      -28.00
03547            -320.00      -24.00
03548            -400.00      -20.00
03549            -480.00      -20.00
03550            -600.00      -24.00
03551            -680.00      -24.00
03552            -720.00      -24.00
03553            -800.00      -24.00
03554            -840.00      -20.00
03555            -800.00      -24.00
03556            -880.00      -24.00
03557            -840.00      -24.00
03558            -880.00      -24.00
03559            -840.00      -20.00
03560            -880.00      -24.00
03561            -880.00      -20.00
03562            -880.00      -24.00
03563            -920.00      -24.00
03564            -960.00      -24.00
03565           -1000.00      -24.00
03566           -1000.00      -28.00
03567           -1040.00      -24.00
03568           -1040.00      -16.00
03569           -1040.00      -24.00
03570           -1040.00      -20.00
03571           -1000.00      -24.00
03572            -960.00      -24.00
03573            -840.00      -24.00
03574            -800.00      -20.00
03575            -680.00      -28.00
03576            -600.00      -28.00
03577            -480.00      -20.00
03578            -400.00      -20.00
03579            -320.00      -16.00
03580            -280.00      -20.00
03581            -200.00      -20.00
03582            -160.00      -16.00
03583            -160.00      -24.00
03584             -80.00      -20.00
03585             -80.00      -20.00
03586             -80.00      -20.00
03587             -80.00      -20.00
03588             -80.00      -28.00
03589             -80.00      -16.00
03590            -120.00      -24.00
03591            -120.00      -16.00
03592            -160.00      -24.00
03593            -200.00      -28.00
03594            -200.00      -24.00
03595            -200.00      -16.00
03596            -200.00      -20.00
03597            -160.00      -20.00
03598            -160.00      -20.00
03599            -120.00      -20.00
03600            -120.00      -24.00
03601             -40.00      -24.00
03602             -40.00      -28.00
03603               0.00      -16.00
03604               0.00      -20.00
03605               0.00      -20.00
03606             -40.00      -20.00
03607             -40.00      -20.00
03608             -40.00      -24.00
03609             -80.00      -24.00
03610             -80.00      -16.00
03611             -80.00      -20.00
03612             -80.00      -20.00
03613             -80.00      -24.00
03614             -40.00      -20.00
03615             -40.00      -20.00
03616              40.00      -20.00
03617              80.00      -24.00
03618             200.00      -20.00
03619             320.00      -20.00
03620             400.00      -20.00
03621             560.00      -16.00
03622             680.00      -20.00
03623             760.00      -20.00
03624             840.00      -20.00
03625             840.00      -20.00
03626             880.00      -20.00
03627             880.00      -24.00
03628             880.00      -16.00
03629             840.00      -20.00
03630             800.00      -20.00
03631             800.00      -20.00
03632             720.00      -20.00
03633             680.00      -20.00
03634             560.00      -20.00
03635             400.00      -20.00
03636             360.00      -20.00
03637             200.00      -20.00
03638             160.00      -20.00
03639             120.00      -16.00
03640              80.00      -16.00
03641              80.00      -24.00
03642              80.00      -16.00
03643              80.00      -24.00
03644              80.00      -16.00
03645              40.00      -20.00
03646               0.00      -20.00
03647             -40.00      -20.00
03648            -160.00      -20.00
03649            -240.00      -24.00
03650            -280.00      -20.00
03651            -400.00      -20.00
03652            -440.00      -24.00
03653            -520.00      -16.00
03654            -560.00      -16.00
03655            -560.00      -24.00
03656            -600.00      -16.00
03657            -560.00      -20.00
03658            -560.00      -16.00
03659            -520.00      -16.00
03660            -440.00      -24.00
03661            -360.00      -16.00
03662            -240.00      -20.00
03663            -160.00      -24.00
03664             -80.00      -16.00
03665               0.00      -20.00
03666              80.00      -16.00
03667             120.00      -16.00
03668             160.00      -16.00
03669             240.00      -20.00
03670             280.00      -20.00
03671             360.00      -16.00
03672             360.00      -16.00
03673             360.00      -24.00
03674             400.00      -20.00
03675             400.00      -16.00
03676             400.00      -20.00
03677             400.00      -16.00
03678             400.00      -16.00
03679             360.00      -12.00
03680             320.00      -20.00
03681             320.00      -20.00
03682             280.00      -20.00
03683             280.00      -20.00
03684             280.00      -16.00
03685             240.00      -20.00
03686             240.00      -16.00
03687             240.00      -16.00
03688             200.00      -12.00
03689             160.00      -24.00
03690              80.00      -20.00
03691              40.00      -20.00
03692             -40.00      -20.00
03693            -160.00      -12.00
03694            -240.00      -16.00
03695            -400.00      -16.00
03696            -480.00      -20.00
03697            -600.00      -20.00
03698            -720.00      -16.00
03699            -800.00      -16.00
03700            -880.00      -20.00
03701            -960.00      -20.00
03702           -1000.00      -12.00
03703            -960.00      -16.00
03704            -960.00      -16.00
03705            -920.00      -16.00
03706            -880.00      -16.00
03707            -800.00      -16.00
03708            -720.00      -20.00
03709            -680.00      -16.00
03710            -640.00      -16.00
03711            -560.00      -20.00
03712            -520.00      -20.00
03713            -440.00      -20.00
03714            -440.00      -20.00
03715            -400.00      -16.00
03716            -360.00      -16.00
03717            -360.00      -20.00
03718            -320.00      -16.00
03719            -320.00      -28.00
03720            -360.00      -16.00
03721            -360.00      -20.00
03722            -400.00      -16.00
03723            -360.00      -20.00
03724            -280.00      -20.00
03725            -160.00      -20.00
03726             -80.00      -20.00
03727              40.00      -20.00
03728             240.00      -20.00
03729             360.00      -16.00
03730             560.00      -20.00
03731             680.00      -20.00
03732             800.00      -16.00
03733             920.00      -16.00
03734            1000.00      -16.00
03735            1000.00      -20.00
03736            1040.00      -16.00
03737            1040.00      -20.00
03738            1040.00      -16.00
03739            1040.00      -20.00
03740            1000.00      -20.00
03741             920.00      -20.00
03742             840.00      -12.00
03743             720.00      -16.00
03744             640.00      -24.00
03745             560.00      -20.00
03746             480.00      -16.00
03747             400.00      -12.00
03748             320.00      -20.00
03749             280.00      -20.00
03750             240.00      -16.00
03751             200.00      -16.00
03752             200.00      -24.00
03753             200.00      -16.00
03754             120.00      -12.00
03755              80.00      -20.00
03756              40.00      -24.00
03757             -40.00      -12.00
03758            -120.00      -20.00
03759            -240.00      -16.00
03760            -320.00      -12.00
03761             280.00      500.00
03762             360.00      500.00
03763             440.00      500.00
03764             560.00      -36.00
03765             600.00      -32.00
03766             680.00      -36.00
03767             760.00      -40.00
03768             800.00      -36.00
03769             840.00      -32.00
03770             880.00      -36.00
03771             880.00      -28.00
03772             880.00      -32.00
03773             920.00      -32.00
03774             920.00      -32.00
03775             920.00      -32.00
03776             920.00      -28.00
03777             880.00      -28.00
03778             840.00      -28.00
03779             880.00      -28.00
03780             840.00      -28.00
03781             840.00      -24.00
03782             840.00      -28.00
03783             800.00      -28.00
03784             800.00      -28.00
03785             800.00      -20.00
03786             760.00      -24.00
03787             680.00      -24.00
03788             600.00      -20.00
03789             520.00      -28.00
03790             400.00      -28.00
03791             360.00      -24.00
03792             200.00      -28.00
03793             120.00      -24.00
03794               0.00      -20.00
03795            -120.00      -20.00
03796            -200.00      -16.00
03797            -320.00      -20.00
03798            -440.00      -20.00
03799            -520.00      -24.00
03800            -600.00      -20.00
03801            -680.00      -24.00
03802            -760.00      -20.00
03803            -800.00      -24.00
03804            -800.00      -20.00
03805            -840.00      -20.00
03806            -800.00      -16.00
03807            -840.00      -16.00
03808            -840.00      -20.00
03809            -880.00      -24.00
03810            -880.00      -20.00
03811            -880.00      -16.00
03812            -880.00      -16.00
03813            -880.00      -20.00
03814            -960.00      -16.00
03815           -1000.00      -20.00
03816           -1000.00      -12.00
03817           -1000.00      -16.00
03818           -1040.00      -20.00
03819           -1040.00      -16.00
03820           -1040.00      -20.00
03821           -1000.00      -20.00
03822            -920.00      -16.00
03823            -880.00      -16.00
03824            -760.00      -16.00
03825            -680.00      -16.00
03826            -600.00      -20.00
03827            -520.00      -20.00
03828            -400.00      -16.00
03829            -320.00      -20.00
03830            -280.00      -16.00
03831            -200.00      -20.00
03832            -120.00      -16.00
03833            -120.00      -16.00
03834            -120.00      -16.00
03835             -80.00      -20.00
03836            -120.00      -16.00
03837             -80.00      -20.00
03838            -120.00      -12.00
03839             -80.00      -12.00
03840            -120.00      -16.00
03841            -120.00      -16.00
03842            -160.00      -20.00
03843            -200.00      -20.00
03844            -200.00      -16.00
03845            -200.00      -20.00
03846            -160.00      -20.00
03847            -200.00      -20.00
03848            -160.00      -20.00
03849             -80.00      -16.00
03850             -80.00      -20.00
03851             -40.00      -12.00
03852             -40.00      -16.00
03853               0.00      -16.00
03854              40.00      -16.00
03855               0.00      -16.00
03856               0.00      -16.00
03857             -40.00      -16.00
03858             -80.00      -16.00
03859             -80.00      -16.00
03860             -80.00      -16.00
03861            -120.00      -16.00
03862             -80.00      -16.00
03863            -120.00      -12.00
03864             -80.00      -20.00
03865             -40.00      -20.00
03866              40.00      -16.00
03867             120.00      -16.00
03868             160.00      -16.00
03869             320.00      -12.00
03870             440.00      -20.00
03871             520.00      -16.00
03872             680.00      -12.00
03873             760.00      -16.00
03874             800.00      -20.00
03875             880.00      -16.00
03876             880.00      -16.00
03877             880.00      -20.00
03878             880.00      -20.00
03879             880.00      -12.00
03880             840.00      -20.00
03881             800.00      -28.00
03882             720.00      -20.00
03883             640.00      -16.00
03884             560.00      -12.00
03885             440.00      -20.00
03886             320.00      -16.00
03887             240.00      -12.00
03888             200.00      -12.00
03889             120.00      -16.00
03890              80.00      -24.00
03891              80.00      -20.00
03892              80.00      -16.00
03893              80.00      -24.00
03894              80.00      -20.00
03895              40.00      -24.00
03896              40.00      -12.00
03897             -40.00      -16.00
03898            -120.00      -16.00
03899            -200.00      -12.00
03900            -280.00      -16.00
03901            -400.00      -12.00
03902            -480.00      -12.00
03903            -560.00      -16.00
03904            -560.00      -20.00
03905            -600.00      -16.00
03906            -600.00      -20.00
03907            -600.00      -16.00
03908            -520.00      -12.00
03909            -480.00      -12.00
03910            -440.00      -16.00
03911            -320.00      -16.00
03912            -280.00      -20.00
03913            -160.00      -16.00
03914             -80.00      -12.00
03915               0.00      -16.00
03916              80.00      -12.00
03917             120.00      -16.00
03918             160.00      -16.00
03919             240.00      -16.00
03920             320.00      -20.00
03921             360.00      -20.00
03922             360.00      -20.00
03923             400.00      -20.00
03924             400.00      -16.00
03925             400.00      -16.00
03926             360.00      -20.00
03927             400.00      -16.00
03928             360.00      -20.00
03929             360.00      -20.00
03930             320.00      -20.00
03931             320.00      -16.00
03932             320.00      -20.00
03933             280.00      -16.00
03934             240.00      -16.00
03935             280.00      -16.00
03936             240.00      -20.00
03937             240.00      -20.00
03938             200.00      -16.00
03939             160.00      -16.00
03940              80.00      -24.00
03941              40.00      -20.00
03942             -80.00      -20.00
03943            -120.00      -16.00
03944            -240.00      -16.00
03945            -360.00      -20.00
03946            -440.00      -20.00
03947            -640.00      -16.00
03948            -720.00      -20.00
03949            -840.00      -20.00
03950            -880.00      -20.00
03951           -1000.00      -16.00
03952           -1000.00      -20.00
03953           -1000.00      -12.00
03954            -960.00      -20.00
03955            -920.00      -24.00
03956            -880.00      -16.00
03957            -800.00      -20.00
03958            -760.00      -20.00
03959            -680.00      -20.00
03960            -600.00      -20.00
03961            -560.00      -16.00
03962            -520.00      -20.00
03963            -480.00      -20.00
03964            -440.00      -20.00
03965            -360.00      -20.00
03966            -360.00      -20.00
03967            -360.00      -16.00
03968            -320.00      -24.00
03969            -320.00      -20.00
03970            -360.00      -28.00
03971            -360.00      -20.00
03972            -400.00      -12.00
03973            -320.00      -20.00
03974            -280.00      -20.00
03975            -160.00      -24.00
03976             -40.00      -20.00
03977              40.00      -20.00
03978             200.00      -24.00
03979             360.00      -16.00
03980             520.00      -20.00
03981             720.00      -24.00
03982             800.00      -24.00
03983             880.00      -20.00
03984             920.00      -20.00
03985            1000.00      -16.00
03986            1000.00      -24.00
03987            1040.00      -16.00
03988            1040.00      -20.00
03989            1040.00      -24.00
03990            1000.00      -20.00
03991             920.00      -16.00
03992             840.00      -16.00
03993             720.00      -16.00
03994             640.00      -24.00
03995             560.00      -24.00
03996             480.00      -16.00
03997             400.00      -20.00
03998             320.00      -16.00
03999             240.00      -20.00
04000             240.00      -20.00
04001             240.00      -24.00
04002             240.00      -20.00
04003             200.00      -20.00
04004             160.00      -20.00
04005             120.00      -20.00
04006               0.00      -20.00
04007             -40.00      -20.00
04008            -160.00      -16.00
04009            -200.00      -16.00
04010            -320.00      -16.00
04011             320.00      500.00
04012             400.00      500.00
04013             480.00      500.00
04014             520.00      -40.00
04015             600.00      -36.00
04016             680.00      -28.00
04017             760.00      -36.00
04018             800.00      -32.00
04019             840.00      -36.00
04020             880.00      -36.00
04021             920.00      -40.00
04022             920.00      -32.00
04023             920.00      -32.00
04024             920.00      -32.00
04025             920.00      -32.00
04026             920.00      -28.00
04027             920.00      -28.00
04028             880.00      -28.00
04029             880.00      -28.00
04030             880.00      -28.00
04031             840.00      -28.00
04032             840.00      -24.00
04033             840.00      -32.00
04034             800.00      -28.00
04035             760.00      -24.00
04036             720.00      -28.00
04037             680.00      -24.00
04038             600.00      -24.00
04039             520.00      -28.00
04040             440.00      -24.00
04041             360.00      -24.00
04042             200.00      -28.00
04043             120.00      -20.00
04044               0.00      -20.00
04045             -80.00      -24.00
04046            -240.00      -20.00
04047            -360.00      -28.00
04048            -400.00      -28.00
04049            -520.00      -24.00
04050            -600.00      -24.00
04051            -680.00      -20.00
04052            -720.00      -24.00
04053            -760.00      -20.00
04054            -800.00      -24.00
04055            -840.00      -28.00
04056            -840.00      -20.00
04057            -840.00      -20.00
04058            -840.00      -24.00
04059            -840.00      -20.00
04060            -840.00      -24.00
04061            -840.00      -20.00
04062            -880.00      -20.00
04063            -920.00      -24.00
04064            -920.00      -20.00
04065            -960.00      -24.00
04066           -1040.00      -20.00
04067           -1040.00      -24.00
04068           -1040.00      -16.00
04069           -1040.00      -20.00
04070           -1040.00      -20.00
04071           -1000.00      -20.00
04072            -920.00      -20.00
04073            -840.00      -20.00
04074            -760.00      -16.00
04075            -680.00      -16.00
04076            -600.00      -20.00
04077            -520.00      -24.00
04078            -400.00      -24.00
04079            -280.00      -20.00
04080            -240.00      -20.00
04081            -200.00      -20.00
04082            -160.00      -24.00
04083            -120.00      -16.00
04084             -80.00      -20.00
04085            -120.00      -16.00
04086            -120.00      -16.00
04087            -120.00      -16.00
04088             -80.00      -24.00
04089            -120.00      -20.00
04090            -120.00      -20.00
04091            -160.00      -16.00
04092            -160.00      -20.00
04093            -200.00      -16.00
04094            -160.00      -16.00
04095            -200.00      -20.00
04096            -200.00      -20.00
04097            -160.00      -20.00
04098            -160.00      -20.00
04099            -120.00      -20.00
04100             -80.00      -20.00
04101             -40.00      -16.00
04102             -40.00      -16.00
04103               0.00      -20.00
04104               0.00      -24.00
04105             -40.00      -16.00
04106             -40.00      -20.00
04107             -40.00      -20.00
04108             -80.00      -24.00
04109             -80.00      -16.00
04110             -80.00      -20.00
04111            -120.00      -16.00
04112            -120.00      -20.00
04113             -80.00      -16.00
04114             -80.00      -16.00
04115             -40.00      -20.00
04116              40.00      -20.00
04117              80.00      -16.00
04118             200.00      -16.00
04119             280.00      -20.00
04120             440.00      -16.00
04121             560.00      -16.00
04122             640.00      -20.00
04123             800.00      -16.00
04124             800.00      -20.00
04125             880.00      -16.00
04126             880.00      -16.00
04127             880.00      -16.00
04128             880.00      -16.00
04129             880.00      -16.00
04130             840.00      -12.00
04131             800.00      -20.00
04132             720.00      -16.00
04133             640.00      -20.00
04134             560.00      -12.00
04135             440.00      -20.00
04136             360.00      -20.00
04137             240.00      -20.00
04138             160.00      -16.00
04139             120.00      -16.00
04140              80.00       -8.00
04141              80.00      -16.00
04142              80.00      -16.00
04143              80.00      -20.00
04144              40.00      -16.00
04145              40.00      -16.00
04146               0.00      -16.00
04147             -40.00      -12.00
04148             -80.00      -16.00
04149            -200.00      -12.00
04150            -320.00      -16.00
04151            -400.00      -16.00
04152            -480.00      -24.00
04153            -520.00       -8.00
04154            -600.00      -12.00
04155            -600.00      -16.00
04156            -600.00      -16.00
04157            -560.00      -16.00
04158            -560.00      -12.00
04159            -480.00      -16.00
04160            -400.00      -20.00
04161            -360.00      -16.00
04162            -240.00      -20.00
04163            -160.00      -16.00
04164             -80.00      -20.00
04165               0.00      -12.00
04166              80.00      -16.00
04167             160.00      -16.00
04168             200.00      -16.00
04169             240.00      -16.00
04170             280.00      -16.00
04171             320.00      -12.00
04172             360.00      -16.00
04173             360.00      -12.00
04174             400.00      -20.00
04175             400.00      -16.00
04176             400.00      -16.00
04177             400.00      -16.00
04178             400.00      -12.00
04179             360.00      -12.00
04180             320.00      -16.00
04181             320.00      -12.00
04182             320.00      -20.00
04183             280.00      -12.00
04184             280.00      -16.00
04185             240.00      -16.00
04186             240.00      -12.00
04187             240.00      -16.00
04188             200.00      -16.00
04189             120.00      -12.00
04190             120.00      -16.00
04191              80.00      -16.00
04192             -80.00      -20.00
04193             -80.00      -16.00
04194            -240.00      -12.00
04195            -360.00      -12.00
04196            -480.00      -16.00
04197            -600.00      -12.00
04198            -720.00      -16.00
04199            -800.00      -12.00
04200            -920.00      -12.00
04201            -920.00      -16.00
04202           -1000.00      -16.00
04203           -1040.00      -16.00
04204            -960.00      -12.00
04205            -920.00      -16.00
04206            -880.00      -16.00
04207            -800.00      -16.00
04208            -760.00      -12.00
04209            -680.00      -12.00
04210            -600.00      -16.00
04211            -560.00      -12.00
04212            -520.00      -16.00
04213            -480.00      -16.00
04214            -440.00      -12.00
04215            -360.00      -12.00
04216            -360.00      -12.00
04217            -360.00      -12.00
04218            -360.00      -16.00
04219            -320.00      -16.00
04220            -400.00      -16.00
04221            -400.00      -16.00
04222            -400.00      -16.00
04223            -360.00      -16.00
04224            -280.00      -20.00
04225            -160.00      -12.00
04226             -80.00       -8.00
04227              40.00      -12.00
04228             240.00      -16.00
04229             360.00      -12.00
04230             520.00      -16.00
04231             680.00      -12.00
04232             800.00      -16.00
04233             920.00      -20.00
04234             960.00      -12.00
04235            1000.00      -16.00
04236            1040.00      -16.00
04237            1040.00      -12.00
04238            1040.00      -16.00
04239            1040.00      -20.00
04240            1000.00      -12.00
04241             920.00      -16.00
04242             840.00       -8.00
04243             760.00      -12.00
04244             640.00      -16.00
04245             560.00      -12.00
04246             440.00      -12.00
04247             400.00      -16.00
04248             320.00      -16.00
04249             280.00      -16.00
04250             240.00      -12.00
04251             240.00      -12.00
04252             240.00      -16.00
04253             200.00      -20.00
04254             120.00      -16.00
04255              80.00      -16.00
04256              40.00      -16.00
04257             -40.00      -16.00
04258            -120.00      -16.00
04259            -240.00       -8.00
04260            -280.00      -12.00
04261             280.00      500.00
04262             400.00      500.00
04263             480.00      500.00
04264             560.00      -36.00
04265             640.00      -36.00
04266             680.00      -36.00
04267             760.00      -48.00
04268             800.00      -36.00
04269             840.00      -28.00
04270             880.00      -32.00
04271             880.00      -36.00
04272             880.00      -32.00
04273             920.00      -32.00
04274             920.00      -28.00
04275             920.00      -28.00
04276             880.00      -32.00
04277             880.00      -36.00
04278             880.00      -32.00
04279             880.00      -28.00
04280             880.00      -28.00
04281             880.00      -28.00
04282             800.00      -28.00
04283             840.00      -32.00
04284             800.00      -28.00
04285             760.00      -28.00
04286             720.00      -24.00
04287             720.00      -28.00
04288             640.00      -28.00
04289             520.00      -20.00
04290             440.00      -28.00
04291             360.00      -28.00
04292             240.00      -28.00
04293             120.00      -28.00
04294              40.00      -24.00
04295             -80.00      -24.00
04296            -200.00      -24.00
04297            -360.00      -24.00
04298            -400.00      -32.00
04299            -520.00      -28.00
04300            -600.00      -24.00
04301            -680.00      -24.00
04302            -720.00      -24.00
04303            -800.00      -24.00
04304            -840.00      -24.00
04305            -840.00      -24.00
04306            -840.00      -24.00
04307            -840.00      -20.00
04308            -840.00      -24.00
04309            -840.00      -28.00
04310            -840.00      -16.00
04311            -880.00      -16.00
04312            -880.00      -24.00
04313            -920.00      -20.00
04314            -920.00      -28.00
04315            -960.00      -24.00
04316           -1000.00      -20.00
04317           -1040.00      -24.00
04318           -1040.00      -24.00
04319           -1040.00      -24.00
04320           -1040.00      -24.00
04321            -960.00      -16.00
04322            -920.00      -24.00
04323            -880.00      -20.00
04324            -800.00      -24.00
04325            -680.00      -20.00
04326            -600.00      -24.00
04327            -480.00      -24.00
04328            -400.00      -16.00
04329            -320.00      -24.00
04330            -240.00      -24.00
04331            -200.00      -16.00
04332            -120.00      -20.00
04333            -120.00      -16.00
04334            -120.00      -20.00
04335            -120.00      -24.00
04336             -80.00      -24.00
04337             -80.00      -28.00
04338             -80.00      -24.00
04339            -120.00      -16.00
04340            -120.00      -24.00
04341            -160.00      -24.00
04342            -160.00      -20.00
04343            -200.00      -16.00
04344            -200.00      -20.00
04345            -160.00      -16.00
04346            -200.00      -20.00
04347            -160.00      -20.00
04348            -120.00      -20.00
04349            -120.00      -20.00
04350             -80.00      -20.00
04351             -40.00      -20.00
04352             -40.00      -24.00
04353               0.00      -20.00
04354               0.00      -16.00
04355               0.00      -20.00
04356             -40.00      -20.00
04357             -40.00      -20.00
04358             -80.00      -20.00
04359             -80.00      -20.00
04360            -120.00      -24.00
04361             -80.00      -16.00
04362             -80.00      -20.00
04363             -80.00      -20.00
04364             -80.00      -20.00
04365             -40.00      -20.00
04366              40.00      -16.00
04367             120.00      -16.00
04368             200.00      -20.00
04369             320.00      -20.00
04370             440.00      -20.00
04371             520.00      -20.00
04372             640.00      -20.00
04373             760.00      -16.00
04374             800.00      -16.00
04375             840.00      -20.00
04376             880.00      -24.00
04377             880.00      -16.00
04378             880.00      -20.00
04379             880.00      -20.00
04380             840.00      -20.00
04381             760.00      -16.00
04382             720.00      -20.00
04383             640.00      -20.00
04384             560.00      -16.00
04385             440.00      -12.00
04386             360.00      -16.00
04387             240.00      -20.00
04388             160.00      -24.00
04389             120.00      -20.00
04390             120.00      -16.00
04391              80.00      -16.00
04392              80.00      -16.00
04393              80.00      -16.00
04394              80.00      -16.00
04395              40.00      -20.00
04396              40.00      -16.00
04397             -40.00      -16.00
04398             -80.00      -24.00
04399            -200.00      -20.00
04400            -320.00      -16.00
04401            -400.00      -16.00
04402            -480.00      -20.00
04403            -520.00      -20.00
04404            -560.00      -20.00
04405            -600.00      -20.00
04406            -560.00      -16.00
04407            -520.00      -20.00
04408            -560.00      -20.00
04409            -480.00      -12.00
04410            -400.00      -16.00
04411            -360.00      -20.00
04412            -280.00      -20.00
04413            -160.00      -20.00
04414             -80.00      -24.00
04415               0.00      -16.00
04416              80.00      -16.00
04417             120.00      -20.00
04418             200.00      -16.00
04419             240.00      -20.00
04420             280.00      -16.00
04421             360.00      -20.00
04422             360.00      -20.00
04423             400.00      -24.00
04424             400.00      -16.00
04425             360.00      -20.00
04426             400.00      -16.00
04427             360.00      -16.00
04428             400.00      -16.00
04429             360.00      -20.00
04430             360.00      -20.00
04431             320.00      -12.00
04432             280.00      -20.00
04433             280.00      -20.00
04434             280.00      -16.00
04435             240.00      -16.00
04436             240.00      -16.00
04437             200.00      -16.00
04438             200.00      -20.00
04439             160.00      -16.00
04440              80.00      -16.00
04441              40.00      -20.00
04442             -80.00      -20.00
04443            -120.00      -20.00
04444            -280.00      -16.00
04445            -360.00      -20.00
04446            -480.00      -16.00
04447            -560.00      -20.00
04448            -720.00      -16.00
04449            -840.00      -16.00
04450            -920.00      -20.00
04451            -960.00      -24.00
04452            -960.00      -16.00
04453            -960.00      -16.00
04454            -960.00      -20.00
04455            -920.00      -24.00
04456            -880.00      -16.00
04457            -800.00      -16.00
04458            -760.00      -16.00
04459            -680.00      -20.00
04460            -600.00      -20.00
04461            -560.00      -20.00
04462            -520.00      -20.00
04463            -480.00      -20.00
04464            -440.00      -12.00
04465            -440.00      -12.00
04466            -400.00      -16.00
04467            -360.00      -20.00
04468            -360.00      -16.00
04469            -360.00      -16.00
04470            -360.00      -20.00
04471            -400.00      -20.00
04472            -400.00      -16.00
04473            -360.00      -16.00
04474            -280.00      -16.00
04475            -160.00      -16.00
04476             -80.00      -12.00
04477              80.00      -16.00
04478             240.00      -20.00
04479             360.00      -20.00
04480             560.00      -16.00
04481             680.00      -20.00
04482             840.00      -20.00
04483             920.00      -20.00
04484             920.00      -16.00
04485            1000.00      -16.00
04486            1040.00      -16.00
04487            1040.00      -20.00
04488            1040.00      -16.00
04489            1040.00      -16.00
04490            1000.00      -20.00
04491             960.00      -16.00
04492             840.00      -16.00
04493             760.00      -16.00
04494             640.00      -12.00
04495             560.00      -20.00
04496             480.00      -20.00
04497             400.00      -20.00
04498             360.00      -12.00
04499             280.00      -16.00
04500             240.00      -20.00
04501             200.00      -16.00
04502             200.00      -20.00
04503             160.00      -12.00
04504             120.00      -16.00
04505             120.00      -16.00
04506              40.00      -20.00
04507             -40.00      -16.00
04508            -160.00      -12.00
04509            -240.00      -12.00
04510            -280.00       -8.00
04511             280.00      500.00
04512             360.00      500.00
04513             440.00      500.00
04514             520.00      -28.00
04515             600.00      -36.00
04516             680.00      -36.00
04517             720.00      -40.00
04518             800.00      -36.00
04519             840.00      -36.00
04520             840.00      -32.00
04521             880.00      -28.00
04522             880.00      -28.00
04523             880.00      -28.00
04524             920.00      -28.00
04525             920.00      -28.00
04526             880.00      -28.00
04527             920.00      -28.00
04528             880.00      -28.00
04529             880.00      -28.00
04530             880.00      -32.00
04531             840.00      -24.00
04532             840.00      -24.00
04533             840.00      -28.00
04534             800.00      -24.00
04535             760.00      -28.00
04536             720.00      -28.00
04537             680.00      -16.00
04538             600.00      -24.00
04539             560.00      -28.00
04540             440.00      -24.00
04541             320.00      -20.00
04542             240.00      -24.00
04543              80.00      -24.00
04544             -40.00      -16.00
04545            -120.00      -20.00
04546            -200.00      -24.00
04547            -280.00      -24.00
04548            -440.00      -20.00
04549            -520.00      -24.00
04550            -600.00      -16.00
04551            -720.00      -20.00
04552            -720.00      -16.00
04553            -760.00      -24.00
04554            -800.00      -16.00
04555            -840.00      -20.00
04556            -840.00      -20.00
04557            -840.00      -20.00
04558            -800.00      -16.00
04559            -840.00      -16.00
04560            -880.00      -20.00
04561            -880.00      -20.00
04562            -880.00      -16.00
04563            -880.00      -20.00
04564            -960.00      -20.00
04565            -960.00      -20.00
04566           -1000.00      -12.00
04567           -1040.00      -16.00
04568           -1040.00      -16.00
04569           -1040.00      -16.00
04570           -1040.00      -16.00
04571           -1000.00      -20.00
04572            -920.00      -20.00
04573            -880.00      -20.00
04574            -760.00      -20.00
04575            -680.00      -16.00
04576            -600.00      -16.00
04577            -480.00      -16.00
04578            -440.00      -20.00
04579            -320.00      -24.00
04580            -240.00      -20.00
04581            -200.00      -20.00
04582            -160.00      -16.00
04583            -120.00      -16.00
04584            -160.00      -16.00
04585            -120.00      -16.00
04586            -120.00      -16.00
04587             -80.00      -12.00
04588             -80.00      -16.00
04589             -80.00      -20.00
04590            -120.00      -12.00
04591            -120.00      -16.00
04592            -120.00      -20.00
04593            -160.00      -20.00
04594            -200.00      -16.00
04595            -160.00      -12.00
04596            -160.00      -16.00
04597            -200.00      -20.00
04598            -120.00      -24.00
04599            -120.00      -16.00
04600             -80.00      -16.00
04601             -80.00      -16.00
04602             -40.00      -20.00
04603               0.00      -20.00
04604             -40.00      -20.00
04605               0.00      -16.00
04606             -40.00      -20.00
04607             -80.00      -16.00
04608             -80.00      -20.00
04609             -80.00      -20.00
04610             -80.00      -16.00
04611            -120.00      -24.00
04612             -80.00      -20.00
04613            -120.00      -20.00
04614             -80.00      -16.00
04615             -40.00      -12.00
04616              40.00      -12.00
04617              80.00      -16.00
04618             200.00      -12.00
04619             320.00      -24.00
04620             400.00      -16.00
04621             520.00      -20.00
04622             680.00      -16.00
04623             760.00      -12.00
04624             840.00      -16.00
04625             840.00      -20.00
04626             880.00      -20.00
04627             840.00      -12.00
04628             880.00      -24.00
04629             880.00      -16.00
04630             840.00      -16.00
04631             800.00      -20.00
04632             720.00      -12.00
04633             640.00      -16.00
04634             520.00      -20.00
04635             440.00      -28.00
04636             320.00      -12.00
04637             240.00      -20.00
04638             160.00      -16.00
04639              80.00      -20.00
04640              80.00      -20.00
04641              80.00      -20.00
04642              80.00      -20.00
04643              80.00      -16.00
04644              80.00      -20.00
04645              40.00      -16.00
04646               0.00      -12.00
04647             -40.00      -16.00
04648            -120.00      -24.00
04649            -200.00      -16.00
04650            -320.00      -20.00
04651            -400.00      -16.00
04652            -440.00      -20.00
04653            -520.00      -20.00
04654            -560.00      -16.00
04655            -560.00      -16.00
04656            -600.00      -24.00
04657            -560.00      -20.00
04658            -560.00      -20.00
04659            -480.00      -16.00
04660            -440.00      -20.00
04661            -320.00      -16.00
04662            -240.00      -12.00
04663            -160.00      -20.00
04664             -80.00      -16.00
04665              40.00      -16.00
04666              80.00      -16.00
04667             120.00      -20.00
04668             200.00      -20.00
04669             240.00      -24.00
04670             280.00      -16.00
04671             360.00      -20.00
04672             360.00      -20.00
04673             400.00      -20.00
04674             400.00      -24.00
04675             400.00      -20.00
04676             400.00      -16.00
04677             400.00      -16.00
04678             400.00      -24.00
04679             360.00      -16.00
04680             360.00      -16.00
04681             320.00      -16.00
04682             280.00      -12.00
04683             240.00      -20.00
04684             240.00      -20.00
04685             240.00      -20.00
04686             240.00      -20.00
04687             240.00      -20.00
04688             160.00      -20.00
04689             160.00      -16.00
04690              80.00      -16.00
04691               0.00      -20.00
04692             -40.00      -12.00
04693            -160.00      -16.00
04694            -240.00      -20.00
04695            -360.00      -20.00
04696            -440.00      -20.00
04697            -600.00      -24.00
04698            -720.00      -20.00
04699            -800.00      -20.00
04700            -920.00      -20.00
04701            -960.00      -20.00
04702            -960.00      -16.00
04703            -960.00      -20.00
04704           -1000.00      -20.00
04705            -920.00      -16.00
04706            -880.00      -20.00
04707            -840.00      -20.00
04708            -760.00      -24.00
04709            -680.00      -20.00
04710            -600.00      -20.00
04711            -560.00      -16.00
04712            -520.00      -16.00
04713            -480.00      -20.00
04714            -440.00      -24.00
04715            -400.00      -16.00
04716            -360.00      -16.00
04717            -360.00      -16.00
04718            -320.00      -20.00
04719            -320.00      -20.00
04720            -360.00      -20.00
04721            -360.00      -20.00
04722            -360.00      -20.00
04723            -360.00      -16.00
04724            -280.00      -20.00
04725            -200.00      -16.00
04726             -40.00      -20.00
04727              80.00      -16.00
04728             240.00      -20.00
04729             400.00      -20.00
04730             560.00      -24.00
04731             680.00      -20.00
04732             800.00      -20.00
04733             880.00      -16.00
04734             960.00      -16.00
04735            1000.00      -20.00
04736            1040.00      -16.00
04737            1040.00      -20.00
04738            1040.00      -20.00
04739            1040.00      -12.00
04740            1000.00      -24.00
04741             920.00      -20.00
04742             840.00      -16.00
04743             720.00      -16.00
04744             640.00      -20.00
04745             520.00      -20.00
04746             480.00      -16.00
04747             400.00      -12.00
04748             360.00      -20.00
04749             280.00      -16.00
04750             200.00      -20.00
04751             240.00      -16.00
04752             200.00      -16.00
04753             160.00      -16.00
04754             160.00      -16.00
04755              80.00      -16.00
04756              40.00      -20.00
04757             -40.00      -16.00
04758            -120.00      -20.00
04759            -200.00      -16.00
04760            -320.00      -16.00
04761             280.00      500.00
04762             360.00      500.00
04763             440.00      500.00
04764             560.00      -32.00
04765             600.00      -36.00
04766             680.00      -32.00
04767             680.00      -36.00
04768             800.00      -32.00
04769             840.00      -32.00
04770             880.00      -32.00
04771             880.00      -36.00
04772             920.00      -28.00
04773             920.00      -32.00
04774             920.00      -32.00
04775             920.00      -36.00
04776             920.00      -28.00
04777             920.00      -28.00
04778             880.00      -28.00
04779             880.00      -32.00
04780             840.00      -28.00
04781             880.00      -24.00
04782             840.00      -28.00
04783             840.00      -28.00
04784             800.00      -24.00
04785             760.00      -28.00
04786             760.00      -28.00
04787             680.00      -28.00
04788             600.00      -24.00
04789             560.00      -32.00
04790             440.00      -24.00
04791             360.00      -20.00
04792             240.00      -24.00
04793             120.00      -24.00
04794               0.00      -24.00
04795             -80.00      -24.00
04796            -240.00      -24.00
04797            -280.00      -20.00
04798            -400.00      -28.00
04799            -480.00      -24.00
04800            -600.00      -16.00
04801            -640.00      -16.00
04802            -720.00      -24.00
04803            -800.00      -20.00
04804            -800.00      -20.00
04805            -840.00      -20.00
04806            -840.00      -24.00
04807            -800.00      -20.00
04808            -800.00      -20.00
04809            -840.00      -20.00
04810            -840.00      -20.00
04811            -880.00      -24.00
04812            -880.00      -16.00
04813            -920.00      -24.00
04814            -960.00      -16.00
04815            -960.00      -28.00
04816           -1040.00      -24.00
04817           -1000.00      -24.00
04818           -1040.00      -20.00
04819           -1040.00      -20.00
04820           -1000.00      -20.00
04821           -1000.00      -12.00
04822            -920.00      -20.00
04823            -880.00      -20.00
04824            -760.00      -20.00
04825            -680.00      -20.00
04826            -600.00      -20.00
04827            -480.00      -20.00
04828            -400.00      -16.00
04829            -360.00      -20.00
04830            -240.00      -20.00
04831            -240.00      -24.00
04832            -160.00      -20.00
04833            -120.00      -20.00
04834            -120.00      -24.00
04835             -80.00      -16.00
04836            -120.00      -12.00
04837             -80.00      -20.00
04838             -80.00      -20.00
04839             -80.00      -16.00
04840             -80.00      -28.00
04841            -120.00      -20.00
04842            -160.00      -20.00
04843            -160.00      -16.00
04844            -200.00      -24.00
04845            -200.00      -20.00
04846            -160.00      -20.00
04847            -160.00      -16.00
04848            -160.00      -16.00
04849            -120.00      -20.00
04850             -80.00      -20.00
04851             -40.00      -20.00
04852             -40.00      -16.00
04853               0.00      -16.00
04854               0.00      -16.00
04855             -40.00      -20.00
04856             -40.00      -16.00
04857             -40.00      -16.00
04858             -80.00      -16.00
04859             -80.00      -16.00
04860             -80.00      -20.00
04861             -80.00      -16.00
04862             -80.00      -20.00
04863             -80.00      -16.00
04864             -80.00      -20.00
04865             -40.00      -16.00
04866               0.00       -8.00
04867             120.00      -16.00
04868             200.00      -16.00
04869             280.00      -24.00
04870             400.00      -16.00
04871             560.00      -16.00
04872             680.00      -20.00
04873             760.00      -24.00
04874             800.00       -8.00
04875             880.00      -20.00
04876             880.00      -16.00
04877             880.00      -16.00
04878             880.00      -16.00
04879             840.00      -16.00
04880             840.00      -16.00
04881             800.00      -16.00
04882             720.00      -16.00
04883             640.00      -16.00
04884             560.00      -12.00
04885             440.00      -12.00
04886             320.00      -20.00
04887             240.00      -12.00
04888             200.00      -12.00
04889             120.00      -20.00
04890             120.00      -16.00
04891              80.00      -16.00
04892              80.00      -12.00
04893              80.00      -16.00
04894              40.00      -12.00
04895              40.00      -20.00
04896               0.00      -20.00
04897             -80.00      -16.00
04898             -80.00      -16.00
04899            -200.00      -16.00
04900            -320.00      -16.00
04901            -400.00      -16.00
04902            -480.00      -16.00
04903            -520.00      -16.00
04904            -560.00      -16.00
04905            -600.00      -16.00
04906            -600.00      -12.00
04907            -560.00      -12.00
04908            -560.00      -16.00
04909            -480.00      -16.00
04910            -400.00      -16.00
04911            -320.00      -12.00
04912            -240.00      -12.00
04913            -120.00      -12.00
04914             -40.00      -16.00
04915               0.00      -12.00
04916              80.00      -12.00
04917              80.00      -16.00
04918             200.00      -16.00
04919             240.00      -16.00
04920             280.00      -12.00
04921             360.00      -16.00
04922             400.00      -12.00
04923             400.00      -12.00
04924             400.00       -8.00
04925             400.00      -16.00
04926             360.00      -12.00
04927             360.00      -16.00
04928             400.00      -12.00
04929             400.00      -16.00
04930             320.00      -16.00
04931             320.00      -16.00
04932             280.00      -12.00
04933             280.00      -12.00
04934             240.00      -16.00
04935             320.00      -16.00
04936             240.00      -12.00
04937             200.00      -16.00
04938             160.00      -16.00
04939             160.00      -12.00
04940             120.00      -12.00
04941              40.00      -16.00
04942             -40.00      -16.00
04943            -160.00      -16.00
04944            -240.00      -12.00
04945            -320.00      -12.00
04946            -480.00      -12.00
04947            -600.00      -12.00
04948            -720.00      -16.00
04949            -800.00      -12.00
04950            -920.00      -12.00
04951            -960.00      -12.00
04952           -1000.00      -12.00
04953           -1000.00      -12.00
04954           -1000.00      -16.00
04955            -920.00      -12.00
04956            -880.00      -16.00
04957            -800.00      -12.00
04958            -760.00      -12.00
04959            -680.00      -12.00
04960            -640.00      -12.00
04961            -600.00      -16.00
04962            -520.00      -12.00
04963            -480.00      -16.00
04964            -440.00      -16.00
04965            -400.00      -12.00
04966            -360.00      -12.00
04967            -320.00      -16.00
04968            -320.00       -8.00
04969            -360.00      -12.00
04970            -360.00      -16.00
04971            -360.00      -16.00
04972            -360.00      -16.00
04973            -360.00      -12.00
04974            -280.00      -12.00
04975            -200.00       -8.00
04976             -40.00      -16.00
04977              80.00      -16.00
04978             240.00      -12.00
04979             400.00      -16.00
04980             520.00      -16.00
04981             680.00      -12.00
04982             800.00      -12.00
04983             880.00      -16.00
04984             920.00      -16.00
04985             960.00      -12.00
04986            1040.00      -12.00
04987            1040.00      -16.00
04988            1040.00      -16.00
04989            1000.00      -12.00
04990            1000.00      -16.00
04991             920.00      -12.00
04992             840.00      -20.00
04993             760.00      -12.00
04994             640.00      -12.00
04995             560.00      -20.00
04996             480.00      -12.00
04997             400.00      -12.00
04998             360.00      -12.00
04999             280.00      -16.00
05000             240.00      -12.00
