Unit:(mV)
                     CH1         CH2
Frequency              ?   1.173 kHz
Period                 ?  852.515 us
00001             160.00      -16.00
00002             120.00      -16.00
00003              80.00      -16.00
00004              80.00      -12.00
00005              40.00      -12.00
00006             -40.00      -12.00
00007             -40.00      -16.00
00008            -120.00      -16.00
00009            -200.00      -16.00
00010            -280.00      -12.00
00011             280.00      500.00
00012             360.00      500.00
00013             480.00      -20.00
00014             560.00      -32.00
00015             680.00      -36.00
00016             760.00      -40.00
00017             800.00      -36.00
00018             800.00      -32.00
00019             880.00      -32.00
00020             920.00      -32.00
00021             920.00      -32.00
00022             960.00      -32.00
00023             960.00      -28.00
00024             960.00      -32.00
00025             880.00      -36.00
00026             880.00      -32.00
00027             840.00      -32.00
00028             840.00      -28.00
00029             800.00      -36.00
00030             800.00      -24.00
00031             720.00      -32.00
00032             720.00      -24.00
00033             680.00      -28.00
00034             680.00      -28.00
00035             640.00      -28.00
00036             600.00      -28.00
00037             560.00      -28.00
00038             480.00      -28.00
00039             400.00      -28.00
00040             320.00      -36.00
00041             240.00      -24.00
00042             120.00      -20.00
00043              40.00      -28.00
00044             -80.00      -28.00
00045            -160.00      -28.00
00046            -320.00      -24.00
00047            -360.00      -28.00
00048            -520.00      -28.00
00049            -600.00      -28.00
00050            -680.00      -24.00
00051            -760.00      -24.00
00052            -800.00      -28.00
00053            -880.00      -24.00
00054            -920.00      -24.00
00055            -920.00      -28.00
00056            -920.00      -28.00
00057            -880.00      -24.00
00058            -880.00      -24.00
00059            -840.00      -20.00
00060            -800.00      -20.00
00061            -840.00      -28.00
00062            -800.00      -20.00
00063            -840.00      -28.00
00064            -840.00      -24.00
00065            -880.00      -24.00
00066            -880.00      -24.00
00067            -880.00      -20.00
00068            -880.00      -20.00
00069            -920.00      -20.00
00070            -920.00      -20.00
00071            -880.00      -24.00
00072            -880.00      -20.00
00073            -800.00      -28.00
00074            -720.00      -24.00
00075            -680.00      -24.00
00076            -600.00      -20.00
00077            -480.00      -20.00
00078            -400.00      -20.00
00079            -320.00      -20.00
00080            -240.00      -28.00
00081            -200.00      -24.00
00082            -120.00      -20.00
00083            -120.00      -24.00
00084            -120.00      -16.00
00085             -80.00      -16.00
00086             -80.00      -20.00
00087             -40.00      -20.00
00088             -40.00      -24.00
00089             -80.00      -20.00
00090             -80.00      -20.00
00091             -80.00      -24.00
00092            -160.00      -20.00
00093            -160.00      -24.00
00094            -160.00      -20.00
00095            -160.00      -24.00
00096            -200.00      -24.00
00097            -160.00      -20.00
00098            -160.00      -16.00
00099            -160.00      -20.00
00100             -80.00      -24.00
00101             -40.00      -20.00
00102               0.00      -20.00
00103              40.00      -20.00
00104              80.00      -20.00
00105              80.00      -20.00
00106             120.00      -24.00
00107             120.00      -16.00
00108             160.00      -20.00
00109             160.00      -24.00
00110             160.00      -20.00
00111             120.00      -20.00
00112             120.00      -24.00
00113             120.00      -16.00
00114             120.00      -20.00
00115             120.00      -24.00
00116             120.00      -20.00
00117             200.00      -20.00
00118             240.00      -20.00
00119             360.00      -20.00
00120             400.00      -20.00
00121             520.00      -20.00
00122             600.00      -20.00
00123             640.00      -20.00
00124             720.00      -24.00
00125             720.00      -20.00
00126             720.00      -20.00
00127             760.00      -20.00
00128             760.00      -20.00
00129             720.00      -20.00
00130             680.00      -24.00
00131             680.00      -24.00
00132             600.00      -20.00
00133             520.00      -20.00
00134             400.00      -20.00
00135             320.00      -24.00
00136             200.00      -16.00
00137             120.00      -20.00
00138              40.00      -24.00
00139               0.00      -20.00
00140             -40.00      -16.00
00141             -40.00      -16.00
00142             -80.00      -24.00
00143             -40.00      -20.00
00144             -40.00      -16.00
00145             -40.00      -20.00
00146             -80.00      -16.00
00147             -80.00      -20.00
00148            -120.00      -20.00
00149            -120.00      -20.00
00150            -200.00      -16.00
00151            -240.00      -20.00
00152            -280.00      -24.00
00153            -320.00      -20.00
00154            -360.00      -16.00
00155            -400.00      -16.00
00156            -400.00      -24.00
00157            -400.00      -20.00
00158            -400.00      -24.00
00159            -400.00      -20.00
00160            -320.00      -16.00
00161            -280.00      -20.00
00162            -200.00      -24.00
00163            -120.00      -20.00
00164             -40.00      -16.00
00165              40.00      -20.00
00166              80.00      -20.00
00167             120.00      -20.00
00168             160.00      -20.00
00169             280.00      -16.00
00170             320.00      -24.00
00171             360.00      -16.00
00172             400.00      -20.00
00173             400.00      -16.00
00174             400.00      -16.00
00175             440.00      -20.00
00176             400.00      -16.00
00177             440.00      -16.00
00178             400.00      -16.00
00179             360.00      -12.00
00180             320.00      -20.00
00181             280.00      -20.00
00182             240.00      -20.00
00183             200.00      -16.00
00184             200.00      -24.00
00185             160.00      -16.00
00186             120.00      -16.00
00187             120.00      -12.00
00188              80.00      -20.00
00189              80.00      -16.00
00190              40.00      -20.00
00191               0.00      -20.00
00192             -40.00      -20.00
00193            -120.00      -20.00
00194            -200.00      -20.00
00195            -240.00      -20.00
00196            -320.00      -24.00
00197            -440.00      -20.00
00198            -560.00      -20.00
00199            -680.00      -16.00
00200            -800.00      -20.00
00201            -880.00      -12.00
00202            -920.00      -16.00
00203           -1000.00      -20.00
00204           -1000.00      -16.00
00205           -1000.00      -24.00
00206            -960.00      -16.00
00207            -880.00      -20.00
00208            -840.00      -20.00
00209            -760.00      -20.00
00210            -680.00      -20.00
00211            -640.00      -20.00
00212            -560.00      -16.00
00213            -520.00      -16.00
00214            -440.00      -16.00
00215            -360.00      -16.00
00216            -320.00      -20.00
00217            -240.00      -16.00
00218            -240.00      -16.00
00219            -200.00      -20.00
00220            -160.00      -20.00
00221            -200.00      -16.00
00222            -200.00      -24.00
00223            -200.00      -20.00
00224            -160.00      -20.00
00225             -80.00      -16.00
00226               0.00      -16.00
00227             120.00      -24.00
00228             240.00      -20.00
00229             360.00      -20.00
00230             520.00      -20.00
00231             640.00      -24.00
00232             760.00      -24.00
00233             800.00      -20.00
00234             880.00      -20.00
00235             920.00      -20.00
00236             920.00      -16.00
00237            1000.00      -20.00
00238            1000.00      -16.00
00239            1000.00      -16.00
00240            1000.00      -16.00
00241             960.00      -20.00
00242             840.00      -16.00
00243             760.00      -24.00
00244             640.00      -16.00
00245             560.00      -20.00
00246             440.00      -20.00
00247             360.00      -12.00
00248             280.00      -16.00
00249             200.00      -12.00
00250             200.00      -16.00
00251             160.00      -20.00
00252             120.00      -24.00
00253              80.00      -16.00
00254              40.00      -16.00
00255               0.00      -16.00
00256               0.00      -20.00
00257             -80.00      -16.00
00258            -120.00      -16.00
00259            -240.00      -24.00
00260            -280.00      -20.00
00261             320.00      500.00
00262             400.00      500.00
00263             480.00      -32.00
00264             560.00      -36.00
00265             640.00      -36.00
00266             720.00      -32.00
00267             800.00      -36.00
00268             880.00      -32.00
00269             880.00      -32.00
00270             920.00      -36.00
00271             960.00      -32.00
00272             920.00      -28.00
00273             920.00      -28.00
00274             920.00      -32.00
00275             920.00      -28.00
00276             880.00      -28.00
00277             840.00      -28.00
00278             800.00      -32.00
00279             800.00      -32.00
00280             800.00      -28.00
00281             720.00      -28.00
00282             720.00      -28.00
00283             680.00      -24.00
00284             640.00      -24.00
00285             640.00      -24.00
00286             560.00      -28.00
00287             560.00      -20.00
00288             520.00      -28.00
00289             400.00      -28.00
00290             320.00      -28.00
00291             240.00      -28.00
00292             160.00      -24.00
00293              40.00      -20.00
00294             -40.00      -20.00
00295            -160.00      -24.00
00296            -280.00      -20.00
00297            -400.00      -24.00
00298            -520.00      -20.00
00299            -600.00      -28.00
00300            -680.00      -20.00
00301            -760.00      -20.00
00302            -840.00      -20.00
00303            -880.00      -20.00
00304            -920.00      -24.00
00305            -920.00      -24.00
00306            -920.00      -16.00
00307            -880.00      -20.00
00308            -880.00      -28.00
00309            -880.00      -20.00
00310            -840.00      -24.00
00311            -840.00      -16.00
00312            -800.00      -16.00
00313            -840.00      -20.00
00314            -840.00      -20.00
00315            -880.00      -20.00
00316            -880.00      -20.00
00317            -880.00      -20.00
00318            -920.00      -20.00
00319            -920.00      -20.00
00320            -920.00      -20.00
00321            -880.00      -24.00
00322            -840.00      -16.00
00323            -800.00      -16.00
00324            -720.00      -16.00
00325            -640.00      -16.00
00326            -560.00      -20.00
00327            -480.00      -12.00
00328            -400.00      -20.00
00329            -360.00      -20.00
00330            -240.00      -16.00
00331            -200.00      -24.00
00332            -160.00      -20.00
00333            -120.00      -16.00
00334             -80.00      -20.00
00335             -80.00      -16.00
00336             -40.00      -16.00
00337             -40.00      -20.00
00338             -40.00      -24.00
00339             -80.00      -16.00
00340             -80.00      -20.00
00341            -120.00      -20.00
00342            -120.00      -20.00
00343            -120.00      -20.00
00344            -160.00      -20.00
00345            -160.00      -12.00
00346            -160.00      -16.00
00347            -160.00      -16.00
00348            -160.00      -20.00
00349            -120.00      -16.00
00350             -80.00      -24.00
00351             -40.00      -20.00
00352               0.00      -20.00
00353              40.00      -20.00
00354              80.00      -20.00
00355              80.00      -12.00
00356             160.00      -20.00
00357             160.00      -20.00
00358             120.00      -12.00
00359             160.00      -20.00
00360             120.00      -16.00
00361             160.00      -12.00
00362             120.00      -16.00
00363             120.00      -16.00
00364             120.00      -16.00
00365             160.00      -20.00
00366             160.00      -20.00
00367             200.00      -16.00
00368             240.00      -16.00
00369             360.00      -16.00
00370             440.00      -16.00
00371             520.00      -16.00
00372             560.00      -20.00
00373             640.00      -20.00
00374             720.00      -16.00
00375             720.00      -20.00
00376             760.00      -16.00
00377             760.00      -16.00
00378             760.00      -20.00
00379             720.00      -24.00
00380             680.00      -12.00
00381             680.00      -16.00
00382             560.00      -20.00
00383             520.00      -20.00
00384             440.00      -16.00
00385             280.00      -20.00
00386             200.00      -20.00
00387             120.00      -16.00
00388              40.00      -20.00
00389               0.00      -16.00
00390             -40.00      -12.00
00391             -80.00      -16.00
00392             -40.00      -20.00
00393             -40.00      -20.00
00394               0.00      -16.00
00395             -40.00      -16.00
00396             -40.00      -20.00
00397             -80.00      -20.00
00398            -120.00      -16.00
00399            -120.00      -16.00
00400            -200.00      -24.00
00401            -240.00      -12.00
00402            -280.00      -20.00
00403            -320.00      -16.00
00404            -360.00      -16.00
00405            -400.00      -16.00
00406            -400.00      -20.00
00407            -400.00      -20.00
00408            -400.00      -16.00
00409            -400.00      -24.00
00410            -360.00      -16.00
00411            -280.00      -20.00
00412            -200.00      -16.00
00413             -80.00      -20.00
00414             -40.00      -20.00
00415              40.00      -16.00
00416              80.00      -16.00
00417             120.00      -16.00
00418             200.00      -12.00
00419             240.00      -24.00
00420             320.00      -20.00
00421             360.00      -16.00
00422             400.00      -16.00
00423             400.00      -20.00
00424             440.00      -20.00
00425             440.00      -16.00
00426             440.00      -20.00
00427             440.00      -20.00
00428             400.00      -20.00
00429             360.00      -20.00
00430             320.00      -24.00
00431             280.00      -20.00
00432             240.00      -20.00
00433             200.00      -16.00
00434             160.00      -20.00
00435             160.00      -16.00
00436             120.00      -20.00
00437             160.00      -16.00
00438             120.00      -20.00
00439              40.00      -24.00
00440              40.00      -16.00
00441             -40.00      -20.00
00442             -80.00      -20.00
00443            -120.00      -24.00
00444            -200.00      -20.00
00445            -240.00      -20.00
00446            -360.00      -20.00
00447            -440.00      -16.00
00448            -520.00      -24.00
00449            -640.00      -20.00
00450            -760.00      -24.00
00451            -920.00      -24.00
00452            -960.00      -20.00
00453           -1000.00      -20.00
00454           -1000.00      -20.00
00455            -960.00      -20.00
00456            -920.00      -20.00
00457            -880.00      -20.00
00458            -840.00      -16.00
00459            -760.00      -24.00
00460            -680.00      -20.00
00461            -600.00      -16.00
00462            -520.00      -20.00
00463            -520.00      -16.00
00464            -440.00      -16.00
00465            -360.00      -20.00
00466            -280.00      -20.00
00467            -240.00      -20.00
00468            -200.00      -20.00
00469            -200.00      -20.00
00470            -200.00      -20.00
00471            -200.00      -20.00
00472            -200.00      -20.00
00473            -200.00      -24.00
00474            -160.00      -20.00
00475             -80.00      -20.00
00476              40.00      -28.00
00477             120.00      -20.00
00478             240.00      -20.00
00479             360.00      -24.00
00480             520.00      -16.00
00481             640.00      -20.00
00482             720.00      -20.00
00483             800.00      -16.00
00484             880.00      -20.00
00485             880.00      -20.00
00486             960.00      -20.00
00487            1000.00      -20.00
00488            1040.00      -20.00
00489            1000.00      -20.00
00490            1000.00      -20.00
00491             960.00      -24.00
00492             880.00      -16.00
00493             760.00      -20.00
00494             640.00      -20.00
00495             560.00      -20.00
00496             480.00      -20.00
00497             360.00      -20.00
00498             240.00      -20.00
00499             200.00      -20.00
00500             160.00      -20.00
00501             160.00      -16.00
00502             120.00      -20.00
00503              80.00      -16.00
00504              40.00      -20.00
00505              40.00      -20.00
00506             -40.00      -20.00
00507             -40.00      -16.00
00508            -120.00      -20.00
00509            -200.00      -20.00
00510            -280.00      -20.00
00511             320.00      500.00
00512             360.00      500.00
00513             480.00      -20.00
00514             560.00      -44.00
00515             640.00      -36.00
00516             720.00      -40.00
00517             800.00      -40.00
00518             840.00      -40.00
00519             880.00      -36.00
00520             920.00      -36.00
00521             920.00      -36.00
00522             960.00      -28.00
00523             920.00      -32.00
00524             920.00      -36.00
00525             880.00      -32.00
00526             880.00      -32.00
00527             840.00      -28.00
00528             840.00      -28.00
00529             800.00      -36.00
00530             760.00      -28.00
00531             760.00      -28.00
00532             720.00      -28.00
00533             680.00      -32.00
00534             680.00      -28.00
00535             640.00      -28.00
00536             600.00      -32.00
00537             560.00      -32.00
00538             480.00      -24.00
00539             400.00      -28.00
00540             320.00      -20.00
00541             240.00      -28.00
00542             120.00      -28.00
00543              40.00      -28.00
00544             -40.00      -28.00
00545            -200.00      -28.00
00546            -280.00      -24.00
00547            -400.00      -28.00
00548            -480.00      -24.00
00549            -600.00      -24.00
00550            -680.00      -24.00
00551            -760.00      -24.00
00552            -840.00      -20.00
00553            -880.00      -24.00
00554            -920.00      -24.00
00555            -920.00      -28.00
00556            -920.00      -24.00
00557            -920.00      -24.00
00558            -840.00      -20.00
00559            -880.00      -20.00
00560            -800.00      -28.00
00561            -840.00      -24.00
00562            -840.00      -24.00
00563            -840.00      -24.00
00564            -800.00      -20.00
00565            -880.00      -24.00
00566            -880.00      -28.00
00567            -920.00      -20.00
00568            -880.00      -16.00
00569            -920.00      -20.00
00570            -920.00      -24.00
00571            -880.00      -24.00
00572            -840.00      -24.00
00573            -800.00      -20.00
00574            -720.00      -20.00
00575            -640.00      -20.00
00576            -560.00      -20.00
00577            -480.00      -20.00
00578            -400.00      -16.00
00579            -360.00      -20.00
00580            -240.00      -20.00
00581            -160.00      -20.00
00582            -120.00      -16.00
00583            -120.00      -16.00
00584             -80.00      -24.00
00585             -80.00      -32.00
00586             -80.00      -16.00
00587             -80.00      -20.00
00588             -40.00      -20.00
00589             -40.00      -20.00
00590             -80.00      -20.00
00591             -80.00      -20.00
00592            -120.00      -16.00
00593            -120.00      -20.00
00594            -160.00      -20.00
00595            -160.00      -16.00
00596            -160.00      -20.00
00597            -160.00      -20.00
00598            -160.00      -20.00
00599            -120.00      -20.00
00600             -80.00      -20.00
00601             -40.00      -20.00
00602               0.00      -16.00
00603              40.00      -16.00
00604              80.00      -20.00
00605              80.00      -20.00
00606             120.00      -12.00
00607             120.00      -16.00
00608             160.00      -16.00
00609             160.00      -20.00
00610             160.00      -16.00
00611             160.00      -24.00
00612             160.00      -20.00
00613             120.00      -20.00
00614             120.00      -20.00
00615             160.00      -16.00
00616             160.00      -16.00
00617             200.00      -20.00
00618             280.00      -20.00
00619             360.00      -20.00
00620             440.00      -20.00
00621             520.00      -16.00
00622             600.00      -16.00
00623             640.00      -16.00
00624             680.00      -16.00
00625             720.00      -16.00
00626             760.00      -20.00
00627             760.00      -20.00
00628             760.00      -20.00
00629             760.00      -20.00
00630             720.00      -16.00
00631             680.00      -16.00
00632             600.00      -20.00
00633             520.00      -20.00
00634             400.00      -16.00
00635             320.00      -20.00
00636             240.00      -20.00
00637             120.00      -16.00
00638              40.00      -20.00
00639               0.00      -20.00
00640               0.00      -20.00
00641             -40.00      -16.00
00642             -40.00      -16.00
00643             -40.00      -16.00
00644             -80.00      -16.00
00645             -40.00      -20.00
00646             -80.00      -16.00
00647             -80.00      -16.00
00648            -120.00      -20.00
00649            -200.00      -20.00
00650            -160.00      -20.00
00651            -240.00      -16.00
00652            -280.00      -16.00
00653            -320.00      -12.00
00654            -360.00      -12.00
00655            -360.00      -24.00
00656            -400.00      -16.00
00657            -400.00      -20.00
00658            -400.00      -16.00
00659            -360.00      -12.00
00660            -360.00      -20.00
00661            -280.00      -16.00
00662            -160.00      -20.00
00663            -160.00      -16.00
00664               0.00      -16.00
00665              40.00      -16.00
00666              80.00      -20.00
00667             120.00      -16.00
00668             200.00      -16.00
00669             200.00      -16.00
00670             320.00      -16.00
00671             320.00      -16.00
00672             400.00      -12.00
00673             400.00      -12.00
00674             440.00      -16.00
00675             440.00      -20.00
00676             440.00       -8.00
00677             440.00      -16.00
00678             400.00      -16.00
00679             360.00      -20.00
00680             320.00      -20.00
00681             320.00      -12.00
00682             240.00      -12.00
00683             200.00      -16.00
00684             200.00      -16.00
00685             120.00      -12.00
00686             160.00      -16.00
00687              80.00      -20.00
00688             120.00      -16.00
00689              40.00      -20.00
00690              40.00      -12.00
00691               0.00      -16.00
00692             -40.00      -16.00
00693            -120.00      -16.00
00694            -160.00      -16.00
00695            -240.00      -16.00
00696            -320.00      -16.00
00697            -440.00      -16.00
00698            -520.00      -12.00
00699            -720.00      -12.00
00700            -800.00      -20.00
00701            -880.00      -20.00
00702            -920.00      -16.00
00703            -960.00      -20.00
00704           -1000.00      -12.00
00705            -960.00      -16.00
00706            -960.00      -16.00
00707            -880.00      -16.00
00708            -840.00      -16.00
00709            -760.00      -16.00
00710            -680.00      -12.00
00711            -640.00      -12.00
00712            -560.00      -16.00
00713            -480.00      -12.00
00714            -440.00      -16.00
00715            -360.00      -16.00
00716            -280.00      -16.00
00717            -240.00      -16.00
00718            -200.00      -16.00
00719            -160.00      -12.00
00720            -200.00      -16.00
00721            -200.00      -12.00
00722            -240.00      -16.00
00723            -200.00      -24.00
00724            -160.00      -16.00
00725             -80.00      -12.00
00726               0.00      -24.00
00727             120.00      -16.00
00728             200.00      -12.00
00729             360.00      -12.00
00730             480.00      -16.00
00731             600.00      -16.00
00732             720.00      -16.00
00733             800.00      -16.00
00734             880.00      -20.00
00735             880.00      -16.00
00736            1000.00      -20.00
00737            1000.00      -16.00
00738            1040.00      -16.00
00739            1000.00      -16.00
00740            1000.00      -16.00
00741             920.00      -20.00
00742             840.00      -16.00
00743             760.00      -20.00
00744             640.00      -16.00
00745             560.00      -16.00
00746             400.00      -16.00
00747             320.00      -16.00
00748             280.00      -16.00
00749             200.00      -16.00
00750             160.00      -20.00
00751             160.00      -20.00
00752             120.00      -16.00
00753              80.00      -16.00
00754              40.00      -16.00
00755              40.00      -20.00
00756              40.00      -16.00
00757             -80.00      -24.00
00758            -120.00      -16.00
00759            -200.00      -16.00
00760            -240.00      -16.00
00761             320.00      500.00
00762             400.00      500.00
00763             480.00      -36.00
00764             560.00      -36.00
00765             640.00      -36.00
00766             760.00      -36.00
00767             800.00      -32.00
00768             840.00      -40.00
00769             880.00      -36.00
00770             920.00      -32.00
00771             960.00      -36.00
00772             960.00      -36.00
00773             920.00      -32.00
00774             920.00      -32.00
00775             920.00      -36.00
00776             920.00      -28.00
00777             880.00      -36.00
00778             840.00      -36.00
00779             800.00      -32.00
00780             800.00      -28.00
00781             720.00      -32.00
00782             720.00      -32.00
00783             720.00      -28.00
00784             680.00      -28.00
00785             640.00      -28.00
00786             600.00      -28.00
00787             560.00      -28.00
00788             480.00      -36.00
00789             400.00      -32.00
00790             320.00      -24.00
00791             200.00      -36.00
00792             120.00      -28.00
00793              40.00      -28.00
00794             -80.00      -28.00
00795            -160.00      -24.00
00796            -280.00      -24.00
00797            -400.00      -28.00
00798            -480.00      -28.00
00799            -560.00      -28.00
00800            -680.00      -28.00
00801            -800.00      -24.00
00802            -840.00      -28.00
00803            -880.00      -16.00
00804            -920.00      -24.00
00805            -920.00      -32.00
00806            -920.00      -24.00
00807            -880.00      -24.00
00808            -880.00      -28.00
00809            -840.00      -24.00
00810            -800.00      -24.00
00811            -840.00      -28.00
00812            -800.00      -28.00
00813            -840.00      -24.00
00814            -840.00      -24.00
00815            -840.00      -20.00
00816            -880.00      -28.00
00817            -920.00      -24.00
00818            -920.00      -20.00
00819            -920.00      -24.00
00820            -920.00      -20.00
00821            -920.00      -28.00
00822            -880.00      -20.00
00823            -800.00      -24.00
00824            -720.00      -28.00
00825            -640.00      -28.00
00826            -560.00      -20.00
00827            -480.00      -24.00
00828            -400.00      -28.00
00829            -320.00      -24.00
00830            -240.00      -24.00
00831            -160.00      -24.00
00832            -160.00      -24.00
00833            -120.00      -24.00
00834             -80.00      -20.00
00835             -80.00      -24.00
00836             -80.00      -24.00
00837             -80.00      -20.00
00838             -40.00      -24.00
00839             -40.00      -20.00
00840            -120.00      -24.00
00841             -80.00      -24.00
00842            -120.00      -16.00
00843            -160.00      -16.00
00844            -160.00      -24.00
00845            -200.00      -28.00
00846            -200.00      -20.00
00847            -200.00      -24.00
00848            -160.00      -24.00
00849            -120.00      -24.00
00850             -80.00      -24.00
00851             -40.00      -16.00
00852               0.00      -24.00
00853              40.00      -24.00
00854              80.00      -20.00
00855              80.00      -20.00
00856             120.00      -20.00
00857             120.00      -28.00
00858             160.00      -16.00
00859             160.00      -28.00
00860             160.00      -20.00
00861             160.00      -16.00
00862             120.00      -20.00
00863             120.00      -24.00
00864              80.00      -20.00
00865             160.00      -20.00
00866             200.00      -28.00
00867             200.00      -20.00
00868             240.00      -20.00
00869             360.00      -20.00
00870             440.00      -16.00
00871             560.00      -24.00
00872             640.00      -24.00
00873             680.00      -24.00
00874             720.00      -20.00
00875             760.00      -24.00
00876             800.00      -20.00
00877             760.00      -20.00
00878             760.00      -20.00
00879             760.00      -16.00
00880             720.00      -20.00
00881             680.00      -20.00
00882             600.00      -24.00
00883             480.00      -20.00
00884             440.00      -28.00
00885             320.00      -20.00
00886             240.00      -16.00
00887              80.00      -20.00
00888              40.00      -24.00
00889               0.00      -20.00
00890             -40.00      -20.00
00891             -40.00      -24.00
00892             -40.00      -20.00
00893             -40.00      -20.00
00894             -40.00      -24.00
00895             -40.00      -20.00
00896             -80.00      -24.00
00897             -80.00      -20.00
00898            -120.00      -16.00
00899            -160.00      -20.00
00900            -200.00      -20.00
00901            -240.00      -16.00
00902            -280.00      -20.00
00903            -320.00      -20.00
00904            -360.00      -20.00
00905            -360.00      -24.00
00906            -400.00      -24.00
00907            -400.00      -20.00
00908            -400.00      -16.00
00909            -400.00      -20.00
00910            -360.00      -16.00
00911            -280.00      -16.00
00912            -160.00      -20.00
00913            -160.00      -20.00
00914               0.00      -16.00
00915               0.00      -20.00
00916              80.00      -20.00
00917             120.00      -20.00
00918             200.00      -16.00
00919             240.00      -20.00
00920             280.00      -20.00
00921             360.00      -24.00
00922             360.00      -20.00
00923             440.00      -20.00
00924             440.00      -24.00
00925             440.00      -24.00
00926             400.00      -12.00
00927             400.00      -20.00
00928             400.00      -16.00
00929             360.00      -20.00
00930             320.00      -24.00
00931             280.00      -20.00
00932             240.00      -16.00
00933             200.00      -20.00
00934             160.00      -20.00
00935             160.00      -12.00
00936             160.00      -16.00
00937              80.00      -20.00
00938              80.00      -24.00
00939              40.00      -20.00
00940              40.00      -20.00
00941               0.00      -24.00
00942             -40.00      -16.00
00943            -120.00      -20.00
00944            -160.00      -16.00
00945            -240.00      -16.00
00946            -360.00      -24.00
00947            -440.00      -12.00
00948            -560.00      -24.00
00949            -680.00      -16.00
00950            -760.00      -16.00
00951            -880.00      -28.00
00952            -920.00      -16.00
00953            -960.00      -20.00
00954           -1000.00      -20.00
00955            -960.00      -20.00
00956            -920.00      -20.00
00957            -880.00      -16.00
00958            -840.00      -20.00
00959            -760.00      -16.00
00960            -680.00      -20.00
00961            -640.00      -20.00
00962            -560.00      -20.00
00963            -480.00      -20.00
00964            -400.00      -20.00
00965            -360.00      -20.00
00966            -280.00      -20.00
00967            -240.00      -20.00
00968            -200.00      -20.00
00969            -200.00      -28.00
00970            -160.00      -16.00
00971            -200.00      -16.00
00972            -200.00      -24.00
00973            -240.00      -28.00
00974            -120.00      -16.00
00975             -80.00      -24.00
00976               0.00      -16.00
00977              80.00      -24.00
00978             240.00      -24.00
00979             360.00      -24.00
00980             520.00      -16.00
00981             600.00      -24.00
00982             720.00      -16.00
00983             840.00      -16.00
00984             880.00      -20.00
00985             880.00      -16.00
00986             960.00      -20.00
00987             960.00      -20.00
00988            1000.00      -20.00
00989            1000.00      -16.00
00990            1000.00      -20.00
00991             960.00      -16.00
00992             840.00      -12.00
00993             760.00      -20.00
00994             640.00      -24.00
00995             560.00      -24.00
00996             440.00      -16.00
00997             320.00      -16.00
00998             280.00      -20.00
00999             200.00      -20.00
01000             160.00      -16.00
01001             120.00      -20.00
01002             120.00      -20.00
01003              80.00      -20.00
01004              80.00      -28.00
01005               0.00      -16.00
01006             -40.00      -20.00
01007             -80.00      -24.00
01008            -120.00      -20.00
01009            -200.00      -16.00
01010            -280.00      -20.00
01011             320.00      500.00
01012             400.00      500.00
01013             440.00      -36.00
01014             560.00      -36.00
01015             640.00      -36.00
01016             720.00      -32.00
01017             800.00      -32.00
01018             880.00      -36.00
01019             880.00      -28.00
01020             920.00      -32.00
01021             960.00      -36.00
01022             960.00      -28.00
01023             920.00      -32.00
01024             920.00      -32.00
01025             880.00      -28.00
01026             880.00      -24.00
01027             840.00      -36.00
01028             840.00      -28.00
01029             800.00      -28.00
01030             760.00      -16.00
01031             720.00      -28.00
01032             720.00      -32.00
01033             680.00      -28.00
01034             680.00      -24.00
01035             640.00      -24.00
01036             600.00      -24.00
01037             560.00      -28.00
01038             520.00      -24.00
01039             400.00      -24.00
01040             320.00      -28.00
01041             240.00      -24.00
01042             120.00      -24.00
01043               0.00      -20.00
01044             -80.00      -24.00
01045            -160.00      -24.00
01046            -280.00      -20.00
01047            -400.00      -24.00
01048            -520.00      -20.00
01049            -600.00      -24.00
01050            -680.00      -24.00
01051            -760.00      -24.00
01052            -840.00      -20.00
01053            -880.00      -24.00
01054            -920.00      -20.00
01055            -920.00      -16.00
01056            -920.00      -20.00
01057            -920.00      -16.00
01058            -880.00      -20.00
01059            -840.00      -16.00
01060            -840.00      -20.00
01061            -800.00      -16.00
01062            -800.00      -16.00
01063            -800.00      -20.00
01064            -840.00      -24.00
01065            -880.00      -16.00
01066            -880.00      -20.00
01067            -920.00      -16.00
01068            -880.00      -20.00
01069            -960.00      -20.00
01070            -920.00      -24.00
01071            -920.00      -20.00
01072            -880.00      -20.00
01073            -800.00      -20.00
01074            -720.00      -20.00
01075            -640.00      -20.00
01076            -560.00      -16.00
01077            -480.00      -16.00
01078            -440.00      -20.00
01079            -320.00      -16.00
01080            -240.00      -20.00
01081            -240.00      -16.00
01082            -120.00      -20.00
01083             -80.00      -20.00
01084             -80.00      -16.00
01085             -80.00      -16.00
01086             -80.00      -16.00
01087             -40.00      -20.00
01088             -80.00      -20.00
01089             -40.00      -16.00
01090             -80.00      -20.00
01091             -80.00      -20.00
01092            -120.00      -20.00
01093            -160.00      -20.00
01094            -160.00      -16.00
01095            -200.00      -16.00
01096            -200.00      -24.00
01097            -160.00      -16.00
01098            -160.00      -20.00
01099            -120.00      -16.00
01100             -80.00      -20.00
01101               0.00      -16.00
01102              40.00      -20.00
01103              40.00      -16.00
01104              80.00      -16.00
01105              80.00      -16.00
01106             120.00      -20.00
01107             160.00      -16.00
01108             120.00      -20.00
01109             160.00      -16.00
01110             160.00      -16.00
01111             120.00      -16.00
01112             160.00      -20.00
01113             120.00      -20.00
01114             120.00      -20.00
01115             120.00      -16.00
01116             160.00      -16.00
01117             200.00      -20.00
01118             240.00      -16.00
01119             360.00      -20.00
01120             440.00      -20.00
01121             560.00      -20.00
01122             600.00      -20.00
01123             680.00      -16.00
01124             720.00      -16.00
01125             720.00      -20.00
01126             720.00      -16.00
01127             760.00      -20.00
01128             760.00      -20.00
01129             720.00      -16.00
01130             720.00      -12.00
01131             680.00      -20.00
01132             600.00      -24.00
01133             520.00      -16.00
01134             400.00      -20.00
01135             320.00      -20.00
01136             240.00      -24.00
01137             120.00      -12.00
01138              40.00      -20.00
01139             -40.00      -12.00
01140             -40.00      -20.00
01141             -40.00      -20.00
01142             -40.00      -20.00
01143               0.00      -16.00
01144             -40.00      -20.00
01145             -40.00      -20.00
01146             -40.00      -20.00
01147             -80.00      -16.00
01148            -160.00      -20.00
01149            -160.00      -20.00
01150            -200.00      -20.00
01151            -240.00      -20.00
01152            -280.00      -20.00
01153            -320.00      -16.00
01154            -360.00      -20.00
01155            -360.00      -16.00
01156            -400.00      -16.00
01157            -400.00      -20.00
01158            -400.00      -24.00
01159            -400.00      -20.00
01160            -360.00      -20.00
01161            -280.00      -16.00
01162            -200.00      -20.00
01163             -80.00      -20.00
01164               0.00      -20.00
01165              40.00      -16.00
01166              80.00      -20.00
01167             160.00      -16.00
01168             160.00      -20.00
01169             240.00      -16.00
01170             280.00      -20.00
01171             360.00      -20.00
01172             400.00      -20.00
01173             360.00      -24.00
01174             440.00      -20.00
01175             440.00      -20.00
01176             440.00      -20.00
01177             440.00      -16.00
01178             400.00      -20.00
01179             360.00      -16.00
01180             320.00      -16.00
01181             320.00      -20.00
01182             240.00      -24.00
01183             200.00      -20.00
01184             160.00      -16.00
01185             160.00      -20.00
01186             120.00      -20.00
01187             120.00      -16.00
01188              40.00      -20.00
01189              40.00      -16.00
01190              40.00      -16.00
01191               0.00      -20.00
01192             -40.00      -20.00
01193             -80.00      -16.00
01194            -200.00      -20.00
01195            -240.00      -20.00
01196            -320.00      -20.00
01197            -440.00      -24.00
01198            -560.00      -20.00
01199            -640.00      -20.00
01200            -800.00      -20.00
01201            -880.00      -20.00
01202            -960.00      -16.00
01203            -960.00      -20.00
01204           -1000.00      -12.00
01205            -960.00      -20.00
01206            -960.00      -20.00
01207            -880.00      -20.00
01208            -840.00      -16.00
01209            -800.00      -20.00
01210            -720.00      -20.00
01211            -640.00      -20.00
01212            -560.00      -20.00
01213            -520.00      -20.00
01214            -440.00      -24.00
01215            -360.00      -20.00
01216            -280.00      -20.00
01217            -240.00      -16.00
01218            -200.00      -20.00
01219            -200.00      -16.00
01220            -200.00      -20.00
01221            -200.00      -20.00
01222            -200.00      -28.00
01223            -200.00      -16.00
01224            -160.00      -20.00
01225             -80.00      -20.00
01226               0.00      -20.00
01227             120.00      -20.00
01228             240.00      -20.00
01229             360.00      -20.00
01230             520.00      -20.00
01231             600.00      -20.00
01232             760.00      -16.00
01233             800.00      -16.00
01234             880.00      -20.00
01235             920.00      -24.00
01236             920.00      -16.00
01237            1000.00      -16.00
01238            1000.00      -16.00
01239            1000.00      -16.00
01240            1000.00      -24.00
01241             920.00      -20.00
01242             880.00      -20.00
01243             760.00      -20.00
01244             640.00      -24.00
01245             520.00      -20.00
01246             440.00      -20.00
01247             360.00      -16.00
01248             280.00      -20.00
01249             200.00      -20.00
01250             200.00      -24.00
01251             160.00      -20.00
01252             120.00      -20.00
01253              40.00      -24.00
01254              40.00      -20.00
01255               0.00      -20.00
01256             -40.00      -16.00
01257             -80.00      -12.00
01258            -120.00      -20.00
01259            -200.00      -20.00
01260            -280.00      -16.00
01261             320.00      500.00
01262             400.00      500.00
01263             480.00        0.00
01264             560.00      -40.00
01265             640.00      -36.00
01266             720.00      -32.00
01267             800.00      -36.00
01268             880.00      -40.00
01269             880.00      -36.00
01270             920.00      -36.00
01271             920.00      -36.00
01272             960.00      -36.00
01273             920.00      -36.00
01274             960.00      -32.00
01275             920.00      -28.00
01276             880.00      -36.00
01277             840.00      -32.00
01278             840.00      -36.00
01279             800.00      -32.00
01280             760.00      -36.00
01281             720.00      -28.00
01282             680.00      -32.00
01283             680.00      -36.00
01284             680.00      -28.00
01285             640.00      -28.00
01286             600.00      -24.00
01287             560.00      -28.00
01288             480.00      -24.00
01289             400.00      -32.00
01290             320.00      -28.00
01291             240.00      -28.00
01292             120.00      -28.00
01293               0.00      -24.00
01294             -80.00      -20.00
01295            -200.00      -28.00
01296            -280.00      -28.00
01297            -400.00      -24.00
01298            -520.00      -28.00
01299            -600.00      -24.00
01300            -680.00      -24.00
01301            -760.00      -24.00
01302            -840.00      -24.00
01303            -920.00      -20.00
01304            -920.00       -8.00
01305            -960.00      -24.00
01306            -920.00      -20.00
01307            -880.00      -24.00
01308            -880.00      -20.00
01309            -880.00      -28.00
01310            -840.00      -24.00
01311            -840.00      -28.00
01312            -800.00      -16.00
01313            -840.00      -20.00
01314            -800.00      -20.00
01315            -840.00      -24.00
01316            -880.00      -24.00
01317            -880.00      -20.00
01318            -960.00      -24.00
01319            -920.00      -20.00
01320            -920.00      -20.00
01321            -880.00      -20.00
01322            -880.00      -24.00
01323            -840.00      -20.00
01324            -760.00      -20.00
01325            -640.00      -24.00
01326            -600.00      -24.00
01327            -480.00      -28.00
01328            -400.00      -24.00
01329            -320.00      -24.00
01330            -240.00      -20.00
01331            -200.00      -16.00
01332            -160.00      -24.00
01333            -120.00      -20.00
01334             -80.00      -16.00
01335             -80.00      -20.00
01336             -40.00      -20.00
01337             -80.00      -20.00
01338               0.00      -16.00
01339             -80.00      -20.00
01340             -80.00      -16.00
01341             -80.00      -20.00
01342            -160.00      -20.00
01343            -160.00      -24.00
01344            -160.00      -20.00
01345            -200.00      -20.00
01346            -160.00      -24.00
01347            -160.00      -20.00
01348            -160.00      -24.00
01349            -120.00      -20.00
01350             -80.00      -16.00
01351             -40.00      -12.00
01352               0.00      -20.00
01353              40.00      -12.00
01354              80.00      -20.00
01355             120.00      -20.00
01356             120.00      -20.00
01357             120.00      -20.00
01358             120.00      -24.00
01359             160.00      -20.00
01360             120.00      -16.00
01361             160.00      -20.00
01362             120.00      -20.00
01363             120.00      -20.00
01364             160.00      -20.00
01365             120.00      -24.00
01366             160.00      -20.00
01367             200.00      -20.00
01368             280.00      -20.00
01369             320.00      -20.00
01370             400.00      -20.00
01371             520.00      -16.00
01372             600.00      -20.00
01373             680.00      -16.00
01374             720.00      -20.00
01375             760.00      -20.00
01376             760.00      -24.00
01377             760.00      -16.00
01378             760.00      -16.00
01379             760.00      -20.00
01380             720.00      -16.00
01381             680.00      -20.00
01382             640.00      -20.00
01383             520.00      -20.00
01384             400.00      -24.00
01385             320.00      -16.00
01386             200.00      -20.00
01387             120.00      -16.00
01388              40.00      -20.00
01389               0.00      -12.00
01390             -40.00      -24.00
01391             -40.00      -16.00
01392             -40.00      -16.00
01393             -40.00      -20.00
01394             -40.00      -16.00
01395             -80.00      -16.00
01396             -40.00      -16.00
01397             -80.00      -20.00
01398            -120.00      -20.00
01399            -160.00      -16.00
01400            -160.00      -16.00
01401            -240.00      -20.00
01402            -280.00      -20.00
01403            -320.00      -16.00
01404            -360.00      -16.00
01405            -360.00      -12.00
01406            -400.00      -16.00
01407            -400.00      -16.00
01408            -400.00      -20.00
01409            -400.00      -20.00
01410            -320.00      -20.00
01411            -280.00      -20.00
01412            -160.00      -16.00
01413             -80.00      -12.00
01414             -40.00      -16.00
01415               0.00      -16.00
01416             120.00      -12.00
01417             160.00      -12.00
01418             200.00      -12.00
01419             240.00      -20.00
01420             280.00      -20.00
01421             360.00      -16.00
01422             400.00      -20.00
01423             440.00      -12.00
01424             440.00      -20.00
01425             440.00      -12.00
01426             440.00       -8.00
01427             400.00      -20.00
01428             400.00      -20.00
01429             360.00      -16.00
01430             280.00      -12.00
01431             280.00      -16.00
01432             240.00      -16.00
01433             240.00      -16.00
01434             200.00      -12.00
01435             160.00      -12.00
01436             160.00      -16.00
01437             120.00      -12.00
01438              80.00      -16.00
01439              40.00      -20.00
01440               0.00      -12.00
01441             -40.00      -20.00
01442             -80.00      -16.00
01443             -80.00      -16.00
01444            -160.00      -16.00
01445            -240.00      -12.00
01446            -320.00      -16.00
01447            -400.00      -16.00
01448            -560.00      -16.00
01449            -680.00      -16.00
01450            -800.00      -16.00
01451            -880.00      -12.00
01452            -960.00      -20.00
01453           -1000.00      -16.00
01454           -1000.00      -20.00
01455            -960.00      -16.00
01456            -960.00      -16.00
01457            -880.00      -16.00
01458            -800.00      -16.00
01459            -760.00      -16.00
01460            -720.00      -24.00
01461            -640.00      -16.00
01462            -560.00      -16.00
01463            -480.00      -12.00
01464            -440.00      -20.00
01465            -360.00      -16.00
01466            -280.00      -20.00
01467            -240.00      -16.00
01468            -200.00      -16.00
01469            -160.00      -16.00
01470            -200.00      -16.00
01471            -200.00      -16.00
01472            -240.00      -12.00
01473            -200.00      -16.00
01474            -160.00      -16.00
01475             -80.00      -20.00
01476              40.00      -16.00
01477              80.00      -16.00
01478             240.00      -16.00
01479             360.00      -12.00
01480             480.00       -8.00
01481             600.00      -20.00
01482             720.00      -16.00
01483             800.00      -16.00
01484             840.00      -16.00
01485             920.00      -16.00
01486             960.00      -16.00
01487            1000.00      -16.00
01488            1000.00      -16.00
01489            1000.00      -16.00
01490            1000.00      -16.00
01491             920.00      -16.00
01492             880.00      -20.00
01493             760.00      -20.00
01494             680.00      -20.00
01495             520.00      -16.00
01496             440.00      -24.00
01497             360.00       -8.00
01498             280.00      -16.00
01499             200.00      -24.00
01500             200.00      -20.00
01501             120.00      -24.00
01502             120.00      -24.00
01503             120.00      -20.00
01504              80.00      -20.00
01505               0.00      -16.00
01506               0.00      -24.00
01507             -80.00      -20.00
01508            -160.00      -16.00
01509            -200.00      -16.00
01510            -280.00      -20.00
01511             280.00      500.00
01512             360.00      500.00
01513             520.00      272.00
01514             560.00      -32.00
01515             640.00      -36.00
01516             720.00      -40.00
01517             800.00      -36.00
01518             880.00      -36.00
01519             880.00      -32.00
01520             920.00      -32.00
01521             960.00      -32.00
01522             920.00      -32.00
01523             960.00      -36.00
01524             920.00      -32.00
01525             920.00      -32.00
01526             880.00      -36.00
01527             840.00      -24.00
01528             840.00      -32.00
01529             800.00      -32.00
01530             760.00      -36.00
01531             760.00      -32.00
01532             720.00      -28.00
01533             720.00      -32.00
01534             640.00      -32.00
01535             640.00      -32.00
01536             600.00      -28.00
01537             560.00      -28.00
01538             480.00      -28.00
01539             400.00      -28.00
01540             320.00      -28.00
01541             240.00      -28.00
01542             120.00      -36.00
01543              40.00      -28.00
01544             -80.00      -24.00
01545            -160.00      -20.00
01546            -280.00      -28.00
01547            -400.00      -24.00
01548            -480.00      -28.00
01549            -600.00      -28.00
01550            -720.00      -32.00
01551            -760.00      -28.00
01552            -840.00      -28.00
01553            -880.00      -28.00
01554            -880.00      -24.00
01555            -920.00      -28.00
01556            -920.00      -28.00
01557            -880.00      -24.00
01558            -880.00      -20.00
01559            -880.00      -28.00
01560            -840.00      -28.00
01561            -800.00      -24.00
01562            -800.00      -24.00
01563            -840.00      -28.00
01564            -800.00      -28.00
01565            -840.00      -20.00
01566            -880.00      -24.00
01567            -880.00      -20.00
01568            -920.00      -24.00
01569            -920.00      -28.00
01570            -920.00      -28.00
01571            -880.00      -24.00
01572            -840.00      -24.00
01573            -760.00      -24.00
01574            -760.00      -20.00
01575            -640.00      -20.00
01576            -560.00      -24.00
01577            -480.00      -20.00
01578            -440.00      -24.00
01579            -360.00      -24.00
01580            -280.00      -24.00
01581            -160.00      -24.00
01582            -160.00      -24.00
01583            -120.00      -28.00
01584             -80.00      -16.00
01585             -80.00      -20.00
01586             -80.00      -20.00
01587             -40.00      -24.00
01588             -40.00      -20.00
01589             -40.00      -20.00
01590             -80.00      -24.00
01591             -80.00      -24.00
01592            -120.00      -20.00
01593            -160.00      -16.00
01594            -160.00      -20.00
01595            -200.00      -20.00
01596            -200.00      -20.00
01597            -160.00      -16.00
01598            -120.00      -20.00
01599            -120.00      -20.00
01600             -80.00      -20.00
01601             -40.00      -20.00
01602               0.00      -20.00
01603              40.00      -20.00
01604              40.00      -20.00
01605              80.00      -20.00
01606              80.00      -24.00
01607             120.00      -24.00
01608             160.00      -16.00
01609             160.00      -20.00
01610             160.00      -20.00
01611             160.00      -20.00
01612             120.00      -20.00
01613             120.00      -12.00
01614             120.00      -16.00
01615             160.00      -20.00
01616             160.00      -20.00
01617             200.00      -20.00
01618             240.00      -16.00
01619             320.00      -16.00
01620             440.00      -16.00
01621             520.00      -20.00
01622             560.00      -16.00
01623             640.00      -20.00
01624             680.00      -20.00
01625             720.00      -24.00
01626             760.00      -20.00
01627             720.00      -16.00
01628             760.00      -24.00
01629             760.00      -20.00
01630             720.00      -16.00
01631             680.00      -20.00
01632             600.00      -20.00
01633             520.00      -16.00
01634             400.00      -24.00
01635             320.00      -20.00
01636             240.00      -20.00
01637             120.00      -20.00
01638              40.00      -24.00
01639               0.00      -16.00
01640             -40.00      -20.00
01641             -40.00      -16.00
01642             -40.00      -20.00
01643             -40.00      -24.00
01644             -40.00      -24.00
01645             -40.00      -16.00
01646             -80.00      -20.00
01647             -80.00       -8.00
01648            -120.00      -24.00
01649            -120.00      -16.00
01650            -160.00      -16.00
01651            -200.00      -20.00
01652            -280.00      -24.00
01653            -280.00      -16.00
01654            -360.00      -32.00
01655            -360.00      -24.00
01656            -400.00      -16.00
01657            -400.00      -24.00
01658            -400.00      -20.00
01659            -400.00      -20.00
01660            -360.00      -20.00
01661            -280.00      -16.00
01662            -200.00      -20.00
01663             -80.00      -20.00
01664             -40.00      -20.00
01665              40.00      -24.00
01666              80.00      -16.00
01667             120.00      -20.00
01668             160.00      -16.00
01669             240.00      -16.00
01670             360.00      -16.00
01671             360.00      -20.00
01672             360.00      -16.00
01673             440.00      -16.00
01674             440.00      -24.00
01675             440.00      -16.00
01676             440.00      -20.00
01677             400.00      -16.00
01678             400.00      -20.00
01679             360.00      -20.00
01680             280.00      -16.00
01681             280.00      -20.00
01682             240.00      -20.00
01683             200.00      -20.00
01684             160.00      -16.00
01685             160.00      -20.00
01686             120.00      -16.00
01687              80.00      -20.00
01688              80.00      -20.00
01689              40.00      -16.00
01690               0.00      -16.00
01691             -40.00      -16.00
01692             -80.00      -20.00
01693             -80.00      -20.00
01694            -160.00      -16.00
01695            -280.00      -16.00
01696            -360.00      -20.00
01697            -440.00      -16.00
01698            -560.00      -20.00
01699            -640.00      -20.00
01700            -760.00      -20.00
01701            -840.00      -24.00
01702            -920.00      -24.00
01703           -1000.00      -16.00
01704            -960.00      -20.00
01705           -1000.00      -20.00
01706            -920.00      -16.00
01707            -880.00      -16.00
01708            -840.00      -20.00
01709            -760.00      -16.00
01710            -680.00      -16.00
01711            -640.00      -20.00
01712            -560.00      -16.00
01713            -480.00      -16.00
01714            -440.00      -20.00
01715            -360.00      -16.00
01716            -280.00      -20.00
01717            -240.00      -20.00
01718            -200.00      -16.00
01719            -200.00      -16.00
01720            -160.00      -16.00
01721            -200.00      -20.00
01722            -200.00      -16.00
01723            -240.00      -20.00
01724            -120.00      -20.00
01725             -80.00      -16.00
01726               0.00      -24.00
01727             120.00      -20.00
01728             200.00      -20.00
01729             360.00      -16.00
01730             480.00      -24.00
01731             640.00      -16.00
01732             720.00      -16.00
01733             800.00      -12.00
01734             840.00      -20.00
01735             920.00      -16.00
01736             960.00      -20.00
01737            1000.00      -16.00
01738            1000.00      -16.00
01739            1000.00      -16.00
01740            1000.00      -16.00
01741             960.00      -16.00
01742             880.00       -8.00
01743             760.00      -16.00
01744             680.00      -20.00
01745             520.00      -20.00
01746             440.00      -24.00
01747             360.00      -24.00
01748             280.00       -8.00
01749             240.00      -20.00
01750             160.00      -16.00
01751             160.00      -20.00
01752              80.00      -20.00
01753             120.00      -12.00
01754              80.00      -20.00
01755              40.00      -16.00
01756             -40.00      -16.00
01757             -40.00      -12.00
01758            -120.00      -20.00
01759            -200.00      -16.00
01760            -280.00      -20.00
01761             240.00      500.00
01762             400.00      500.00
01763             480.00      260.00
01764             560.00      -28.00
01765             640.00      -36.00
01766             720.00      -36.00
01767             800.00      -32.00
01768             840.00      -32.00
01769             880.00      -32.00
01770             920.00      -36.00
01771             960.00      -32.00
01772             920.00      -32.00
01773             960.00      -28.00
01774             920.00      -28.00
01775             920.00      -32.00
01776             880.00      -28.00
01777             840.00      -24.00
01778             840.00      -28.00
01779             800.00      -32.00
01780             760.00      -24.00
01781             720.00      -24.00
01782             720.00      -28.00
01783             680.00      -24.00
01784             680.00      -28.00
01785             640.00      -24.00
01786             600.00      -28.00
01787             560.00      -28.00
01788             480.00      -24.00
01789             400.00      -24.00
01790             320.00      -20.00
01791             240.00      -24.00
01792             120.00      -20.00
01793              40.00      -20.00
01794             -80.00      -20.00
01795            -160.00      -20.00
01796            -280.00      -20.00
01797            -400.00      -24.00
01798            -480.00      -24.00
01799            -600.00      -20.00
01800            -680.00      -16.00
01801            -760.00      -24.00
01802            -840.00      -16.00
01803            -880.00      -20.00
01804            -920.00      -24.00
01805            -960.00      -16.00
01806            -880.00      -20.00
01807            -880.00      -16.00
01808            -840.00      -16.00
01809            -840.00      -20.00
01810            -800.00      -24.00
01811            -840.00      -20.00
01812            -840.00      -20.00
01813            -800.00      -16.00
01814            -840.00      -16.00
01815            -880.00      -20.00
01816            -840.00      -20.00
01817            -880.00      -20.00
01818            -920.00      -16.00
01819            -920.00      -12.00
01820            -920.00      -16.00
01821            -920.00      -20.00
01822            -840.00      -20.00
01823            -800.00      -20.00
01824            -720.00      -20.00
01825            -640.00      -16.00
01826            -600.00      -16.00
01827            -480.00      -16.00
01828            -400.00      -16.00
01829            -320.00      -28.00
01830            -240.00      -20.00
01831            -160.00      -16.00
01832            -160.00      -20.00
01833             -80.00      -20.00
01834            -120.00      -12.00
01835             -80.00      -12.00
01836             -80.00      -20.00
01837             -40.00      -16.00
01838             -40.00      -16.00
01839             -80.00      -20.00
01840             -80.00      -20.00
01841             -80.00      -12.00
01842            -120.00      -20.00
01843            -120.00      -24.00
01844            -160.00      -16.00
01845            -160.00      -16.00
01846            -200.00      -16.00
01847            -200.00      -20.00
01848            -160.00      -16.00
01849            -120.00      -20.00
01850             -80.00      -12.00
01851             -40.00      -16.00
01852               0.00      -24.00
01853              40.00      -20.00
01854              40.00      -20.00
01855             120.00      -16.00
01856             120.00      -16.00
01857             120.00      -16.00
01858             160.00      -24.00
01859             120.00      -16.00
01860             160.00      -20.00
01861             160.00      -24.00
01862             160.00      -20.00
01863             120.00      -20.00
01864             120.00      -20.00
01865             160.00      -12.00
01866             160.00      -16.00
01867             200.00      -20.00
01868             240.00      -12.00
01869             320.00      -12.00
01870             440.00      -16.00
01871             520.00      -20.00
01872             560.00      -20.00
01873             680.00      -12.00
01874             680.00      -20.00
01875             760.00      -20.00
01876             760.00      -20.00
01877             760.00      -16.00
01878             760.00      -16.00
01879             760.00      -16.00
01880             720.00      -20.00
01881             680.00      -20.00
01882             600.00      -12.00
01883             520.00      -12.00
01884             400.00      -24.00
01885             280.00      -20.00
01886             200.00      -20.00
01887             120.00      -20.00
01888              40.00      -20.00
01889               0.00      -16.00
01890               0.00      -16.00
01891             -40.00      -16.00
01892             -40.00      -12.00
01893             -40.00      -20.00
01894             -40.00      -20.00
01895               0.00      -20.00
01896             -80.00      -16.00
01897             -80.00      -20.00
01898            -120.00      -16.00
01899            -120.00      -20.00
01900            -200.00      -24.00
01901            -240.00      -20.00
01902            -280.00      -20.00
01903            -280.00      -20.00
01904            -360.00      -16.00
01905            -400.00      -16.00
01906            -400.00      -20.00
01907            -400.00      -16.00
01908            -400.00      -20.00
01909            -360.00      -20.00
01910            -360.00      -16.00
01911            -320.00      -16.00
01912            -200.00      -20.00
01913             -80.00      -12.00
01914             -40.00      -24.00
01915              40.00      -20.00
01916              80.00      -24.00
01917             160.00      -16.00
01918             200.00      -16.00
01919             240.00      -24.00
01920             320.00      -20.00
01921             360.00      -16.00
01922             400.00      -20.00
01923             400.00      -24.00
01924             440.00      -16.00
01925             440.00      -24.00
01926             440.00      -16.00
01927             400.00      -16.00
01928             400.00      -20.00
01929             360.00      -24.00
01930             320.00      -16.00
01931             280.00      -20.00
01932             240.00      -24.00
01933             240.00      -20.00
01934             160.00      -24.00
01935             160.00      -20.00
01936             160.00      -16.00
01937              80.00      -20.00
01938              80.00      -24.00
01939              40.00      -20.00
01940               0.00      -16.00
01941               0.00      -16.00
01942             -80.00      -20.00
01943            -120.00      -16.00
01944            -200.00      -16.00
01945            -280.00      -24.00
01946            -360.00      -16.00
01947            -440.00      -16.00
01948            -560.00      -28.00
01949            -680.00      -16.00
01950            -760.00      -20.00
01951            -880.00      -16.00
01952            -920.00      -28.00
01953           -1000.00      -20.00
01954           -1000.00      -16.00
01955            -960.00      -12.00
01956            -920.00      -20.00
01957            -880.00      -16.00
01958            -880.00      -20.00
01959            -760.00      -20.00
01960            -680.00      -20.00
01961            -640.00      -20.00
01962            -600.00      -16.00
01963            -480.00      -20.00
01964            -440.00      -16.00
01965            -320.00      -24.00
01966            -280.00      -20.00
01967            -240.00      -16.00
01968            -200.00      -20.00
01969            -200.00      -16.00
01970            -200.00      -16.00
01971            -200.00      -16.00
01972            -200.00      -52.00
01973            -200.00      -20.00
01974            -160.00      -20.00
01975            -120.00      -20.00
01976              40.00      -24.00
01977              80.00      -20.00
01978             240.00      -16.00
01979             360.00      -20.00
01980             480.00      -16.00
01981             600.00      -20.00
01982             720.00      -20.00
01983             800.00      -16.00
01984             880.00      -20.00
01985             880.00      -16.00
01986             920.00      -20.00
01987            1000.00      -20.00
01988            1000.00      -20.00
01989            1040.00      -20.00
01990            1000.00      -20.00
01991             920.00      -20.00
01992             840.00      -16.00
01993             760.00      -16.00
01994             600.00      -20.00
01995             520.00      -20.00
01996             440.00      -16.00
01997             320.00      -16.00
01998             280.00      -16.00
01999             240.00      -20.00
02000             160.00      -16.00
02001             160.00      -16.00
02002             120.00      -16.00
02003              40.00      -20.00
02004              80.00      -16.00
02005               0.00      -16.00
02006             -40.00      -20.00
02007             -40.00      -20.00
02008            -120.00      -20.00
02009            -200.00      -36.00
02010            -280.00      -20.00
02011             280.00      500.00
02012             400.00      500.00
02013             480.00      500.00
02014             560.00      -32.00
02015             640.00      -40.00
02016             720.00      -36.00
02017             800.00      -32.00
02018             840.00      -32.00
02019             880.00      -36.00
02020             880.00      -36.00
02021             920.00      -36.00
02022             960.00      -36.00
02023             960.00      -32.00
02024             920.00      -32.00
02025             920.00      -32.00
02026             880.00      -28.00
02027             880.00      -28.00
02028             840.00      -28.00
02029             760.00      -28.00
02030             760.00      -32.00
02031             760.00      -28.00
02032             680.00      -32.00
02033             680.00      -28.00
02034             680.00      -24.00
02035             640.00      -28.00
02036             600.00      -28.00
02037             560.00      -32.00
02038             440.00      -24.00
02039             400.00      -28.00
02040             320.00      -28.00
02041             240.00      -20.00
02042             120.00      -28.00
02043              40.00      -24.00
02044             -80.00      -24.00
02045            -200.00      -28.00
02046            -280.00      -24.00
02047            -400.00      -28.00
02048            -480.00      -24.00
02049            -600.00      -24.00
02050            -680.00      -28.00
02051            -760.00      -20.00
02052            -840.00      -24.00
02053            -880.00      -28.00
02054            -920.00      -24.00
02055            -960.00      -20.00
02056            -920.00      -24.00
02057            -920.00      -20.00
02058            -880.00      -24.00
02059            -880.00      -24.00
02060            -800.00      -24.00
02061            -840.00      -20.00
02062            -800.00      -20.00
02063            -840.00      -28.00
02064            -840.00      -20.00
02065            -880.00      -24.00
02066            -880.00      -20.00
02067            -880.00      -20.00
02068            -920.00      -24.00
02069            -920.00      -20.00
02070            -920.00      -20.00
02071            -880.00      -24.00
02072            -880.00      -24.00
02073            -800.00      -28.00
02074            -760.00      -20.00
02075            -680.00      -20.00
02076            -560.00      -20.00
02077            -480.00      -16.00
02078            -400.00      -20.00
02079            -320.00      -16.00
02080            -240.00      -20.00
02081            -240.00      -24.00
02082            -120.00      -20.00
02083             -80.00      -20.00
02084            -120.00      -20.00
02085             -80.00      -24.00
02086             -80.00      -20.00
02087             -80.00      -20.00
02088             -80.00      -16.00
02089             -80.00      -16.00
02090             -80.00      -20.00
02091            -120.00      -20.00
02092            -120.00      -20.00
02093            -160.00      -24.00
02094            -160.00      -20.00
02095            -160.00      -20.00
02096            -200.00      -16.00
02097            -200.00      -16.00
02098            -160.00      -16.00
02099            -120.00      -16.00
02100             -80.00      -20.00
02101             -40.00      -16.00
02102               0.00      -24.00
02103              40.00      -20.00
02104              80.00      -20.00
02105             120.00      -16.00
02106             160.00      -16.00
02107             120.00      -16.00
02108             120.00      -24.00
02109             160.00      -16.00
02110             160.00      -20.00
02111             160.00      -12.00
02112             120.00      -20.00
02113             120.00      -20.00
02114             120.00      -16.00
02115             120.00      -20.00
02116             160.00      -16.00
02117             160.00      -12.00
02118             280.00      -20.00
02119             360.00      -16.00
02120             440.00      -24.00
02121             520.00      -16.00
02122             560.00      -20.00
02123             680.00      -20.00
02124             720.00      -16.00
02125             720.00      -12.00
02126             760.00      -12.00
02127             760.00      -24.00
02128             760.00      -20.00
02129             760.00      -12.00
02130             720.00      -12.00
02131             680.00      -16.00
02132             600.00      -20.00
02133             520.00      -20.00
02134             440.00      -12.00
02135             320.00      -12.00
02136             200.00      -20.00
02137             120.00      -16.00
02138              40.00      -16.00
02139               0.00      -16.00
02140             -40.00      -16.00
02141             -40.00      -20.00
02142             -40.00      -16.00
02143             -40.00      -16.00
02144             -40.00      -16.00
02145             -40.00      -16.00
02146             -80.00      -12.00
02147             -80.00      -12.00
02148            -120.00      -16.00
02149            -160.00      -12.00
02150            -200.00      -20.00
02151            -240.00      -20.00
02152            -280.00      -24.00
02153            -320.00      -12.00
02154            -320.00      -12.00
02155            -360.00      -16.00
02156            -400.00      -16.00
02157            -440.00      -16.00
02158            -400.00      -12.00
02159            -400.00      -16.00
02160            -320.00      -12.00
02161            -280.00      -16.00
02162            -200.00      -16.00
02163            -120.00      -12.00
02164             -40.00      -16.00
02165              40.00      -12.00
02166              80.00      -16.00
02167             160.00      -12.00
02168             200.00      -16.00
02169             240.00      -16.00
02170             320.00      -16.00
02171             360.00      -12.00
02172             360.00      -12.00
02173             440.00      -16.00
02174             400.00      -12.00
02175             400.00      -16.00
02176             400.00      -16.00
02177             440.00      -16.00
02178             400.00      -12.00
02179             360.00      -20.00
02180             320.00      -12.00
02181             280.00      -12.00
02182             200.00      -20.00
02183             200.00      -20.00
02184             160.00      -16.00
02185             160.00      -20.00
02186             160.00      -20.00
02187             120.00      -16.00
02188              80.00      -16.00
02189              80.00      -12.00
02190               0.00      -20.00
02191               0.00      -12.00
02192             -80.00      -12.00
02193            -120.00       -8.00
02194            -160.00      -16.00
02195            -240.00      -16.00
02196            -360.00      -12.00
02197            -480.00        4.00
02198            -600.00      -12.00
02199            -680.00      -16.00
02200            -760.00      -16.00
02201            -880.00      -16.00
02202            -920.00      -20.00
02203            -960.00      -20.00
02204           -1000.00      -12.00
02205           -1000.00      -16.00
02206            -920.00      -12.00
02207            -920.00      -16.00
02208            -840.00      -12.00
02209            -720.00      -20.00
02210            -720.00      -16.00
02211            -600.00      -20.00
02212            -560.00      -12.00
02213            -480.00      -16.00
02214            -400.00      -12.00
02215            -360.00      -16.00
02216            -280.00      -20.00
02217            -240.00      -16.00
02218            -200.00      -16.00
02219            -160.00      -12.00
02220            -200.00      -12.00
02221            -240.00      -20.00
02222            -240.00      -16.00
02223            -200.00      -12.00
02224            -160.00      -16.00
02225             -80.00      -12.00
02226              40.00      -20.00
02227             120.00      -20.00
02228             200.00      -16.00
02229             360.00      -12.00
02230             520.00      -16.00
02231             600.00      -12.00
02232             680.00      -12.00
02233             800.00      -16.00
02234             880.00      -12.00
02235             920.00      -16.00
02236             920.00      -20.00
02237            1000.00      -12.00
02238            1000.00      -16.00
02239            1000.00      -12.00
02240             960.00      -12.00
02241             960.00      -20.00
02242             880.00      -24.00
02243             720.00      -20.00
02244             640.00      -16.00
02245             560.00      -20.00
02246             440.00      -20.00
02247             360.00      -16.00
02248             280.00      -20.00
02249             240.00      -16.00
02250             160.00      -20.00
02251             160.00      -20.00
02252             120.00      -16.00
02253              80.00      -16.00
02254              80.00      -20.00
02255              40.00      -20.00
02256             -40.00      -12.00
02257             -80.00      -20.00
02258            -120.00      -12.00
02259            -200.00      -20.00
02260            -280.00      -20.00
02261             320.00      500.00
02262             400.00      500.00
02263             480.00      500.00
02264             560.00      -36.00
02265             680.00      -44.00
02266             720.00      -40.00
02267             800.00      -36.00
02268             840.00      -36.00
02269             920.00      -36.00
02270             880.00      -36.00
02271             960.00      -40.00
02272             960.00      -36.00
02273             960.00      -32.00
02274             920.00      -32.00
02275             880.00      -36.00
02276             880.00      -28.00
02277             880.00      -28.00
02278             840.00      -32.00
02279             800.00      -28.00
02280             720.00      -28.00
02281             720.00      -40.00
02282             720.00      -32.00
02283             680.00      -36.00
02284             640.00      -32.00
02285             640.00      -28.00
02286             560.00      -24.00
02287             560.00      -24.00
02288             480.00      -20.00
02289             400.00      -28.00
02290             320.00      -32.00
02291             200.00      -28.00
02292             120.00      -28.00
02293              40.00      -28.00
02294             -80.00      -28.00
02295            -160.00      -24.00
02296            -280.00      -28.00
02297            -360.00      -28.00
02298            -480.00      -24.00
02299            -560.00      -24.00
02300            -720.00      -28.00
02301            -760.00      -32.00
02302            -840.00      -28.00
02303            -880.00      -28.00
02304            -920.00      -20.00
02305            -920.00      -16.00
02306            -920.00      -20.00
02307            -880.00      -20.00
02308            -880.00      -28.00
02309            -840.00      -28.00
02310            -840.00      -20.00
02311            -800.00      -28.00
02312            -800.00      -28.00
02313            -840.00      -24.00
02314            -840.00       -8.00
02315            -880.00      -24.00
02316            -880.00      -24.00
02317            -920.00      -24.00
02318            -920.00      -16.00
02319            -920.00      -28.00
02320            -880.00      -24.00
02321            -880.00      -24.00
02322            -880.00      -28.00
02323            -800.00      -20.00
02324            -720.00      -20.00
02325            -600.00      -28.00
02326            -600.00      -24.00
02327            -520.00      -24.00
02328            -400.00      -16.00
02329            -320.00      -24.00
02330            -280.00      -24.00
02331            -200.00      -20.00
02332            -120.00      -20.00
02333            -120.00      -20.00
02334            -120.00      -16.00
02335             -80.00      -24.00
02336             -80.00      -20.00
02337             -40.00      -24.00
02338             -80.00      -24.00
02339             -80.00      -20.00
02340             -80.00      -16.00
02341            -120.00      -20.00
02342            -160.00      -12.00
02343            -120.00      -24.00
02344            -160.00      -20.00
02345            -160.00      -24.00
02346            -200.00      -28.00
02347            -160.00      -20.00
02348            -160.00      -16.00
02349            -120.00      -20.00
02350             -80.00      -24.00
02351             -40.00      -20.00
02352               0.00      -20.00
02353              40.00      -20.00
02354              80.00      -20.00
02355              80.00      -24.00
02356             120.00      -20.00
02357             120.00      -20.00
02358             120.00      -20.00
02359             160.00      -16.00
02360             120.00      -16.00
02361             120.00      -16.00
02362             120.00      -24.00
02363             160.00      -24.00
02364             120.00      -24.00
02365             160.00      -20.00
02366             160.00      -16.00
02367             200.00      -20.00
02368             240.00      -24.00
02369             320.00      -20.00
02370             440.00      -16.00
02371             520.00      -20.00
02372             600.00      -24.00
02373             680.00      -20.00
02374             680.00      -20.00
02375             720.00      -20.00
02376             760.00      -12.00
02377             760.00      -20.00
02378             800.00      -20.00
02379             760.00      -16.00
02380             720.00      -16.00
02381             680.00      -16.00
02382             600.00      -20.00
02383             560.00      -16.00
02384             440.00      -20.00
02385             320.00      -16.00
02386             200.00      -16.00
02387             120.00      -16.00
02388              40.00      -20.00
02389              40.00      -16.00
02390             -40.00      -16.00
02391             -40.00      -24.00
02392             -40.00      -16.00
02393             -40.00      -24.00
02394             -40.00      -16.00
02395             -40.00      -16.00
02396             -80.00      -20.00
02397             -80.00      -20.00
02398            -120.00      -12.00
02399            -160.00      -20.00
02400            -240.00      -16.00
02401            -240.00      -12.00
02402            -280.00      -16.00
02403            -320.00      -20.00
02404            -360.00      -20.00
02405            -400.00      -20.00
02406            -400.00      -16.00
02407            -400.00      -24.00
02408            -400.00      -16.00
02409            -360.00      -16.00
02410            -360.00      -20.00
02411            -240.00      -20.00
02412            -200.00      -16.00
02413             -80.00      -20.00
02414             -40.00      -16.00
02415              40.00      -20.00
02416              80.00      -16.00
02417             120.00      -16.00
02418             200.00      -12.00
02419             240.00      -20.00
02420             280.00      -16.00
02421             320.00      -16.00
02422             400.00      -16.00
02423             400.00      -12.00
02424             440.00      -12.00
02425             400.00      -12.00
02426             440.00      -16.00
02427             400.00      -16.00
02428             400.00      -16.00
02429             400.00      -20.00
02430             360.00      -16.00
02431             240.00      -12.00
02432             240.00      -16.00
02433             200.00      -20.00
02434             160.00      -20.00
02435             160.00      -20.00
02436             120.00      -20.00
02437             120.00      -16.00
02438             120.00      -20.00
02439              80.00      -16.00
02440              40.00      -24.00
02441             -40.00      -16.00
02442             -40.00      -20.00
02443            -120.00      -20.00
02444            -160.00      -16.00
02445            -240.00      -16.00
02446            -360.00      -12.00
02447            -480.00      -20.00
02448            -520.00      -20.00
02449            -680.00      -28.00
02450            -760.00      -16.00
02451            -880.00      -16.00
02452            -920.00      -20.00
02453            -960.00      -16.00
02454           -1000.00      -16.00
02455            -960.00      -16.00
02456            -920.00      -16.00
02457            -920.00      -16.00
02458            -840.00      -16.00
02459            -760.00      -16.00
02460            -720.00      -20.00
02461            -600.00      -16.00
02462            -560.00      -20.00
02463            -480.00      -16.00
02464            -440.00      -16.00
02465            -400.00      -12.00
02466            -280.00      -20.00
02467            -240.00      -24.00
02468            -200.00      -20.00
02469            -200.00      -16.00
02470            -200.00      -20.00
02471            -200.00      -20.00
02472            -200.00      -16.00
02473            -200.00      -20.00
02474            -160.00      -16.00
02475             -80.00      -16.00
02476               0.00      -16.00
02477             120.00      -20.00
02478             240.00      -16.00
02479             360.00      -12.00
02480             520.00      -16.00
02481             640.00      -24.00
02482             720.00      -20.00
02483             800.00      -20.00
02484             880.00      -16.00
02485             920.00      -20.00
02486            1000.00      -20.00
02487            1000.00      -16.00
02488            1000.00      -16.00
02489            1000.00      -12.00
02490            1000.00      -16.00
02491             920.00      -12.00
02492             880.00      -16.00
02493             800.00      -12.00
02494             640.00      -16.00
02495             520.00      -20.00
02496             440.00      -16.00
02497             360.00      -20.00
02498             280.00      -16.00
02499             200.00      -20.00
02500             160.00      -16.00
02501             160.00      -16.00
02502             120.00       -8.00
02503              80.00      -12.00
02504              80.00      -16.00
02505              40.00      -12.00
02506             -40.00      -12.00
02507             -40.00      -16.00
02508            -160.00      -16.00
02509            -200.00      -20.00
02510            -280.00      -20.00
02511             280.00      500.00
02512             400.00      500.00
02513             480.00      500.00
02514             560.00      -28.00
02515             640.00      -36.00
02516             760.00      -36.00
02517             760.00      -32.00
02518             840.00      -36.00
02519             880.00      -32.00
02520             920.00      -36.00
02521             960.00      -24.00
02522             920.00      -24.00
02523             920.00      -28.00
02524             920.00      -32.00
02525             880.00      -28.00
02526             880.00      -24.00
02527             880.00      -24.00
02528             840.00      -28.00
02529             760.00      -28.00
02530             760.00      -24.00
02531             720.00      -28.00
02532             720.00      -28.00
02533             680.00      -24.00
02534             640.00      -28.00
02535             640.00      -28.00
02536             560.00      -24.00
02537             560.00      -24.00
02538             480.00      -20.00
02539             400.00      -28.00
02540             280.00      -20.00
02541             240.00      -24.00
02542             160.00      -28.00
02543               0.00      -24.00
02544             -40.00      -20.00
02545            -160.00      -20.00
02546            -280.00      -24.00
02547            -400.00      -20.00
02548            -520.00      -20.00
02549            -600.00      -24.00
02550            -680.00      -16.00
02551            -760.00      -20.00
02552            -840.00      -24.00
02553            -880.00      -24.00
02554            -920.00      -20.00
02555            -920.00      -20.00
02556            -920.00      -28.00
02557            -920.00      -20.00
02558            -880.00      -16.00
02559            -840.00      -16.00
02560            -840.00      -20.00
02561            -800.00      -20.00
02562            -800.00      -24.00
02563            -800.00      -20.00
02564            -840.00      -16.00
02565            -840.00      -20.00
02566            -840.00      -20.00
02567            -920.00      -16.00
02568            -920.00      -16.00
02569            -960.00      -20.00
02570            -920.00      -16.00
02571            -880.00      -24.00
02572            -880.00      -20.00
02573            -840.00      -20.00
02574            -720.00      -20.00
02575            -640.00      -20.00
02576            -560.00      -20.00
02577            -480.00      -16.00
02578            -400.00      -20.00
02579            -320.00      -20.00
02580            -280.00      -16.00
02581            -200.00      -20.00
02582            -160.00      -16.00
02583            -120.00      -16.00
02584             -80.00      -24.00
02585             -40.00      -20.00
02586             -40.00      -16.00
02587             -80.00      -16.00
02588             -80.00      -20.00
02589             -40.00      -16.00
02590             -80.00      -20.00
02591             -80.00      -20.00
02592            -160.00      -20.00
02593            -160.00      -16.00
02594            -200.00      -20.00
02595            -200.00      -16.00
02596            -160.00      -16.00
02597            -200.00      -16.00
02598            -160.00      -16.00
02599            -120.00      -20.00
02600             -80.00      -20.00
02601             -80.00      -20.00
02602               0.00      -20.00
02603              80.00      -20.00
02604              80.00      -20.00
02605             120.00      -16.00
02606             120.00      -16.00
02607             120.00      -20.00
02608             120.00      -16.00
02609             160.00      -20.00
02610             160.00      -16.00
02611             160.00      -20.00
02612             160.00      -20.00
02613             160.00      -20.00
02614              80.00      -12.00
02615             120.00      -20.00
02616             160.00      -16.00
02617             200.00      -16.00
02618             240.00      -16.00
02619             320.00      -12.00
02620             440.00      -20.00
02621             520.00      -20.00
02622             600.00      -16.00
02623             640.00      -20.00
02624             680.00      -20.00
02625             720.00      -20.00
02626             760.00      -16.00
02627             760.00      -20.00
02628             760.00      -20.00
02629             720.00      -20.00
02630             680.00      -20.00
02631             680.00      -20.00
02632             600.00      -20.00
02633             520.00      -16.00
02634             440.00      -20.00
02635             320.00      -20.00
02636             240.00      -20.00
02637             160.00      -16.00
02638              40.00      -28.00
02639               0.00      -20.00
02640             -40.00      -16.00
02641             -40.00      -16.00
02642             -40.00      -12.00
02643             -40.00      -20.00
02644             -40.00      -20.00
02645             -80.00      -20.00
02646             -80.00      -20.00
02647             -80.00      -20.00
02648            -120.00      -16.00
02649            -160.00      -20.00
02650            -200.00      -24.00
02651            -240.00      -20.00
02652            -320.00       -8.00
02653            -360.00      -20.00
02654            -360.00      -24.00
02655            -360.00      -20.00
02656            -400.00      -24.00
02657            -400.00      -20.00
02658            -400.00      -20.00
02659            -400.00      -16.00
02660            -360.00      -16.00
02661            -280.00      -16.00
02662            -200.00      -16.00
02663            -120.00      -20.00
02664               0.00      -20.00
02665               0.00      -16.00
02666              80.00      -24.00
02667             160.00      -20.00
02668             200.00      -24.00
02669             240.00      -20.00
02670             320.00      -16.00
02671             360.00      -16.00
02672             360.00      -20.00
02673             440.00      -24.00
02674             440.00      -24.00
02675             440.00      -20.00
02676             440.00      -16.00
02677             400.00      -24.00
02678             400.00      -20.00
02679             360.00      -20.00
02680             320.00      -20.00
02681             280.00      -24.00
02682             240.00      -24.00
02683             200.00      -16.00
02684             160.00      -16.00
02685             120.00      -16.00
02686             120.00      -16.00
02687             120.00      -20.00
02688              80.00      -20.00
02689              80.00      -16.00
02690              40.00      -20.00
02691             -40.00      -16.00
02692             -80.00      -24.00
02693            -120.00      -20.00
02694            -200.00      -16.00
02695            -240.00      -20.00
02696            -320.00      -16.00
02697            -480.00      -20.00
02698            -560.00      -20.00
02699            -680.00      -16.00
02700            -760.00      -12.00
02701            -880.00      -16.00
02702            -960.00      -16.00
02703            -960.00      -20.00
02704           -1000.00      -20.00
02705            -960.00      -20.00
02706            -920.00      -16.00
02707            -880.00      -16.00
02708            -800.00      -16.00
02709            -760.00      -16.00
02710            -720.00      -16.00
02711            -640.00      -16.00
02712            -560.00      -16.00
02713            -520.00      -20.00
02714            -440.00      -24.00
02715            -360.00      -24.00
02716            -280.00      -20.00
02717            -240.00      -16.00
02718            -240.00      -16.00
02719            -160.00      -20.00
02720            -200.00      -20.00
02721            -200.00      -12.00
02722            -240.00      -20.00
02723            -200.00      -20.00
02724            -160.00      -20.00
02725             -80.00      -16.00
02726               0.00      -16.00
02727             120.00      -20.00
02728             200.00      -16.00
02729             360.00      -16.00
02730             480.00      -16.00
02731             640.00      -16.00
02732             720.00      -20.00
02733             800.00      -16.00
02734             840.00      -20.00
02735             880.00      -20.00
02736             960.00      -12.00
02737             960.00      -12.00
02738            1000.00      -16.00
02739            1000.00      -16.00
02740            1000.00      -20.00
02741             960.00      -16.00
02742             880.00      -12.00
02743             760.00      -20.00
02744             640.00      -20.00
02745             520.00      -16.00
02746             400.00      -20.00
02747             360.00      -16.00
02748             280.00      -20.00
02749             160.00      -20.00
02750             160.00      -20.00
02751             120.00      -20.00
02752              80.00      -20.00
02753              80.00      -20.00
02754              40.00      -20.00
02755               0.00      -24.00
02756               0.00      -20.00
02757             -40.00      -16.00
02758            -120.00      -20.00
02759            -160.00      -20.00
02760            -280.00      -16.00
02761             280.00      500.00
02762             360.00      500.00
02763             480.00      500.00
02764             560.00      -32.00
02765             640.00      -40.00
02766             720.00      -36.00
02767             800.00      -36.00
02768             840.00      -36.00
02769             920.00      -36.00
02770             960.00      -36.00
02771             920.00      -32.00
02772             960.00      -40.00
02773             960.00      -28.00
02774             920.00      -32.00
02775             880.00      -28.00
02776             880.00      -28.00
02777             840.00      -32.00
02778             800.00      -32.00
02779             800.00      -32.00
02780             800.00      -36.00
02781             720.00      -28.00
02782             720.00      -28.00
02783             680.00      -28.00
02784             640.00      -28.00
02785             640.00      -24.00
02786             600.00      -24.00
02787             520.00      -28.00
02788             480.00      -32.00
02789             360.00      -24.00
02790             360.00      -24.00
02791             240.00      -24.00
02792             120.00      -24.00
02793              40.00      -24.00
02794             -40.00      -24.00
02795            -160.00      -28.00
02796            -280.00      -20.00
02797            -400.00      -16.00
02798            -480.00      -24.00
02799            -600.00      -24.00
02800            -720.00      -28.00
02801            -760.00      -20.00
02802            -840.00      -24.00
02803            -880.00      -20.00
02804            -880.00      -28.00
02805            -920.00      -20.00
02806            -920.00      -24.00
02807            -880.00      -20.00
02808            -880.00      -20.00
02809            -840.00      -24.00
02810            -840.00      -16.00
02811            -840.00      -20.00
02812            -840.00      -20.00
02813            -840.00      -20.00
02814            -800.00      -20.00
02815            -880.00      -16.00
02816            -880.00      -20.00
02817            -920.00      -20.00
02818            -920.00      -20.00
02819            -920.00      -20.00
02820            -920.00      -16.00
02821            -920.00      -20.00
02822            -840.00      -24.00
02823            -800.00      -20.00
02824            -760.00      -16.00
02825            -640.00      -20.00
02826            -600.00      -16.00
02827            -480.00      -24.00
02828            -400.00      -20.00
02829            -360.00      -20.00
02830            -280.00      -12.00
02831            -200.00      -20.00
02832            -160.00      -16.00
02833            -120.00      -16.00
02834             -80.00      -20.00
02835             -80.00      -16.00
02836             -80.00      -16.00
02837             -80.00      -20.00
02838             -40.00      -16.00
02839             -80.00      -12.00
02840             -80.00      -12.00
02841            -120.00      -20.00
02842            -160.00      -20.00
02843            -200.00      -12.00
02844            -160.00      -16.00
02845            -160.00      -12.00
02846            -160.00      -16.00
02847            -160.00      -20.00
02848            -120.00      -16.00
02849            -160.00      -12.00
02850             -80.00      -16.00
02851             -40.00      -16.00
02852               0.00      -20.00
02853               0.00      -16.00
02854              80.00      -16.00
02855              80.00      -12.00
02856             120.00      -16.00
02857             120.00      -12.00
02858             120.00      -12.00
02859             120.00      -16.00
02860             120.00      -20.00
02861             160.00      -16.00
02862             120.00      -20.00
02863             120.00      -12.00
02864             120.00      -16.00
02865             160.00      -20.00
02866             160.00      -16.00
02867             160.00      -12.00
02868             240.00      -16.00
02869             320.00      -12.00
02870             440.00      -16.00
02871             520.00      -16.00
02872             600.00      -16.00
02873             640.00      -12.00
02874             720.00      -20.00
02875             760.00      -12.00
02876             720.00      -20.00
02877             760.00      -16.00
02878             760.00      -16.00
02879             720.00      -20.00
02880             720.00      -16.00
02881             680.00      -20.00
02882             600.00      -16.00
02883             520.00      -16.00
02884             400.00      -24.00
02885             320.00      -12.00
02886             240.00      -16.00
02887              80.00      -12.00
02888              40.00      -12.00
02889             -40.00      -16.00
02890             -40.00      -16.00
02891             -40.00      -20.00
02892             -40.00      -12.00
02893             -40.00      -20.00
02894             -40.00      -12.00
02895             -40.00      -20.00
02896             -80.00      -16.00
02897             -80.00      -12.00
02898            -120.00      -16.00
02899            -120.00      -12.00
02900            -160.00      -16.00
02901            -200.00      -16.00
02902            -280.00      -20.00
02903            -320.00      -16.00
02904            -360.00      -12.00
02905            -400.00      -12.00
02906            -400.00      -16.00
02907            -400.00      -16.00
02908            -400.00      -16.00
02909            -360.00      -16.00
02910            -360.00      -16.00
02911            -280.00      -16.00
02912            -200.00      -16.00
02913             -80.00      -16.00
02914             -40.00      -16.00
02915              40.00      -16.00
02916              80.00      -16.00
02917             160.00      -16.00
02918             200.00      -16.00
02919             240.00      -16.00
02920             280.00      -20.00
02921             360.00      -16.00
02922             400.00      -12.00
02923             400.00      -16.00
02924             440.00      -16.00
02925             440.00      -16.00
02926             440.00      -16.00
02927             400.00      -16.00
02928             400.00      -20.00
02929             360.00      -12.00
02930             320.00      -16.00
02931             280.00      -12.00
02932             240.00      -20.00
02933             240.00      -16.00
02934             160.00      -20.00
02935             160.00      -20.00
02936             120.00      -20.00
02937             120.00      -12.00
02938              80.00      -12.00
02939              80.00      -16.00
02940              40.00      -12.00
02941               0.00      -16.00
02942             -80.00      -16.00
02943            -120.00      -12.00
02944            -200.00      -16.00
02945            -240.00      -20.00
02946            -320.00      -12.00
02947            -440.00      -16.00
02948            -560.00      -20.00
02949            -680.00      -12.00
02950            -760.00      -16.00
02951            -880.00      -12.00
02952            -960.00      -12.00
02953            -960.00      -16.00
02954           -1000.00      -16.00
02955            -960.00      -12.00
02956            -960.00      -12.00
02957            -880.00      -16.00
02958            -840.00      -12.00
02959            -800.00      -16.00
02960            -680.00      -12.00
02961            -640.00      -16.00
02962            -560.00      -16.00
02963            -480.00      -16.00
02964            -440.00      -20.00
02965            -360.00      -12.00
02966            -280.00      -16.00
02967            -240.00      -16.00
02968            -200.00      -20.00
02969            -160.00      -16.00
02970            -200.00      -16.00
02971            -200.00      -16.00
02972            -240.00      -16.00
02973            -200.00      -20.00
02974            -160.00      -16.00
02975             -80.00      -12.00
02976               0.00      -20.00
02977              80.00      -16.00
02978             240.00      -16.00
02979             360.00      -20.00
02980             480.00      -16.00
02981             640.00      -16.00
02982             680.00      -16.00
02983             840.00      -20.00
02984             880.00      -16.00
02985             920.00      -16.00
02986             960.00      -20.00
02987            1000.00      -16.00
02988            1000.00      -16.00
02989            1000.00      -16.00
02990            1000.00      -16.00
02991             960.00      -24.00
02992             840.00      -16.00
02993             760.00      -16.00
02994             680.00      -20.00
02995             560.00      -16.00
02996             440.00      -16.00
02997             360.00      -20.00
02998             280.00      -16.00
02999             200.00      -20.00
03000             160.00      -16.00
03001             160.00      -16.00
03002             120.00      -16.00
03003              80.00      -12.00
03004              40.00      -16.00
03005               0.00      -24.00
03006               0.00      -20.00
03007             -80.00      -16.00
03008             -80.00      -16.00
03009            -240.00      -16.00
03010            -280.00      -16.00
03011             280.00      500.00
03012             400.00      500.00
03013             480.00      500.00
03014             560.00      -44.00
03015             640.00      -36.00
03016             720.00      -32.00
03017             800.00      -36.00
03018             840.00      -40.00
03019             880.00      -32.00
03020             920.00      -36.00
03021             960.00      -44.00
03022             920.00      -36.00
03023             920.00      -36.00
03024             920.00      -32.00
03025             920.00      -36.00
03026             880.00      -32.00
03027             840.00      -36.00
03028             800.00      -32.00
03029             760.00      -32.00
03030             760.00      -32.00
03031             720.00      -32.00
03032             720.00      -32.00
03033             680.00      -36.00
03034             680.00      -28.00
03035             640.00      -32.00
03036             600.00      -28.00
03037             520.00      -32.00
03038             480.00      -28.00
03039             400.00      -28.00
03040             320.00      -28.00
03041             240.00      -28.00
03042             120.00      -28.00
03043              40.00      -28.00
03044             -40.00      -28.00
03045            -200.00      -28.00
03046            -280.00      -28.00
03047            -400.00      -28.00
03048            -480.00      -32.00
03049            -640.00      -28.00
03050            -680.00      -24.00
03051            -760.00      -24.00
03052            -800.00      -24.00
03053            -880.00      -24.00
03054            -920.00      -28.00
03055            -920.00      -24.00
03056            -920.00      -24.00
03057            -880.00      -20.00
03058            -880.00      -24.00
03059            -880.00      -28.00
03060            -840.00      -24.00
03061            -800.00      -20.00
03062            -800.00      -24.00
03063            -840.00      -20.00
03064            -840.00      -28.00
03065            -840.00      -24.00
03066            -880.00      -24.00
03067            -880.00      -20.00
03068            -880.00      -24.00
03069            -920.00      -24.00
03070            -920.00      -20.00
03071            -920.00      -24.00
03072            -840.00      -24.00
03073            -800.00      -24.00
03074            -720.00      -24.00
03075            -680.00      -24.00
03076            -600.00      -20.00
03077            -520.00      -20.00
03078            -400.00      -20.00
03079            -320.00      -20.00
03080            -280.00      -20.00
03081            -200.00      -16.00
03082            -160.00      -20.00
03083            -120.00      -24.00
03084             -80.00      -20.00
03085             -80.00      -20.00
03086             -80.00      -20.00
03087             -40.00      -20.00
03088             -40.00      -16.00
03089             -80.00      -20.00
03090            -120.00      -20.00
03091             -80.00      -20.00
03092            -120.00      -20.00
03093            -200.00      -20.00
03094            -200.00      -12.00
03095            -200.00      -20.00
03096            -200.00      -20.00
03097            -200.00      -16.00
03098            -160.00      -12.00
03099            -120.00      -16.00
03100             -80.00      -16.00
03101             -80.00      -16.00
03102               0.00      -20.00
03103              40.00      -20.00
03104             120.00      -20.00
03105             120.00      -20.00
03106             120.00      -20.00
03107             160.00      -16.00
03108             120.00      -16.00
03109             120.00      -16.00
03110             120.00      -20.00
03111             160.00      -20.00
03112             160.00      -20.00
03113              80.00      -16.00
03114             120.00      -24.00
03115             160.00      -24.00
03116             160.00      -20.00
03117             200.00      -16.00
03118             240.00      -16.00
03119             360.00      -20.00
03120             400.00      -20.00
03121             520.00      -16.00
03122             600.00      -24.00
03123             640.00      -20.00
03124             720.00      -20.00
03125             800.00      -20.00
03126             760.00      -20.00
03127             800.00      -20.00
03128             760.00      -16.00
03129             760.00      -20.00
03130             720.00      -16.00
03131             680.00      -20.00
03132             600.00      -16.00
03133             520.00      -16.00
03134             400.00      -16.00
03135             280.00      -16.00
03136             200.00      -16.00
03137             120.00      -20.00
03138              40.00      -20.00
03139               0.00      -16.00
03140             -40.00      -12.00
03141             -40.00      -16.00
03142             -80.00      -16.00
03143             -40.00      -16.00
03144             -40.00      -20.00
03145             -40.00      -12.00
03146             -80.00      -16.00
03147             -80.00      -16.00
03148            -120.00      -20.00
03149            -160.00      -16.00
03150            -160.00      -16.00
03151            -240.00      -24.00
03152            -280.00      -28.00
03153            -320.00      -16.00
03154            -360.00      -20.00
03155            -400.00      -16.00
03156            -400.00      -24.00
03157            -400.00      -12.00
03158            -400.00      -20.00
03159            -360.00      -16.00
03160            -360.00      -20.00
03161            -240.00      -16.00
03162            -200.00      -16.00
03163             -80.00      -12.00
03164             -40.00      -16.00
03165              40.00      -16.00
03166             120.00      -16.00
03167             160.00      -12.00
03168             200.00      -12.00
03169             240.00      -12.00
03170             320.00      -20.00
03171             320.00      -20.00
03172             400.00      -12.00
03173             400.00      -16.00
03174             440.00      -12.00
03175             440.00      -16.00
03176             440.00      -16.00
03177             440.00      -16.00
03178             400.00      -20.00
03179             360.00      -16.00
03180             320.00      -16.00
03181             280.00      -20.00
03182             240.00      -16.00
03183             200.00      -12.00
03184             160.00      -20.00
03185             160.00      -20.00
03186             120.00      -16.00
03187             120.00      -20.00
03188              80.00      -20.00
03189              40.00      -16.00
03190              40.00      -16.00
03191               0.00      -16.00
03192             -80.00      -20.00
03193            -120.00      -20.00
03194            -160.00      -20.00
03195            -240.00      -16.00
03196            -320.00      -16.00
03197            -440.00      -12.00
03198            -560.00      -20.00
03199            -680.00      -20.00
03200            -800.00      -24.00
03201            -880.00      -12.00
03202            -920.00      -12.00
03203            -960.00      -20.00
03204            -960.00      -16.00
03205            -960.00      -20.00
03206            -960.00      -20.00
03207            -880.00      -16.00
03208            -840.00      -12.00
03209            -760.00      -16.00
03210            -720.00      -12.00
03211            -640.00      -12.00
03212            -560.00      -20.00
03213            -480.00      -20.00
03214            -440.00      -16.00
03215            -320.00      -16.00
03216            -320.00      -12.00
03217            -240.00      -16.00
03218            -200.00      -16.00
03219            -200.00      -20.00
03220            -160.00      -16.00
03221            -200.00      -12.00
03222            -240.00      -20.00
03223            -240.00      -16.00
03224            -160.00      -12.00
03225             -80.00      -16.00
03226               0.00      -16.00
03227             120.00      -16.00
03228             240.00      -16.00
03229             360.00      -12.00
03230             480.00      -12.00
03231             600.00      -16.00
03232             720.00      -16.00
03233             840.00      -16.00
03234             880.00      -24.00
03235             920.00      -16.00
03236             920.00      -16.00
03237            1000.00      -20.00
03238            1000.00      -12.00
03239            1000.00      -16.00
03240             960.00      -16.00
03241             920.00      -12.00
03242             880.00      -16.00
03243             760.00      -12.00
03244             640.00      -16.00
03245             520.00      -16.00
03246             440.00      -12.00
03247             320.00      -16.00
03248             280.00      -12.00
03249             200.00      -12.00
03250             200.00      -20.00
03251             160.00      -16.00
03252             120.00      -16.00
03253              80.00      -12.00
03254              40.00      -16.00
03255              40.00      -12.00
03256               0.00      -12.00
03257             -80.00      -20.00
03258            -120.00      -12.00
03259            -160.00      -16.00
03260            -280.00      -12.00
03261             280.00      500.00
03262             360.00      500.00
03263             480.00      500.00
03264             560.00      -32.00
03265             640.00      -32.00
03266             680.00      -28.00
03267             800.00      -28.00
03268             880.00      -36.00
03269             880.00      -28.00
03270             920.00      -32.00
03271             960.00      -28.00
03272             920.00      -32.00
03273             920.00      -32.00
03274             920.00      -28.00
03275             920.00      -28.00
03276             880.00      -20.00
03277             880.00      -20.00
03278             840.00      -28.00
03279             840.00      -24.00
03280             800.00      -28.00
03281             760.00      -24.00
03282             680.00      -24.00
03283             680.00      -28.00
03284             680.00      -20.00
03285             640.00      -28.00
03286             600.00      -20.00
03287             560.00      -28.00
03288             440.00      -24.00
03289             400.00      -24.00
03290             320.00      -20.00
03291             240.00      -28.00
03292             120.00      -24.00
03293              40.00      -20.00
03294             -80.00      -20.00
03295            -160.00      -16.00
03296            -280.00      -28.00
03297            -400.00      -20.00
03298            -520.00      -20.00
03299            -600.00      -20.00
03300            -680.00      -24.00
03301            -760.00      -20.00
03302            -840.00      -20.00
03303            -880.00      -16.00
03304            -920.00      -20.00
03305            -920.00      -20.00
03306            -920.00      -20.00
03307            -920.00      -20.00
03308            -840.00      -20.00
03309            -840.00      -20.00
03310            -840.00      -16.00
03311            -800.00      -16.00
03312            -800.00      -16.00
03313            -840.00      -12.00
03314            -840.00      -16.00
03315            -840.00      -20.00
03316            -880.00      -20.00
03317            -880.00      -16.00
03318            -920.00      -20.00
03319            -920.00      -20.00
03320            -920.00      -16.00
03321            -920.00      -24.00
03322            -840.00      -16.00
03323            -800.00      -16.00
03324            -720.00      -20.00
03325            -640.00      -20.00
03326            -560.00      -16.00
03327            -480.00      -20.00
03328            -400.00      -24.00
03329            -320.00      -16.00
03330            -280.00      -16.00
03331            -200.00      -16.00
03332            -160.00      -16.00
03333            -120.00      -16.00
03334             -80.00      -24.00
03335             -80.00      -20.00
03336             -80.00      -16.00
03337             -80.00      -20.00
03338             -80.00      -24.00
03339             -80.00      -20.00
03340             -80.00      -16.00
03341             -80.00      -20.00
03342            -120.00      -16.00
03343            -120.00      -20.00
03344            -160.00      -16.00
03345            -160.00      -16.00
03346            -200.00      -20.00
03347            -160.00      -24.00
03348            -160.00      -24.00
03349            -160.00      -20.00
03350             -80.00      -24.00
03351             -40.00      -12.00
03352              40.00      -24.00
03353              40.00      -12.00
03354              80.00      -20.00
03355             120.00      -20.00
03356             120.00      -20.00
03357             160.00      -20.00
03358             160.00      -16.00
03359             160.00      -24.00
03360             160.00      -16.00
03361             120.00      -20.00
03362             160.00      -24.00
03363             120.00      -20.00
03364             120.00      -20.00
03365             120.00      -24.00
03366             160.00      -20.00
03367             200.00      -16.00
03368             280.00      -16.00
03369             320.00      -20.00
03370             400.00      -20.00
03371             520.00      -20.00
03372             600.00       -8.00
03373             680.00      -20.00
03374             720.00      -20.00
03375             720.00      -16.00
03376             760.00      -20.00
03377             760.00      -20.00
03378             760.00      -16.00
03379             760.00      -16.00
03380             680.00      -20.00
03381             680.00      -20.00
03382             600.00      -20.00
03383             520.00      -16.00
03384             400.00      -16.00
03385             320.00      -24.00
03386             240.00      -20.00
03387             120.00      -16.00
03388              40.00      -20.00
03389               0.00      -16.00
03390             -40.00      -20.00
03391             -40.00      -16.00
03392             -80.00      -20.00
03393             -40.00      -20.00
03394             -40.00      -20.00
03395             -40.00      -16.00
03396             -40.00      -16.00
03397             -80.00      -16.00
03398            -120.00      -16.00
03399            -160.00      -20.00
03400            -160.00      -24.00
03401            -240.00      -20.00
03402            -280.00      -20.00
03403            -320.00      -20.00
03404            -360.00      -16.00
03405            -400.00      -16.00
03406            -400.00      -20.00
03407            -400.00      -16.00
03408            -400.00      -24.00
03409            -360.00      -16.00
03410            -320.00      -16.00
03411            -240.00      -16.00
03412            -200.00      -16.00
03413            -120.00      -16.00
03414             -40.00      -24.00
03415              40.00      -16.00
03416              80.00      -12.00
03417             160.00      -16.00
03418             240.00      -16.00
03419             240.00      -20.00
03420             280.00      -20.00
03421             320.00      -12.00
03422             360.00      -12.00
03423             400.00      -16.00
03424             440.00      -16.00
03425             480.00      -16.00
03426             440.00      -16.00
03427             400.00      -12.00
03428             400.00      -20.00
03429             360.00      -16.00
03430             320.00      -20.00
03431             280.00      -24.00
03432             240.00      -16.00
03433             200.00      -24.00
03434             200.00      -16.00
03435             160.00      -20.00
03436             120.00      -16.00
03437             120.00      -16.00
03438              80.00      -16.00
03439              40.00      -16.00
03440              40.00      -20.00
03441              40.00      -20.00
03442             -80.00      -20.00
03443             -80.00      -12.00
03444            -160.00      -12.00
03445            -240.00      -20.00
03446            -320.00      -16.00
03447            -400.00      -20.00
03448            -560.00      -20.00
03449            -680.00      -20.00
03450            -800.00      -16.00
03451            -880.00      -20.00
03452            -920.00      -16.00
03453            -960.00      -20.00
03454           -1000.00      -16.00
03455           -1000.00      -16.00
03456            -920.00      -16.00
03457            -920.00      -16.00
03458            -840.00      -16.00
03459            -760.00      -20.00
03460            -680.00      -16.00
03461            -600.00      -16.00
03462            -560.00      -16.00
03463            -480.00      -16.00
03464            -440.00      -16.00
03465            -400.00      -16.00
03466            -320.00      -16.00
03467            -240.00      -16.00
03468            -200.00      -20.00
03469            -200.00      -16.00
03470            -160.00      -20.00
03471            -240.00      -16.00
03472            -240.00      -20.00
03473            -200.00      -20.00
03474            -200.00      -12.00
03475             -80.00      -16.00
03476              40.00      -16.00
03477             120.00      -20.00
03478             240.00      -16.00
03479             320.00      -16.00
03480             480.00      -20.00
03481             640.00      -20.00
03482             720.00       -8.00
03483             800.00      -20.00
03484             880.00      -12.00
03485             920.00      -16.00
03486             920.00      -16.00
03487            1000.00      -16.00
03488            1000.00      -20.00
03489            1040.00      -16.00
03490            1000.00      -16.00
03491             920.00      -16.00
03492             880.00      -20.00
03493             760.00      -20.00
03494             640.00      -16.00
03495             560.00      -16.00
03496             440.00      -16.00
03497             360.00      -16.00
03498             240.00      -20.00
03499             240.00      -12.00
03500             160.00      -16.00
03501             160.00      -16.00
03502              80.00      -20.00
03503              80.00      -16.00
03504              80.00      -16.00
03505               0.00      -20.00
03506               0.00      -16.00
03507             -40.00      -16.00
03508            -120.00      -16.00
03509            -200.00      -16.00
03510            -280.00      -12.00
03511             280.00      500.00
03512             360.00      500.00
03513             520.00      500.00
03514             520.00      -36.00
03515             640.00      -36.00
03516             720.00      -36.00
03517             800.00      -28.00
03518             840.00      -32.00
03519             880.00      -32.00
03520             920.00      -32.00
03521             960.00      -36.00
03522             960.00      -28.00
03523             920.00      -32.00
03524             960.00      -28.00
03525             920.00      -28.00
03526             880.00      -32.00
03527             880.00      -32.00
03528             800.00      -32.00
03529             760.00      -28.00
03530             760.00      -28.00
03531             720.00      -28.00
03532             720.00      -32.00
03533             680.00      -24.00
03534             640.00      -28.00
03535             640.00      -24.00
03536             600.00      -24.00
03537             560.00      -20.00
03538             480.00      -28.00
03539             400.00      -28.00
03540             320.00      -24.00
03541             240.00      -28.00
03542             120.00      -28.00
03543              40.00      -24.00
03544             -80.00      -24.00
03545            -160.00      -28.00
03546            -280.00      -20.00
03547            -400.00      -20.00
03548            -480.00      -24.00
03549            -600.00      -24.00
03550            -680.00      -16.00
03551            -760.00      -16.00
03552            -840.00      -20.00
03553            -920.00      -24.00
03554            -920.00      -24.00
03555            -920.00      -20.00
03556            -920.00      -12.00
03557            -920.00      -24.00
03558            -840.00      -24.00
03559            -880.00      -20.00
03560            -840.00      -24.00
03561            -840.00      -16.00
03562            -800.00      -20.00
03563            -840.00      -20.00
03564            -840.00      -16.00
03565            -840.00      -24.00
03566            -880.00      -20.00
03567            -880.00      -20.00
03568            -880.00      -20.00
03569            -920.00      -20.00
03570            -920.00      -20.00
03571            -920.00      -20.00
03572            -880.00      -16.00
03573            -840.00      -16.00
03574            -720.00      -20.00
03575            -640.00      -16.00
03576            -600.00      -20.00
03577            -480.00      -16.00
03578            -400.00      -16.00
03579            -360.00      -16.00
03580            -240.00      -16.00
03581            -200.00      -20.00
03582            -160.00      -16.00
03583            -120.00      -20.00
03584             -80.00      -20.00
03585             -80.00      -16.00
03586             -80.00      -20.00
03587             -80.00      -16.00
03588             -80.00      -16.00
03589             -80.00      -16.00
03590             -80.00      -20.00
03591             -80.00      -20.00
03592            -120.00      -16.00
03593            -160.00      -12.00
03594            -160.00      -20.00
03595            -160.00      -24.00
03596            -200.00      -20.00
03597            -200.00      -16.00
03598            -160.00      -16.00
03599            -160.00      -16.00
03600             -80.00      -12.00
03601             -40.00      -20.00
03602               0.00      -16.00
03603              40.00      -20.00
03604              80.00      -20.00
03605              80.00      -12.00
03606             120.00      -16.00
03607             120.00      -20.00
03608             160.00      -16.00
03609             160.00      -12.00
03610             120.00      -16.00
03611             120.00      -16.00
03612             120.00      -16.00
03613             160.00      -12.00
03614             120.00      -16.00
03615             120.00      -16.00
03616             160.00      -12.00
03617             240.00      -16.00
03618             240.00      -16.00
03619             320.00      -20.00
03620             440.00      -12.00
03621             480.00      -12.00
03622             600.00      -16.00
03623             640.00      -16.00
03624             680.00      -16.00
03625             760.00      -12.00
03626             760.00      -12.00
03627             800.00      -16.00
03628             800.00      -16.00
03629             720.00      -16.00
03630             680.00      -16.00
03631             680.00      -12.00
03632             640.00      -12.00
03633             520.00      -16.00
03634             400.00      -20.00
03635             320.00      -16.00
03636             200.00      -20.00
03637             120.00      -16.00
03638              40.00      -16.00
03639               0.00      -12.00
03640             -40.00      -12.00
03641             -40.00      -16.00
03642             -40.00      -12.00
03643             -40.00      -20.00
03644             -40.00      -16.00
03645             -40.00      -16.00
03646             -80.00      -20.00
03647             -80.00      -16.00
03648            -120.00       -8.00
03649            -120.00      -12.00
03650            -200.00      -12.00
03651            -240.00      -16.00
03652            -240.00      -16.00
03653            -360.00      -16.00
03654            -360.00      -16.00
03655            -400.00      -16.00
03656            -440.00      -20.00
03657            -400.00      -12.00
03658            -400.00      -16.00
03659            -400.00      -12.00
03660            -360.00      -20.00
03661            -280.00      -16.00
03662            -200.00      -16.00
03663             -80.00      -12.00
03664             -40.00      -12.00
03665              40.00      -16.00
03666             120.00      -20.00
03667             120.00      -12.00
03668             200.00      -20.00
03669             240.00      -16.00
03670             320.00      -12.00
03671             360.00      -16.00
03672             400.00      -16.00
03673             400.00      -16.00
03674             440.00      -20.00
03675             440.00       -8.00
03676             440.00      -20.00
03677             400.00      -16.00
03678             400.00      -12.00
03679             360.00      -20.00
03680             280.00      -16.00
03681             280.00      -20.00
03682             240.00      -16.00
03683             160.00      -16.00
03684             160.00      -12.00
03685             160.00      -16.00
03686             120.00      -16.00
03687             120.00      -12.00
03688              80.00      -16.00
03689              40.00      -16.00
03690              40.00      -16.00
03691               0.00      -16.00
03692             -80.00      -16.00
03693            -120.00      -16.00
03694            -160.00      -20.00
03695            -240.00      -16.00
03696            -360.00      -16.00
03697            -440.00      -16.00
03698            -560.00      -12.00
03699            -680.00      -16.00
03700            -800.00      -20.00
03701            -840.00      -16.00
03702            -920.00      -16.00
03703            -960.00      -16.00
03704           -1000.00      -16.00
03705           -1000.00      -12.00
03706            -920.00      -16.00
03707            -880.00      -20.00
03708            -840.00      -16.00
03709            -760.00      -16.00
03710            -720.00      -16.00
03711            -600.00      -16.00
03712            -560.00      -16.00
03713            -480.00      -20.00
03714            -440.00      -16.00
03715            -360.00      -12.00
03716            -280.00      -16.00
03717            -240.00      -12.00
03718            -200.00      -20.00
03719            -200.00      -16.00
03720            -200.00      -12.00
03721            -200.00      -20.00
03722            -240.00      -20.00
03723            -200.00      -16.00
03724            -160.00      -16.00
03725             -80.00      -20.00
03726               0.00      -16.00
03727             120.00      -24.00
03728             240.00      -16.00
03729             360.00      -16.00
03730             480.00      -20.00
03731             600.00      -16.00
03732             680.00      -12.00
03733             800.00      -20.00
03734             840.00      -20.00
03735             880.00      -16.00
03736             960.00      -20.00
03737            1000.00      -16.00
03738            1000.00      -16.00
03739            1000.00      -20.00
03740            1000.00      -20.00
03741             960.00      -16.00
03742             840.00      -16.00
03743             760.00      -16.00
03744             640.00      -16.00
03745             560.00      -20.00
03746             440.00      -24.00
03747             360.00      -16.00
03748             280.00      -20.00
03749             200.00      -16.00
03750             160.00      -20.00
03751             160.00      -16.00
03752             120.00      -20.00
03753              80.00      -20.00
03754              40.00      -16.00
03755               0.00      -24.00
03756               0.00      -20.00
03757             -80.00      -16.00
03758            -120.00      -28.00
03759            -160.00      -16.00
03760            -280.00      -16.00
03761             280.00      500.00
03762             400.00      500.00
03763             440.00      500.00
03764             560.00      -40.00
03765             640.00      -36.00
03766             720.00      -32.00
03767             800.00      -36.00
03768             840.00      -40.00
03769             920.00      -36.00
03770             920.00      -28.00
03771             920.00      -36.00
03772             960.00      -32.00
03773             960.00      -32.00
03774             920.00      -36.00
03775             880.00      -36.00
03776             880.00      -36.00
03777             840.00      -32.00
03778             840.00      -32.00
03779             800.00      -32.00
03780             800.00      -28.00
03781             720.00      -32.00
03782             680.00      -28.00
03783             680.00      -28.00
03784             640.00      -32.00
03785             680.00      -28.00
03786             600.00      -28.00
03787             560.00      -28.00
03788             480.00      -28.00
03789             400.00      -28.00
03790             320.00      -24.00
03791             240.00      -20.00
03792             120.00      -24.00
03793              40.00      -28.00
03794             -80.00      -24.00
03795            -160.00      -32.00
03796            -280.00      -28.00
03797            -400.00      -28.00
03798            -520.00      -20.00
03799            -600.00      -20.00
03800            -680.00      -24.00
03801            -760.00      -20.00
03802            -840.00      -24.00
03803            -880.00      -20.00
03804            -920.00      -24.00
03805            -920.00      -24.00
03806            -880.00      -28.00
03807            -920.00      -16.00
03808            -840.00      -20.00
03809            -840.00      -20.00
03810            -840.00      -24.00
03811            -800.00      -28.00
03812            -840.00      -28.00
03813            -800.00      -20.00
03814            -840.00      -20.00
03815            -840.00      -24.00
03816            -880.00      -24.00
03817            -880.00      -16.00
03818            -920.00      -20.00
03819            -920.00      -24.00
03820            -920.00      -24.00
03821            -880.00      -24.00
03822            -880.00      -20.00
03823            -760.00      -20.00
03824            -760.00      -24.00
03825            -640.00      -20.00
03826            -600.00      -24.00
03827            -520.00      -20.00
03828            -400.00      -20.00
03829            -320.00      -20.00
03830            -280.00      -16.00
03831            -200.00      -20.00
03832            -160.00      -20.00
03833            -120.00      -16.00
03834            -120.00      -24.00
03835             -80.00      -20.00
03836            -120.00      -20.00
03837             -80.00      -20.00
03838             -40.00      -16.00
03839             -80.00      -20.00
03840             -80.00      -20.00
03841            -120.00      -20.00
03842            -120.00      -20.00
03843            -160.00      -16.00
03844            -160.00      -16.00
03845            -160.00      -16.00
03846            -200.00      -16.00
03847            -200.00      -12.00
03848            -160.00      -24.00
03849            -120.00      -20.00
03850             -80.00      -16.00
03851             -40.00      -16.00
03852               0.00      -20.00
03853              40.00      -20.00
03854              80.00      -16.00
03855              80.00      -16.00
03856             120.00      -20.00
03857             160.00      -16.00
03858             120.00      -20.00
03859             160.00      -16.00
03860             120.00      -20.00
03861             160.00      -16.00
03862             160.00      -16.00
03863             120.00      -16.00
03864             120.00      -16.00
03865             160.00      -16.00
03866             160.00      -20.00
03867             200.00      -20.00
03868             280.00      -20.00
03869             280.00      -12.00
03870             400.00      -20.00
03871             520.00      -20.00
03872             600.00      -16.00
03873             680.00      -16.00
03874             680.00      -16.00
03875             760.00      -24.00
03876             760.00      -20.00
03877             720.00      -12.00
03878             760.00      -20.00
03879             720.00      -20.00
03880             720.00      -12.00
03881             680.00      -16.00
03882             600.00      -16.00
03883             480.00      -20.00
03884             400.00      -16.00
03885             320.00      -12.00
03886             200.00      -20.00
03887             120.00      -20.00
03888              40.00      -12.00
03889               0.00      -16.00
03890             -80.00      -16.00
03891             -40.00      -20.00
03892             -40.00      -12.00
03893             -40.00      -16.00
03894             -40.00      -16.00
03895             -40.00      -20.00
03896             -40.00      -16.00
03897             -80.00      -16.00
03898            -120.00      -20.00
03899            -160.00      -20.00
03900            -200.00      -16.00
03901            -240.00      -16.00
03902            -280.00      -12.00
03903            -320.00      -16.00
03904            -360.00      -28.00
03905            -360.00      -24.00
03906            -400.00      -20.00
03907            -400.00      -16.00
03908            -400.00      -12.00
03909            -400.00      -24.00
03910            -320.00      -16.00
03911            -240.00      -16.00
03912            -200.00      -20.00
03913            -120.00      -20.00
03914             -40.00      -20.00
03915              40.00      -20.00
03916             120.00      -12.00
03917             160.00      -16.00
03918             200.00      -16.00
03919             240.00      -16.00
03920             280.00      -16.00
03921             360.00      -16.00
03922             400.00      -20.00
03923             400.00      -20.00
03924             400.00      -16.00
03925             440.00      -16.00
03926             400.00      -16.00
03927             400.00      -20.00
03928             400.00      -16.00
03929             360.00      -16.00
03930             320.00      -20.00
03931             280.00      -20.00
03932             240.00      -16.00
03933             200.00      -20.00
03934             200.00      -16.00
03935             160.00      -20.00
03936             160.00      -16.00
03937              80.00      -20.00
03938              80.00      -16.00
03939              80.00      -12.00
03940              40.00      -16.00
03941             -40.00      -16.00
03942             -80.00      -16.00
03943             -80.00      -16.00
03944            -160.00      -16.00
03945            -280.00      -12.00
03946            -360.00      -16.00
03947            -440.00      -16.00
03948            -560.00      -12.00
03949            -680.00      -20.00
03950            -800.00      -20.00
03951            -840.00      -12.00
03952            -920.00      -16.00
03953           -1000.00      -16.00
03954           -1000.00      -16.00
03955            -960.00      -12.00
03956            -960.00      -12.00
03957            -920.00      -12.00
03958            -840.00      -12.00
03959            -760.00      -16.00
03960            -720.00      -24.00
03961            -640.00      -20.00
03962            -560.00      -16.00
03963            -480.00      -16.00
03964            -440.00      -16.00
03965            -360.00      -20.00
03966            -280.00      -12.00
03967            -240.00      -16.00
03968            -200.00      -16.00
03969            -200.00      -16.00
03970            -240.00      -20.00
03971            -200.00      -12.00
03972            -240.00      -16.00
03973            -240.00      -20.00
03974            -160.00      -16.00
03975             -80.00      -16.00
03976             -40.00      -20.00
03977              80.00      -12.00
03978             200.00      -16.00
03979             360.00      -16.00
03980             480.00      -16.00
03981             600.00      -12.00
03982             720.00      -16.00
03983             800.00      -16.00
03984             840.00      -16.00
03985             880.00      -16.00
03986             920.00      -12.00
03987            1000.00      -12.00
03988            1000.00      -16.00
03989            1000.00      -16.00
03990            1000.00      -16.00
03991             960.00      -16.00
03992             840.00      -20.00
03993             760.00      -16.00
03994             640.00      -16.00
03995             520.00      -12.00
03996             440.00      -12.00
03997             360.00      -16.00
03998             280.00      -16.00
03999             240.00      -16.00
04000             160.00      -12.00
04001             120.00      -12.00
04002             120.00      -12.00
04003              80.00      -16.00
04004              40.00      -16.00
04005              40.00      -12.00
04006             -40.00      -12.00
04007             -80.00      -12.00
04008            -120.00      -16.00
04009            -240.00      -16.00
04010            -240.00      -16.00
04011             320.00      500.00
04012             360.00      500.00
04013             440.00      500.00
04014             560.00      -36.00
04015             640.00      -32.00
04016             720.00      -32.00
04017             800.00      -32.00
04018             840.00      -32.00
04019             880.00      -32.00
04020             920.00      -32.00
04021             960.00      -36.00
04022             960.00      -32.00
04023             960.00      -28.00
04024             920.00      -32.00
04025             920.00      -28.00
04026             880.00      -28.00
04027             840.00      -28.00
04028             840.00      -32.00
04029             800.00      -24.00
04030             800.00      -28.00
04031             760.00      -24.00
04032             720.00      -20.00
04033             720.00      -24.00
04034             640.00      -28.00
04035             640.00      -24.00
04036             600.00      -28.00
04037             520.00      -24.00
04038             480.00      -28.00
04039             400.00      -20.00
04040             280.00      -20.00
04041             240.00      -24.00
04042             120.00      -20.00
04043              40.00      -28.00
04044             -80.00      -24.00
04045            -200.00      -24.00
04046            -280.00      -24.00
04047            -400.00      -20.00
04048            -480.00      -20.00
04049            -600.00      -28.00
04050            -680.00      -24.00
04051            -800.00      -20.00
04052            -880.00      -20.00
04053            -880.00      -20.00
04054            -920.00      -20.00
04055            -920.00      -16.00
04056            -920.00      -24.00
04057            -880.00      -20.00
04058            -880.00      -20.00
04059            -840.00      -20.00
04060            -800.00      -20.00
04061            -800.00      -16.00
04062            -840.00      -16.00
04063            -800.00      -20.00
04064            -840.00      -20.00
04065            -840.00      -20.00
04066            -880.00      -20.00
04067            -880.00      -24.00
04068            -920.00      -20.00
04069            -920.00      -20.00
04070            -920.00      -20.00
04071            -880.00      -20.00
04072            -880.00      -28.00
04073            -800.00      -20.00
04074            -720.00      -16.00
04075            -640.00      -20.00
04076            -600.00      -20.00
04077            -480.00      -20.00
04078            -400.00      -24.00
04079            -360.00      -16.00
04080            -240.00      -20.00
04081            -200.00      -20.00
04082            -160.00      -20.00
04083            -120.00      -20.00
04084             -80.00      -24.00
04085             -80.00      -28.00
04086             -80.00      -20.00
04087             -80.00      -20.00
04088             -80.00      -16.00
04089             -40.00      -16.00
04090             -80.00      -20.00
04091             -80.00      -20.00
04092            -160.00      -16.00
04093            -160.00      -20.00
04094            -160.00      -16.00
04095            -200.00      -20.00
04096            -200.00      -16.00
04097            -200.00      -20.00
04098            -200.00      -20.00
04099             -80.00      -24.00
04100            -120.00      -20.00
04101             -40.00      -20.00
04102               0.00      -16.00
04103              40.00      -20.00
04104              80.00      -20.00
04105              80.00      -20.00
04106             120.00      -20.00
04107             120.00      -16.00
04108             160.00      -20.00
04109             120.00      -16.00
04110             160.00      -16.00
04111             120.00      -20.00
04112             160.00      -24.00
04113             120.00      -20.00
04114             120.00      -24.00
04115             120.00      -20.00
04116             160.00      -16.00
04117             200.00      -16.00
04118             240.00      -20.00
04119             320.00      -20.00
04120             400.00      -20.00
04121             520.00      -20.00
04122             600.00      -20.00
04123             640.00      -24.00
04124             720.00      -24.00
04125             720.00      -12.00
04126             760.00      -16.00
04127             760.00      -24.00
04128             760.00      -20.00
04129             720.00      -20.00
04130             720.00      -16.00
04131             680.00      -20.00
04132             600.00      -16.00
04133             520.00      -12.00
04134             440.00      -24.00
04135             320.00      -16.00
04136             200.00      -24.00
04137             120.00      -20.00
04138              40.00      -20.00
04139               0.00      -20.00
04140               0.00      -20.00
04141             -40.00      -20.00
04142             -40.00      -20.00
04143               0.00      -16.00
04144             -40.00      -12.00
04145             -40.00      -12.00
04146             -80.00      -20.00
04147             -80.00      -20.00
04148            -120.00      -12.00
04149            -160.00      -16.00
04150            -200.00      -16.00
04151            -240.00      -20.00
04152            -280.00      -24.00
04153            -280.00      -20.00
04154            -360.00      -20.00
04155            -360.00      -16.00
04156            -360.00      -16.00
04157            -440.00      -20.00
04158            -440.00      -16.00
04159            -400.00      -20.00
04160            -360.00      -16.00
04161            -280.00      -20.00
04162            -200.00      -20.00
04163             -80.00      -16.00
04164             -40.00      -20.00
04165              40.00      -20.00
04166              80.00      -16.00
04167             160.00      -24.00
04168             200.00      -16.00
04169             240.00      -20.00
04170             280.00      -16.00
04171             320.00      -20.00
04172             360.00      -16.00
04173             440.00      -20.00
04174             400.00      -16.00
04175             400.00      -20.00
04176             440.00      -20.00
04177             400.00      -20.00
04178             400.00      -20.00
04179             360.00      -16.00
04180             320.00      -24.00
04181             320.00      -20.00
04182             240.00      -16.00
04183             200.00      -16.00
04184             200.00      -20.00
04185             160.00      -16.00
04186             120.00      -20.00
04187             120.00      -20.00
04188              80.00      -16.00
04189              80.00      -24.00
04190              40.00      -16.00
04191               0.00      -16.00
04192             -40.00      -12.00
04193            -120.00      -16.00
04194            -200.00      -16.00
04195            -240.00      -20.00
04196            -360.00      -12.00
04197            -480.00      -16.00
04198            -520.00      -20.00
04199            -640.00      -16.00
04200            -760.00      -16.00
04201            -880.00      -20.00
04202            -920.00        8.00
04203            -960.00      -20.00
04204           -1000.00      -20.00
04205           -1000.00      -12.00
04206            -920.00      -20.00
04207            -920.00      -16.00
04208            -840.00      -16.00
04209            -800.00      -12.00
04210            -680.00      -16.00
04211            -600.00      -16.00
04212            -560.00      -20.00
04213            -480.00      -16.00
04214            -400.00      -20.00
04215            -360.00      -24.00
04216            -280.00      -16.00
04217            -240.00      -20.00
04218            -200.00      -24.00
04219            -200.00      -12.00
04220            -200.00      -12.00
04221            -240.00      -20.00
04222            -200.00      -20.00
04223            -200.00      -20.00
04224            -200.00      -16.00
04225             -80.00      -20.00
04226               0.00      -24.00
04227             120.00      -16.00
04228             240.00      -16.00
04229             320.00      -16.00
04230             440.00      -16.00
04231             600.00      -16.00
04232             680.00      -20.00
04233             800.00      -16.00
04234             840.00      -20.00
04235             880.00      -20.00
04236             920.00      -20.00
04237            1000.00      -16.00
04238            1000.00      -16.00
04239            1000.00       -8.00
04240            1000.00      -16.00
04241             920.00      -16.00
04242             840.00      -20.00
04243             760.00      -16.00
04244             640.00      -20.00
04245             560.00      -16.00
04246             440.00      -20.00
04247             320.00      -20.00
04248             280.00      -16.00
04249             200.00      -16.00
04250             200.00      -20.00
04251             160.00      -16.00
04252             120.00      -20.00
04253              80.00      -16.00
04254              40.00      -24.00
04255              40.00      -12.00
04256               0.00      -16.00
04257             -80.00      -20.00
04258            -120.00      -16.00
04259            -160.00      -16.00
04260            -280.00      -16.00
04261             320.00      500.00
04262             360.00      500.00
04263             480.00      500.00
04264             520.00      -32.00
04265             640.00      -36.00
04266             720.00      -32.00
04267             800.00      -36.00
04268             840.00      -40.00
04269             880.00      -32.00
04270             920.00      -32.00
04271             920.00      -32.00
04272             960.00      -36.00
04273             920.00      -32.00
04274             920.00      -32.00
04275             920.00      -28.00
04276             880.00      -32.00
04277             840.00      -28.00
04278             840.00      -24.00
04279             800.00      -32.00
04280             760.00      -28.00
04281             680.00      -28.00
04282             720.00      -24.00
04283             680.00      -28.00
04284             640.00      -24.00
04285             640.00      -24.00
04286             640.00      -28.00
04287             560.00      -28.00
04288             480.00      -20.00
04289             440.00      -28.00
04290             320.00      -28.00
04291             240.00      -24.00
04292             120.00      -28.00
04293              40.00      -28.00
04294             -80.00      -24.00
04295            -160.00      -24.00
04296            -240.00      -24.00
04297            -400.00      -24.00
04298            -480.00      -20.00
04299            -600.00      -20.00
04300            -680.00      -20.00
04301            -800.00      -24.00
04302            -840.00      -20.00
04303            -880.00      -16.00
04304            -920.00      -20.00
04305            -920.00      -16.00
04306            -920.00      -20.00
04307            -880.00      -24.00
04308            -880.00      -24.00
04309            -840.00      -24.00
04310            -840.00      -20.00
04311            -800.00      -20.00
04312            -840.00      -20.00
04313            -840.00      -16.00
04314            -840.00      -24.00
04315            -840.00      -20.00
04316            -880.00      -20.00
04317            -920.00      -20.00
04318            -920.00      -20.00
04319            -920.00      -16.00
04320            -920.00      -20.00
04321            -920.00      -12.00
04322            -840.00      -20.00
04323            -800.00      -16.00
04324            -760.00      -20.00
04325            -680.00      -24.00
04326            -560.00      -24.00
04327            -480.00      -20.00
04328            -400.00      -20.00
04329            -320.00      -24.00
04330            -240.00      -12.00
04331            -200.00      -16.00
04332            -160.00      -20.00
04333            -120.00      -24.00
04334             -80.00      -24.00
04335             -80.00      -20.00
04336             -80.00      -16.00
04337             -80.00      -12.00
04338             -80.00      -20.00
04339             -80.00      -16.00
04340             -80.00      -12.00
04341             -80.00      -16.00
04342            -120.00      -16.00
04343            -160.00      -16.00
04344            -160.00      -20.00
04345            -200.00      -20.00
04346            -200.00      -16.00
04347            -160.00      -24.00
04348            -160.00      -12.00
04349            -120.00      -12.00
04350            -120.00      -20.00
04351             -80.00      -16.00
04352               0.00      -20.00
04353              40.00      -16.00
04354              80.00      -20.00
04355              80.00      -16.00
04356             120.00      -16.00
04357             120.00      -16.00
04358             160.00      -20.00
04359             120.00      -20.00
04360             120.00      -16.00
04361             160.00      -16.00
04362             120.00      -12.00
04363             120.00      -20.00
04364             120.00      -20.00
04365             120.00      -16.00
04366             160.00      -12.00
04367             200.00      -16.00
04368             240.00      -16.00
04369             320.00      -20.00
04370             440.00      -16.00
04371             520.00      -16.00
04372             600.00      -12.00
04373             640.00      -20.00
04374             720.00      -16.00
04375             760.00      -16.00
04376             720.00      -16.00
04377             800.00      -20.00
04378             760.00      -12.00
04379             760.00      -16.00
04380             720.00      -20.00
04381             680.00      -16.00
04382             600.00      -16.00
04383             520.00      -16.00
04384             400.00      -20.00
04385             320.00      -16.00
04386             200.00      -20.00
04387             120.00      -24.00
04388              40.00      -20.00
04389             -40.00      -16.00
04390               0.00      -16.00
04391             -40.00      -16.00
04392             -40.00      -16.00
04393             -40.00      -16.00
04394               0.00      -16.00
04395             -40.00      -12.00
04396             -80.00      -12.00
04397             -80.00      -20.00
04398            -120.00      -16.00
04399            -160.00      -16.00
04400            -200.00      -16.00
04401            -240.00      -20.00
04402            -280.00      -24.00
04403            -280.00      -12.00
04404            -360.00      -12.00
04405            -400.00      -20.00
04406            -400.00      -12.00
04407            -400.00      -16.00
04408            -400.00      -16.00
04409            -400.00      -16.00
04410            -360.00      -16.00
04411            -280.00      -20.00
04412            -200.00      -16.00
04413            -120.00      -16.00
04414               0.00      -12.00
04415              40.00      -16.00
04416              80.00      -16.00
04417             160.00      -16.00
04418             200.00      -20.00
04419             240.00      -12.00
04420             320.00      -20.00
04421             360.00      -12.00
04422             360.00      -12.00
04423             400.00      -16.00
04424             400.00      -12.00
04425             440.00      -16.00
04426             440.00      -16.00
04427             400.00      -16.00
04428             400.00      -20.00
04429             360.00      -20.00
04430             320.00      -16.00
04431             280.00      -20.00
04432             240.00      -16.00
04433             240.00      -20.00
04434             160.00      -12.00
04435             160.00      -16.00
04436             160.00      -16.00
04437             120.00      -16.00
04438              80.00      -16.00
04439              40.00      -20.00
04440              40.00      -16.00
04441               0.00      -20.00
04442             -40.00      -16.00
04443            -120.00      -24.00
04444            -200.00      -20.00
04445            -280.00      -16.00
04446            -360.00      -20.00
04447            -440.00      -20.00
04448            -560.00      -20.00
04449            -640.00      -16.00
04450            -760.00      -12.00
04451            -880.00      -12.00
04452            -920.00      -12.00
04453            -960.00      -16.00
04454            -960.00      -20.00
04455            -960.00      -20.00
04456            -920.00      -16.00
04457            -920.00      -16.00
04458            -840.00      -16.00
04459            -800.00      -20.00
04460            -680.00      -20.00
04461            -640.00      -16.00
04462            -560.00      -12.00
04463            -520.00      -24.00
04464            -440.00      -20.00
04465            -360.00      -20.00
04466            -320.00      -16.00
04467            -240.00      -16.00
04468            -240.00      -20.00
04469            -240.00      -20.00
04470            -240.00      -16.00
04471            -240.00      -24.00
04472            -240.00      -28.00
04473            -200.00      -16.00
04474            -160.00      -20.00
04475             -80.00      -20.00
04476               0.00      -16.00
04477              80.00      -16.00
04478             200.00      -16.00
04479             360.00      -16.00
04480             480.00      -24.00
04481             600.00      -16.00
04482             680.00      -20.00
04483             800.00      -20.00
04484             880.00      -16.00
04485             880.00      -20.00
04486             960.00      -20.00
04487            1000.00      -20.00
04488            1000.00      -20.00
04489            1000.00      -16.00
04490            1000.00      -16.00
04491             920.00      -20.00
04492             880.00      -20.00
04493             760.00      -24.00
04494             600.00      -16.00
04495             560.00      -16.00
04496             440.00      -16.00
04497             320.00      -16.00
04498             280.00      -20.00
04499             200.00      -20.00
04500             160.00      -12.00
04501             120.00      -20.00
04502             120.00      -20.00
04503              80.00      -20.00
04504              80.00      -20.00
04505              40.00      -12.00
04506             -40.00      -16.00
04507             -80.00      -20.00
04508            -120.00      -16.00
04509            -200.00      -20.00
04510            -240.00      -24.00
04511             280.00      500.00
04512             360.00      500.00
04513             480.00      500.00
04514             520.00      -32.00
04515             680.00      -36.00
04516             720.00      -40.00
04517             760.00      -40.00
04518             840.00      -40.00
04519             840.00      -36.00
04520             920.00      -36.00
04521             920.00      -32.00
04522             960.00      -36.00
04523             920.00      -32.00
04524             920.00      -32.00
04525             920.00      -28.00
04526             880.00      -32.00
04527             880.00      -32.00
04528             840.00      -36.00
04529             760.00      -32.00
04530             800.00      -36.00
04531             720.00      -28.00
04532             680.00      -28.00
04533             680.00      -24.00
04534             680.00      -28.00
04535             640.00      -24.00
04536             600.00      -24.00
04537             560.00      -28.00
04538             480.00      -32.00
04539             440.00      -28.00
04540             280.00      -28.00
04541             240.00      -28.00
04542             120.00      -28.00
04543              40.00      -28.00
04544             -80.00      -28.00
04545            -200.00      -28.00
04546            -280.00      -28.00
04547            -360.00      -24.00
04548            -520.00      -28.00
04549            -600.00      -28.00
04550            -680.00      -28.00
04551            -760.00      -28.00
04552            -800.00      -20.00
04553            -880.00      -24.00
04554            -920.00      -28.00
04555            -920.00      -24.00
04556            -920.00      -20.00
04557            -880.00      -24.00
04558            -880.00      -24.00
04559            -840.00      -24.00
04560            -840.00      -24.00
04561            -800.00      -20.00
04562            -800.00      -20.00
04563            -800.00      -16.00
04564            -840.00      -24.00
04565            -840.00      -24.00
04566            -880.00      -20.00
04567            -880.00      -24.00
04568            -920.00      -24.00
04569            -920.00      -20.00
04570            -920.00      -20.00
04571            -920.00      -20.00
04572            -880.00      -24.00
04573            -800.00      -20.00
04574            -720.00      -24.00
04575            -640.00      -24.00
04576            -560.00      -20.00
04577            -480.00      -24.00
04578            -400.00      -24.00
04579            -320.00      -20.00
04580            -280.00      -20.00
04581            -240.00      -20.00
04582            -160.00      -24.00
04583            -120.00      -20.00
04584            -120.00      -20.00
04585             -80.00      -24.00
04586             -80.00      -20.00
04587             -40.00      -24.00
04588             -80.00      -24.00
04589             -40.00      -16.00
04590            -120.00      -16.00
04591            -120.00      -20.00
04592            -120.00      -24.00
04593            -160.00      -16.00
04594            -160.00      -24.00
04595            -200.00      -20.00
04596            -160.00      -16.00
04597            -160.00      -24.00
04598            -160.00      -20.00
04599            -120.00      -16.00
04600             -80.00      -20.00
04601             -40.00      -24.00
04602               0.00      -20.00
04603              40.00      -20.00
04604              80.00      -20.00
04605              80.00      -16.00
04606              80.00      -16.00
04607             160.00      -16.00
04608             120.00      -20.00
04609             160.00      -20.00
04610             120.00      -20.00
04611             160.00      -16.00
04612             160.00      -12.00
04613             120.00      -16.00
04614             120.00      -16.00
04615             120.00      -20.00
04616             160.00      -20.00
04617             200.00      -20.00
04618             280.00      -20.00
04619             320.00      -24.00
04620             440.00      -20.00
04621             480.00      -20.00
04622             600.00      -12.00
04623             680.00      -16.00
04624             680.00      -16.00
04625             760.00      -20.00
04626             760.00      -20.00
04627             760.00      -16.00
04628             760.00      -12.00
04629             760.00      -16.00
04630             720.00      -16.00
04631             680.00      -20.00
04632             600.00      -16.00
04633             520.00      -16.00
04634             400.00      -16.00
04635             360.00      -20.00
04636             200.00      -20.00
04637             120.00      -20.00
04638              80.00      -24.00
04639               0.00      -16.00
04640             -40.00      -20.00
04641             -40.00      -20.00
04642             -80.00      -20.00
04643             -40.00      -12.00
04644               0.00      -16.00
04645             -40.00      -20.00
04646             -80.00      -20.00
04647             -80.00      -20.00
04648            -120.00      -20.00
04649            -120.00      -20.00
04650            -200.00      -16.00
04651            -280.00      -20.00
04652            -280.00      -16.00
04653            -360.00      -20.00
04654            -320.00      -12.00
04655            -400.00      -20.00
04656            -400.00      -24.00
04657            -400.00      -20.00
04658            -400.00      -20.00
04659            -360.00      -16.00
04660            -360.00      -20.00
04661            -280.00      -16.00
04662            -200.00      -16.00
04663            -120.00      -12.00
04664             -80.00       -8.00
04665              40.00      -16.00
04666             120.00      -20.00
04667             160.00      -20.00
04668             240.00      -20.00
04669             240.00      -12.00
04670             320.00      -20.00
04671             360.00      -16.00
04672             400.00      -16.00
04673             440.00      -16.00
04674             440.00      -16.00
04675             440.00      -12.00
04676             440.00      -24.00
04677             400.00      -16.00
04678             400.00      -16.00
04679             360.00      -20.00
04680             360.00      -20.00
04681             280.00      -12.00
04682             240.00      -16.00
04683             200.00      -16.00
04684             160.00      -16.00
04685             160.00      -24.00
04686             120.00      -20.00
04687             120.00      -12.00
04688              80.00      -16.00
04689              80.00      -16.00
04690               0.00      -20.00
04691               0.00      -12.00
04692             -80.00      -16.00
04693            -160.00      -12.00
04694            -160.00      -16.00
04695            -240.00      -16.00
04696            -360.00      -16.00
04697            -440.00      -16.00
04698            -560.00      -16.00
04699            -640.00      -20.00
04700            -760.00      -16.00
04701            -880.00      -16.00
04702            -920.00      -16.00
04703            -960.00      -12.00
04704           -1000.00      -16.00
04705            -960.00      -16.00
04706            -960.00      -16.00
04707            -880.00      -12.00
04708            -840.00      -16.00
04709            -760.00      -16.00
04710            -720.00      -12.00
04711            -680.00      -20.00
04712            -560.00      -12.00
04713            -480.00      -16.00
04714            -440.00      -20.00
04715            -360.00      -16.00
04716            -320.00      -20.00
04717            -280.00      -20.00
04718            -200.00      -16.00
04719            -240.00      -12.00
04720            -200.00      -20.00
04721            -240.00      -16.00
04722            -240.00      -16.00
04723            -240.00      -20.00
04724            -160.00      -20.00
04725            -120.00      -20.00
04726               0.00      -24.00
04727              80.00      -16.00
04728             240.00      -12.00
04729             320.00      -16.00
04730             480.00      -16.00
04731             600.00      -16.00
04732             680.00      -20.00
04733             800.00      -12.00
04734             880.00      -12.00
04735             920.00       -4.00
04736             920.00      -12.00
04737             960.00      -16.00
04738            1000.00      -12.00
04739            1000.00      -12.00
04740            1000.00      -12.00
04741             920.00      -16.00
04742             880.00      -12.00
04743             720.00      -16.00
04744             640.00      -16.00
04745             560.00      -16.00
04746             440.00      -12.00
04747             320.00      -12.00
04748             280.00      -20.00
04749             200.00       -8.00
04750             160.00      -12.00
04751             120.00      -20.00
04752             120.00      -12.00
04753             120.00      -16.00
04754              80.00      -12.00
04755               0.00      -16.00
04756               0.00      -20.00
04757             -80.00      -12.00
04758            -120.00      -16.00
04759            -200.00      -16.00
04760            -280.00      -16.00
04761             280.00      500.00
04762             360.00      500.00
04763             440.00      500.00
04764             560.00      -36.00
04765             640.00      -32.00
04766             720.00      -32.00
04767             800.00      -32.00
04768             840.00      -36.00
04769             920.00      -32.00
04770             920.00      -36.00
04771             960.00      -28.00
04772             960.00      -28.00
04773             960.00      -32.00
04774             920.00      -28.00
04775             920.00      -28.00
04776             880.00      -28.00
04777             840.00      -28.00
04778             800.00      -24.00
04779             800.00      -32.00
04780             760.00      -28.00
04781             720.00      -28.00
04782             720.00      -24.00
04783             680.00      -28.00
04784             640.00      -28.00
04785             640.00      -28.00
04786             560.00      -24.00
04787             520.00      -24.00
04788             480.00      -28.00
04789             400.00      -28.00
04790             320.00      -24.00
04791             240.00      -28.00
04792             120.00      -20.00
04793              40.00      -24.00
04794             -40.00      -28.00
04795            -160.00      -28.00
04796            -280.00      -28.00
04797            -400.00      -20.00
04798            -480.00      -24.00
04799            -600.00      -24.00
04800            -680.00      -28.00
04801            -760.00      -28.00
04802            -840.00      -16.00
04803            -920.00      -20.00
04804            -920.00      -20.00
04805            -920.00      -28.00
04806            -880.00      -28.00
04807            -880.00      -20.00
04808            -880.00      -24.00
04809            -840.00      -24.00
04810            -840.00      -20.00
04811            -800.00      -24.00
04812            -800.00      -20.00
04813            -800.00      -24.00
04814            -840.00      -20.00
04815            -840.00      -24.00
04816            -880.00      -20.00
04817            -920.00      -24.00
04818            -920.00      -20.00
04819            -920.00      -20.00
04820            -920.00      -24.00
04821            -880.00      -24.00
04822            -880.00      -16.00
04823            -800.00      -24.00
04824            -760.00      -24.00
04825            -640.00      -20.00
04826            -560.00      -28.00
04827            -480.00      -20.00
04828            -440.00      -20.00
04829            -360.00      -20.00
04830            -240.00      -16.00
04831            -200.00      -20.00
04832            -160.00      -20.00
04833            -120.00      -24.00
04834            -120.00      -28.00
04835             -80.00      -24.00
04836             -80.00      -20.00
04837             -80.00      -20.00
04838             -80.00      -24.00
04839             -80.00      -20.00
04840             -80.00      -20.00
04841            -120.00      -20.00
04842            -120.00      -20.00
04843            -200.00      -20.00
04844            -200.00      -24.00
04845            -200.00      -20.00
04846            -160.00      -20.00
04847            -160.00      -24.00
04848            -160.00      -24.00
04849            -160.00      -20.00
04850            -120.00      -24.00
04851             -40.00      -24.00
04852               0.00      -24.00
04853              40.00      -16.00
04854              80.00      -20.00
04855             120.00      -20.00
04856             120.00      -20.00
04857             160.00      -24.00
04858             160.00      -20.00
04859             160.00      -16.00
04860             120.00      -20.00
04861             160.00      -16.00
04862             120.00      -20.00
04863              80.00      -24.00
04864             120.00      -24.00
04865             160.00      -20.00
04866             160.00      -20.00
04867             200.00      -20.00
04868             240.00      -20.00
04869             360.00      -20.00
04870             400.00      -20.00
04871             520.00      -20.00
04872             600.00      -20.00
04873             640.00      -16.00
04874             680.00      -16.00
04875             720.00      -20.00
04876             760.00      -16.00
04877             760.00      -20.00
04878             760.00      -24.00
04879             720.00      -20.00
04880             720.00      -20.00
04881             680.00      -16.00
04882             600.00      -20.00
04883             520.00      -16.00
04884             400.00      -28.00
04885             320.00      -16.00
04886             200.00      -16.00
04887             160.00      -20.00
04888              40.00      -20.00
04889               0.00      -20.00
04890             -40.00      -24.00
04891             -40.00      -16.00
04892             -40.00      -16.00
04893             -40.00      -20.00
04894             -40.00      -16.00
04895             -40.00      -20.00
04896             -40.00      -16.00
04897             -80.00      -16.00
04898            -120.00      -20.00
04899            -160.00      -20.00
04900            -160.00      -20.00
04901            -240.00      -20.00
04902            -280.00      -24.00
04903            -320.00      -20.00
04904            -360.00      -20.00
04905            -400.00      -20.00
04906            -400.00      -20.00
04907            -400.00      -20.00
04908            -400.00      -24.00
04909            -400.00      -16.00
04910            -360.00      -20.00
04911            -280.00      -20.00
04912            -200.00      -20.00
04913            -120.00      -20.00
04914             -80.00      -12.00
04915              40.00      -16.00
04916              80.00      -20.00
04917             160.00      -16.00
04918             200.00      -16.00
04919             240.00      -20.00
04920             320.00      -20.00
04921             320.00      -20.00
04922             400.00      -16.00
04923             440.00      -20.00
04924             440.00      -16.00
04925             480.00      -16.00
04926             400.00      -20.00
04927             400.00      -20.00
04928             400.00      -24.00
04929             360.00      -20.00
04930             320.00      -24.00
04931             280.00      -16.00
04932             240.00      -12.00
04933             200.00      -16.00
04934             160.00      -16.00
04935             160.00      -16.00
04936             160.00      -20.00
04937             120.00      -20.00
04938             120.00      -16.00
04939              80.00      -28.00
04940              40.00      -20.00
04941               0.00      -16.00
04942             -40.00      -20.00
04943            -120.00      -20.00
04944            -160.00      -20.00
04945            -280.00      -24.00
04946            -360.00      -24.00
04947            -440.00      -16.00
04948            -560.00      -20.00
04949            -680.00      -16.00
04950            -800.00      -20.00
04951            -880.00      -16.00
04952            -960.00      -20.00
04953            -960.00      -20.00
04954            -960.00      -20.00
04955            -960.00      -24.00
04956            -920.00      -16.00
04957            -880.00      -20.00
04958            -840.00      -24.00
04959            -760.00      -16.00
04960            -720.00      -32.00
04961            -640.00      -20.00
04962            -560.00      -16.00
04963            -520.00      -16.00
04964            -400.00      -20.00
04965            -400.00      -20.00
04966            -280.00      -16.00
04967            -240.00      -20.00
04968            -200.00      -24.00
04969            -200.00      -16.00
04970            -240.00      -20.00
04971            -240.00      -16.00
04972            -240.00      -20.00
04973            -240.00      -20.00
04974            -160.00      -20.00
04975             -80.00      -20.00
04976              40.00      -24.00
04977             120.00      -12.00
04978             240.00      -16.00
04979             320.00      -16.00
04980             440.00      -12.00
04981             600.00      -16.00
04982             680.00      -16.00
04983             760.00      -20.00
04984             840.00      -20.00
04985             880.00      -20.00
04986             880.00      -20.00
04987             960.00      -20.00
04988            1000.00      -16.00
04989            1000.00      -12.00
04990            1000.00      -20.00
04991             920.00      -16.00
04992             880.00      -20.00
04993             760.00      -20.00
04994             640.00      -16.00
04995             560.00      -16.00
04996             440.00      -20.00
04997             360.00      -12.00
04998             240.00      -20.00
04999             200.00      -16.00
05000             200.00      -20.00
