Unit:(mV)
                     CH1         CH2
Frequency              ?   1.220 kHz
Period                 ?  819.672 us
00001             280.00      -20.00
00002             360.00      -16.00
00003             400.00      -20.00
00004             440.00      -16.00
00005             520.00      -20.00
00006             520.00      -24.00
00007             520.00      -20.00
00008             520.00      -20.00
00009             480.00      -16.00
00010             400.00      -16.00
00011            -360.00      500.00
00012            -480.00      500.00
00013            -520.00      500.00
00014            -600.00      -36.00
00015            -640.00      -40.00
00016            -680.00      -36.00
00017            -720.00      -44.00
00018            -680.00      -36.00
00019            -720.00      -32.00
00020            -720.00      -40.00
00021            -680.00      -40.00
00022            -680.00      -36.00
00023            -600.00      -32.00
00024            -560.00      -36.00
00025            -560.00      -36.00
00026            -480.00      -36.00
00027            -400.00      -32.00
00028            -360.00      -32.00
00029            -280.00      -32.00
00030            -240.00      -36.00
00031            -160.00      -36.00
00032            -120.00      -36.00
00033             -40.00      -32.00
00034              40.00      -28.00
00035             120.00      -32.00
00036             160.00      -28.00
00037             240.00      -32.00
00038             320.00      -28.00
00039             400.00      -24.00
00040             440.00      -28.00
00041             440.00      -28.00
00042             480.00      -32.00
00043             520.00      -28.00
00044             480.00      -32.00
00045             480.00      -28.00
00046             440.00      -32.00
00047             400.00      -28.00
00048             320.00      -20.00
00049             240.00      -28.00
00050              80.00      -24.00
00051             -40.00      -24.00
00052            -160.00      -28.00
00053            -280.00      -24.00
00054            -360.00      -24.00
00055            -480.00      -28.00
00056            -560.00      -28.00
00057            -680.00      -20.00
00058            -680.00      -24.00
00059            -760.00      -24.00
00060            -760.00      -24.00
00061            -800.00      -24.00
00062            -800.00      -20.00
00063            -800.00      -24.00
00064            -800.00      -20.00
00065            -800.00      -24.00
00066            -800.00      -20.00
00067            -800.00      -28.00
00068            -760.00      -28.00
00069            -760.00      -28.00
00070            -760.00      -20.00
00071            -720.00      -24.00
00072            -680.00      -24.00
00073            -600.00      -24.00
00074            -480.00      -24.00
00075            -360.00      -24.00
00076            -200.00      -20.00
00077               0.00      -20.00
00078             160.00      -20.00
00079             360.00      -20.00
00080             520.00      -20.00
00081             640.00      -24.00
00082             800.00      -24.00
00083             880.00      -20.00
00084            1040.00      -20.00
00085            1080.00      -20.00
00086            1160.00      -20.00
00087            1200.00      -24.00
00088            1200.00      -24.00
00089            1160.00      -20.00
00090            1080.00      -24.00
00091            1000.00      -24.00
00092             920.00      -28.00
00093             800.00      -16.00
00094             680.00      -20.00
00095             560.00      -20.00
00096             480.00      -24.00
00097             360.00      -16.00
00098             240.00      -24.00
00099             200.00      -20.00
00100             160.00      -20.00
00101              40.00      -20.00
00102              40.00      -20.00
00103               0.00      -20.00
00104             -40.00      -16.00
00105             -40.00      -24.00
00106             -80.00      -20.00
00107            -160.00      -20.00
00108            -240.00      -20.00
00109            -320.00      -20.00
00110            -400.00      -20.00
00111            -480.00      -20.00
00112            -560.00      -16.00
00113            -640.00      -20.00
00114            -720.00      -20.00
00115            -720.00      -16.00
00116            -720.00      -20.00
00117            -720.00      -16.00
00118            -640.00      -20.00
00119            -560.00      -16.00
00120            -400.00      -24.00
00121            -240.00      -24.00
00122             -40.00      -16.00
00123              80.00      -20.00
00124             200.00      -20.00
00125             320.00      -16.00
00126             360.00      -20.00
00127             440.00      -32.00
00128             480.00      -20.00
00129             520.00      -20.00
00130             520.00      -20.00
00131             560.00      -20.00
00132             560.00      -16.00
00133             480.00      -20.00
00134             400.00      -16.00
00135             320.00      -12.00
00136             200.00      -24.00
00137             120.00      -16.00
00138               0.00      -16.00
00139             -80.00      -16.00
00140            -120.00      -12.00
00141            -160.00      -20.00
00142            -120.00      -20.00
00143             -80.00      -16.00
00144             -80.00      -20.00
00145            -120.00      -20.00
00146            -120.00      -20.00
00147            -120.00      -12.00
00148            -200.00      -16.00
00149            -200.00      -20.00
00150            -160.00      -16.00
00151            -240.00      -20.00
00152            -240.00      -16.00
00153            -240.00      -20.00
00154            -280.00      -16.00
00155            -280.00      -24.00
00156            -280.00      -20.00
00157            -280.00      -20.00
00158            -280.00      -20.00
00159            -200.00      -16.00
00160            -160.00      -12.00
00161             -80.00      -20.00
00162              40.00      -20.00
00163             200.00      -24.00
00164             360.00      -24.00
00165             480.00      -20.00
00166             600.00      -20.00
00167             720.00      -20.00
00168             760.00      -20.00
00169             800.00      -16.00
00170             840.00      -20.00
00171             880.00      -20.00
00172             880.00      -20.00
00173             880.00      -20.00
00174             880.00      -20.00
00175             800.00      -16.00
00176             720.00      -16.00
00177             640.00      -16.00
00178             560.00      -16.00
00179             440.00      -16.00
00180             360.00      -16.00
00181             240.00      -20.00
00182             160.00      -16.00
00183              80.00      -16.00
00184              40.00      -16.00
00185               0.00      -20.00
00186               0.00      -20.00
00187              40.00      -20.00
00188              40.00      -16.00
00189               0.00      -20.00
00190               0.00      -16.00
00191             -80.00      -16.00
00192            -120.00      -16.00
00193            -160.00      -16.00
00194            -240.00      -20.00
00195            -280.00      -20.00
00196            -280.00      -20.00
00197            -360.00      -16.00
00198            -400.00      -16.00
00199            -440.00      -20.00
00200            -520.00      -16.00
00201            -520.00      -16.00
00202            -520.00      -20.00
00203            -480.00      -20.00
00204            -400.00      -16.00
00205            -280.00      -16.00
00206            -160.00      -12.00
00207               0.00      -16.00
00208              80.00      -20.00
00209             240.00      -16.00
00210             320.00      -20.00
00211             440.00      -20.00
00212             480.00      -20.00
00213             520.00      -20.00
00214             520.00      -16.00
00215             520.00      -12.00
00216             520.00      -12.00
00217             520.00      -20.00
00218             480.00      -16.00
00219             400.00      -16.00
00220             320.00      -20.00
00221             200.00      -20.00
00222              80.00      -20.00
00223             -40.00      -24.00
00224            -120.00      -12.00
00225            -160.00      -16.00
00226            -240.00      -16.00
00227            -240.00      -16.00
00228            -280.00      -20.00
00229            -280.00      -16.00
00230            -240.00      -12.00
00231            -160.00      -16.00
00232            -120.00      -20.00
00233             -80.00      -16.00
00234             -40.00      -16.00
00235             -40.00      -20.00
00236               0.00      -12.00
00237               0.00      -16.00
00238               0.00      -16.00
00239               0.00      -16.00
00240               0.00      -20.00
00241             -40.00      -12.00
00242             -80.00      -12.00
00243             -80.00      -20.00
00244             -40.00      -20.00
00245             -80.00      -16.00
00246             -40.00      -24.00
00247              40.00      -16.00
00248              40.00      -16.00
00249             120.00      -16.00
00250             200.00      -20.00
00251             280.00      -20.00
00252             360.00      -16.00
00253             480.00      -20.00
00254             480.00      -16.00
00255             520.00      -20.00
00256             560.00      -20.00
00257             560.00      -16.00
00258             520.00      -12.00
00259             480.00      -20.00
00260             400.00      -12.00
00261            -360.00      500.00
00262            -480.00      500.00
00263            -520.00      500.00
00264            -600.00      -32.00
00265            -640.00      -36.00
00266            -720.00      -36.00
00267            -720.00      -32.00
00268            -760.00      -40.00
00269            -720.00      -36.00
00270            -720.00      -32.00
00271            -720.00      -28.00
00272            -680.00      -32.00
00273            -640.00      -28.00
00274            -600.00      -28.00
00275            -560.00      -28.00
00276            -520.00      -36.00
00277            -440.00      -32.00
00278            -400.00      -28.00
00279            -320.00      -24.00
00280            -240.00      -28.00
00281            -240.00       -4.00
00282            -160.00      -28.00
00283             -80.00      -28.00
00284               0.00      -28.00
00285              80.00      -28.00
00286             160.00      -28.00
00287             240.00      -28.00
00288             280.00      -28.00
00289             360.00      -24.00
00290             400.00      -24.00
00291             440.00      -24.00
00292             480.00      -28.00
00293             480.00      -24.00
00294             480.00      -24.00
00295             440.00      -28.00
00296             440.00      -24.00
00297             400.00      -24.00
00298             320.00      -24.00
00299             200.00      -24.00
00300              80.00      -24.00
00301             -40.00      -20.00
00302            -120.00      -28.00
00303            -240.00      -28.00
00304            -360.00      -24.00
00305            -480.00      -20.00
00306            -600.00      -28.00
00307            -640.00      -20.00
00308            -680.00      -20.00
00309            -720.00      -24.00
00310            -760.00      -24.00
00311            -760.00      -28.00
00312            -760.00      -24.00
00313            -800.00      -24.00
00314            -800.00      -24.00
00315            -760.00      -28.00
00316            -760.00      -20.00
00317            -800.00      -20.00
00318            -760.00      -28.00
00319            -760.00      -28.00
00320            -760.00      -16.00
00321            -720.00      -24.00
00322            -640.00      -28.00
00323            -560.00      -24.00
00324            -440.00      -24.00
00325            -320.00      -24.00
00326            -160.00      -20.00
00327              40.00      -16.00
00328             160.00      -24.00
00329             360.00      -20.00
00330             560.00      -20.00
00331             680.00      -20.00
00332             800.00      -20.00
00333             920.00      -24.00
00334            1080.00      -28.00
00335            1120.00      -20.00
00336            1160.00      -20.00
00337            1200.00      -20.00
00338            1160.00      -24.00
00339            1160.00      -24.00
00340            1120.00      -24.00
00341            1000.00      -20.00
00342             920.00      -24.00
00343             800.00      -20.00
00344             680.00      -24.00
00345             600.00      -20.00
00346             480.00      -20.00
00347             400.00      -28.00
00348             280.00      -28.00
00349             240.00      -28.00
00350             160.00      -20.00
00351              80.00      -24.00
00352              80.00      -16.00
00353              40.00      -24.00
00354             -40.00      -20.00
00355             -80.00      -16.00
00356             -80.00      -24.00
00357            -160.00      -20.00
00358            -240.00      -32.00
00359            -320.00      -20.00
00360            -400.00      -24.00
00361            -520.00      -20.00
00362            -600.00      -24.00
00363            -640.00      -24.00
00364            -720.00      -16.00
00365            -720.00      -20.00
00366            -760.00      -24.00
00367            -720.00      -24.00
00368            -640.00      -20.00
00369            -560.00      -20.00
00370            -400.00      -20.00
00371            -240.00      -16.00
00372             -80.00      -16.00
00373              40.00      -20.00
00374             200.00      -24.00
00375             280.00      -20.00
00376             360.00      -20.00
00377             440.00      -20.00
00378             480.00      -24.00
00379             480.00      -20.00
00380             520.00      -16.00
00381             520.00      -24.00
00382             520.00      -20.00
00383             440.00      -20.00
00384             360.00      -24.00
00385             280.00      -20.00
00386             160.00      -20.00
00387              80.00      -20.00
00388             -40.00      -16.00
00389             -80.00      -28.00
00390            -200.00      -24.00
00391            -160.00      -24.00
00392            -160.00      -20.00
00393            -120.00      -20.00
00394            -120.00      -20.00
00395            -120.00      -20.00
00396            -120.00      -24.00
00397            -120.00      -20.00
00398            -160.00      -24.00
00399            -200.00      -20.00
00400            -200.00      -20.00
00401            -240.00      -20.00
00402            -240.00      -24.00
00403            -240.00      -24.00
00404            -280.00      -20.00
00405            -280.00      -24.00
00406            -280.00      -24.00
00407            -280.00      -24.00
00408            -240.00      -20.00
00409            -200.00      -28.00
00410            -160.00      -16.00
00411             -40.00      -20.00
00412              40.00      -20.00
00413             200.00      -20.00
00414             360.00      -20.00
00415             520.00      -20.00
00416             640.00      -24.00
00417             720.00      -16.00
00418             800.00      -24.00
00419             840.00      -12.00
00420             880.00      -20.00
00421             920.00      -16.00
00422             920.00      -20.00
00423             960.00      -20.00
00424             880.00      -20.00
00425             840.00      -24.00
00426             800.00      -20.00
00427             680.00      -20.00
00428             560.00      -20.00
00429             520.00      -24.00
00430             400.00      -20.00
00431             280.00      -20.00
00432             160.00      -16.00
00433             120.00      -24.00
00434              80.00      -24.00
00435              40.00      -20.00
00436              40.00      -20.00
00437              40.00      -20.00
00438              40.00      -16.00
00439              40.00      -28.00
00440               0.00      -20.00
00441             -40.00      -24.00
00442            -120.00      -20.00
00443            -200.00      -16.00
00444            -240.00      -24.00
00445            -280.00      -20.00
00446            -320.00      -16.00
00447            -360.00      -20.00
00448            -400.00      -16.00
00449            -480.00      -20.00
00450            -520.00      -24.00
00451            -560.00      -20.00
00452            -520.00      -20.00
00453            -520.00      -24.00
00454            -400.00      -20.00
00455            -320.00      -24.00
00456            -240.00      -16.00
00457             -80.00      -24.00
00458              80.00      -16.00
00459             200.00      -28.00
00460             280.00      -20.00
00461             400.00      -20.00
00462             480.00      -16.00
00463             480.00      -24.00
00464             480.00      -20.00
00465             520.00      -20.00
00466             480.00      -24.00
00467             520.00      -16.00
00468             440.00      -20.00
00469             400.00      -20.00
00470             320.00      -20.00
00471             160.00      -20.00
00472              40.00      -16.00
00473             -40.00      -20.00
00474            -160.00      -20.00
00475            -200.00      -20.00
00476            -240.00      -24.00
00477            -280.00      -16.00
00478            -280.00      -20.00
00479            -280.00      -24.00
00480            -240.00      -12.00
00481            -200.00      -24.00
00482            -120.00      -16.00
00483             -80.00      -16.00
00484             -80.00      -16.00
00485             -80.00      -20.00
00486             -40.00      -20.00
00487             -40.00      -20.00
00488               0.00      -24.00
00489               0.00      -28.00
00490               0.00      -20.00
00491               0.00      -16.00
00492             -40.00      -20.00
00493             -80.00      -24.00
00494             -80.00      -12.00
00495             -80.00      -20.00
00496               0.00      -20.00
00497               0.00      -20.00
00498              80.00      -20.00
00499             160.00      -20.00
00500             240.00      -16.00
00501             320.00      -20.00
00502             400.00      -20.00
00503             480.00      -20.00
00504             480.00      -24.00
00505             560.00      -16.00
00506             560.00      -16.00
00507             560.00      -20.00
00508             560.00      -24.00
00509             520.00      -20.00
00510             440.00      -20.00
00511            -400.00      500.00
00512            -520.00      500.00
00513            -560.00      500.00
00514            -600.00      -36.00
00515            -680.00      -36.00
00516            -760.00      -36.00
00517            -720.00      -36.00
00518            -760.00      -40.00
00519            -760.00      -36.00
00520            -760.00      -36.00
00521            -720.00      -32.00
00522            -720.00      -28.00
00523            -680.00      -36.00
00524            -640.00      -36.00
00525            -560.00      -32.00
00526            -520.00      -36.00
00527            -480.00      -32.00
00528            -440.00      -36.00
00529            -360.00      -28.00
00530            -280.00      -32.00
00531            -240.00      -28.00
00532            -160.00      -24.00
00533            -120.00      -28.00
00534             -40.00      -32.00
00535              40.00      -28.00
00536             160.00      -28.00
00537             200.00      -28.00
00538             240.00      -28.00
00539             360.00      -28.00
00540             400.00      -24.00
00541             400.00      -28.00
00542             480.00      -24.00
00543             480.00      -28.00
00544             480.00      -20.00
00545             480.00      -24.00
00546             440.00      -28.00
00547             400.00      -28.00
00548             280.00      -24.00
00549             200.00      -24.00
00550              80.00      -20.00
00551               0.00      -24.00
00552            -120.00      -24.00
00553            -240.00      -20.00
00554            -360.00      -20.00
00555            -480.00      -20.00
00556            -560.00      -28.00
00557            -600.00      -20.00
00558            -680.00      -24.00
00559            -720.00      -28.00
00560            -720.00      -24.00
00561            -720.00      -24.00
00562            -760.00      -20.00
00563            -760.00      -20.00
00564            -760.00      -20.00
00565            -760.00      -20.00
00566            -800.00      -28.00
00567            -760.00      -20.00
00568            -760.00      -16.00
00569            -720.00      -20.00
00570            -720.00      -24.00
00571            -680.00      -20.00
00572            -640.00      -16.00
00573            -560.00      -20.00
00574            -440.00      -20.00
00575            -320.00      -20.00
00576            -120.00      -20.00
00577              40.00      -20.00
00578             200.00      -20.00
00579             400.00      -24.00
00580             560.00      -20.00
00581             680.00      -20.00
00582             840.00      -20.00
00583             960.00      -24.00
00584            1080.00      -24.00
00585            1120.00      -20.00
00586            1160.00      -20.00
00587            1200.00      -16.00
00588            1200.00      -24.00
00589            1200.00      -20.00
00590            1120.00      -16.00
00591            1040.00      -20.00
00592             920.00      -16.00
00593             840.00      -20.00
00594             720.00      -20.00
00595             600.00      -20.00
00596             520.00      -20.00
00597             400.00      -16.00
00598             280.00      -16.00
00599             240.00      -20.00
00600             120.00      -16.00
00601              80.00      -24.00
00602               0.00      -16.00
00603             -40.00      -16.00
00604             -40.00      -20.00
00605             -80.00      -24.00
00606            -160.00      -16.00
00607            -160.00      -16.00
00608            -240.00      -20.00
00609            -320.00      -20.00
00610            -400.00      -20.00
00611            -520.00      -16.00
00612            -600.00      -20.00
00613            -680.00      -16.00
00614            -720.00      -20.00
00615            -760.00      -12.00
00616            -800.00      -16.00
00617            -720.00      -16.00
00618            -680.00      -20.00
00619            -600.00      -20.00
00620            -440.00      -16.00
00621            -280.00      -20.00
00622            -120.00      -16.00
00623              40.00      -16.00
00624             160.00      -20.00
00625             240.00      -20.00
00626             320.00       -8.00
00627             400.00      -16.00
00628             440.00      -16.00
00629             480.00      -20.00
00630             480.00      -16.00
00631             480.00      -16.00
00632             480.00      -12.00
00633             440.00      -28.00
00634             360.00      -16.00
00635             280.00      -20.00
00636             160.00      -16.00
00637              80.00      -16.00
00638             -40.00      -16.00
00639             -80.00      -20.00
00640            -160.00      -16.00
00641            -120.00      -16.00
00642            -120.00      -20.00
00643            -120.00      -12.00
00644             -80.00      -16.00
00645             -80.00      -20.00
00646            -120.00      -16.00
00647            -160.00      -16.00
00648            -160.00      -16.00
00649            -200.00      -16.00
00650            -200.00      -16.00
00651            -200.00      -20.00
00652            -240.00      -16.00
00653            -240.00      -16.00
00654            -240.00      -20.00
00655            -280.00      -24.00
00656            -240.00      -16.00
00657            -240.00      -20.00
00658            -240.00      -24.00
00659            -160.00      -16.00
00660            -160.00      -12.00
00661             -80.00      -20.00
00662              80.00      -16.00
00663             240.00      -16.00
00664             400.00      -16.00
00665             560.00      -20.00
00666             680.00      -20.00
00667             760.00      -16.00
00668             800.00      -20.00
00669             880.00      -20.00
00670             920.00      -16.00
00671             960.00      -16.00
00672             960.00      -16.00
00673             960.00      -16.00
00674             920.00      -20.00
00675             880.00      -20.00
00676             800.00      -16.00
00677             720.00      -20.00
00678             600.00      -24.00
00679             520.00      -20.00
00680             400.00      -20.00
00681             280.00      -16.00
00682             160.00      -20.00
00683             120.00      -20.00
00684              80.00      -28.00
00685              40.00      -16.00
00686              40.00      -24.00
00687              40.00      -20.00
00688               0.00      -16.00
00689              40.00      -20.00
00690               0.00      -20.00
00691             -80.00      -16.00
00692            -120.00      -20.00
00693            -160.00      -20.00
00694            -240.00      -16.00
00695            -280.00      -20.00
00696            -280.00      -20.00
00697            -360.00      -24.00
00698            -400.00      -20.00
00699            -440.00      -20.00
00700            -520.00      -16.00
00701            -560.00      -20.00
00702            -560.00      -16.00
00703            -560.00      -16.00
00704            -440.00      -20.00
00705            -320.00      -20.00
00706            -240.00      -24.00
00707             -80.00      -20.00
00708               0.00      -20.00
00709             160.00      -20.00
00710             280.00      -16.00
00711             360.00      -20.00
00712             400.00      -16.00
00713             440.00      -20.00
00714             480.00      -24.00
00715             520.00      -20.00
00716             480.00      -24.00
00717             480.00      -16.00
00718             440.00      -20.00
00719             400.00      -16.00
00720             280.00      -20.00
00721             160.00      -16.00
00722              40.00      -16.00
00723             -80.00      -24.00
00724            -160.00      -16.00
00725            -160.00      -24.00
00726            -240.00      -20.00
00727            -280.00      -16.00
00728            -280.00      -20.00
00729            -280.00      -16.00
00730            -240.00      -16.00
00731            -200.00      -20.00
00732            -160.00      -24.00
00733             -80.00      -24.00
00734             -80.00      -20.00
00735             -40.00      -20.00
00736             -40.00      -16.00
00737               0.00      -20.00
00738               0.00      -20.00
00739               0.00      -16.00
00740               0.00      -20.00
00741               0.00      -24.00
00742               0.00      -20.00
00743             -40.00      -24.00
00744             -40.00      -20.00
00745             -40.00      -20.00
00746              40.00      -28.00
00747              80.00      -16.00
00748             120.00      -20.00
00749             160.00      -20.00
00750             280.00      -20.00
00751             320.00      -20.00
00752             440.00      -20.00
00753             480.00      -20.00
00754             560.00      -20.00
00755             600.00      -20.00
00756             640.00      -20.00
00757             600.00      -16.00
00758             560.00      -20.00
00759             560.00      -24.00
00760             480.00      -20.00
00761            -400.00      500.00
00762            -480.00      500.00
00763            -600.00      500.00
00764            -640.00      -44.00
00765            -720.00      -44.00
00766            -760.00      -40.00
00767            -760.00      -40.00
00768            -800.00      -44.00
00769            -800.00      -40.00
00770            -800.00      -40.00
00771            -760.00      -44.00
00772            -760.00      -40.00
00773            -720.00      -36.00
00774            -640.00      -36.00
00775            -600.00      -32.00
00776            -560.00      -32.00
00777            -480.00      -36.00
00778            -480.00      -32.00
00779            -400.00      -36.00
00780            -280.00      -32.00
00781            -280.00      -36.00
00782            -160.00      -28.00
00783            -120.00      -32.00
00784             -40.00      -32.00
00785              80.00      -28.00
00786             120.00      -28.00
00787             240.00      -32.00
00788             280.00      -28.00
00789             320.00      -28.00
00790             400.00      -28.00
00791             480.00      -28.00
00792             480.00      -28.00
00793             480.00      -28.00
00794             480.00      -28.00
00795             480.00      -28.00
00796             480.00      -28.00
00797             400.00      -28.00
00798             360.00      -28.00
00799             240.00      -28.00
00800             120.00      -28.00
00801               0.00      -28.00
00802             -80.00      -28.00
00803            -240.00      -24.00
00804            -320.00      -24.00
00805            -400.00      -32.00
00806            -560.00      -28.00
00807            -600.00      -28.00
00808            -640.00      -28.00
00809            -680.00      -28.00
00810            -720.00      -28.00
00811            -760.00      -24.00
00812            -760.00      -24.00
00813            -720.00      -20.00
00814            -720.00      -24.00
00815            -680.00      -24.00
00816            -720.00      -24.00
00817            -680.00      -24.00
00818            -720.00      -24.00
00819            -720.00      -20.00
00820            -720.00      -28.00
00821            -680.00      -24.00
00822            -600.00      -24.00
00823            -560.00      -24.00
00824            -440.00      -28.00
00825            -280.00      -24.00
00826            -120.00      -20.00
00827              40.00      -24.00
00828             200.00      -24.00
00829             360.00      -24.00
00830             560.00      -24.00
00831             720.00      -20.00
00832             880.00      -20.00
00833            1000.00      -20.00
00834            1040.00      -20.00
00835            1120.00      -16.00
00836            1160.00      -20.00
00837            1200.00      -20.00
00838            1240.00      -24.00
00839            1160.00      -24.00
00840            1080.00      -20.00
00841            1000.00      -24.00
00842             920.00      -24.00
00843             760.00      -20.00
00844             680.00      -24.00
00845             560.00      -24.00
00846             480.00      -20.00
00847             360.00      -20.00
00848             280.00      -16.00
00849             160.00      -20.00
00850             120.00      -20.00
00851              40.00      -24.00
00852               0.00      -20.00
00853             -40.00      -16.00
00854             -80.00      -20.00
00855            -120.00      -16.00
00856            -160.00      -28.00
00857            -200.00      -20.00
00858            -280.00      -20.00
00859            -360.00      -20.00
00860            -480.00      -16.00
00861            -560.00      -24.00
00862            -640.00      -20.00
00863            -720.00      -20.00
00864            -760.00      -16.00
00865            -760.00      -24.00
00866            -800.00      -20.00
00867            -760.00      -24.00
00868            -720.00      -20.00
00869            -560.00      -16.00
00870            -440.00      -20.00
00871            -280.00      -24.00
00872            -160.00      -20.00
00873               0.00      -20.00
00874             160.00      -20.00
00875             240.00      -20.00
00876             320.00      -24.00
00877             400.00      -24.00
00878             440.00      -16.00
00879             480.00      -24.00
00880             520.00      -16.00
00881             520.00      -20.00
00882             480.00      -20.00
00883             480.00      -28.00
00884             360.00      -16.00
00885             280.00      -20.00
00886             200.00      -20.00
00887             120.00      -16.00
00888               0.00      -20.00
00889             -80.00      -20.00
00890             -80.00      -16.00
00891            -160.00      -20.00
00892            -120.00      -16.00
00893             -80.00      -24.00
00894             -80.00      -16.00
00895             -80.00      -20.00
00896            -120.00      -16.00
00897            -120.00      -20.00
00898            -120.00      -20.00
00899            -120.00      -20.00
00900            -160.00      -20.00
00901            -200.00      -24.00
00902            -200.00      -20.00
00903            -240.00      -20.00
00904            -240.00      -20.00
00905            -240.00      -20.00
00906            -200.00      -16.00
00907            -240.00      -16.00
00908            -200.00      -20.00
00909            -200.00      -20.00
00910            -120.00      -24.00
00911             -40.00      -16.00
00912             120.00      -24.00
00913             240.00      -24.00
00914             400.00      -20.00
00915             560.00      -20.00
00916             640.00      -20.00
00917             760.00      -16.00
00918             840.00      -16.00
00919             880.00      -16.00
00920             920.00      -20.00
00921             960.00      -20.00
00922            1000.00      -24.00
00923             960.00      -16.00
00924             920.00      -16.00
00925             880.00      -16.00
00926             840.00      -16.00
00927             720.00      -20.00
00928             600.00      -24.00
00929             520.00      -24.00
00930             360.00      -16.00
00931             240.00      -20.00
00932             160.00      -16.00
00933              80.00      -16.00
00934              40.00      -16.00
00935              40.00      -16.00
00936               0.00      -20.00
00937              40.00      -16.00
00938              40.00      -16.00
00939               0.00      -20.00
00940             -40.00      -20.00
00941            -120.00      -24.00
00942            -120.00      -24.00
00943            -200.00      -16.00
00944            -240.00      -16.00
00945            -280.00      -16.00
00946            -320.00      -16.00
00947            -400.00      -20.00
00948            -440.00      -12.00
00949            -520.00      -20.00
00950            -560.00      -16.00
00951            -600.00      -16.00
00952            -600.00      -16.00
00953            -560.00      -16.00
00954            -520.00      -16.00
00955            -360.00      -20.00
00956            -280.00      -20.00
00957            -120.00      -16.00
00958               0.00      -16.00
00959             160.00      -16.00
00960             240.00      -24.00
00961             320.00      -20.00
00962             360.00      -16.00
00963             440.00      -12.00
00964             440.00      -12.00
00965             480.00      -16.00
00966             480.00      -16.00
00967             440.00      -16.00
00968             440.00      -20.00
00969             360.00      -16.00
00970             280.00      -16.00
00971             160.00      -12.00
00972              40.00      -16.00
00973             -80.00      -16.00
00974            -120.00      -12.00
00975            -200.00      -16.00
00976            -240.00      -20.00
00977            -280.00      -16.00
00978            -240.00      -12.00
00979            -240.00      -20.00
00980            -240.00      -16.00
00981            -160.00      -12.00
00982            -120.00      -20.00
00983             -80.00      -16.00
00984             -80.00      -16.00
00985             -40.00      -16.00
00986              40.00      -12.00
00987              40.00      -12.00
00988              40.00      -16.00
00989              40.00      -16.00
00990              40.00      -12.00
00991               0.00      -16.00
00992               0.00      -20.00
00993             -40.00      -12.00
00994             -40.00      -16.00
00995               0.00      -16.00
00996              40.00      -12.00
00997             120.00      -16.00
00998             160.00      -16.00
00999             200.00      -16.00
01000             280.00      -20.00
01001             360.00      -16.00
01002             440.00      -16.00
01003             520.00      -12.00
01004             560.00      -12.00
01005             600.00      -12.00
01006             640.00      -16.00
01007             640.00      -12.00
01008             640.00      -16.00
01009             560.00      -16.00
01010             480.00      -24.00
01011            -440.00      500.00
01012            -560.00      500.00
01013            -600.00      500.00
01014            -680.00      -28.00
01015            -720.00      -32.00
01016            -760.00      -36.00
01017            -800.00      -32.00
01018            -800.00      -32.00
01019            -840.00      -32.00
01020            -800.00      -36.00
01021            -760.00      -32.00
01022            -760.00      -36.00
01023            -720.00      -32.00
01024            -680.00      -32.00
01025            -600.00      -36.00
01026            -560.00      -32.00
01027            -520.00      -32.00
01028            -440.00      -28.00
01029            -360.00      -32.00
01030            -320.00      -28.00
01031            -240.00      -24.00
01032            -160.00      -32.00
01033             -80.00      -24.00
01034             -40.00      -24.00
01035              40.00      -32.00
01036             120.00      -28.00
01037             240.00      -24.00
01038             320.00      -24.00
01039             360.00      -28.00
01040             440.00      -20.00
01041             480.00      -28.00
01042             520.00      -24.00
01043             520.00      -24.00
01044             480.00      -28.00
01045             480.00      -24.00
01046             520.00      -24.00
01047             400.00      -28.00
01048             360.00      -24.00
01049             240.00      -24.00
01050             160.00      -20.00
01051              40.00      -20.00
01052             -80.00      -28.00
01053            -200.00      -24.00
01054            -320.00      -20.00
01055            -440.00      -20.00
01056            -520.00      -28.00
01057            -600.00      -16.00
01058            -640.00      -24.00
01059            -680.00      -20.00
01060            -720.00      -28.00
01061            -720.00      -24.00
01062            -720.00      -28.00
01063            -720.00      -24.00
01064            -720.00      -16.00
01065            -680.00      -20.00
01066            -680.00      -24.00
01067            -720.00      -24.00
01068            -720.00      -24.00
01069            -720.00      -24.00
01070            -680.00      -24.00
01071            -640.00      -24.00
01072            -640.00      -28.00
01073            -480.00      -20.00
01074            -440.00        0.00
01075            -280.00      -20.00
01076            -120.00      -20.00
01077              40.00      -20.00
01078             200.00      -20.00
01079             400.00      -24.00
01080             520.00      -24.00
01081             680.00      -28.00
01082             840.00      -28.00
01083             960.00      -20.00
01084            1040.00      -20.00
01085            1120.00      -24.00
01086            1200.00      -24.00
01087            1200.00      -20.00
01088            1200.00      -24.00
01089            1160.00      -24.00
01090            1080.00      -20.00
01091            1040.00      -28.00
01092             880.00      -16.00
01093             760.00      -24.00
01094             680.00      -24.00
01095             560.00      -24.00
01096             440.00      -20.00
01097             360.00      -20.00
01098             240.00      -28.00
01099             160.00      -20.00
01100              80.00      -24.00
01101              40.00      -28.00
01102             -40.00      -28.00
01103             -80.00      -20.00
01104             -80.00      -24.00
01105            -120.00      -24.00
01106            -160.00      -20.00
01107            -240.00      -24.00
01108            -320.00      -20.00
01109            -360.00      -20.00
01110            -480.00      -20.00
01111            -560.00      -24.00
01112            -640.00      -20.00
01113            -720.00      -20.00
01114            -800.00      -28.00
01115            -800.00      -20.00
01116            -840.00      -20.00
01117            -760.00      -24.00
01118            -720.00      -20.00
01119            -600.00      -24.00
01120            -440.00      -24.00
01121            -280.00      -16.00
01122            -120.00      -16.00
01123               0.00      -24.00
01124             160.00      -24.00
01125             240.00      -16.00
01126             280.00      -16.00
01127             400.00      -24.00
01128             400.00      -20.00
01129             480.00      -12.00
01130             520.00      -16.00
01131             520.00      -16.00
01132             520.00      -24.00
01133             480.00      -20.00
01134             400.00      -24.00
01135             320.00      -20.00
01136             200.00      -24.00
01137              80.00      -20.00
01138               0.00      -20.00
01139             -40.00      -20.00
01140             -80.00      -24.00
01141             -80.00      -24.00
01142             -80.00      -24.00
01143             -80.00      -24.00
01144             -80.00      -24.00
01145             -80.00      -20.00
01146             -80.00      -20.00
01147             -80.00      -28.00
01148            -120.00      -16.00
01149            -160.00      -20.00
01150            -160.00      -20.00
01151            -200.00      -20.00
01152            -200.00      -24.00
01153            -240.00      -16.00
01154            -240.00      -28.00
01155            -200.00      -20.00
01156            -200.00      -16.00
01157            -200.00      -20.00
01158            -200.00      -20.00
01159            -160.00      -20.00
01160             -80.00      -24.00
01161               0.00      -16.00
01162              80.00      -20.00
01163             240.00      -16.00
01164             440.00      -24.00
01165             560.00      -24.00
01166             680.00      -20.00
01167             800.00      -16.00
01168             840.00      -20.00
01169             880.00      -24.00
01170             920.00      -20.00
01171             960.00      -16.00
01172            1000.00      -20.00
01173            1000.00      -24.00
01174             960.00      -16.00
01175             880.00      -20.00
01176             800.00      -16.00
01177             720.00      -20.00
01178             560.00      -20.00
01179             480.00      -20.00
01180             360.00      -20.00
01181             240.00      -20.00
01182             160.00       -8.00
01183              80.00      -24.00
01184              40.00      -20.00
01185               0.00      -16.00
01186               0.00      -20.00
01187             -40.00      -20.00
01188              40.00      -20.00
01189               0.00      -20.00
01190             -80.00      -16.00
01191             -80.00      -20.00
01192            -160.00      -20.00
01193            -240.00      -16.00
01194            -280.00      -12.00
01195            -280.00      -24.00
01196            -360.00      -16.00
01197            -360.00      -20.00
01198            -480.00      -20.00
01199            -520.00      -16.00
01200            -600.00      -16.00
01201            -600.00      -16.00
01202            -560.00      -16.00
01203            -560.00      -16.00
01204            -520.00      -20.00
01205            -400.00      -16.00
01206            -280.00      -20.00
01207            -120.00      -16.00
01208              40.00      -24.00
01209             120.00      -16.00
01210             240.00      -16.00
01211             360.00      -16.00
01212             400.00      -24.00
01213             400.00      -16.00
01214             440.00      -16.00
01215             440.00      -20.00
01216             440.00      -24.00
01217             480.00      -20.00
01218             400.00      -16.00
01219             360.00      -20.00
01220             320.00      -12.00
01221             200.00      -20.00
01222              80.00      -16.00
01223               0.00      -12.00
01224            -160.00      -24.00
01225            -200.00      -16.00
01226            -200.00      -12.00
01227            -280.00      -20.00
01228            -280.00      -20.00
01229            -240.00      -20.00
01230            -200.00      -20.00
01231            -160.00      -20.00
01232             -80.00      -20.00
01233             -40.00      -16.00
01234             -40.00      -20.00
01235               0.00      -24.00
01236              40.00      -16.00
01237              40.00      -24.00
01238              80.00      -24.00
01239              40.00      -20.00
01240              40.00      -24.00
01241              40.00      -12.00
01242              40.00      -20.00
01243               0.00      -16.00
01244               0.00      -20.00
01245              40.00      -20.00
01246              40.00      -16.00
01247              80.00      -16.00
01248             160.00      -16.00
01249             240.00      -20.00
01250             320.00      -16.00
01251             400.00      -16.00
01252             480.00      -20.00
01253             520.00      -24.00
01254             560.00      -16.00
01255             640.00      -28.00
01256             640.00      -12.00
01257             640.00      -20.00
01258             600.00      -20.00
01259             560.00      -20.00
01260             480.00      -16.00
01261            -480.00      500.00
01262            -560.00      500.00
01263            -640.00      500.00
01264            -680.00      -44.00
01265            -760.00      -32.00
01266            -760.00      -36.00
01267            -800.00      -36.00
01268            -880.00      -36.00
01269            -840.00      -36.00
01270            -800.00      -24.00
01271            -800.00      -36.00
01272            -720.00      -36.00
01273            -680.00      -32.00
01274            -680.00      -28.00
01275            -600.00      -40.00
01276            -560.00      -32.00
01277            -480.00      -32.00
01278            -440.00      -28.00
01279            -360.00      -28.00
01280            -280.00      -28.00
01281            -200.00      -32.00
01282            -160.00      -28.00
01283             -80.00      -24.00
01284             -40.00      -32.00
01285             120.00      -28.00
01286             160.00      -24.00
01287             240.00      -24.00
01288             360.00      -28.00
01289             360.00      -28.00
01290             440.00      -28.00
01291             480.00      -24.00
01292             520.00      -24.00
01293             520.00      -28.00
01294             560.00      -36.00
01295             520.00      -24.00
01296             480.00      -24.00
01297             480.00      -24.00
01298             360.00      -20.00
01299             240.00      -24.00
01300             160.00      -12.00
01301              40.00      -24.00
01302             -80.00      -20.00
01303            -160.00      -20.00
01304            -280.00      -24.00
01305            -400.00      -16.00
01306            -520.00      -20.00
01307            -600.00      -24.00
01308            -640.00      -20.00
01309            -680.00      -20.00
01310            -680.00      -24.00
01311            -720.00      -20.00
01312            -720.00      -20.00
01313            -720.00      -24.00
01314            -720.00      -20.00
01315            -680.00      -20.00
01316            -720.00      -16.00
01317            -720.00      -20.00
01318            -720.00      -12.00
01319            -720.00      -20.00
01320            -680.00      -20.00
01321            -680.00      -20.00
01322            -640.00      -20.00
01323            -560.00      -28.00
01324            -440.00      -20.00
01325            -280.00      -16.00
01326            -120.00      -20.00
01327              40.00      -24.00
01328             200.00      -16.00
01329             360.00      -20.00
01330             560.00      -20.00
01331             680.00      -16.00
01332             840.00      -16.00
01333             960.00      -20.00
01334            1000.00      -24.00
01335            1080.00      -16.00
01336            1120.00      -16.00
01337            1160.00      -16.00
01338            1200.00      -16.00
01339            1120.00      -16.00
01340            1080.00      -16.00
01341            1000.00      -20.00
01342             880.00      -20.00
01343             720.00      -16.00
01344             640.00      -20.00
01345             520.00      -20.00
01346             440.00      -16.00
01347             320.00      -16.00
01348             200.00      -20.00
01349             160.00      -20.00
01350              80.00      -20.00
01351               0.00      -20.00
01352             -40.00      -12.00
01353             -80.00      -16.00
01354            -120.00      -16.00
01355            -160.00      -20.00
01356            -200.00      -24.00
01357            -280.00      -16.00
01358            -320.00      -16.00
01359            -400.00      -20.00
01360            -480.00      -16.00
01361            -560.00      -20.00
01362            -640.00      -16.00
01363            -720.00      -12.00
01364            -760.00      -16.00
01365            -800.00      -20.00
01366            -800.00      -20.00
01367            -760.00      -20.00
01368            -720.00      -16.00
01369            -600.00      -20.00
01370            -440.00      -16.00
01371            -280.00      -16.00
01372            -120.00      -16.00
01373              40.00      -16.00
01374             160.00      -16.00
01375             240.00      -20.00
01376             360.00      -16.00
01377             400.00      -20.00
01378             480.00      -16.00
01379             480.00      -20.00
01380             520.00      -16.00
01381             520.00      -12.00
01382             520.00      -12.00
01383             480.00      -16.00
01384             400.00      -20.00
01385             320.00      -16.00
01386             240.00      -16.00
01387             120.00      -16.00
01388              40.00      -20.00
01389               0.00      -16.00
01390             -80.00      -16.00
01391             -80.00      -16.00
01392             -40.00      -20.00
01393             -80.00      -16.00
01394             -80.00      -20.00
01395             -80.00      -16.00
01396             -80.00      -20.00
01397            -120.00      -16.00
01398             -80.00      -20.00
01399            -120.00      -28.00
01400            -160.00      -20.00
01401            -200.00      -16.00
01402            -200.00      -16.00
01403            -200.00      -12.00
01404            -200.00      -20.00
01405            -200.00      -16.00
01406            -200.00      -20.00
01407            -200.00      -20.00
01408            -200.00       -8.00
01409            -160.00      -16.00
01410            -120.00      -16.00
01411               0.00      -12.00
01412             120.00      -16.00
01413             280.00      -16.00
01414             440.00      -20.00
01415             560.00      -20.00
01416             680.00      -16.00
01417             760.00      -16.00
01418             840.00      -12.00
01419             920.00      -20.00
01420             960.00      -20.00
01421             920.00      -20.00
01422             960.00      -20.00
01423            1000.00      -16.00
01424             920.00      -16.00
01425             880.00      -20.00
01426             800.00      -20.00
01427             680.00      -16.00
01428             560.00      -16.00
01429             440.00      -16.00
01430             320.00      -20.00
01431             200.00      -20.00
01432             120.00      -20.00
01433              40.00      -16.00
01434             -40.00      -20.00
01435               0.00      -24.00
01436             -40.00      -20.00
01437             -40.00      -20.00
01438             -80.00      -20.00
01439             -80.00      -20.00
01440             -80.00      -20.00
01441            -120.00      -16.00
01442            -200.00      -20.00
01443            -240.00      -20.00
01444            -280.00      -44.00
01445            -320.00      -20.00
01446            -360.00      -16.00
01447            -400.00      -20.00
01448            -440.00      -20.00
01449            -520.00      -20.00
01450            -560.00      -16.00
01451            -600.00      -20.00
01452            -600.00      -20.00
01453            -560.00      -24.00
01454            -480.00      -16.00
01455            -400.00      -20.00
01456            -280.00      -20.00
01457            -160.00      -20.00
01458               0.00      -16.00
01459             160.00      -24.00
01460             240.00      -20.00
01461             320.00      -24.00
01462             400.00      -16.00
01463             440.00      -24.00
01464             440.00      -16.00
01465             440.00      -20.00
01466             480.00      -16.00
01467             480.00      -20.00
01468             440.00      -20.00
01469             360.00      -16.00
01470             320.00      -20.00
01471             200.00      -32.00
01472              80.00      -24.00
01473             -40.00      -16.00
01474            -120.00      -20.00
01475            -160.00      -16.00
01476            -200.00      -20.00
01477            -200.00      -24.00
01478            -240.00      -16.00
01479            -200.00      -16.00
01480            -160.00      -16.00
01481            -160.00      -24.00
01482             -80.00      -12.00
01483             -40.00      -20.00
01484              40.00      -16.00
01485              40.00      -16.00
01486              40.00      -20.00
01487              40.00      -20.00
01488              80.00      -20.00
01489              80.00      -20.00
01490              40.00      -20.00
01491              40.00      -12.00
01492              40.00      -16.00
01493              40.00      -20.00
01494               0.00      -16.00
01495              40.00      -16.00
01496              40.00      -16.00
01497             120.00      -20.00
01498             160.00      -20.00
01499             240.00      -20.00
01500             320.00      -24.00
01501             360.00      -16.00
01502             440.00      -20.00
01503             480.00      -16.00
01504             600.00      -20.00
01505             640.00      -24.00
01506             640.00      -20.00
01507             640.00      -20.00
01508             600.00      -16.00
01509             560.00      -16.00
01510             480.00      -16.00
01511            -440.00      500.00
01512            -560.00      500.00
01513            -640.00      500.00
01514            -680.00      -40.00
01515            -760.00      -36.00
01516            -760.00      -40.00
01517            -800.00      -36.00
01518            -800.00      -40.00
01519            -760.00      -36.00
01520            -800.00      -36.00
01521            -760.00      -36.00
01522            -720.00      -28.00
01523            -720.00      -40.00
01524            -640.00      -36.00
01525            -600.00      -32.00
01526            -560.00      -32.00
01527            -480.00      -32.00
01528            -400.00      -36.00
01529            -320.00      -36.00
01530            -240.00      -36.00
01531            -200.00      -32.00
01532            -120.00      -32.00
01533             -80.00      -32.00
01534              40.00      -28.00
01535             120.00      -28.00
01536             200.00      -32.00
01537             280.00      -28.00
01538             360.00      -32.00
01539             400.00      -28.00
01540             480.00      -24.00
01541             520.00      -28.00
01542             560.00      -28.00
01543             560.00      -28.00
01544             560.00      -28.00
01545             560.00      -32.00
01546             480.00      -24.00
01547             440.00      -24.00
01548             400.00      -20.00
01549             240.00      -28.00
01550             160.00      -24.00
01551              80.00      -28.00
01552             -80.00      -28.00
01553            -160.00      -24.00
01554            -320.00      -20.00
01555            -400.00      -28.00
01556            -560.00      -24.00
01557            -600.00      -24.00
01558            -640.00      -20.00
01559            -720.00      -20.00
01560            -680.00      -28.00
01561            -720.00      -28.00
01562            -720.00      -24.00
01563            -720.00      -24.00
01564            -720.00      -24.00
01565            -720.00      -24.00
01566            -720.00      -28.00
01567            -720.00      -16.00
01568            -720.00      -20.00
01569            -760.00      -20.00
01570            -720.00      -20.00
01571            -680.00      -20.00
01572            -640.00      -24.00
01573            -560.00      -16.00
01574            -440.00      -24.00
01575            -320.00      -20.00
01576            -160.00      -20.00
01577               0.00      -16.00
01578             200.00      -16.00
01579             360.00      -16.00
01580             520.00      -24.00
01581             680.00      -20.00
01582             800.00      -24.00
01583             920.00      -24.00
01584            1000.00      -20.00
01585            1080.00      -24.00
01586            1160.00      -24.00
01587            1160.00      -20.00
01588            1160.00      -24.00
01589            1160.00      -20.00
01590            1080.00      -20.00
01591             960.00      -20.00
01592             840.00      -20.00
01593             760.00      -28.00
01594             640.00      -20.00
01595             520.00      -20.00
01596             400.00      -16.00
01597             320.00      -16.00
01598             240.00      -20.00
01599             120.00      -16.00
01600              80.00      -20.00
01601               0.00      -20.00
01602               0.00      -16.00
01603             -80.00      -20.00
01604            -120.00      -16.00
01605            -160.00      -16.00
01606            -200.00      -24.00
01607            -240.00      -20.00
01608            -320.00      -16.00
01609            -400.00      -24.00
01610            -480.00      -20.00
01611            -560.00      -24.00
01612            -640.00      -12.00
01613            -680.00      -24.00
01614            -720.00      -16.00
01615            -760.00      -20.00
01616            -800.00      -20.00
01617            -720.00      -24.00
01618            -680.00      -16.00
01619            -560.00      -16.00
01620            -400.00      -16.00
01621            -280.00      -20.00
01622            -120.00      -20.00
01623              80.00      -16.00
01624             160.00      -16.00
01625             280.00      -16.00
01626             360.00      -20.00
01627             400.00      -20.00
01628             440.00      -20.00
01629             480.00      -24.00
01630             520.00      -16.00
01631             560.00      -16.00
01632             520.00      -20.00
01633             520.00      -28.00
01634             440.00      -20.00
01635             360.00      -16.00
01636             240.00      -24.00
01637             160.00      -20.00
01638              40.00      -16.00
01639               0.00      -16.00
01640             -40.00      -24.00
01641             -80.00      -24.00
01642             -40.00      -20.00
01643             -40.00      -20.00
01644             -40.00      -20.00
01645             -40.00      -16.00
01646             -80.00      -24.00
01647             -80.00      -16.00
01648            -120.00      -16.00
01649            -120.00      -16.00
01650            -160.00      -20.00
01651            -200.00      -20.00
01652            -200.00      -16.00
01653            -200.00      -20.00
01654            -200.00      -16.00
01655            -240.00      -16.00
01656            -240.00      -20.00
01657            -240.00      -20.00
01658            -200.00      -20.00
01659            -160.00      -12.00
01660             -80.00      -24.00
01661               0.00      -20.00
01662              80.00      -16.00
01663             240.00      -16.00
01664             360.00      -20.00
01665             560.00      -16.00
01666             640.00      -20.00
01667             760.00      -20.00
01668             840.00      -16.00
01669             880.00      -20.00
01670             920.00      -16.00
01671             920.00      -16.00
01672             960.00      -20.00
01673             960.00      -16.00
01674             920.00      -16.00
01675             840.00      -20.00
01676             760.00      -20.00
01677             680.00      -24.00
01678             520.00      -20.00
01679             440.00      -16.00
01680             280.00      -16.00
01681             200.00      -20.00
01682              80.00      -20.00
01683              40.00      -16.00
01684             -40.00      -12.00
01685             -40.00      -20.00
01686             -80.00      -16.00
01687             -40.00      -16.00
01688             -40.00      -20.00
01689             -80.00      -16.00
01690            -120.00      -16.00
01691            -160.00      -24.00
01692            -200.00      -16.00
01693            -240.00      -16.00
01694            -280.00      -20.00
01695            -320.00      -12.00
01696            -400.00      -12.00
01697            -400.00      -16.00
01698            -440.00      -16.00
01699            -480.00      -12.00
01700            -560.00      -20.00
01701            -560.00      -16.00
01702            -600.00      -16.00
01703            -560.00      -20.00
01704            -480.00      -24.00
01705            -360.00      -16.00
01706            -200.00      -16.00
01707             -80.00      -12.00
01708              40.00      -16.00
01709             160.00      -12.00
01710             240.00      -20.00
01711             360.00      -16.00
01712             400.00      -16.00
01713             440.00      -12.00
01714             480.00      -16.00
01715             480.00      -20.00
01716             480.00      -12.00
01717             520.00      -12.00
01718             480.00      -20.00
01719             400.00      -12.00
01720             320.00      -20.00
01721             200.00      -12.00
01722              80.00      -20.00
01723               0.00      -20.00
01724             -80.00      -16.00
01725            -160.00      -16.00
01726            -200.00      -12.00
01727            -240.00      -12.00
01728            -200.00      -20.00
01729            -240.00      -12.00
01730            -160.00      -16.00
01731            -120.00      -20.00
01732             -80.00      -16.00
01733               0.00      -12.00
01734               0.00      -16.00
01735              40.00      -12.00
01736              80.00      -12.00
01737              80.00      -12.00
01738              80.00      -12.00
01739              80.00      -20.00
01740              80.00      -16.00
01741              40.00      -16.00
01742              40.00      -12.00
01743               0.00      -12.00
01744               0.00      -16.00
01745               0.00      -16.00
01746              40.00      -16.00
01747             120.00      -12.00
01748             160.00      -12.00
01749             200.00      -16.00
01750             280.00      -16.00
01751             360.00      -16.00
01752             440.00      -16.00
01753             520.00      -20.00
01754             560.00       -8.00
01755             600.00      -16.00
01756             600.00      -16.00
01757             600.00      -16.00
01758             560.00      -20.00
01759             560.00      -16.00
01760             480.00      -16.00
01761            -440.00      500.00
01762            -520.00      500.00
01763            -600.00      500.00
01764            -640.00      -28.00
01765            -720.00      -40.00
01766            -760.00      -36.00
01767            -760.00      -36.00
01768            -800.00      -36.00
01769            -800.00      -36.00
01770            -760.00      -32.00
01771            -720.00      -28.00
01772            -720.00      -32.00
01773            -680.00      -28.00
01774            -640.00      -32.00
01775            -560.00      -36.00
01776            -520.00      -32.00
01777            -440.00      -28.00
01778            -400.00      -32.00
01779            -280.00      -28.00
01780            -240.00      -28.00
01781            -200.00      -28.00
01782             -80.00      -24.00
01783             -40.00      -20.00
01784              40.00      -24.00
01785             120.00      -24.00
01786             200.00      -28.00
01787             280.00      -28.00
01788             360.00      -24.00
01789             400.00      -32.00
01790             480.00      -24.00
01791             520.00      -28.00
01792             560.00      -24.00
01793             560.00      -28.00
01794             560.00      -24.00
01795             520.00      -28.00
01796             480.00      -24.00
01797             440.00      -28.00
01798             360.00      -20.00
01799             280.00      -24.00
01800             160.00      -24.00
01801              40.00      -24.00
01802             -40.00      -24.00
01803            -200.00      -24.00
01804            -320.00      -28.00
01805            -440.00      -32.00
01806            -560.00      -20.00
01807            -600.00      -24.00
01808            -680.00      -24.00
01809            -680.00      -20.00
01810            -760.00      -24.00
01811            -760.00      -20.00
01812            -720.00      -20.00
01813            -720.00      -24.00
01814            -720.00      -24.00
01815            -720.00      -20.00
01816            -720.00      -24.00
01817            -720.00      -20.00
01818            -760.00      -20.00
01819            -760.00      -24.00
01820            -720.00      -20.00
01821            -720.00      -24.00
01822            -640.00      -24.00
01823            -600.00      -24.00
01824            -480.00      -24.00
01825            -360.00      -24.00
01826            -160.00      -24.00
01827             -40.00      -24.00
01828             160.00      -24.00
01829             320.00      -20.00
01830             480.00      -20.00
01831             640.00      -24.00
01832             800.00      -20.00
01833             920.00      -20.00
01834            1000.00      -24.00
01835            1080.00      -24.00
01836            1120.00      -20.00
01837            1160.00      -20.00
01838            1120.00      -16.00
01839            1120.00      -20.00
01840            1040.00      -20.00
01841            1000.00      -24.00
01842             840.00      -24.00
01843             720.00      -24.00
01844             600.00      -20.00
01845             480.00      -20.00
01846             360.00      -16.00
01847             280.00      -20.00
01848             200.00      -20.00
01849             120.00      -20.00
01850              80.00      -20.00
01851               0.00      -24.00
01852             -40.00      -20.00
01853             -40.00      -20.00
01854             -80.00      -24.00
01855            -120.00      -20.00
01856            -160.00      -24.00
01857            -240.00      -20.00
01858            -280.00      -20.00
01859            -360.00      -20.00
01860            -440.00      -20.00
01861            -520.00      -20.00
01862            -640.00      -24.00
01863            -640.00      -20.00
01864            -720.00      -28.00
01865            -760.00      -16.00
01866            -760.00      -20.00
01867            -720.00      -20.00
01868            -640.00      -20.00
01869            -560.00      -20.00
01870            -400.00      -20.00
01871            -240.00      -20.00
01872             -80.00      -24.00
01873              80.00      -20.00
01874             200.00      -20.00
01875             280.00      -20.00
01876             360.00      -24.00
01877             440.00      -20.00
01878             520.00      -24.00
01879             520.00      -16.00
01880             560.00      -20.00
01881             560.00      -16.00
01882             560.00      -24.00
01883             520.00      -16.00
01884             440.00      -20.00
01885             360.00      -20.00
01886             240.00      -24.00
01887             120.00      -20.00
01888              80.00      -20.00
01889               0.00      -20.00
01890             -80.00      -16.00
01891             -80.00      -24.00
01892             -40.00      -20.00
01893             -80.00      -20.00
01894             -40.00      -12.00
01895             -80.00      -20.00
01896             -80.00      -20.00
01897             -80.00      -16.00
01898            -120.00      -20.00
01899            -160.00      -20.00
01900            -200.00      -20.00
01901            -200.00      -20.00
01902            -240.00      -20.00
01903            -240.00      -16.00
01904            -240.00      -20.00
01905            -240.00      -16.00
01906            -240.00      -20.00
01907            -240.00      -16.00
01908            -240.00      -16.00
01909            -160.00      -24.00
01910            -120.00      -24.00
01911             -40.00      -20.00
01912              80.00      -16.00
01913             240.00      -16.00
01914             400.00      -16.00
01915             560.00      -24.00
01916             640.00      -20.00
01917             720.00      -20.00
01918             800.00      -16.00
01919             840.00      -20.00
01920             880.00      -20.00
01921             960.00      -20.00
01922             960.00      -20.00
01923             920.00      -16.00
01924             880.00      -20.00
01925             840.00      -20.00
01926             760.00      -20.00
01927             680.00      -12.00
01928             520.00      -16.00
01929             440.00      -20.00
01930             280.00      -20.00
01931             200.00      -16.00
01932              80.00      -16.00
01933              40.00      -16.00
01934             -40.00      -28.00
01935             -80.00      -24.00
01936             -80.00      -20.00
01937             -40.00      -16.00
01938             -40.00      -16.00
01939             -40.00      -16.00
01940             -80.00      -16.00
01941            -120.00      -20.00
01942            -200.00      -20.00
01943            -240.00      -24.00
01944            -280.00      -20.00
01945            -320.00      -20.00
01946            -360.00      -20.00
01947            -360.00      -20.00
01948            -440.00      -20.00
01949            -480.00      -20.00
01950            -560.00      -20.00
01951            -600.00      -20.00
01952            -600.00      -24.00
01953            -520.00      -20.00
01954            -440.00      -20.00
01955            -360.00      -20.00
01956            -240.00      -20.00
01957             -80.00      -20.00
01958              40.00      -20.00
01959             200.00      -16.00
01960             320.00      -20.00
01961             360.00      -20.00
01962             440.00      -20.00
01963             480.00      -16.00
01964             520.00      -16.00
01965             480.00      -24.00
01966             480.00      -24.00
01967             520.00      -20.00
01968             480.00      -16.00
01969             400.00      -20.00
01970             280.00      -20.00
01971             200.00      -16.00
01972              40.00      -16.00
01973             -40.00      -16.00
01974             -80.00      -16.00
01975            -160.00      -16.00
01976            -200.00      -20.00
01977            -200.00      -20.00
01978            -240.00      -16.00
01979            -200.00      -16.00
01980            -160.00      -20.00
01981            -120.00      -20.00
01982             -40.00      -20.00
01983              40.00      -20.00
01984              40.00      -20.00
01985              40.00      -24.00
01986              80.00      -20.00
01987              40.00      -20.00
01988              40.00      -16.00
01989              40.00      -24.00
01990              40.00      -20.00
01991              40.00      -12.00
01992              40.00      -20.00
01993              40.00      -20.00
01994               0.00      -20.00
01995              40.00      -20.00
01996              40.00      -20.00
01997              80.00      -20.00
01998             120.00      -16.00
01999             160.00      -20.00
02000             280.00      -20.00
02001             360.00      -16.00
02002             400.00      -20.00
02003             480.00      -20.00
02004             520.00      -24.00
02005             560.00      -16.00
02006             600.00      -16.00
02007             600.00      -20.00
02008             600.00      -20.00
02009             520.00      -20.00
02010             480.00      -24.00
02011            -440.00      500.00
02012            -520.00      500.00
02013            -600.00      500.00
02014            -680.00      -40.00
02015            -640.00      -36.00
02016            -720.00      -36.00
02017            -760.00      -36.00
02018            -800.00      -40.00
02019            -720.00      -32.00
02020            -720.00      -36.00
02021            -720.00      -28.00
02022            -680.00      -32.00
02023            -640.00      -32.00
02024            -600.00      -32.00
02025            -600.00      -32.00
02026            -480.00      -32.00
02027            -440.00      -28.00
02028            -360.00      -32.00
02029            -280.00      -36.00
02030            -240.00      -28.00
02031            -160.00      -32.00
02032             -80.00      -32.00
02033             -40.00      -24.00
02034              40.00      -20.00
02035             120.00      -28.00
02036             200.00      -28.00
02037             280.00      -24.00
02038             360.00      -24.00
02039             400.00      -24.00
02040             440.00      -24.00
02041             480.00      -24.00
02042             520.00      -28.00
02043             560.00      -16.00
02044             520.00      -24.00
02045             520.00      -24.00
02046             480.00      -20.00
02047             400.00      -24.00
02048             320.00      -20.00
02049             240.00      -20.00
02050             160.00      -20.00
02051               0.00      -20.00
02052             -80.00      -16.00
02053            -240.00      -20.00
02054            -360.00      -24.00
02055            -440.00      -24.00
02056            -560.00      -20.00
02057            -600.00      -24.00
02058            -680.00      -20.00
02059            -720.00      -20.00
02060            -720.00      -20.00
02061            -760.00      -20.00
02062            -760.00      -20.00
02063            -720.00      -20.00
02064            -720.00      -16.00
02065            -720.00      -20.00
02066            -760.00      -20.00
02067            -760.00      -20.00
02068            -720.00      -16.00
02069            -720.00      -20.00
02070            -760.00      -16.00
02071            -720.00      -16.00
02072            -680.00      -16.00
02073            -600.00      -16.00
02074            -480.00      -16.00
02075            -360.00      -20.00
02076            -200.00      -20.00
02077               0.00      -20.00
02078             160.00      -16.00
02079             320.00      -16.00
02080             520.00      -16.00
02081             680.00      -20.00
02082             800.00      -20.00
02083             920.00      -20.00
02084            1000.00      -16.00
02085            1080.00      -20.00
02086            1120.00      -12.00
02087            1120.00      -20.00
02088            1120.00      -16.00
02089            1120.00      -20.00
02090            1080.00      -16.00
02091             960.00      -16.00
02092             880.00      -16.00
02093             720.00      -12.00
02094             640.00      -16.00
02095             520.00      -16.00
02096             440.00      -20.00
02097             320.00      -16.00
02098             240.00      -16.00
02099             160.00      -16.00
02100              80.00      -20.00
02101              40.00      -16.00
02102               0.00      -16.00
02103             -40.00      -20.00
02104             -80.00      -16.00
02105            -120.00      -16.00
02106            -120.00      -16.00
02107            -240.00      -16.00
02108            -280.00      -12.00
02109            -360.00      -16.00
02110            -400.00      -20.00
02111            -480.00      -20.00
02112            -560.00      -16.00
02113            -640.00      -12.00
02114            -720.00      -12.00
02115            -720.00      -16.00
02116            -720.00      -16.00
02117            -720.00      -12.00
02118            -640.00      -12.00
02119            -560.00      -20.00
02120            -360.00      -16.00
02121            -240.00      -20.00
02122             -80.00      -20.00
02123              40.00      -16.00
02124             200.00      -16.00
02125             280.00      -16.00
02126             360.00      -12.00
02127             440.00      -12.00
02128             480.00      -20.00
02129             520.00      -16.00
02130             560.00      -12.00
02131             560.00      -16.00
02132             520.00      -16.00
02133             520.00      -20.00
02134             440.00      -16.00
02135             360.00      -20.00
02136             240.00      -12.00
02137             160.00      -12.00
02138              80.00      -24.00
02139             -40.00      -16.00
02140             -80.00      -20.00
02141             -80.00      -16.00
02142             -80.00      -20.00
02143             -80.00      -20.00
02144             -80.00      -16.00
02145             -80.00      -16.00
02146             -80.00      -16.00
02147             -80.00      -20.00
02148            -120.00      -16.00
02149            -160.00      -16.00
02150            -200.00      -16.00
02151            -200.00      -16.00
02152            -240.00      -20.00
02153            -240.00      -16.00
02154            -240.00      -16.00
02155            -240.00      -16.00
02156            -240.00      -16.00
02157            -280.00      -16.00
02158            -240.00      -20.00
02159            -200.00      -12.00
02160            -160.00      -12.00
02161             -80.00      -20.00
02162              80.00      -16.00
02163             200.00      -12.00
02164             400.00      -12.00
02165             480.00      -20.00
02166             640.00      -20.00
02167             720.00      -16.00
02168             800.00      -16.00
02169             880.00      -16.00
02170             880.00      -16.00
02171             920.00      -16.00
02172             920.00      -20.00
02173             920.00      -16.00
02174             920.00      -16.00
02175             840.00      -20.00
02176             760.00      -16.00
02177             680.00      -20.00
02178             560.00      -20.00
02179             440.00      -16.00
02180             320.00      -16.00
02181             200.00      -20.00
02182              80.00      -20.00
02183               0.00      -16.00
02184             -40.00      -16.00
02185               0.00      -16.00
02186             -80.00      -16.00
02187               0.00      -16.00
02188               0.00      -16.00
02189             -80.00      -16.00
02190             -80.00      -20.00
02191            -120.00      -16.00
02192            -160.00      -16.00
02193            -240.00      -20.00
02194            -240.00      -20.00
02195            -280.00      -20.00
02196            -320.00      -20.00
02197            -360.00      -16.00
02198            -400.00      -24.00
02199            -440.00      -20.00
02200            -520.00      -20.00
02201            -560.00      -20.00
02202            -560.00      -20.00
02203            -480.00      -20.00
02204            -440.00      -20.00
02205            -320.00      -20.00
02206            -200.00      -16.00
02207             -80.00      -20.00
02208              40.00      -16.00
02209             200.00      -24.00
02210             360.00      -24.00
02211             400.00      -20.00
02212             480.00      -20.00
02213             480.00      -20.00
02214             480.00      -24.00
02215             480.00      -20.00
02216             520.00      -20.00
02217             480.00      -20.00
02218             480.00      -20.00
02219             400.00      -16.00
02220             320.00      -16.00
02221             200.00      -20.00
02222              80.00      -20.00
02223             -40.00      -20.00
02224             -80.00      -16.00
02225            -160.00      -16.00
02226            -200.00      -20.00
02227            -240.00      -20.00
02228            -240.00      -20.00
02229            -240.00      -20.00
02230            -200.00      -20.00
02231            -120.00      -20.00
02232             -40.00      -16.00
02233               0.00      -24.00
02234              40.00      -20.00
02235              40.00      -20.00
02236              40.00      -20.00
02237              40.00      -16.00
02238              80.00      -16.00
02239              40.00      -20.00
02240              80.00      -24.00
02241              40.00      -16.00
02242               0.00      -20.00
02243             -40.00      -20.00
02244               0.00      -16.00
02245               0.00      -20.00
02246               0.00      -16.00
02247              80.00      -24.00
02248             160.00      -12.00
02249             200.00      -20.00
02250             240.00      -24.00
02251             320.00      -16.00
02252             400.00      -24.00
02253             480.00      -20.00
02254             480.00      -16.00
02255             560.00      -20.00
02256             560.00      -24.00
02257             600.00      -12.00
02258             560.00      -20.00
02259             520.00      -16.00
02260             440.00      -20.00
02261            -400.00      500.00
02262            -480.00      500.00
02263            -560.00      500.00
02264            -640.00      -36.00
02265            -680.00      -40.00
02266            -720.00      -36.00
02267            -720.00      -36.00
02268            -760.00      -44.00
02269            -720.00      -36.00
02270            -720.00      -36.00
02271            -720.00      -40.00
02272            -680.00      -32.00
02273            -640.00      -36.00
02274            -600.00      -36.00
02275            -560.00      -32.00
02276            -480.00      -28.00
02277            -440.00      -32.00
02278            -360.00      -32.00
02279            -280.00      -32.00
02280            -240.00      -28.00
02281            -160.00      -32.00
02282             -80.00      -28.00
02283               0.00      -28.00
02284              40.00      -28.00
02285              80.00      -32.00
02286             160.00      -28.00
02287             240.00      -32.00
02288             320.00      -32.00
02289             400.00      -28.00
02290             440.00      -28.00
02291             440.00      -28.00
02292             520.00      -32.00
02293             520.00      -28.00
02294             520.00      -20.00
02295             480.00      -24.00
02296             440.00      -28.00
02297             400.00      -28.00
02298             320.00      -28.00
02299             200.00      -24.00
02300             120.00      -24.00
02301               0.00      -32.00
02302            -120.00      -24.00
02303            -240.00      -20.00
02304            -320.00      -24.00
02305            -480.00      -28.00
02306            -560.00      -24.00
02307            -640.00      -20.00
02308            -680.00      -20.00
02309            -720.00      -20.00
02310            -720.00      -28.00
02311            -760.00      -24.00
02312            -760.00      -24.00
02313            -760.00      -20.00
02314            -760.00      -24.00
02315            -760.00      -28.00
02316            -720.00      -24.00
02317            -760.00      -20.00
02318            -760.00      -20.00
02319            -720.00      -20.00
02320            -760.00      -20.00
02321            -720.00      -16.00
02322            -680.00      -16.00
02323            -640.00      -24.00
02324            -480.00      -24.00
02325            -360.00      -20.00
02326            -160.00      -16.00
02327               0.00      -12.00
02328             160.00      -16.00
02329             360.00      -20.00
02330             520.00      -20.00
02331             680.00      -20.00
02332             800.00      -20.00
02333             920.00      -20.00
02334            1000.00      -20.00
02335            1080.00      -16.00
02336            1160.00      -20.00
02337            1160.00      -20.00
02338            1160.00      -24.00
02339            1160.00      -24.00
02340            1080.00      -20.00
02341            1000.00      -24.00
02342             880.00      -12.00
02343             760.00      -20.00
02344             640.00      -16.00
02345             520.00      -16.00
02346             440.00      -20.00
02347             360.00      -24.00
02348             240.00      -20.00
02349             160.00      -20.00
02350              80.00      -20.00
02351              40.00      -28.00
02352               0.00      -16.00
02353             -40.00      -16.00
02354             -40.00      -20.00
02355             -80.00      -16.00
02356            -120.00      -24.00
02357            -200.00      -20.00
02358            -240.00      -20.00
02359            -320.00      -16.00
02360            -400.00      -16.00
02361            -480.00      -24.00
02362            -600.00      -16.00
02363            -640.00      -20.00
02364            -720.00      -16.00
02365            -720.00      -20.00
02366            -720.00      -20.00
02367            -720.00      -16.00
02368            -640.00      -20.00
02369            -520.00      -12.00
02370            -400.00      -20.00
02371            -240.00      -20.00
02372             -80.00      -24.00
02373              80.00      -20.00
02374             200.00      -16.00
02375             320.00      -16.00
02376             360.00      -16.00
02377             400.00      -20.00
02378             480.00      -16.00
02379             520.00      -16.00
02380             520.00      -16.00
02381             560.00      -16.00
02382             560.00      -20.00
02383             480.00      -20.00
02384             440.00      -12.00
02385             360.00      -20.00
02386             240.00      -20.00
02387             160.00      -16.00
02388              40.00      -16.00
02389               0.00      -16.00
02390             -80.00      -16.00
02391             -80.00      -24.00
02392            -120.00      -16.00
02393             -80.00      -24.00
02394             -80.00      -16.00
02395            -120.00      -16.00
02396            -120.00      -20.00
02397            -120.00      -16.00
02398            -120.00      -20.00
02399            -200.00      -16.00
02400            -200.00      -20.00
02401            -200.00      -16.00
02402            -240.00      -16.00
02403            -280.00      -24.00
02404            -280.00      -16.00
02405            -240.00      -16.00
02406            -280.00      -16.00
02407            -280.00      -12.00
02408            -280.00      -24.00
02409            -200.00      -20.00
02410            -160.00      -16.00
02411             -80.00      -20.00
02412              80.00      -16.00
02413             200.00      -16.00
02414             400.00      -12.00
02415             520.00      -20.00
02416             640.00      -16.00
02417             720.00      -16.00
02418             760.00      -20.00
02419             840.00      -12.00
02420             880.00      -20.00
02421             880.00      -16.00
02422             960.00      -16.00
02423             920.00      -24.00
02424             880.00      -20.00
02425             840.00      -16.00
02426             760.00      -16.00
02427             680.00      -20.00
02428             560.00      -16.00
02429             440.00      -20.00
02430             320.00      -12.00
02431             200.00      -16.00
02432             120.00      -12.00
02433              40.00      -16.00
02434               0.00      -16.00
02435               0.00      -12.00
02436             -40.00      -16.00
02437               0.00      -16.00
02438               0.00      -20.00
02439             -40.00      -20.00
02440             -80.00      -16.00
02441            -120.00      -16.00
02442            -160.00      -16.00
02443            -200.00      -12.00
02444            -240.00      -16.00
02445            -280.00      -16.00
02446            -280.00      -20.00
02447            -320.00      -16.00
02448            -400.00      -12.00
02449            -440.00      -20.00
02450            -480.00      -16.00
02451            -520.00      -16.00
02452            -520.00       -8.00
02453            -480.00      -16.00
02454            -440.00      -16.00
02455            -280.00      -16.00
02456            -200.00      -16.00
02457             -80.00      -12.00
02458              40.00      -16.00
02459             200.00      -12.00
02460             320.00      -12.00
02461             400.00      -16.00
02462             480.00      -16.00
02463             480.00      -12.00
02464             520.00      -16.00
02465             520.00      -16.00
02466             480.00      -16.00
02467             480.00      -16.00
02468             440.00      -20.00
02469             400.00      -16.00
02470             280.00      -16.00
02471             200.00      -12.00
02472              40.00      -12.00
02473             -40.00      -12.00
02474            -120.00      -16.00
02475            -160.00      -12.00
02476            -200.00      -16.00
02477            -240.00      -16.00
02478            -240.00      -16.00
02479            -240.00      -16.00
02480            -200.00      -16.00
02481            -120.00      -16.00
02482             -40.00      -12.00
02483             -40.00      -16.00
02484               0.00       -8.00
02485              40.00      -16.00
02486              40.00      -16.00
02487              80.00      -12.00
02488              40.00      -12.00
02489              40.00      -16.00
02490              40.00      -12.00
02491              40.00      -12.00
02492               0.00      -16.00
02493             -40.00      -16.00
02494             -40.00      -16.00
02495               0.00      -20.00
02496               0.00      -20.00
02497              80.00      -12.00
02498             120.00      -12.00
02499             200.00      -12.00
02500             280.00      -12.00
02501             320.00      -16.00
02502             400.00      -20.00
02503             480.00      -20.00
02504             520.00      -16.00
02505             560.00      -16.00
02506             560.00      -20.00
02507             560.00      -16.00
02508             560.00      -16.00
02509             520.00      -16.00
02510             440.00      -16.00
02511            -400.00      500.00
02512            -480.00      500.00
02513            -560.00      500.00
02514            -640.00      -32.00
02515            -680.00      -32.00
02516            -720.00      -36.00
02517            -720.00      -40.00
02518            -760.00      -32.00
02519            -760.00      -28.00
02520            -720.00      -36.00
02521            -720.00      -32.00
02522            -640.00      -36.00
02523            -640.00      -36.00
02524            -600.00      -32.00
02525            -560.00      -28.00
02526            -520.00      -36.00
02527            -440.00      -32.00
02528            -400.00      -28.00
02529            -320.00      -28.00
02530            -240.00      -32.00
02531            -200.00      -32.00
02532            -120.00      -28.00
02533             -40.00      -28.00
02534               0.00      -28.00
02535              80.00      -24.00
02536             160.00      -24.00
02537             280.00       -4.00
02538             280.00      -28.00
02539             360.00      -24.00
02540             400.00      -28.00
02541             440.00      -28.00
02542             480.00      -28.00
02543             480.00      -24.00
02544             480.00      -28.00
02545             480.00      -24.00
02546             400.00      -20.00
02547             400.00      -28.00
02548             320.00      -32.00
02549             200.00      -24.00
02550              80.00      -24.00
02551             -40.00      -24.00
02552            -120.00      -28.00
02553            -240.00      -24.00
02554            -360.00      -20.00
02555            -480.00      -28.00
02556            -560.00      -20.00
02557            -640.00      -28.00
02558            -680.00      -28.00
02559            -720.00      -28.00
02560            -760.00      -28.00
02561            -760.00      -24.00
02562            -760.00      -20.00
02563            -760.00      -24.00
02564            -720.00      -20.00
02565            -760.00      -24.00
02566            -760.00      -24.00
02567            -720.00      -20.00
02568            -760.00      -24.00
02569            -720.00      -24.00
02570            -760.00      -20.00
02571            -720.00      -20.00
02572            -680.00      -16.00
02573            -560.00      -24.00
02574            -480.00      -20.00
02575            -360.00      -20.00
02576            -200.00      -24.00
02577              40.00      -24.00
02578             160.00      -20.00
02579             360.00      -24.00
02580             520.00      -20.00
02581             680.00      -16.00
02582             840.00      -20.00
02583             920.00      -16.00
02584            1040.00      -20.00
02585            1080.00      -20.00
02586            1160.00      -20.00
02587            1200.00      -24.00
02588            1200.00      -24.00
02589            1160.00      -20.00
02590            1080.00      -24.00
02591            1000.00      -24.00
02592             880.00      -20.00
02593             800.00      -20.00
02594             680.00      -24.00
02595             560.00      -24.00
02596             400.00      -24.00
02597             360.00      -24.00
02598             240.00      -24.00
02599             160.00      -20.00
02600              80.00      -20.00
02601              40.00      -16.00
02602              40.00      -20.00
02603             -40.00      -20.00
02604             -40.00      -20.00
02605             -80.00      -24.00
02606            -120.00      -20.00
02607            -200.00      -20.00
02608            -240.00      -20.00
02609            -320.00      -20.00
02610            -440.00      -24.00
02611            -520.00      -16.00
02612            -600.00      -16.00
02613            -680.00      -20.00
02614            -720.00      -24.00
02615            -720.00      -16.00
02616            -760.00      -16.00
02617            -720.00      -16.00
02618            -680.00      -20.00
02619            -560.00      -24.00
02620            -440.00      -20.00
02621            -200.00      -20.00
02622             -80.00      -24.00
02623              40.00      -16.00
02624             160.00      -20.00
02625             280.00      -16.00
02626             360.00      -20.00
02627             400.00      -16.00
02628             480.00      -20.00
02629             520.00      -20.00
02630             520.00      -24.00
02631             520.00      -20.00
02632             520.00      -20.00
02633             480.00      -20.00
02634             400.00      -20.00
02635             360.00      -16.00
02636             200.00      -12.00
02637              80.00      -20.00
02638              40.00      -20.00
02639             -40.00      -20.00
02640             -80.00      -20.00
02641            -120.00      -20.00
02642            -120.00      -16.00
02643            -120.00      -24.00
02644            -120.00      -20.00
02645             -80.00      -20.00
02646            -120.00      -20.00
02647            -120.00      -12.00
02648            -120.00      -12.00
02649            -160.00      -20.00
02650            -200.00      -20.00
02651            -240.00      -20.00
02652            -240.00      -16.00
02653            -280.00      -20.00
02654            -280.00      -20.00
02655            -240.00      -20.00
02656            -280.00      -24.00
02657            -280.00      -16.00
02658            -280.00      -16.00
02659            -200.00      -20.00
02660            -160.00      -16.00
02661             -40.00      -16.00
02662              80.00      -20.00
02663             200.00      -20.00
02664             400.00      -16.00
02665             520.00      -20.00
02666             640.00      -20.00
02667             720.00      -16.00
02668             800.00      -20.00
02669             840.00      -16.00
02670             880.00      -20.00
02671             880.00      -20.00
02672             920.00      -24.00
02673             920.00      -16.00
02674             880.00      -20.00
02675             840.00      -20.00
02676             760.00      -12.00
02677             680.00      -20.00
02678             560.00      -16.00
02679             440.00      -24.00
02680             360.00      -20.00
02681             240.00      -16.00
02682             160.00      -16.00
02683              80.00      -20.00
02684               0.00      -24.00
02685               0.00      -20.00
02686               0.00      -20.00
02687               0.00      -20.00
02688               0.00      -12.00
02689             -40.00      -12.00
02690             -80.00      -16.00
02691             -80.00      -16.00
02692            -120.00      -20.00
02693            -160.00      -20.00
02694            -240.00      -16.00
02695            -280.00      -12.00
02696            -320.00      -20.00
02697            -320.00      -16.00
02698            -400.00      -16.00
02699            -400.00      -20.00
02700            -480.00      -20.00
02701            -520.00      -20.00
02702            -520.00      -12.00
02703            -480.00      -20.00
02704            -440.00      -16.00
02705            -280.00      -16.00
02706            -200.00      -20.00
02707             -80.00      -16.00
02708              80.00      -16.00
02709             200.00      -20.00
02710             280.00      -16.00
02711             400.00      -20.00
02712             440.00      -16.00
02713             480.00      -24.00
02714             440.00      -20.00
02715             480.00      -16.00
02716             480.00      -20.00
02717             440.00      -16.00
02718             440.00      -20.00
02719             360.00      -16.00
02720             280.00      -16.00
02721             160.00      -12.00
02722              40.00      -16.00
02723             -80.00      -20.00
02724            -120.00      -16.00
02725            -200.00      -16.00
02726            -240.00      -20.00
02727            -240.00      -16.00
02728            -240.00      -20.00
02729            -240.00      -20.00
02730            -240.00      -20.00
02731            -160.00      -16.00
02732             -80.00      -20.00
02733             -40.00      -16.00
02734               0.00      -20.00
02735               0.00      -20.00
02736              40.00      -20.00
02737              40.00      -20.00
02738              40.00      -16.00
02739              40.00      -20.00
02740              40.00      -16.00
02741              40.00      -12.00
02742               0.00      -20.00
02743               0.00      -16.00
02744               0.00      -20.00
02745             -40.00      -20.00
02746              40.00      -24.00
02747              80.00      -12.00
02748             120.00      -20.00
02749             200.00      -16.00
02750             240.00      -16.00
02751             360.00      -16.00
02752             440.00      -16.00
02753             480.00      -20.00
02754             520.00      -16.00
02755             560.00      -16.00
02756             600.00      -20.00
02757             600.00      -12.00
02758             560.00      -20.00
02759             520.00       -4.00
02760             440.00      -16.00
02761            -360.00      500.00
02762            -480.00      500.00
02763            -560.00      500.00
02764            -640.00      -36.00
02765            -680.00      -32.00
02766            -720.00      -32.00
02767            -760.00      -32.00
02768            -760.00      -28.00
02769            -760.00      -28.00
02770            -760.00      -36.00
02771            -720.00      -24.00
02772            -720.00      -28.00
02773            -640.00      -32.00
02774            -600.00      -24.00
02775            -600.00      -32.00
02776            -520.00      -28.00
02777            -440.00      -28.00
02778            -400.00      -24.00
02779            -320.00      -24.00
02780            -280.00      -24.00
02781            -200.00      -24.00
02782            -120.00      -20.00
02783             -80.00      -28.00
02784             -40.00      -28.00
02785              80.00      -24.00
02786             120.00      -20.00
02787             240.00      -24.00
02788             280.00      -24.00
02789             360.00      -20.00
02790             360.00      -24.00
02791             440.00      -28.00
02792             440.00      -16.00
02793             480.00      -20.00
02794             440.00      -20.00
02795             440.00      -20.00
02796             440.00      -20.00
02797             400.00      -24.00
02798             320.00      -24.00
02799             200.00      -20.00
02800              80.00      -20.00
02801               0.00      -20.00
02802            -160.00      -24.00
02803            -240.00      -16.00
02804            -360.00      -20.00
02805            -440.00      -20.00
02806            -520.00      -16.00
02807            -600.00      -16.00
02808            -680.00      -20.00
02809            -720.00      -20.00
02810            -720.00      -16.00
02811            -720.00      -20.00
02812            -720.00      -16.00
02813            -760.00      -16.00
02814            -720.00      -16.00
02815            -720.00      -16.00
02816            -720.00      -24.00
02817            -720.00      -20.00
02818            -720.00      -20.00
02819            -720.00      -16.00
02820            -720.00      -20.00
02821            -720.00      -16.00
02822            -640.00      -20.00
02823            -560.00      -16.00
02824            -440.00      -16.00
02825            -320.00      -12.00
02826            -120.00      -20.00
02827              40.00      -16.00
02828             200.00      -16.00
02829             360.00      -20.00
02830             560.00      -16.00
02831             720.00      -20.00
02832             840.00      -20.00
02833             960.00      -16.00
02834            1040.00      -16.00
02835            1120.00      -16.00
02836            1200.00      -20.00
02837            1200.00      -16.00
02838            1200.00      -16.00
02839            1160.00      -24.00
02840            1080.00      -20.00
02841            1000.00      -16.00
02842             880.00       -8.00
02843             760.00      -16.00
02844             680.00      -16.00
02845             560.00      -12.00
02846             440.00      -16.00
02847             360.00      -16.00
02848             280.00      -16.00
02849             160.00      -16.00
02850              80.00      -12.00
02851              40.00      -12.00
02852               0.00      -16.00
02853             -40.00      -20.00
02854             -80.00      -16.00
02855             -80.00      -16.00
02856            -160.00      -12.00
02857            -200.00      -12.00
02858            -280.00      -20.00
02859            -360.00      -16.00
02860            -440.00      -16.00
02861            -520.00      -16.00
02862            -600.00      -16.00
02863            -680.00      -16.00
02864            -720.00      -16.00
02865            -760.00      -16.00
02866            -800.00      -16.00
02867            -760.00      -12.00
02868            -680.00      -20.00
02869            -560.00      -12.00
02870            -440.00      -12.00
02871            -240.00      -12.00
02872             -80.00      -16.00
02873              40.00      -16.00
02874             160.00      -16.00
02875             280.00      -16.00
02876             360.00      -16.00
02877             400.00      -20.00
02878             440.00      -16.00
02879             520.00      -20.00
02880             520.00      -12.00
02881             560.00      -16.00
02882             520.00      -16.00
02883             480.00      -12.00
02884             400.00      -20.00
02885             280.00      -16.00
02886             240.00      -20.00
02887             120.00      -20.00
02888              40.00      -16.00
02889             -80.00      -12.00
02890             -80.00      -20.00
02891             -80.00      -20.00
02892            -120.00      -16.00
02893             -80.00      -16.00
02894            -120.00      -20.00
02895             -80.00      -12.00
02896            -120.00      -20.00
02897            -120.00      -16.00
02898            -160.00      -16.00
02899            -160.00      -16.00
02900            -200.00      -16.00
02901            -200.00      -20.00
02902            -240.00      -20.00
02903            -240.00      -12.00
02904            -240.00      -20.00
02905            -240.00      -16.00
02906            -280.00      -20.00
02907            -240.00      -16.00
02908            -240.00       -8.00
02909            -240.00      -24.00
02910            -160.00      -16.00
02911             -40.00      -20.00
02912              80.00      -16.00
02913             240.00      -16.00
02914             360.00      -20.00
02915             520.00      -20.00
02916             640.00      -16.00
02917             720.00      -16.00
02918             800.00      -16.00
02919             840.00      -12.00
02920             880.00      -20.00
02921             920.00      -16.00
02922             960.00      -16.00
02923             960.00      -20.00
02924             920.00      -24.00
02925             840.00      -16.00
02926             760.00      -16.00
02927             680.00      -20.00
02928             600.00      -20.00
02929             480.00      -16.00
02930             360.00      -16.00
02931             240.00      -20.00
02932             160.00      -16.00
02933              80.00      -20.00
02934              40.00      -16.00
02935               0.00      -20.00
02936              40.00      -20.00
02937              40.00      -16.00
02938               0.00      -20.00
02939               0.00      -20.00
02940             -80.00      -20.00
02941             -80.00      -20.00
02942            -120.00       -8.00
02943            -200.00      -20.00
02944            -240.00      -16.00
02945            -280.00      -20.00
02946            -320.00      -24.00
02947            -320.00      -12.00
02948            -400.00      -16.00
02949            -440.00      -20.00
02950            -520.00      -24.00
02951            -560.00      -20.00
02952            -560.00      -20.00
02953            -520.00      -16.00
02954            -440.00      -20.00
02955            -360.00      -16.00
02956            -200.00      -24.00
02957             -80.00      -16.00
02958              40.00      -16.00
02959             200.00      -12.00
02960             320.00      -20.00
02961             360.00      -24.00
02962             400.00      -16.00
02963             480.00      -20.00
02964             440.00      -20.00
02965             480.00      -24.00
02966             480.00      -20.00
02967             440.00      -16.00
02968             360.00      -16.00
02969             360.00      -16.00
02970             280.00      -24.00
02971             160.00      -24.00
02972              40.00      -20.00
02973             -80.00      -16.00
02974            -160.00      -20.00
02975            -200.00      -20.00
02976            -240.00      -16.00
02977            -280.00      -20.00
02978            -280.00      -16.00
02979            -280.00      -20.00
02980            -200.00      -20.00
02981            -160.00      -24.00
02982             -80.00      -16.00
02983             -80.00      -24.00
02984               0.00      -20.00
02985               0.00      -20.00
02986              40.00      -24.00
02987              40.00      -20.00
02988              40.00      -12.00
02989              40.00      -20.00
02990              80.00      -16.00
02991              40.00      -24.00
02992               0.00      -12.00
02993               0.00      -20.00
02994               0.00      -24.00
02995               0.00      -20.00
02996              40.00      -16.00
02997              80.00      -20.00
02998             160.00      -20.00
02999             200.00      -24.00
03000             280.00      -20.00
03001             360.00      -16.00
03002             440.00      -20.00
03003             480.00      -24.00
03004             560.00      -16.00
03005             560.00      -20.00
03006             560.00      -28.00
03007             560.00      -16.00
03008             560.00      -16.00
03009             520.00      -20.00
03010             440.00      -16.00
03011            -400.00      500.00
03012            -480.00      500.00
03013            -600.00      500.00
03014            -640.00      -44.00
03015            -680.00      -40.00
03016            -760.00      -44.00
03017            -760.00      -36.00
03018            -800.00      -36.00
03019            -800.00      -36.00
03020            -760.00      -32.00
03021            -720.00      -36.00
03022            -720.00      -36.00
03023            -680.00      -32.00
03024            -640.00      -36.00
03025            -600.00      -28.00
03026            -520.00      -52.00
03027            -480.00      -32.00
03028            -440.00      -28.00
03029            -360.00      -24.00
03030            -280.00      -32.00
03031            -240.00      -28.00
03032            -160.00      -28.00
03033             -80.00      -28.00
03034             -40.00      -32.00
03035              40.00      -32.00
03036             160.00      -32.00
03037             200.00      -32.00
03038             280.00      -24.00
03039             360.00      -24.00
03040             400.00      -24.00
03041             440.00      -28.00
03042             480.00      -28.00
03043             480.00      -28.00
03044             480.00      -28.00
03045             440.00      -24.00
03046             400.00      -28.00
03047             400.00      -24.00
03048             320.00      -28.00
03049             200.00      -24.00
03050             120.00      -28.00
03051               0.00      -28.00
03052             -80.00      -28.00
03053            -240.00      -24.00
03054            -320.00      -32.00
03055            -440.00      -20.00
03056            -560.00      -20.00
03057            -600.00      -24.00
03058            -640.00      -20.00
03059            -680.00      -28.00
03060            -720.00      -20.00
03061            -720.00      -20.00
03062            -720.00      -24.00
03063            -720.00      -16.00
03064            -720.00      -24.00
03065            -680.00      -24.00
03066            -680.00      -16.00
03067            -720.00      -16.00
03068            -720.00      -24.00
03069            -720.00      -20.00
03070            -720.00      -24.00
03071            -720.00      -24.00
03072            -600.00      -24.00
03073            -520.00      -16.00
03074            -440.00      -20.00
03075            -280.00      -20.00
03076            -160.00      -20.00
03077              40.00      -20.00
03078             200.00      -20.00
03079             400.00      -16.00
03080             560.00      -20.00
03081             680.00      -24.00
03082             840.00      -24.00
03083             960.00      -24.00
03084            1040.00      -20.00
03085            1120.00      -20.00
03086            1160.00      -20.00
03087            1200.00      -20.00
03088            1200.00      -20.00
03089            1160.00      -20.00
03090            1080.00      -20.00
03091            1000.00      -20.00
03092             920.00      -20.00
03093             760.00      -20.00
03094             640.00      -20.00
03095             560.00      -16.00
03096             440.00      -20.00
03097             360.00      -20.00
03098             240.00      -12.00
03099             160.00      -20.00
03100              80.00      -20.00
03101              40.00      -12.00
03102               0.00      -20.00
03103             -40.00      -16.00
03104             -80.00      -16.00
03105            -120.00      -24.00
03106            -160.00      -20.00
03107            -240.00      -16.00
03108            -320.00      -20.00
03109            -360.00      -16.00
03110            -480.00      -16.00
03111            -520.00      -12.00
03112            -600.00      -16.00
03113            -720.00      -12.00
03114            -760.00      -20.00
03115            -760.00      -16.00
03116            -760.00      -24.00
03117            -760.00      -16.00
03118            -720.00      -20.00
03119            -600.00      -16.00
03120            -440.00      -20.00
03121            -320.00      -16.00
03122             -80.00      -16.00
03123              40.00      -12.00
03124             160.00      -16.00
03125             240.00      -20.00
03126             320.00      -20.00
03127             400.00      -20.00
03128             440.00      -16.00
03129             520.00      -20.00
03130             480.00      -24.00
03131             520.00      -12.00
03132             520.00      -16.00
03133             480.00      -20.00
03134             360.00      -16.00
03135             320.00      -16.00
03136             200.00      -16.00
03137             120.00      -20.00
03138              40.00      -16.00
03139             -40.00      -20.00
03140             -80.00      -20.00
03141            -120.00      -16.00
03142             -80.00      -16.00
03143             -80.00      -20.00
03144             -80.00      -36.00
03145            -120.00      -16.00
03146             -80.00      -16.00
03147            -120.00      -16.00
03148            -120.00      -16.00
03149            -120.00      -16.00
03150            -160.00      -20.00
03151            -200.00      -16.00
03152            -160.00      -16.00
03153            -200.00      -16.00
03154            -240.00      -16.00
03155            -240.00      -16.00
03156            -240.00      -20.00
03157            -240.00      -16.00
03158            -240.00      -16.00
03159            -160.00      -12.00
03160            -120.00      -20.00
03161             -40.00      -24.00
03162              80.00      -16.00
03163             240.00      -20.00
03164             360.00      -16.00
03165             560.00      -16.00
03166             680.00      -16.00
03167             760.00      -16.00
03168             800.00      -16.00
03169             880.00      -16.00
03170             880.00      -12.00
03171             920.00      -12.00
03172             960.00      -20.00
03173             960.00      -16.00
03174             920.00      -20.00
03175             880.00      -16.00
03176             800.00      -12.00
03177             720.00      -12.00
03178             600.00      -12.00
03179             480.00      -12.00
03180             360.00      -16.00
03181             240.00      -16.00
03182             160.00      -20.00
03183             120.00      -12.00
03184              40.00      -20.00
03185              40.00      -16.00
03186              40.00      -16.00
03187               0.00      -16.00
03188               0.00      -16.00
03189               0.00      -12.00
03190             -80.00      -16.00
03191             -80.00      -16.00
03192            -160.00      -16.00
03193            -160.00      -16.00
03194            -240.00      -12.00
03195            -280.00      -16.00
03196            -320.00      -12.00
03197            -400.00      -20.00
03198            -400.00      -20.00
03199            -480.00      -12.00
03200            -520.00      -16.00
03201            -560.00      -12.00
03202            -560.00      -16.00
03203            -560.00      -12.00
03204            -480.00      -16.00
03205            -400.00      -16.00
03206            -240.00      -12.00
03207            -120.00      -12.00
03208               0.00      -16.00
03209             160.00      -12.00
03210             240.00      -16.00
03211             360.00      -12.00
03212             400.00      -12.00
03213             440.00      -12.00
03214             440.00      -16.00
03215             440.00      -12.00
03216             440.00      -16.00
03217             440.00      -16.00
03218             400.00      -16.00
03219             400.00      -16.00
03220             240.00      -16.00
03221             160.00      -12.00
03222              40.00      -12.00
03223             -80.00      -16.00
03224            -160.00      -12.00
03225            -200.00      -12.00
03226            -240.00      -12.00
03227            -280.00      -16.00
03228            -280.00      -16.00
03229            -280.00      -16.00
03230            -240.00      -16.00
03231            -160.00      -12.00
03232             -80.00      -16.00
03233             -40.00      -12.00
03234               0.00      -12.00
03235              40.00      -12.00
03236              40.00      -16.00
03237              40.00      -16.00
03238              80.00      -20.00
03239              80.00      -16.00
03240              80.00      -12.00
03241              40.00      -12.00
03242              40.00      -16.00
03243               0.00      -12.00
03244               0.00      -12.00
03245              40.00      -16.00
03246              80.00      -12.00
03247              80.00      -24.00
03248             160.00      -16.00
03249             240.00      -16.00
03250             320.00      -20.00
03251             360.00      -20.00
03252             440.00      -16.00
03253             480.00      -16.00
03254             560.00      -16.00
03255             560.00      -16.00
03256             600.00      -16.00
03257             560.00      -16.00
03258             600.00      -20.00
03259             520.00      -16.00
03260             440.00      -16.00
03261            -440.00      500.00
03262            -520.00      500.00
03263            -600.00      500.00
03264            -640.00      -28.00
03265            -720.00      -36.00
03266            -760.00      -32.00
03267            -800.00      -32.00
03268            -800.00      -36.00
03269            -800.00      -32.00
03270            -800.00      -36.00
03271            -760.00      -32.00
03272            -720.00      -40.00
03273            -680.00      -36.00
03274            -640.00      -32.00
03275            -600.00      -28.00
03276            -560.00      -32.00
03277            -480.00      -32.00
03278            -400.00      -28.00
03279            -360.00      -28.00
03280            -280.00      -28.00
03281            -240.00      -28.00
03282            -160.00      -28.00
03283            -120.00      -28.00
03284               0.00      -28.00
03285              80.00      -28.00
03286             160.00      -28.00
03287             200.00      -24.00
03288             240.00      -28.00
03289             360.00      -28.00
03290             400.00      -28.00
03291             440.00      -20.00
03292             480.00      -32.00
03293             520.00      -24.00
03294             520.00      -24.00
03295             480.00      -24.00
03296             480.00      -28.00
03297             400.00      -28.00
03298             320.00      -24.00
03299             240.00      -20.00
03300             120.00      -24.00
03301              40.00      -20.00
03302             -80.00      -20.00
03303            -200.00      -24.00
03304            -320.00      -24.00
03305            -400.00      -24.00
03306            -520.00      -28.00
03307            -600.00      -20.00
03308            -640.00      -20.00
03309            -680.00      -20.00
03310            -720.00      -28.00
03311            -680.00      -24.00
03312            -720.00      -24.00
03313            -720.00      -20.00
03314            -680.00      -28.00
03315            -680.00      -24.00
03316            -680.00      -24.00
03317            -680.00      -20.00
03318            -720.00      -28.00
03319            -720.00      -20.00
03320            -680.00      -24.00
03321            -640.00      -24.00
03322            -600.00      -20.00
03323            -560.00      -24.00
03324            -400.00      -20.00
03325            -280.00      -20.00
03326            -160.00      -20.00
03327              40.00      -16.00
03328             240.00      -20.00
03329             360.00      -20.00
03330             560.00      -24.00
03331             680.00      -20.00
03332             880.00      -24.00
03333             960.00      -20.00
03334            1040.00      -24.00
03335            1120.00      -16.00
03336            1160.00      -20.00
03337            1160.00      -20.00
03338            1200.00      -20.00
03339            1160.00      -20.00
03340            1080.00      -20.00
03341            1000.00      -24.00
03342             920.00      -24.00
03343             760.00      -24.00
03344             640.00      -20.00
03345             560.00      -24.00
03346             440.00      -20.00
03347             320.00      -16.00
03348             240.00      -20.00
03349             160.00      -20.00
03350              80.00      -24.00
03351               0.00      -20.00
03352               0.00      -16.00
03353             -80.00      -20.00
03354             -80.00      -20.00
03355            -120.00      -20.00
03356            -160.00      -28.00
03357            -240.00      -20.00
03358            -320.00      -24.00
03359            -400.00      -20.00
03360            -480.00      -20.00
03361            -560.00      -20.00
03362            -640.00      -20.00
03363            -720.00      -16.00
03364            -760.00      -16.00
03365            -800.00      -20.00
03366            -840.00      -24.00
03367            -760.00      -20.00
03368            -680.00      -20.00
03369            -600.00      -16.00
03370            -440.00      -20.00
03371            -280.00      -16.00
03372            -120.00      -20.00
03373              40.00      -16.00
03374             160.00      -20.00
03375             280.00      -24.00
03376             360.00      -16.00
03377             400.00      -12.00
03378             440.00      -16.00
03379             480.00      -16.00
03380             520.00      -24.00
03381             560.00      -16.00
03382             520.00      -20.00
03383             520.00      -20.00
03384             400.00      -20.00
03385             360.00      -20.00
03386             240.00      -24.00
03387             120.00      -20.00
03388              40.00      -16.00
03389               0.00      -16.00
03390             -80.00      -12.00
03391            -120.00      -20.00
03392             -80.00      -16.00
03393             -80.00      -20.00
03394             -80.00      -16.00
03395             -40.00      -20.00
03396             -80.00      -20.00
03397            -120.00      -24.00
03398            -120.00      -16.00
03399            -160.00      -20.00
03400            -160.00      -20.00
03401            -200.00      -16.00
03402            -200.00      -20.00
03403            -200.00      -20.00
03404            -200.00      -16.00
03405            -240.00      -20.00
03406            -240.00      -20.00
03407            -240.00      -16.00
03408            -200.00      -16.00
03409            -160.00      -16.00
03410             -80.00      -20.00
03411               0.00      -20.00
03412              80.00      -20.00
03413             240.00      -20.00
03414             400.00      -16.00
03415             560.00      -16.00
03416             640.00      -16.00
03417             720.00      -16.00
03418             800.00      -24.00
03419             840.00      -20.00
03420             880.00      -20.00
03421             920.00      -24.00
03422             920.00      -20.00
03423             960.00      -16.00
03424             920.00      -24.00
03425             880.00      -16.00
03426             840.00      -20.00
03427             720.00      -24.00
03428             600.00      -16.00
03429             480.00      -20.00
03430             400.00      -12.00
03431             240.00      -24.00
03432             160.00      -20.00
03433              80.00      -16.00
03434              80.00      -12.00
03435              40.00      -16.00
03436              40.00      -24.00
03437               0.00      -12.00
03438              40.00      -20.00
03439               0.00      -16.00
03440             -40.00      -20.00
03441            -120.00      -16.00
03442            -160.00      -20.00
03443            -200.00      -16.00
03444            -240.00      -20.00
03445            -280.00      -20.00
03446            -360.00      -20.00
03447            -400.00      -20.00
03448            -440.00      -20.00
03449            -480.00      -12.00
03450            -560.00      -16.00
03451            -600.00      -20.00
03452            -600.00      -20.00
03453            -560.00      -16.00
03454            -480.00      -20.00
03455            -360.00      -24.00
03456            -240.00      -12.00
03457            -120.00      -20.00
03458              40.00      -16.00
03459             120.00      -16.00
03460             240.00      -20.00
03461             360.00      -16.00
03462             400.00      -20.00
03463             400.00      -20.00
03464             440.00      -20.00
03465             440.00      -16.00
03466             400.00      -20.00
03467             480.00      -16.00
03468             400.00      -20.00
03469             360.00      -20.00
03470             280.00      -24.00
03471             160.00      -12.00
03472              40.00      -20.00
03473             -40.00      -16.00
03474            -120.00      -20.00
03475            -200.00      -20.00
03476            -240.00      -24.00
03477            -280.00      -20.00
03478            -280.00      -16.00
03479            -240.00      -20.00
03480            -200.00      -24.00
03481            -160.00      -24.00
03482             -80.00      -16.00
03483             -40.00      -16.00
03484               0.00      -20.00
03485              40.00      -28.00
03486              40.00      -20.00
03487              40.00      -24.00
03488              80.00      -20.00
03489              80.00      -16.00
03490              80.00      -16.00
03491              80.00      -20.00
03492              80.00      -20.00
03493              40.00      -16.00
03494               0.00      -16.00
03495              40.00      -12.00
03496              80.00      -20.00
03497             120.00      -20.00
03498             160.00      -12.00
03499             240.00      -16.00
03500             280.00      -20.00
03501             360.00      -16.00
03502             480.00      -16.00
03503             520.00      -16.00
03504             560.00      -16.00
03505             560.00      -16.00
03506             600.00      -20.00
03507             640.00      -12.00
03508             600.00      -16.00
03509             520.00      -16.00
03510             480.00      -16.00
03511            -440.00      500.00
03512            -560.00      500.00
03513            -600.00      500.00
03514            -680.00      -36.00
03515            -720.00      -36.00
03516            -760.00      -36.00
03517            -800.00      -36.00
03518            -800.00      -36.00
03519            -800.00      -36.00
03520            -800.00      -36.00
03521            -760.00      -28.00
03522            -720.00      -32.00
03523            -680.00      -36.00
03524            -640.00      -28.00
03525            -600.00      -28.00
03526            -560.00      -28.00
03527            -480.00      -24.00
03528            -400.00      -28.00
03529            -360.00      -24.00
03530            -280.00      -24.00
03531            -240.00      -24.00
03532            -160.00      -24.00
03533             -80.00      -24.00
03534             -40.00      -28.00
03535              80.00      -32.00
03536             120.00      -24.00
03537             240.00      -24.00
03538             320.00      -28.00
03539             400.00      -20.00
03540             400.00      -16.00
03541             440.00      -28.00
03542             480.00      -24.00
03543             520.00      -28.00
03544             520.00      -28.00
03545             480.00      -20.00
03546             480.00      -24.00
03547             400.00      -24.00
03548             360.00      -32.00
03549             240.00      -16.00
03550             120.00      -24.00
03551              40.00      -20.00
03552             -40.00      -20.00
03553            -160.00      -20.00
03554            -280.00      -16.00
03555            -400.00      -16.00
03556            -520.00      -24.00
03557            -600.00      -16.00
03558            -640.00      -16.00
03559            -680.00      -20.00
03560            -680.00      -16.00
03561            -680.00      -16.00
03562            -640.00      -16.00
03563            -720.00      -20.00
03564            -720.00      -20.00
03565            -720.00      -20.00
03566            -720.00      -20.00
03567            -680.00      -12.00
03568            -720.00      -16.00
03569            -680.00      -20.00
03570            -680.00      -20.00
03571            -680.00      -16.00
03572            -600.00      -20.00
03573            -560.00      -12.00
03574            -440.00      -16.00
03575            -320.00      -20.00
03576            -120.00      -20.00
03577               0.00      -16.00
03578             240.00      -20.00
03579             360.00      -12.00
03580             520.00      -16.00
03581             680.00      -16.00
03582             800.00      -16.00
03583             960.00      -16.00
03584            1000.00      -12.00
03585            1080.00      -16.00
03586            1160.00      -16.00
03587            1160.00      -20.00
03588            1160.00      -16.00
03589            1120.00      -12.00
03590            1080.00      -16.00
03591             960.00      -20.00
03592             880.00      -16.00
03593             720.00      -20.00
03594             640.00      -20.00
03595             520.00      -16.00
03596             440.00      -20.00
03597             320.00      -12.00
03598             200.00      -16.00
03599             120.00      -16.00
03600              80.00      -20.00
03601               0.00      -20.00
03602             -40.00      -20.00
03603             -80.00      -12.00
03604             -80.00      -20.00
03605            -120.00      -16.00
03606            -200.00      -20.00
03607            -280.00      -20.00
03608            -360.00      -16.00
03609            -400.00      -20.00
03610            -480.00      -24.00
03611            -560.00      -20.00
03612            -640.00      -16.00
03613            -720.00      -16.00
03614            -760.00      -12.00
03615            -800.00      -16.00
03616            -800.00      -16.00
03617            -800.00      -20.00
03618            -720.00      -20.00
03619            -600.00      -16.00
03620            -440.00      -16.00
03621            -320.00      -16.00
03622            -120.00      -16.00
03623              40.00      -24.00
03624             160.00      -16.00
03625             280.00      -16.00
03626             360.00      -12.00
03627             400.00      -16.00
03628             480.00      -20.00
03629             520.00      -16.00
03630             560.00      -16.00
03631             560.00      -16.00
03632             560.00      -16.00
03633             520.00      -20.00
03634             440.00      -16.00
03635             360.00      -20.00
03636             240.00      -20.00
03637             160.00      -16.00
03638              40.00      -20.00
03639             -40.00      -12.00
03640             -40.00      -20.00
03641             -80.00      -12.00
03642            -120.00      -16.00
03643             -40.00      -24.00
03644             -80.00      -20.00
03645             -80.00      -20.00
03646             -80.00      -12.00
03647             -80.00      -16.00
03648            -120.00      -28.00
03649            -160.00      -16.00
03650            -160.00      -20.00
03651            -160.00      -12.00
03652            -200.00      -16.00
03653            -200.00      -20.00
03654            -200.00      -16.00
03655            -200.00      -20.00
03656            -240.00      -20.00
03657            -280.00      -24.00
03658            -200.00      -16.00
03659            -200.00      -20.00
03660            -120.00      -20.00
03661             -40.00      -20.00
03662              80.00      -20.00
03663             240.00      -20.00
03664             400.00      -24.00
03665             520.00      -20.00
03666             640.00      -24.00
03667             760.00      -20.00
03668             800.00      -24.00
03669             840.00      -16.00
03670             880.00      -20.00
03671             920.00      -20.00
03672             920.00      -20.00
03673             960.00      -20.00
03674             960.00      -20.00
03675             880.00      -20.00
03676             800.00      -20.00
03677             720.00      -20.00
03678             600.00      -16.00
03679             480.00      -12.00
03680             360.00      -16.00
03681             240.00      -12.00
03682             160.00      -20.00
03683              80.00      -20.00
03684              40.00      -20.00
03685               0.00      -20.00
03686               0.00      -16.00
03687               0.00      -20.00
03688               0.00      -16.00
03689               0.00      -20.00
03690             -80.00      -16.00
03691            -120.00      -20.00
03692            -200.00      -12.00
03693            -240.00      -20.00
03694            -280.00      -16.00
03695            -320.00      -20.00
03696            -360.00      -20.00
03697            -400.00      -20.00
03698            -480.00      -20.00
03699            -520.00      -20.00
03700            -560.00      -16.00
03701            -600.00      -20.00
03702            -640.00      -16.00
03703            -560.00      -16.00
03704            -520.00      -16.00
03705            -400.00      -16.00
03706            -240.00      -20.00
03707            -160.00      -20.00
03708               0.00      -16.00
03709             160.00      -20.00
03710             240.00      -24.00
03711             320.00      -20.00
03712             360.00      -20.00
03713             440.00      -20.00
03714             440.00      -20.00
03715             480.00      -20.00
03716             440.00      -16.00
03717             480.00      -24.00
03718             440.00      -16.00
03719             400.00      -16.00
03720             320.00      -20.00
03721             160.00      -16.00
03722              40.00      -20.00
03723             -40.00      -20.00
03724             -80.00      -16.00
03725            -160.00      -16.00
03726            -200.00      -16.00
03727            -240.00      -20.00
03728            -240.00      -28.00
03729            -240.00      -16.00
03730            -200.00      -20.00
03731            -120.00      -28.00
03732             -80.00      -20.00
03733             -40.00      -20.00
03734              40.00      -20.00
03735               0.00      -20.00
03736              80.00      -24.00
03737              40.00      -20.00
03738              80.00      -16.00
03739              80.00      -16.00
03740              80.00      -20.00
03741              80.00      -20.00
03742              40.00      -20.00
03743              40.00      -12.00
03744              40.00      -20.00
03745              40.00      -20.00
03746              80.00      -24.00
03747             120.00      -24.00
03748             160.00      -24.00
03749             240.00      -28.00
03750             280.00      -16.00
03751             400.00      -20.00
03752             440.00      -24.00
03753             520.00      -12.00
03754             520.00      -16.00
03755             560.00      -20.00
03756             600.00      -20.00
03757             640.00      -16.00
03758             560.00      -16.00
03759             560.00      -24.00
03760             480.00      -20.00
03761            -440.00      500.00
03762            -560.00      500.00
03763            -640.00      500.00
03764            -720.00      -32.00
03765            -720.00      -40.00
03766            -760.00      -44.00
03767            -800.00      -36.00
03768            -800.00      -32.00
03769            -840.00      -36.00
03770            -760.00      -36.00
03771            -760.00      -36.00
03772            -720.00      -32.00
03773            -680.00      -36.00
03774            -640.00      -28.00
03775            -600.00      -32.00
03776            -560.00      -32.00
03777            -480.00      -32.00
03778            -400.00      -32.00
03779            -360.00      -28.00
03780            -280.00      -28.00
03781            -200.00      -32.00
03782            -160.00      -28.00
03783             -40.00      -36.00
03784               0.00      -24.00
03785              80.00      -32.00
03786             160.00      -20.00
03787             240.00      -32.00
03788             360.00      -28.00
03789             400.00      -28.00
03790             440.00      -24.00
03791             480.00      -28.00
03792             520.00      -28.00
03793             560.00      -24.00
03794             560.00      -24.00
03795             560.00      -28.00
03796             520.00      -24.00
03797             440.00      -24.00
03798             360.00      -20.00
03799             280.00      -24.00
03800             160.00      -24.00
03801              40.00      -20.00
03802             -80.00      -24.00
03803            -160.00      -24.00
03804            -320.00      -28.00
03805            -400.00      -28.00
03806            -480.00      -20.00
03807            -600.00      -28.00
03808            -640.00      -20.00
03809            -640.00      -24.00
03810            -720.00      -20.00
03811            -680.00      -20.00
03812            -720.00      -36.00
03813            -680.00      -24.00
03814            -720.00      -20.00
03815            -680.00      -20.00
03816            -680.00      -16.00
03817            -720.00      -20.00
03818            -720.00      -20.00
03819            -680.00      -24.00
03820            -720.00      -24.00
03821            -680.00      -16.00
03822            -600.00      -20.00
03823            -560.00      -20.00
03824            -480.00      -20.00
03825            -320.00      -20.00
03826            -160.00      -20.00
03827               0.00      -20.00
03828             160.00      -24.00
03829             400.00      -16.00
03830             520.00      -16.00
03831             680.00      -20.00
03832             800.00      -20.00
03833             920.00      -20.00
03834            1000.00      -20.00
03835            1080.00      -16.00
03836            1120.00      -20.00
03837            1160.00      -20.00
03838            1200.00      -16.00
03839            1120.00      -20.00
03840            1080.00      -24.00
03841             960.00      -24.00
03842             840.00      -20.00
03843             720.00      -24.00
03844             640.00      -20.00
03845             520.00      -20.00
03846             400.00      -16.00
03847             320.00      -20.00
03848             240.00      -20.00
03849             120.00      -20.00
03850              80.00      -24.00
03851               0.00      -16.00
03852             -40.00      -20.00
03853             -80.00      -20.00
03854            -120.00      -16.00
03855            -160.00      -24.00
03856            -240.00      -12.00
03857            -280.00      -16.00
03858            -280.00      -16.00
03859            -400.00      -20.00
03860            -480.00      -16.00
03861            -600.00      -20.00
03862            -680.00      -20.00
03863            -720.00      -20.00
03864            -800.00      -16.00
03865            -760.00      -20.00
03866            -800.00      -12.00
03867            -760.00      -20.00
03868            -720.00      -16.00
03869            -600.00      -20.00
03870            -440.00      -20.00
03871            -280.00      -16.00
03872             -80.00      -16.00
03873              40.00      -16.00
03874             160.00      -16.00
03875             240.00      -20.00
03876             400.00      -16.00
03877             480.00      -12.00
03878             520.00      -20.00
03879             520.00      -16.00
03880             560.00      -20.00
03881             560.00      -16.00
03882             560.00      -16.00
03883             520.00      -20.00
03884             480.00      -16.00
03885             360.00      -20.00
03886             280.00      -20.00
03887             160.00      -16.00
03888              40.00      -16.00
03889               0.00      -20.00
03890             -40.00      -20.00
03891             -80.00      -16.00
03892             -40.00      -16.00
03893             -40.00      -20.00
03894             -40.00      -16.00
03895             -40.00      -20.00
03896             -80.00      -20.00
03897             -80.00      -16.00
03898             -80.00      -20.00
03899            -120.00      -20.00
03900            -160.00      -16.00
03901            -160.00      -16.00
03902            -200.00      -16.00
03903            -200.00      -20.00
03904            -240.00      -16.00
03905            -240.00      -16.00
03906            -200.00      -16.00
03907            -240.00      -16.00
03908            -200.00      -16.00
03909            -160.00      -12.00
03910            -160.00      -16.00
03911             -40.00      -20.00
03912              80.00      -20.00
03913             240.00      -20.00
03914             400.00      -12.00
03915             520.00      -20.00
03916             640.00      -16.00
03917             720.00      -20.00
03918             760.00      -12.00
03919             840.00      -16.00
03920             920.00      -20.00
03921             920.00      -16.00
03922             920.00      -20.00
03923             960.00      -20.00
03924             920.00      -16.00
03925             840.00      -16.00
03926             800.00      -20.00
03927             680.00      -16.00
03928             560.00      -16.00
03929             480.00      -12.00
03930             360.00      -16.00
03931             200.00      -20.00
03932             160.00      -16.00
03933              40.00      -12.00
03934              40.00      -16.00
03935               0.00      -20.00
03936             -40.00      -20.00
03937               0.00      -16.00
03938               0.00      -16.00
03939             -40.00      -12.00
03940             -80.00      -20.00
03941            -120.00      -16.00
03942            -200.00      -12.00
03943            -280.00      -20.00
03944            -280.00      -12.00
03945            -360.00      -12.00
03946            -360.00      -16.00
03947            -440.00      -16.00
03948            -480.00      -24.00
03949            -520.00      -16.00
03950            -600.00      -20.00
03951            -600.00      -20.00
03952            -600.00      -12.00
03953            -560.00      -16.00
03954            -520.00      -16.00
03955            -400.00      -20.00
03956            -280.00      -16.00
03957            -120.00      -16.00
03958               0.00       -8.00
03959             160.00      -12.00
03960             240.00      -12.00
03961             320.00      -20.00
03962             400.00      -16.00
03963             400.00      -16.00
03964             440.00      -16.00
03965             480.00      -12.00
03966             480.00      -12.00
03967             480.00      -20.00
03968             440.00      -16.00
03969             400.00      -12.00
03970             320.00      -16.00
03971             200.00      -16.00
03972             120.00      -20.00
03973               0.00      -16.00
03974             -80.00      -16.00
03975            -160.00      -16.00
03976            -200.00      -16.00
03977            -240.00      -12.00
03978            -240.00      -20.00
03979            -240.00      -12.00
03980            -200.00      -16.00
03981            -120.00      -12.00
03982             -40.00      -16.00
03983             -40.00      -12.00
03984              40.00      -16.00
03985              40.00      -12.00
03986              80.00      -16.00
03987              80.00      -12.00
03988              80.00      -16.00
03989              80.00      -16.00
03990              80.00      -16.00
03991              80.00      -16.00
03992              40.00      -16.00
03993              40.00      -12.00
03994              40.00      -12.00
03995              40.00      -16.00
03996              80.00      -16.00
03997             120.00      -16.00
03998             160.00      -20.00
03999             240.00      -12.00
04000             280.00      -16.00
04001             360.00      -20.00
04002             440.00      -16.00
04003             520.00      -16.00
04004             560.00      -12.00
04005             560.00      -20.00
04006             560.00      -16.00
04007             600.00      -16.00
04008             560.00      -16.00
04009             520.00      -20.00
04010             440.00      -12.00
04011            -440.00      500.00
04012            -560.00      500.00
04013            -600.00      500.00
04014            -680.00      -40.00
04015            -720.00      -36.00
04016            -760.00      -44.00
04017            -760.00      -36.00
04018            -800.00      -36.00
04019            -760.00      -36.00
04020            -800.00      -36.00
04021            -720.00      -32.00
04022            -680.00      -36.00
04023            -680.00      -28.00
04024            -600.00      -36.00
04025            -560.00      -32.00
04026            -520.00      -32.00
04027            -440.00      -28.00
04028            -400.00      -36.00
04029            -360.00      -20.00
04030            -240.00      -28.00
04031            -200.00      -32.00
04032            -120.00      -28.00
04033             -40.00      -32.00
04034              40.00      -32.00
04035             120.00      -28.00
04036             200.00      -32.00
04037             240.00      -28.00
04038             360.00      -32.00
04039             360.00      -28.00
04040             480.00      -24.00
04041             480.00      -24.00
04042             560.00      -24.00
04043             560.00      -24.00
04044             560.00      -28.00
04045             520.00      -32.00
04046             520.00      -24.00
04047             440.00      -28.00
04048             400.00      -24.00
04049             280.00      -24.00
04050             160.00      -24.00
04051              40.00      -24.00
04052             -40.00      -28.00
04053            -160.00      -28.00
04054            -280.00      -32.00
04055            -400.00      -28.00
04056            -520.00      -20.00
04057            -560.00      -24.00
04058            -640.00      -20.00
04059            -680.00      -24.00
04060            -680.00      -20.00
04061            -720.00      -20.00
04062            -720.00      -24.00
04063            -720.00      -32.00
04064            -720.00      -28.00
04065            -720.00      -24.00
04066            -720.00      -24.00
04067            -720.00      -24.00
04068            -720.00      -24.00
04069            -720.00      -24.00
04070            -720.00      -28.00
04071            -680.00      -24.00
04072            -640.00      -16.00
04073            -560.00      -28.00
04074            -440.00      -24.00
04075            -360.00      -16.00
04076            -200.00      -20.00
04077               0.00      -16.00
04078             160.00      -24.00
04079             320.00      -24.00
04080             520.00      -16.00
04081             640.00      -28.00
04082             760.00      -16.00
04083             880.00      -24.00
04084            1000.00      -28.00
04085            1040.00      -16.00
04086            1080.00      -28.00
04087            1160.00      -24.00
04088            1160.00      -28.00
04089            1120.00      -24.00
04090            1040.00      -20.00
04091             960.00      -20.00
04092             840.00      -24.00
04093             720.00      -24.00
04094             600.00      -24.00
04095             480.00      -24.00
04096             400.00      -24.00
04097             280.00      -20.00
04098             160.00      -20.00
04099              80.00      -24.00
04100              80.00      -28.00
04101               0.00      -20.00
04102             -40.00      -12.00
04103             -80.00      -20.00
04104             -80.00      -16.00
04105            -160.00      -20.00
04106            -200.00      -24.00
04107            -240.00      -20.00
04108            -320.00      -20.00
04109            -400.00      -20.00
04110            -480.00      -24.00
04111            -560.00      -20.00
04112            -640.00      -16.00
04113            -720.00      -20.00
04114            -760.00      -24.00
04115            -800.00      -20.00
04116            -800.00      -20.00
04117            -760.00      -16.00
04118            -720.00      -16.00
04119            -600.00      -20.00
04120            -400.00      -24.00
04121            -240.00      -12.00
04122             -80.00      -16.00
04123              80.00      -20.00
04124             240.00      -16.00
04125             320.00      -20.00
04126             400.00      -16.00
04127             480.00      -16.00
04128             520.00      -20.00
04129             600.00      -20.00
04130             560.00      -20.00
04131             600.00      -20.00
04132             600.00      -16.00
04133             560.00      -20.00
04134             480.00      -20.00
04135             400.00      -20.00
04136             280.00      -16.00
04137             160.00      -16.00
04138              80.00      -16.00
04139               0.00      -20.00
04140             -40.00      -16.00
04141             -80.00      -20.00
04142             -40.00      -20.00
04143             -80.00      -24.00
04144             -80.00      -20.00
04145             -80.00      -20.00
04146             -80.00      -20.00
04147             -80.00      -16.00
04148            -120.00      -16.00
04149            -120.00      -16.00
04150            -160.00      -20.00
04151            -160.00      -24.00
04152            -240.00      -24.00
04153            -240.00      -20.00
04154            -200.00      -20.00
04155            -240.00      -16.00
04156            -240.00      -16.00
04157            -240.00      -20.00
04158            -240.00      -16.00
04159            -200.00      -24.00
04160            -120.00      -12.00
04161             -80.00      -20.00
04162              40.00      -16.00
04163             200.00      -16.00
04164             360.00      -16.00
04165             520.00      -20.00
04166             640.00      -16.00
04167             720.00      -16.00
04168             760.00      -20.00
04169             840.00      -16.00
04170             880.00      -20.00
04171             920.00      -20.00
04172             920.00      -16.00
04173             960.00      -16.00
04174             920.00      -24.00
04175             840.00      -24.00
04176             760.00      -24.00
04177             680.00      -16.00
04178             560.00      -16.00
04179             440.00      -16.00
04180             320.00      -20.00
04181             200.00      -20.00
04182             120.00      -16.00
04183              40.00      -24.00
04184               0.00      -24.00
04185             -80.00      -20.00
04186             -40.00      -24.00
04187             -40.00      -16.00
04188             -40.00      -20.00
04189             -80.00      -20.00
04190             -80.00      -20.00
04191            -160.00      -16.00
04192            -200.00      -20.00
04193            -240.00      -24.00
04194            -280.00      -20.00
04195            -320.00      -20.00
04196            -400.00      -16.00
04197            -440.00      -20.00
04198            -440.00      -20.00
04199            -480.00      -16.00
04200            -600.00      -16.00
04201            -600.00      -20.00
04202            -600.00      -20.00
04203            -560.00      -16.00
04204            -480.00      -20.00
04205            -400.00      -16.00
04206            -280.00      -16.00
04207             -80.00      -20.00
04208              40.00      -16.00
04209             160.00      -16.00
04210             280.00      -16.00
04211             360.00      -28.00
04212             440.00      -24.00
04213             440.00      -20.00
04214             480.00      -20.00
04215             480.00      -20.00
04216             520.00      -16.00
04217             520.00      -20.00
04218             480.00      -20.00
04219             400.00      -20.00
04220             360.00      -24.00
04221             240.00      -20.00
04222             120.00      -20.00
04223              40.00      -24.00
04224             -80.00      -16.00
04225            -120.00      -12.00
04226            -160.00      -20.00
04227            -200.00      -24.00
04228            -200.00      -24.00
04229            -200.00      -20.00
04230            -160.00      -16.00
04231            -120.00      -20.00
04232             -40.00      -16.00
04233               0.00      -16.00
04234              40.00      -16.00
04235              80.00      -20.00
04236              80.00      -20.00
04237              80.00      -20.00
04238              80.00      -20.00
04239              80.00      -20.00
04240              80.00      -16.00
04241              40.00      -20.00
04242              40.00      -16.00
04243              40.00      -20.00
04244               0.00      -24.00
04245              40.00      -12.00
04246              40.00      -24.00
04247              80.00      -20.00
04248             160.00      -16.00
04249             240.00      -20.00
04250             280.00      -16.00
04251             360.00      -20.00
04252             400.00      -12.00
04253             480.00      -16.00
04254             520.00      -20.00
04255             560.00      -16.00
04256             600.00      -16.00
04257             560.00      -16.00
04258             560.00      -20.00
04259             520.00      -16.00
04260             440.00      -16.00
04261            -400.00      500.00
04262            -520.00      500.00
04263            -600.00      500.00
04264            -640.00      -40.00
04265            -720.00      -32.00
04266            -720.00      -36.00
04267            -760.00      -32.00
04268            -760.00      -36.00
04269            -720.00      -32.00
04270            -720.00      -32.00
04271            -720.00      -28.00
04272            -680.00      -36.00
04273            -640.00      -32.00
04274            -560.00      -32.00
04275            -560.00      -28.00
04276            -480.00      -28.00
04277            -400.00      -28.00
04278            -320.00      -32.00
04279            -280.00      -24.00
04280            -240.00      -28.00
04281            -160.00      -24.00
04282             -80.00      -28.00
04283             -40.00      -24.00
04284              80.00      -28.00
04285             120.00      -28.00
04286             200.00      -28.00
04287             280.00      -24.00
04288             360.00      -28.00
04289             440.00      -24.00
04290             480.00      -28.00
04291             520.00      -24.00
04292             560.00      -24.00
04293             560.00      -24.00
04294             560.00      -24.00
04295             560.00      -24.00
04296             520.00      -24.00
04297             480.00      -20.00
04298             400.00      -20.00
04299             280.00      -20.00
04300             160.00      -20.00
04301              40.00      -20.00
04302             -80.00      -24.00
04303            -160.00      -24.00
04304            -320.00      -20.00
04305            -440.00      -28.00
04306            -520.00      -20.00
04307            -600.00      -24.00
04308            -640.00      -16.00
04309            -720.00      -28.00
04310            -760.00      -24.00
04311            -760.00      -20.00
04312            -720.00      -20.00
04313            -720.00      -24.00
04314            -720.00      -20.00
04315            -760.00      -16.00
04316            -720.00      -20.00
04317            -720.00      -16.00
04318            -720.00      -20.00
04319            -720.00      -16.00
04320            -720.00      -32.00
04321            -720.00      -24.00
04322            -640.00      -16.00
04323            -600.00      -12.00
04324            -480.00      -20.00
04325            -320.00      -20.00
04326            -200.00      -16.00
04327               0.00      -16.00
04328             160.00      -20.00
04329             320.00      -20.00
04330             480.00      -20.00
04331             640.00      -20.00
04332             800.00      -20.00
04333             880.00      -20.00
04334            1000.00      -16.00
04335            1040.00      -20.00
04336            1080.00      -20.00
04337            1160.00      -20.00
04338            1120.00      -16.00
04339            1080.00      -16.00
04340            1040.00      -20.00
04341             920.00      -16.00
04342             880.00      -20.00
04343             680.00      -16.00
04344             600.00      -16.00
04345             480.00      -16.00
04346             400.00      -16.00
04347             280.00      -20.00
04348             200.00      -16.00
04349             120.00      -20.00
04350              80.00      -20.00
04351              40.00      -16.00
04352               0.00      -20.00
04353             -40.00      -16.00
04354             -80.00      -16.00
04355            -120.00      -20.00
04356            -200.00      -16.00
04357            -200.00      -20.00
04358            -280.00      -20.00
04359            -400.00      -20.00
04360            -440.00      -16.00
04361            -520.00      -24.00
04362            -600.00      -16.00
04363            -680.00      -16.00
04364            -720.00      -16.00
04365            -800.00      -24.00
04366            -800.00      -20.00
04367            -720.00      -16.00
04368            -640.00      -20.00
04369            -560.00      -16.00
04370            -400.00      -20.00
04371            -240.00      -16.00
04372             -40.00      -16.00
04373              80.00      -20.00
04374             240.00      -12.00
04375             360.00      -16.00
04376             360.00      -20.00
04377             480.00      -20.00
04378             520.00      -16.00
04379             560.00      -20.00
04380             600.00      -24.00
04381             600.00      -20.00
04382             600.00      -20.00
04383             560.00      -16.00
04384             480.00      -20.00
04385             400.00      -16.00
04386             320.00      -16.00
04387             200.00      -20.00
04388              80.00      -24.00
04389               0.00      -16.00
04390             -40.00      -12.00
04391             -80.00      -12.00
04392             -40.00      -24.00
04393             -40.00      -24.00
04394             -80.00      -16.00
04395             -40.00      -20.00
04396             -80.00      -16.00
04397            -120.00      -20.00
04398            -120.00      -16.00
04399            -120.00      -20.00
04400            -160.00      -16.00
04401            -200.00      -16.00
04402            -240.00      -16.00
04403            -240.00      -20.00
04404            -280.00      -20.00
04405            -280.00      -16.00
04406            -240.00      -16.00
04407            -240.00      -24.00
04408            -240.00      -24.00
04409            -200.00      -24.00
04410            -160.00      -20.00
04411             -80.00      -24.00
04412              40.00      -20.00
04413             200.00      -24.00
04414             360.00      -16.00
04415             520.00      -28.00
04416             600.00      -20.00
04417             680.00      -20.00
04418             760.00      -24.00
04419             840.00      -24.00
04420             880.00      -12.00
04421             880.00      -20.00
04422             920.00      -20.00
04423             920.00      -20.00
04424             880.00      -20.00
04425             840.00      -20.00
04426             760.00      -20.00
04427             680.00      -16.00
04428             560.00      -20.00
04429             440.00      -20.00
04430             320.00      -16.00
04431             200.00      -20.00
04432              80.00      -20.00
04433              40.00      -24.00
04434               0.00      -16.00
04435             -40.00      -20.00
04436             -40.00      -20.00
04437             -40.00      -20.00
04438             -40.00      -24.00
04439             -80.00      -20.00
04440             -80.00      -16.00
04441            -160.00      -20.00
04442            -200.00      -24.00
04443            -200.00      -20.00
04444            -280.00      -24.00
04445            -320.00      -20.00
04446            -360.00      -16.00
04447            -400.00      -20.00
04448            -440.00      -24.00
04449            -480.00      -12.00
04450            -560.00      -20.00
04451            -560.00      -20.00
04452            -560.00      -32.00
04453            -560.00      -20.00
04454            -480.00      -24.00
04455            -360.00      -20.00
04456            -240.00      -24.00
04457             -80.00      -28.00
04458              40.00      -20.00
04459             160.00      -20.00
04460             280.00      -24.00
04461             360.00      -20.00
04462             440.00      -16.00
04463             480.00      -20.00
04464             480.00      -20.00
04465             560.00      -16.00
04466             520.00      -20.00
04467             520.00      -20.00
04468             520.00      -16.00
04469             440.00      -20.00
04470             360.00      -24.00
04471             240.00      -20.00
04472             120.00      -28.00
04473              40.00      -24.00
04474             -80.00      -20.00
04475            -120.00      -12.00
04476            -160.00      -16.00
04477            -200.00      -16.00
04478            -200.00      -20.00
04479            -200.00      -16.00
04480            -160.00      -20.00
04481             -80.00      -20.00
04482             -40.00      -16.00
04483             -40.00      -20.00
04484              40.00      -24.00
04485              80.00      -20.00
04486              40.00      -20.00
04487              80.00      -20.00
04488              80.00      -24.00
04489              80.00      -20.00
04490              40.00      -16.00
04491              40.00      -24.00
04492               0.00      -16.00
04493              40.00      -16.00
04494               0.00      -20.00
04495               0.00      -24.00
04496              80.00      -12.00
04497              40.00      -16.00
04498             120.00      -20.00
04499             200.00      -20.00
04500             240.00      -20.00
04501             320.00      -24.00
04502             400.00      -24.00
04503             440.00      -16.00
04504             520.00      -20.00
04505             560.00      -24.00
04506             560.00      -20.00
04507             560.00      -20.00
04508             560.00      -20.00
04509             480.00      -20.00
04510             400.00      -16.00
04511            -400.00      500.00
04512            -480.00      500.00
04513            -560.00      500.00
04514            -640.00      -36.00
04515            -680.00      -36.00
04516            -720.00      -40.00
04517            -720.00      -36.00
04518            -720.00      -44.00
04519            -720.00      -36.00
04520            -720.00      -40.00
04521            -680.00      -40.00
04522            -640.00      -40.00
04523            -600.00      -36.00
04524            -600.00      -36.00
04525            -520.00      -32.00
04526            -480.00      -32.00
04527            -400.00      -36.00
04528            -320.00      -36.00
04529            -280.00      -32.00
04530            -240.00      -32.00
04531            -200.00      -28.00
04532             -80.00      -28.00
04533               0.00      -32.00
04534              40.00      -20.00
04535             120.00      -32.00
04536             240.00      -28.00
04537             320.00      -28.00
04538             400.00      -28.00
04539             400.00      -36.00
04540             440.00      -32.00
04541             480.00      -28.00
04542             520.00      -24.00
04543             560.00      -20.00
04544             520.00      -20.00
04545             520.00      -28.00
04546             520.00      -28.00
04547             440.00      -28.00
04548             360.00      -28.00
04549             240.00      -24.00
04550             120.00      -28.00
04551               0.00      -16.00
04552             -80.00      -24.00
04553            -240.00      -24.00
04554            -360.00      -24.00
04555            -440.00      -24.00
04556            -560.00      -24.00
04557            -640.00      -24.00
04558            -680.00      -24.00
04559            -720.00      -28.00
04560            -800.00      -28.00
04561            -760.00      -20.00
04562            -760.00      -20.00
04563            -760.00      -28.00
04564            -760.00      -24.00
04565            -760.00      -20.00
04566            -760.00      -24.00
04567            -760.00      -24.00
04568            -760.00      -24.00
04569            -760.00      -28.00
04570            -760.00      -24.00
04571            -760.00      -20.00
04572            -720.00      -20.00
04573            -600.00      -20.00
04574            -520.00      -16.00
04575            -360.00      -24.00
04576            -200.00      -20.00
04577             -40.00      -24.00
04578             120.00      -24.00
04579             280.00      -24.00
04580             480.00      -20.00
04581             640.00      -28.00
04582             760.00      -24.00
04583             880.00      -20.00
04584            1000.00      -20.00
04585            1040.00      -12.00
04586            1080.00      -20.00
04587            1120.00      -20.00
04588            1080.00      -28.00
04589            1120.00      -16.00
04590            1040.00      -16.00
04591            1000.00      -16.00
04592             840.00      -20.00
04593             720.00      -24.00
04594             640.00      -24.00
04595             520.00      -16.00
04596             400.00      -12.00
04597             320.00      -20.00
04598             200.00      -20.00
04599             120.00      -16.00
04600              40.00      -16.00
04601              40.00      -28.00
04602               0.00      -16.00
04603             -40.00      -16.00
04604             -80.00      -20.00
04605             -80.00      -20.00
04606            -200.00      -16.00
04607            -200.00      -16.00
04608            -280.00      -16.00
04609            -360.00      -20.00
04610            -400.00      -12.00
04611            -560.00      -16.00
04612            -600.00      -16.00
04613            -680.00      -16.00
04614            -720.00      -16.00
04615            -720.00      -20.00
04616            -760.00      -16.00
04617            -680.00      -20.00
04618            -640.00      -16.00
04619            -520.00      -20.00
04620            -360.00      -16.00
04621            -240.00      -16.00
04622             -40.00      -20.00
04623              80.00      -32.00
04624             240.00      -20.00
04625             320.00      -20.00
04626             400.00      -16.00
04627             440.00      -20.00
04628             520.00      -16.00
04629             560.00      -20.00
04630             600.00      -24.00
04631             600.00      -16.00
04632             600.00      -20.00
04633             560.00      -16.00
04634             480.00      -20.00
04635             400.00      -12.00
04636             240.00      -16.00
04637             160.00      -16.00
04638              80.00      -20.00
04639               0.00      -20.00
04640             -80.00      -16.00
04641             -80.00      -20.00
04642             -80.00      -20.00
04643             -80.00      -16.00
04644             -80.00      -20.00
04645             -40.00      -16.00
04646             -80.00      -16.00
04647            -120.00      -12.00
04648            -160.00      -12.00
04649            -200.00      -16.00
04650            -200.00      -16.00
04651            -240.00      -16.00
04652            -240.00      -16.00
04653            -280.00      -20.00
04654            -280.00      -16.00
04655            -240.00      -16.00
04656            -280.00      -16.00
04657            -280.00      -16.00
04658            -280.00      -16.00
04659            -240.00      -20.00
04660            -200.00      -12.00
04661             -80.00      -20.00
04662               0.00      -20.00
04663             160.00      -16.00
04664             320.00      -16.00
04665             480.00      -16.00
04666             600.00      -16.00
04667             680.00      -20.00
04668             760.00      -20.00
04669             800.00       -8.00
04670             840.00      -20.00
04671             880.00      -24.00
04672             920.00      -16.00
04673             920.00      -12.00
04674             880.00      -12.00
04675             800.00      -12.00
04676             760.00      -20.00
04677             680.00      -16.00
04678             520.00      -16.00
04679             440.00      -16.00
04680             280.00      -12.00
04681             160.00      -16.00
04682              80.00      -12.00
04683              40.00      -12.00
04684               0.00      -12.00
04685             -40.00      -16.00
04686             -80.00      -16.00
04687             -40.00      -16.00
04688             -40.00      -16.00
04689             -80.00      -20.00
04690             -80.00      -16.00
04691            -120.00      -16.00
04692            -160.00      -16.00
04693            -200.00      -12.00
04694            -280.00      -16.00
04695            -320.00      -16.00
04696            -320.00      -16.00
04697            -400.00      -16.00
04698            -400.00      -12.00
04699            -440.00      -16.00
04700            -520.00      -12.00
04701            -560.00      -12.00
04702            -560.00      -16.00
04703            -560.00      -12.00
04704            -440.00      -16.00
04705            -360.00      -20.00
04706            -200.00      -16.00
04707             -80.00      -16.00
04708              40.00      -16.00
04709             200.00      -20.00
04710             320.00      -24.00
04711             400.00      -12.00
04712             440.00      -16.00
04713             520.00      -20.00
04714             520.00      -16.00
04715             560.00      -20.00
04716             560.00      -16.00
04717             520.00      -16.00
04718             480.00      -16.00
04719             440.00      -16.00
04720             360.00      -16.00
04721             240.00      -20.00
04722             120.00      -12.00
04723               0.00      -16.00
04724             -80.00      -16.00
04725            -120.00      -20.00
04726            -160.00      -16.00
04727            -200.00      -12.00
04728            -200.00      -16.00
04729            -240.00      -12.00
04730            -200.00      -12.00
04731            -120.00      -20.00
04732             -80.00      -16.00
04733               0.00      -20.00
04734               0.00      -16.00
04735               0.00      -20.00
04736              40.00      -12.00
04737              80.00      -20.00
04738              40.00      -20.00
04739              40.00      -16.00
04740              40.00      -20.00
04741               0.00      -24.00
04742               0.00      -20.00
04743             -40.00      -16.00
04744             -40.00      -16.00
04745               0.00      -16.00
04746               0.00      -16.00
04747              40.00      -20.00
04748             120.00      -20.00
04749             160.00      -16.00
04750             200.00      -20.00
04751             320.00      -20.00
04752             360.00      -20.00
04753             480.00      -20.00
04754             480.00      -24.00
04755             520.00      -24.00
04756             560.00      -16.00
04757             560.00      -24.00
04758             560.00      -16.00
04759             480.00      -20.00
04760             400.00      -24.00
04761            -400.00      500.00
04762            -440.00      500.00
04763            -560.00      500.00
04764            -600.00      -40.00
04765            -640.00      -36.00
04766            -680.00      -44.00
04767            -720.00      -36.00
04768            -720.00      -32.00
04769            -720.00      -40.00
04770            -680.00      -36.00
04771            -640.00      -36.00
04772            -640.00      -32.00
04773            -600.00      -36.00
04774            -560.00      -36.00
04775            -520.00      -40.00
04776            -440.00      -32.00
04777            -400.00      -28.00
04778            -320.00      -28.00
04779            -280.00      -36.00
04780            -240.00      -32.00
04781            -160.00      -28.00
04782             -40.00      -32.00
04783               0.00      -32.00
04784              40.00      -32.00
04785             120.00      -32.00
04786             200.00      -32.00
04787             280.00      -24.00
04788             320.00      -28.00
04789             400.00      -28.00
04790             440.00      -32.00
04791             480.00      -28.00
04792             520.00      -32.00
04793             520.00      -32.00
04794             520.00      -32.00
04795             520.00      -20.00
04796             480.00      -28.00
04797             400.00      -28.00
04798             320.00      -32.00
04799             240.00      -28.00
04800              80.00      -28.00
04801               0.00      -32.00
04802            -120.00      -24.00
04803            -240.00      -24.00
04804            -400.00      -24.00
04805            -520.00      -20.00
04806            -560.00      -24.00
04807            -640.00      -36.00
04808            -720.00      -24.00
04809            -720.00      -28.00
04810            -760.00      -28.00
04811            -800.00      -32.00
04812            -760.00      -24.00
04813            -800.00      -28.00
04814            -800.00      -20.00
04815            -800.00      -24.00
04816            -760.00      -28.00
04817            -760.00      -24.00
04818            -800.00      -28.00
04819            -760.00      -24.00
04820            -760.00      -24.00
04821            -720.00      -28.00
04822            -720.00      -20.00
04823            -600.00      -20.00
04824            -480.00      -20.00
04825            -400.00      -20.00
04826            -240.00      -20.00
04827             -40.00      -24.00
04828             120.00      -24.00
04829             320.00      -28.00
04830             480.00      -24.00
04831             640.00      -24.00
04832             800.00      -28.00
04833             880.00      -24.00
04834            1000.00      -28.00
04835            1040.00      -24.00
04836            1120.00      -24.00
04837            1120.00      -24.00
04838            1120.00      -24.00
04839            1080.00      -20.00
04840            1040.00      -24.00
04841            1000.00      -24.00
04842             880.00      -20.00
04843             760.00      -20.00
04844             640.00      -24.00
04845             520.00      -20.00
04846             400.00      -20.00
04847             320.00      -20.00
04848             240.00      -24.00
04849             160.00      -20.00
04850              80.00      -24.00
04851              80.00      -16.00
04852              40.00      -16.00
04853               0.00      -20.00
04854             -40.00      -24.00
04855             -80.00      -20.00
04856            -120.00      -20.00
04857            -200.00      -16.00
04858            -240.00      -20.00
04859            -320.00      -24.00
04860            -400.00      -24.00
04861            -480.00      -20.00
04862            -560.00      -20.00
04863            -640.00      -24.00
04864            -680.00      -20.00
04865            -720.00      -24.00
04866            -720.00      -16.00
04867            -720.00      -20.00
04868            -640.00      -20.00
04869            -520.00      -24.00
04870            -360.00      -20.00
04871            -240.00      -20.00
04872             -80.00      -20.00
04873              80.00      -20.00
04874             200.00      -20.00
04875             320.00      -16.00
04876             400.00      -16.00
04877             440.00      -24.00
04878             480.00      -16.00
04879             560.00      -24.00
04880             600.00      -16.00
04881             560.00      -16.00
04882             600.00      -20.00
04883             520.00      -20.00
04884             440.00      -20.00
04885             360.00      -24.00
04886             280.00      -20.00
04887             120.00      -24.00
04888              80.00      -12.00
04889               0.00        0.00
04890             -80.00      -16.00
04891             -80.00      -20.00
04892             -80.00      -20.00
04893            -120.00      -12.00
04894             -80.00      -20.00
04895            -120.00      -20.00
04896            -120.00      -24.00
04897            -160.00      -20.00
04898            -160.00      -20.00
04899            -200.00      -20.00
04900            -240.00      -20.00
04901            -240.00      -20.00
04902            -240.00      -20.00
04903            -280.00      -16.00
04904            -280.00      -24.00
04905            -280.00      -20.00
04906            -280.00      -20.00
04907            -280.00      -20.00
04908            -280.00      -20.00
04909            -280.00      -16.00
04910            -200.00      -16.00
04911             -80.00      -20.00
04912               0.00      -24.00
04913             160.00      -16.00
04914             320.00      -20.00
04915             480.00      -20.00
04916             560.00      -20.00
04917             680.00      -20.00
04918             760.00      -16.00
04919             840.00      -12.00
04920             880.00      -24.00
04921             880.00      -20.00
04922             880.00      -24.00
04923             920.00      -16.00
04924             880.00      -20.00
04925             800.00      -16.00
04926             760.00      -20.00
04927             680.00      -16.00
04928             560.00      -16.00
04929             440.00      -20.00
04930             320.00      -20.00
04931             200.00      -20.00
04932             120.00      -24.00
04933               0.00      -24.00
04934               0.00      -20.00
04935             -40.00      -16.00
04936             -40.00      -16.00
04937             -40.00      -16.00
04938               0.00      -20.00
04939             -40.00      -20.00
04940             -80.00      -16.00
04941             -80.00      -20.00
04942            -120.00      -24.00
04943            -160.00      -20.00
04944            -240.00      -20.00
04945            -240.00      -16.00
04946            -280.00      -16.00
04947            -360.00      -20.00
04948            -400.00      -16.00
04949            -440.00      -12.00
04950            -480.00      -20.00
04951            -520.00      -20.00
04952            -520.00      -16.00
04953            -520.00      -20.00
04954            -440.00      -20.00
04955            -280.00      -16.00
04956            -200.00      -20.00
04957             -80.00      -20.00
04958              80.00      -16.00
04959             200.00      -16.00
04960             320.00      -20.00
04961             400.00      -16.00
04962             440.00      -20.00
04963             480.00      -24.00
04964             520.00      -20.00
04965             560.00      -16.00
04966             520.00      -20.00
04967             520.00      -20.00
04968             480.00      -16.00
04969             440.00      -20.00
04970             360.00      -20.00
04971             240.00      -12.00
04972             120.00      -24.00
04973               0.00      -20.00
04974             -80.00      -16.00
04975            -120.00      -20.00
04976            -160.00      -28.00
04977            -200.00      -20.00
04978            -240.00      -20.00
04979            -240.00      -20.00
04980            -200.00      -20.00
04981            -160.00      -20.00
04982             -80.00      -12.00
04983             -40.00      -16.00
04984             -40.00      -16.00
04985               0.00      -20.00
04986              40.00      -20.00
04987              80.00      -20.00
04988              40.00      -16.00
04989              40.00      -24.00
04990              40.00      -16.00
04991               0.00      -16.00
04992               0.00      -20.00
04993             -40.00      -16.00
04994             -80.00      -16.00
04995             -40.00      -16.00
04996               0.00      -20.00
04997              40.00      -20.00
04998              80.00      -20.00
04999             120.00      -12.00
05000             200.00      -20.00
