Unit:(mV)
                     CH1         CH2
Frequency              ?   1.220 kHz
Period                 ?  819.672 us
00001             680.00      -20.00
00002             720.00      -16.00
00003             760.00      -20.00
00004             760.00      -20.00
00005             800.00      -20.00
00006             760.00      -16.00
00007             680.00      -20.00
00008             640.00      -20.00
00009             560.00      -24.00
00010             440.00      -16.00
00011            -680.00      500.00
00012            -760.00      500.00
00013            -800.00      -32.00
00014            -840.00      -32.00
00015            -840.00      -36.00
00016            -880.00      -40.00
00017            -840.00      -36.00
00018            -840.00      -36.00
00019            -800.00      -32.00
00020            -760.00      -36.00
00021            -720.00      -44.00
00022            -600.00      -28.00
00023            -560.00      -32.00
00024            -520.00      -32.00
00025            -440.00      -36.00
00026            -360.00      -36.00
00027            -240.00      -28.00
00028            -240.00      -28.00
00029            -160.00      -32.00
00030             -80.00      -36.00
00031               0.00      -24.00
00032              80.00      -24.00
00033             200.00      -28.00
00034             240.00      -28.00
00035             360.00      -28.00
00036             440.00      -28.00
00037             480.00      -32.00
00038             560.00      -28.00
00039             600.00      -24.00
00040             600.00      -24.00
00041             640.00      -24.00
00042             600.00      -28.00
00043             560.00      -20.00
00044             560.00      -24.00
00045             520.00      -24.00
00046             400.00      -20.00
00047             360.00      -20.00
00048             240.00      -28.00
00049             120.00      -24.00
00050               0.00      -20.00
00051            -160.00      -24.00
00052            -240.00      -24.00
00053            -400.00      -28.00
00054            -480.00      -24.00
00055            -600.00      -24.00
00056            -680.00      -20.00
00057            -760.00      -24.00
00058            -800.00      -20.00
00059            -840.00      -24.00
00060            -880.00      -24.00
00061            -880.00      -20.00
00062            -920.00      -24.00
00063            -920.00      -24.00
00064            -920.00      -16.00
00065            -920.00      -28.00
00066            -920.00      -24.00
00067            -920.00      -16.00
00068            -880.00      -24.00
00069            -880.00      -20.00
00070            -840.00      -24.00
00071            -760.00      -24.00
00072            -640.00      -20.00
00073            -600.00      -20.00
00074            -400.00      -16.00
00075            -200.00      -20.00
00076             -40.00      -20.00
00077             160.00      -16.00
00078             400.00      -16.00
00079             600.00      -20.00
00080             760.00      -16.00
00081             920.00      -16.00
00082            1040.00      -24.00
00083            1120.00      -20.00
00084            1200.00      -24.00
00085            1280.00      -16.00
00086            1280.00      -20.00
00087            1240.00      -20.00
00088            1240.00      -20.00
00089            1200.00      -20.00
00090            1120.00      -16.00
00091            1000.00      -24.00
00092             880.00      -16.00
00093             720.00      -16.00
00094             640.00      -20.00
00095             560.00      -20.00
00096             440.00      -20.00
00097             400.00      -20.00
00098             320.00      -16.00
00099             280.00      -20.00
00100             240.00      -16.00
00101             200.00      -20.00
00102             160.00      -16.00
00103             120.00      -16.00
00104               0.00      -16.00
00105             -40.00      -24.00
00106            -120.00      -16.00
00107            -240.00      -16.00
00108            -320.00      -28.00
00109            -440.00      -16.00
00110            -560.00      -24.00
00111            -640.00      -16.00
00112            -720.00      -20.00
00113            -760.00      -20.00
00114            -760.00      -20.00
00115            -800.00      -16.00
00116            -760.00      -16.00
00117            -720.00      -24.00
00118            -600.00      -16.00
00119            -480.00      -20.00
00120            -320.00      -16.00
00121            -160.00      -12.00
00122              40.00      -16.00
00123             120.00      -16.00
00124             240.00      -20.00
00125             280.00      -16.00
00126             360.00      -16.00
00127             320.00      -16.00
00128             360.00      -16.00
00129             360.00      -12.00
00130             320.00      -20.00
00131             280.00      -16.00
00132             240.00      -16.00
00133             200.00      -24.00
00134              80.00      -12.00
00135               0.00      -16.00
00136             -80.00      -20.00
00137            -120.00      -16.00
00138            -200.00      -20.00
00139            -200.00      -16.00
00140            -240.00      -20.00
00141            -200.00      -16.00
00142            -160.00      -16.00
00143            -160.00      -12.00
00144            -160.00      -12.00
00145            -160.00      -12.00
00146            -200.00      -16.00
00147            -240.00      -16.00
00148            -280.00      -12.00
00149            -320.00      -16.00
00150            -320.00      -16.00
00151            -360.00      -24.00
00152            -400.00      -12.00
00153            -400.00      -16.00
00154            -400.00      -20.00
00155            -400.00      -20.00
00156            -400.00      -16.00
00157            -360.00      -16.00
00158            -280.00      -16.00
00159            -200.00       -8.00
00160             -80.00      -16.00
00161              40.00      -16.00
00162             240.00      -16.00
00163             400.00      -12.00
00164             560.00      -16.00
00165             680.00      -16.00
00166             840.00      -20.00
00167             920.00      -12.00
00168             960.00      -16.00
00169            1040.00      -16.00
00170            1040.00      -16.00
00171            1080.00      -12.00
00172            1040.00      -16.00
00173            1000.00      -16.00
00174             920.00      -16.00
00175             840.00      -16.00
00176             720.00      -20.00
00177             640.00      -16.00
00178             520.00      -16.00
00179             440.00      -12.00
00180             280.00      -16.00
00181             240.00      -16.00
00182             120.00      -16.00
00183              80.00      -16.00
00184             120.00      -16.00
00185             120.00      -16.00
00186             120.00      -16.00
00187             120.00      -16.00
00188              80.00      -12.00
00189              80.00      -20.00
00190              40.00      -12.00
00191             -40.00      -12.00
00192            -120.00      -16.00
00193            -200.00      -16.00
00194            -240.00      -16.00
00195            -400.00       -8.00
00196            -440.00      -12.00
00197            -480.00      -16.00
00198            -560.00      -16.00
00199            -600.00      -16.00
00200            -640.00      -12.00
00201            -600.00      -20.00
00202            -600.00      -16.00
00203            -480.00      -16.00
00204            -400.00      -12.00
00205            -240.00      -12.00
00206             -80.00      -12.00
00207              80.00      -12.00
00208             240.00       -8.00
00209             360.00      -12.00
00210             480.00      -12.00
00211             520.00      -12.00
00212             520.00      -16.00
00213             560.00      -16.00
00214             520.00      -12.00
00215             440.00      -16.00
00216             400.00      -20.00
00217             360.00      -16.00
00218             280.00      -12.00
00219             160.00      -12.00
00220              40.00      -20.00
00221             -80.00      -16.00
00222            -240.00      -12.00
00223            -320.00      -16.00
00224            -400.00      -12.00
00225            -440.00      -16.00
00226            -480.00      -12.00
00227            -440.00      -12.00
00228            -400.00      -16.00
00229            -360.00      -20.00
00230            -280.00      -16.00
00231            -200.00      -16.00
00232            -120.00      -16.00
00233             -40.00      -16.00
00234               0.00      -20.00
00235              40.00      -16.00
00236              80.00      -12.00
00237              80.00       -8.00
00238             120.00      -16.00
00239             120.00      -16.00
00240             120.00      -16.00
00241             120.00      -16.00
00242             120.00      -20.00
00243             160.00      -12.00
00244             160.00      -16.00
00245             240.00      -16.00
00246             280.00      -20.00
00247             320.00      -16.00
00248             400.00      -20.00
00249             480.00      -16.00
00250             560.00      -16.00
00251             640.00      -16.00
00252             720.00      -12.00
00253             720.00      -16.00
00254             760.00      -16.00
00255             760.00      -16.00
00256             760.00      -16.00
00257             720.00      -12.00
00258             680.00      -20.00
00259             560.00      -20.00
00260             440.00      -28.00
00261            -720.00      500.00
00262            -760.00      500.00
00263            -760.00      -28.00
00264            -800.00      -32.00
00265            -880.00      -36.00
00266            -880.00      -36.00
00267            -880.00      -40.00
00268            -840.00      -36.00
00269            -840.00      -32.00
00270            -720.00      -36.00
00271            -680.00      -32.00
00272            -640.00      -32.00
00273            -560.00      -32.00
00274            -520.00      -32.00
00275            -480.00      -32.00
00276            -360.00      -28.00
00277            -280.00      -28.00
00278            -240.00      -32.00
00279            -160.00      -36.00
00280             -80.00      -28.00
00281               0.00      -20.00
00282              80.00      -24.00
00283             200.00      -28.00
00284             280.00      -28.00
00285             360.00      -28.00
00286             440.00      -28.00
00287             520.00      -28.00
00288             560.00      -32.00
00289             600.00      -24.00
00290             640.00      -28.00
00291             600.00      -28.00
00292             600.00      -24.00
00293             600.00      -28.00
00294             560.00      -28.00
00295             520.00      -28.00
00296             440.00      -28.00
00297             360.00      -24.00
00298             240.00      -28.00
00299             120.00      -24.00
00300               0.00      -24.00
00301            -120.00      -28.00
00302            -240.00      -24.00
00303            -400.00      -28.00
00304            -520.00      -28.00
00305            -600.00      -20.00
00306            -680.00      -24.00
00307            -760.00      -20.00
00308            -800.00      -24.00
00309            -840.00      -24.00
00310            -880.00      -24.00
00311            -920.00      -16.00
00312            -920.00      -20.00
00313            -920.00      -24.00
00314            -920.00      -20.00
00315            -920.00      -28.00
00316            -920.00      -24.00
00317            -920.00      -24.00
00318            -880.00      -24.00
00319            -880.00      -24.00
00320            -840.00      -24.00
00321            -760.00      -24.00
00322            -640.00      -24.00
00323            -560.00      -20.00
00324            -400.00      -24.00
00325            -200.00      -24.00
00326               0.00      -20.00
00327             160.00      -20.00
00328             400.00      -20.00
00329             560.00      -24.00
00330             760.00      -16.00
00331             880.00      -20.00
00332            1040.00      -24.00
00333            1120.00      -20.00
00334            1240.00      -20.00
00335            1240.00      -24.00
00336            1280.00      -20.00
00337            1240.00      -24.00
00338            1200.00      -24.00
00339            1160.00      -24.00
00340            1120.00      -16.00
00341            1000.00      -28.00
00342             880.00      -24.00
00343             720.00      -24.00
00344             640.00      -20.00
00345             560.00      -24.00
00346             480.00      -20.00
00347             400.00      -20.00
00348             320.00      -20.00
00349             240.00      -28.00
00350             200.00      -16.00
00351             200.00      -24.00
00352             160.00      -20.00
00353              80.00      -12.00
00354              40.00      -20.00
00355             -40.00      -16.00
00356            -120.00      -20.00
00357            -240.00      -16.00
00358            -360.00      -20.00
00359            -440.00      -24.00
00360            -560.00      -24.00
00361            -640.00      -20.00
00362            -720.00      -20.00
00363            -760.00      -16.00
00364            -760.00      -16.00
00365            -800.00      -16.00
00366            -800.00      -20.00
00367            -720.00      -16.00
00368            -640.00      -16.00
00369            -480.00      -16.00
00370            -320.00      -20.00
00371            -160.00      -20.00
00372               0.00      -24.00
00373             160.00      -16.00
00374             240.00      -20.00
00375             280.00      -16.00
00376             320.00      -16.00
00377             360.00      -20.00
00378             360.00      -24.00
00379             360.00      -12.00
00380             280.00      -16.00
00381             280.00      -20.00
00382             240.00      -16.00
00383             160.00      -20.00
00384             120.00      -20.00
00385              40.00      -20.00
00386             -40.00      -20.00
00387            -120.00      -16.00
00388            -200.00      -16.00
00389            -240.00      -20.00
00390            -240.00      -16.00
00391            -240.00      -20.00
00392            -200.00      -16.00
00393            -160.00      -24.00
00394            -120.00      -16.00
00395            -160.00      -24.00
00396            -200.00      -16.00
00397            -240.00      -28.00
00398            -240.00      -20.00
00399            -280.00      -16.00
00400            -360.00      -16.00
00401            -360.00      -16.00
00402            -400.00      -16.00
00403            -400.00      -16.00
00404            -400.00      -20.00
00405            -360.00      -12.00
00406            -360.00      -20.00
00407            -360.00      -20.00
00408            -280.00      -20.00
00409            -200.00      -16.00
00410             -80.00      -20.00
00411              40.00      -16.00
00412             200.00      -20.00
00413             400.00      -20.00
00414             560.00      -16.00
00415             680.00      -20.00
00416             840.00      -16.00
00417             880.00      -16.00
00418             960.00      -16.00
00419            1040.00      -20.00
00420            1040.00      -20.00
00421            1040.00      -20.00
00422            1040.00      -20.00
00423             960.00      -16.00
00424             920.00      -16.00
00425             800.00      -12.00
00426             720.00      -24.00
00427             640.00      -16.00
00428             520.00      -16.00
00429             400.00      -20.00
00430             280.00      -20.00
00431             240.00      -16.00
00432             160.00      -16.00
00433             120.00      -24.00
00434             120.00      -16.00
00435             120.00      -16.00
00436              80.00      -20.00
00437             120.00      -20.00
00438             120.00      -12.00
00439              80.00      -16.00
00440              40.00      -20.00
00441             -40.00      -20.00
00442            -120.00      -16.00
00443            -200.00      -16.00
00444            -280.00      -20.00
00445            -360.00      -16.00
00446            -440.00      -20.00
00447            -480.00      -20.00
00448            -560.00      -16.00
00449            -600.00      -20.00
00450            -600.00      -20.00
00451            -640.00      -12.00
00452            -560.00      -16.00
00453            -520.00      -24.00
00454            -400.00      -20.00
00455            -240.00      -16.00
00456             -80.00      -20.00
00457             120.00      -20.00
00458             240.00      -24.00
00459             360.00      -12.00
00460             440.00      -20.00
00461             480.00      -16.00
00462             520.00      -12.00
00463             520.00      -20.00
00464             480.00      -20.00
00465             480.00      -16.00
00466             400.00      -16.00
00467             360.00      -16.00
00468             280.00      -20.00
00469             160.00      -16.00
00470              40.00      -16.00
00471             -80.00      -16.00
00472            -240.00       -4.00
00473            -360.00      -20.00
00474            -400.00      -24.00
00475            -440.00      -16.00
00476            -440.00      -20.00
00477            -440.00      -16.00
00478            -400.00      -20.00
00479            -360.00      -12.00
00480            -280.00      -16.00
00481            -160.00      -16.00
00482            -120.00      -16.00
00483             -40.00      -16.00
00484               0.00      -16.00
00485              40.00      -16.00
00486              80.00      -16.00
00487              80.00      -16.00
00488             160.00      -20.00
00489             120.00      -24.00
00490             160.00      -12.00
00491             120.00      -16.00
00492             120.00      -16.00
00493             160.00      -16.00
00494             200.00      -24.00
00495             200.00      -16.00
00496             280.00      -16.00
00497             320.00      -20.00
00498             360.00      -16.00
00499             440.00      -12.00
00500             560.00      -16.00
00501             640.00      -12.00
00502             680.00      -20.00
00503             760.00      -20.00
00504             760.00      -20.00
00505             800.00      -20.00
00506             760.00      -20.00
00507             720.00      -20.00
00508             640.00      -12.00
00509             560.00      -16.00
00510             480.00      -16.00
00511            -680.00      500.00
00512            -760.00      500.00
00513            -800.00      -32.00
00514            -840.00      -36.00
00515            -880.00      -32.00
00516            -880.00      -32.00
00517            -880.00      -28.00
00518            -840.00      -32.00
00519            -800.00      -28.00
00520            -720.00      -36.00
00521            -680.00      -28.00
00522            -640.00      -28.00
00523            -560.00      -28.00
00524            -480.00      -28.00
00525            -440.00      -28.00
00526            -400.00      -32.00
00527            -280.00      -20.00
00528            -200.00      -24.00
00529            -120.00      -28.00
00530             -40.00      -28.00
00531               0.00      -36.00
00532              40.00      -24.00
00533             200.00      -28.00
00534             280.00      -20.00
00535             360.00      -28.00
00536             440.00      -24.00
00537             520.00      -28.00
00538             560.00      -24.00
00539             600.00      -20.00
00540             640.00      -24.00
00541             600.00      -20.00
00542             600.00      -28.00
00543             600.00      -24.00
00544             560.00      -24.00
00545             480.00      -20.00
00546             400.00      -20.00
00547             360.00      -24.00
00548             240.00      -24.00
00549             120.00      -24.00
00550               0.00      -20.00
00551            -160.00      -20.00
00552            -240.00      -24.00
00553            -400.00      -20.00
00554            -520.00      -24.00
00555            -600.00      -24.00
00556            -680.00      -12.00
00557            -760.00      -20.00
00558            -800.00      -20.00
00559            -840.00      -20.00
00560            -880.00      -12.00
00561            -920.00      -20.00
00562            -880.00      -16.00
00563            -920.00      -16.00
00564            -920.00      -20.00
00565            -920.00      -16.00
00566            -920.00      -20.00
00567            -920.00      -24.00
00568            -920.00      -28.00
00569            -880.00      -20.00
00570            -840.00      -16.00
00571            -760.00      -20.00
00572            -640.00      -12.00
00573            -560.00      -20.00
00574            -360.00      -12.00
00575            -200.00      -16.00
00576               0.00      -20.00
00577             200.00      -20.00
00578             400.00      -16.00
00579             600.00      -16.00
00580             720.00      -20.00
00581             920.00      -20.00
00582            1000.00      -20.00
00583            1160.00      -16.00
00584            1200.00      -16.00
00585            1280.00      -16.00
00586            1280.00      -16.00
00587            1280.00      -16.00
00588            1200.00      -12.00
00589            1160.00      -16.00
00590            1080.00      -12.00
00591            1000.00      -20.00
00592             880.00      -16.00
00593             720.00      -20.00
00594             640.00      -20.00
00595             560.00      -12.00
00596             480.00      -16.00
00597             360.00      -20.00
00598             320.00      -20.00
00599             280.00      -16.00
00600             240.00      -16.00
00601             200.00      -12.00
00602             160.00      -16.00
00603              80.00      -20.00
00604              40.00      -20.00
00605             -40.00      -16.00
00606            -120.00      -20.00
00607            -240.00      -12.00
00608            -360.00      -20.00
00609            -480.00      -12.00
00610            -560.00      -16.00
00611            -640.00      -16.00
00612            -680.00      -16.00
00613            -720.00      -16.00
00614            -800.00      -20.00
00615            -760.00      -20.00
00616            -760.00      -16.00
00617            -720.00      -16.00
00618            -640.00      -16.00
00619            -520.00      -16.00
00620            -320.00      -16.00
00621            -160.00      -16.00
00622               0.00      -20.00
00623             120.00      -20.00
00624             240.00      -16.00
00625             320.00      -20.00
00626             320.00      -20.00
00627             360.00      -12.00
00628             360.00      -20.00
00629             320.00      -16.00
00630             360.00      -16.00
00631             320.00      -12.00
00632             240.00      -20.00
00633             200.00      -20.00
00634             120.00      -20.00
00635              80.00      -16.00
00636             -80.00      -20.00
00637            -120.00      -16.00
00638            -160.00      -16.00
00639            -240.00      -12.00
00640            -240.00      -16.00
00641            -200.00      -20.00
00642            -200.00      -20.00
00643            -160.00      -20.00
00644            -160.00      -20.00
00645            -200.00      -20.00
00646            -200.00      -16.00
00647            -240.00      -12.00
00648            -240.00      -12.00
00649            -280.00      -16.00
00650            -320.00      -24.00
00651            -360.00      -16.00
00652            -400.00      -20.00
00653            -400.00      -20.00
00654            -400.00      -24.00
00655            -400.00      -20.00
00656            -360.00      -16.00
00657            -320.00      -16.00
00658            -280.00      -16.00
00659            -200.00      -20.00
00660             -80.00      -20.00
00661              40.00      -16.00
00662             200.00      -16.00
00663             400.00      -20.00
00664             560.00      -16.00
00665             720.00      -20.00
00666             840.00      -16.00
00667             920.00      -20.00
00668             960.00      -16.00
00669            1000.00      -16.00
00670            1040.00      -16.00
00671            1040.00      -20.00
00672            1040.00      -24.00
00673            1000.00      -20.00
00674             920.00      -16.00
00675             800.00      -16.00
00676             760.00      -16.00
00677             640.00      -20.00
00678             520.00      -16.00
00679             400.00      -20.00
00680             280.00      -20.00
00681             240.00      -24.00
00682             160.00      -20.00
00683              80.00      -24.00
00684             120.00      -20.00
00685             120.00      -12.00
00686              80.00      -16.00
00687             120.00      -20.00
00688              80.00      -16.00
00689              80.00      -20.00
00690               0.00      -16.00
00691             -80.00      -16.00
00692            -120.00      -20.00
00693            -200.00      -20.00
00694            -280.00      -16.00
00695            -360.00      -20.00
00696            -440.00      -16.00
00697            -480.00      -16.00
00698            -560.00      -20.00
00699            -600.00      -16.00
00700            -640.00      -20.00
00701            -640.00      -24.00
00702            -560.00      -16.00
00703            -520.00      -16.00
00704            -400.00      -20.00
00705            -240.00      -16.00
00706             -80.00      -16.00
00707              80.00      -20.00
00708             240.00      -16.00
00709             320.00      -24.00
00710             440.00      -16.00
00711             480.00      -20.00
00712             520.00      -16.00
00713             520.00      -20.00
00714             480.00      -16.00
00715             480.00      -20.00
00716             400.00      -20.00
00717             400.00      -20.00
00718             320.00      -16.00
00719             160.00      -16.00
00720              40.00      -16.00
00721             -80.00      -16.00
00722            -240.00      -12.00
00723            -320.00      -16.00
00724            -440.00      -16.00
00725            -440.00      -16.00
00726            -440.00      -16.00
00727            -480.00      -16.00
00728            -440.00      -20.00
00729            -360.00      -20.00
00730            -280.00      -20.00
00731            -160.00      -16.00
00732             -80.00      -12.00
00733               0.00      -16.00
00734               0.00      -20.00
00735              40.00      -24.00
00736              80.00      -24.00
00737              80.00      -16.00
00738              80.00      -16.00
00739              80.00      -12.00
00740             120.00      -16.00
00741             120.00      -20.00
00742             120.00      -16.00
00743             160.00      -24.00
00744             160.00      -20.00
00745             200.00      -20.00
00746             280.00      -16.00
00747             320.00      -20.00
00748             360.00      -16.00
00749             480.00      -24.00
00750             520.00      -20.00
00751             600.00      -20.00
00752             720.00      -16.00
00753             760.00      -16.00
00754             800.00      -20.00
00755             760.00      -16.00
00756             720.00      -20.00
00757             720.00      -20.00
00758             640.00      -20.00
00759             560.00      -16.00
00760             400.00      -20.00
00761            -720.00      500.00
00762            -800.00      500.00
00763            -800.00      -28.00
00764            -840.00      -40.00
00765            -880.00      -40.00
00766            -840.00      -36.00
00767            -880.00      -32.00
00768            -800.00      -36.00
00769            -800.00      -40.00
00770            -720.00      -32.00
00771            -720.00      -40.00
00772            -640.00      -32.00
00773            -560.00      -36.00
00774            -480.00      -32.00
00775            -400.00      -32.00
00776            -360.00      -28.00
00777            -280.00      -28.00
00778            -240.00      -28.00
00779            -160.00      -24.00
00780             -40.00      -32.00
00781               0.00      -28.00
00782              80.00      -32.00
00783             240.00      -36.00
00784             240.00      -28.00
00785             360.00      -28.00
00786             440.00      -28.00
00787             480.00      -24.00
00788             560.00      -24.00
00789             560.00      -32.00
00790             640.00      -20.00
00791             640.00      -28.00
00792             640.00      -28.00
00793             600.00      -32.00
00794             560.00      -24.00
00795             520.00      -20.00
00796             440.00      -24.00
00797             360.00      -24.00
00798             240.00      -24.00
00799              80.00      -24.00
00800             -40.00      -20.00
00801            -120.00      -16.00
00802            -240.00      -20.00
00803            -400.00      -28.00
00804            -520.00      -28.00
00805            -600.00      -20.00
00806            -720.00      -20.00
00807            -760.00      -16.00
00808            -800.00      -20.00
00809            -880.00      -28.00
00810            -880.00      -20.00
00811            -920.00      -24.00
00812            -920.00      -20.00
00813            -920.00      -28.00
00814            -920.00      -20.00
00815            -960.00      -20.00
00816            -920.00      -24.00
00817            -920.00      -20.00
00818            -920.00      -24.00
00819            -880.00       -8.00
00820            -880.00      -20.00
00821            -760.00      -20.00
00822            -640.00      -20.00
00823            -520.00      -20.00
00824            -400.00      -20.00
00825            -240.00      -20.00
00826             -40.00      -20.00
00827             200.00      -24.00
00828             400.00      -20.00
00829             560.00      -20.00
00830             760.00      -20.00
00831             880.00      -24.00
00832            1040.00      -24.00
00833            1120.00      -20.00
00834            1200.00      -16.00
00835            1280.00      -16.00
00836            1240.00      -20.00
00837            1240.00      -16.00
00838            1240.00      -16.00
00839            1160.00      -16.00
00840            1080.00      -20.00
00841             960.00      -24.00
00842             880.00      -20.00
00843             720.00      -16.00
00844             640.00      -16.00
00845             520.00      -20.00
00846             440.00      -20.00
00847             360.00      -20.00
00848             360.00      -24.00
00849             240.00      -16.00
00850             240.00      -16.00
00851             200.00      -20.00
00852             160.00      -16.00
00853              80.00      -16.00
00854              40.00      -20.00
00855             -40.00      -20.00
00856            -120.00      -16.00
00857            -240.00      -12.00
00858            -320.00      -20.00
00859            -440.00      -20.00
00860            -560.00      -16.00
00861            -640.00      -20.00
00862            -720.00      -20.00
00863            -760.00      -16.00
00864            -800.00      -20.00
00865            -840.00      -16.00
00866            -760.00      -16.00
00867            -720.00      -16.00
00868            -600.00      -16.00
00869            -480.00      -16.00
00870            -320.00      -20.00
00871            -160.00      -16.00
00872             -40.00      -12.00
00873             120.00      -20.00
00874             200.00      -16.00
00875             280.00      -16.00
00876             320.00      -20.00
00877             360.00      -20.00
00878             360.00      -20.00
00879             360.00      -16.00
00880             320.00      -20.00
00881             280.00      -16.00
00882             240.00      -12.00
00883             200.00      -16.00
00884             120.00      -20.00
00885              40.00      -20.00
00886             -40.00      -12.00
00887            -120.00      -12.00
00888            -240.00      -20.00
00889            -240.00      -12.00
00890            -200.00      -12.00
00891            -240.00      -16.00
00892            -160.00      -20.00
00893            -200.00      -16.00
00894            -160.00      -16.00
00895            -160.00      -20.00
00896            -200.00      -16.00
00897            -240.00      -44.00
00898            -240.00      -16.00
00899            -280.00      -16.00
00900            -360.00      -16.00
00901            -360.00      -12.00
00902            -400.00      -16.00
00903            -400.00      -16.00
00904            -400.00      -16.00
00905            -360.00      -16.00
00906            -400.00      -20.00
00907            -360.00      -20.00
00908            -280.00      -16.00
00909            -240.00      -12.00
00910            -120.00      -16.00
00911              40.00      -12.00
00912             240.00      -20.00
00913             400.00      -20.00
00914             560.00      -12.00
00915             720.00      -16.00
00916             840.00      -16.00
00917             920.00      -16.00
00918            1000.00      -16.00
00919            1000.00      -12.00
00920            1000.00      -20.00
00921            1040.00      -20.00
00922            1000.00      -16.00
00923            1000.00      -12.00
00924             920.00      -12.00
00925             840.00      -16.00
00926             720.00      -16.00
00927             600.00      -12.00
00928             520.00      -16.00
00929             400.00      -16.00
00930             280.00      -16.00
00931             240.00      -16.00
00932             160.00      -16.00
00933              80.00      -12.00
00934              80.00      -16.00
00935              80.00      -16.00
00936             120.00      -16.00
00937             160.00      -16.00
00938              80.00      -12.00
00939              80.00      -16.00
00940               0.00      -16.00
00941             -80.00      -16.00
00942            -120.00      -12.00
00943            -240.00      -16.00
00944            -280.00      -16.00
00945            -400.00       -8.00
00946            -440.00      -12.00
00947            -480.00      -12.00
00948            -560.00      -16.00
00949            -600.00      -16.00
00950            -640.00      -12.00
00951            -640.00      -16.00
00952            -600.00      -16.00
00953            -520.00      -16.00
00954            -400.00      -16.00
00955            -280.00      -12.00
00956             -80.00      -16.00
00957              40.00      -12.00
00958             240.00      -12.00
00959             320.00      -12.00
00960             440.00      -16.00
00961             480.00      -16.00
00962             520.00      -16.00
00963             520.00      -12.00
00964             480.00      -16.00
00965             480.00      -12.00
00966             400.00      -12.00
00967             360.00      -12.00
00968             280.00      -16.00
00969             160.00      -12.00
00970              40.00      -16.00
00971            -120.00      -12.00
00972            -240.00      -20.00
00973            -360.00      -16.00
00974            -400.00      -16.00
00975            -440.00      -16.00
00976            -480.00      -12.00
00977            -440.00      -16.00
00978            -440.00      -12.00
00979            -360.00      -12.00
00980            -280.00      -16.00
00981            -160.00      -12.00
00982             -80.00       -8.00
00983             -40.00      -12.00
00984               0.00      -12.00
00985              40.00      -16.00
00986              80.00      -16.00
00987              80.00      -12.00
00988             120.00      -20.00
00989             120.00      -20.00
00990              80.00      -16.00
00991             120.00      -20.00
00992             120.00      -16.00
00993             120.00      -20.00
00994             160.00      -20.00
00995             200.00      -12.00
00996             240.00      -16.00
00997             280.00      -16.00
00998             400.00      -16.00
00999             480.00      -16.00
01000             560.00      -20.00
01001             600.00      -16.00
01002             680.00      -24.00
01003             720.00      -16.00
01004             720.00      -16.00
01005             800.00      -16.00
01006             760.00      -16.00
01007             720.00      -16.00
01008             640.00      -16.00
01009             560.00      -12.00
01010             480.00      -16.00
01011            -720.00      500.00
01012            -760.00      500.00
01013            -800.00      -28.00
01014            -880.00      -36.00
01015            -840.00      -36.00
01016            -920.00      -36.00
01017            -840.00      -36.00
01018            -840.00      -32.00
01019            -800.00      -32.00
01020            -760.00      -36.00
01021            -720.00      -28.00
01022            -600.00      -36.00
01023            -600.00      -28.00
01024            -520.00      -28.00
01025            -400.00      -36.00
01026            -360.00      -32.00
01027            -280.00      -32.00
01028            -200.00      -32.00
01029            -160.00      -32.00
01030             -80.00      -32.00
01031              40.00      -32.00
01032              80.00      -28.00
01033             200.00      -28.00
01034             280.00      -32.00
01035             360.00      -28.00
01036             440.00      -36.00
01037             520.00      -28.00
01038             560.00      -28.00
01039             600.00      -28.00
01040             600.00      -28.00
01041             640.00      -24.00
01042             600.00      -24.00
01043             600.00      -32.00
01044             560.00      -32.00
01045             480.00      -24.00
01046             440.00      -28.00
01047             360.00      -28.00
01048             200.00      -28.00
01049              80.00      -24.00
01050               0.00      -24.00
01051            -160.00      -24.00
01052            -280.00      -24.00
01053            -400.00      -28.00
01054            -480.00      -20.00
01055            -600.00      -28.00
01056            -720.00      -24.00
01057            -760.00      -24.00
01058            -800.00      -28.00
01059            -840.00      -20.00
01060            -880.00      -20.00
01061            -880.00      -24.00
01062            -920.00      -20.00
01063            -920.00      -16.00
01064            -920.00      -24.00
01065            -960.00      -24.00
01066            -920.00      -24.00
01067            -920.00      -20.00
01068            -880.00      -24.00
01069            -840.00      -20.00
01070            -880.00      -16.00
01071            -800.00      -24.00
01072            -680.00      -24.00
01073            -560.00      -24.00
01074            -400.00      -16.00
01075            -240.00      -20.00
01076              40.00      -20.00
01077             200.00      -20.00
01078             400.00      -20.00
01079             560.00      -16.00
01080             720.00      -20.00
01081             880.00      -16.00
01082            1040.00      -20.00
01083            1120.00      -20.00
01084            1240.00      -20.00
01085            1240.00      -20.00
01086            1280.00      -24.00
01087            1280.00      -16.00
01088            1200.00      -20.00
01089            1160.00      -20.00
01090            1080.00      -20.00
01091            1000.00      -24.00
01092             880.00      -16.00
01093             760.00      -24.00
01094             640.00      -24.00
01095             560.00      -16.00
01096             440.00      -16.00
01097             400.00      -20.00
01098             320.00      -20.00
01099             240.00      -16.00
01100             240.00      -20.00
01101             200.00      -20.00
01102             160.00      -16.00
01103              80.00      -20.00
01104              40.00      -20.00
01105             -40.00      -16.00
01106            -160.00      -20.00
01107            -240.00      -16.00
01108            -360.00      -12.00
01109            -480.00      -20.00
01110            -560.00      -20.00
01111            -640.00      -20.00
01112            -720.00      -20.00
01113            -760.00      -16.00
01114            -800.00      -16.00
01115            -800.00      -20.00
01116            -760.00      -16.00
01117            -720.00      -16.00
01118            -640.00      -20.00
01119            -480.00      -16.00
01120            -360.00      -16.00
01121            -160.00      -16.00
01122             -40.00      -20.00
01123             120.00      -16.00
01124             200.00      -24.00
01125             280.00      -12.00
01126             320.00      -16.00
01127             360.00      -20.00
01128             320.00      -24.00
01129             360.00      -16.00
01130             320.00      -16.00
01131             280.00      -20.00
01132             240.00      -16.00
01133             200.00      -20.00
01134             120.00      -20.00
01135               0.00      -20.00
01136             -40.00      -20.00
01137            -120.00      -20.00
01138            -200.00      -16.00
01139            -200.00      -16.00
01140            -240.00      -20.00
01141            -200.00      -16.00
01142            -200.00      -12.00
01143            -200.00      -16.00
01144            -160.00      -20.00
01145            -160.00      -12.00
01146            -240.00      -16.00
01147            -280.00      -16.00
01148            -280.00      -16.00
01149            -280.00      -20.00
01150            -320.00      -16.00
01151            -400.00      -16.00
01152            -400.00      -20.00
01153            -400.00      -16.00
01154            -400.00      -16.00
01155            -400.00      -12.00
01156            -360.00      -20.00
01157            -360.00      -16.00
01158            -280.00      -12.00
01159            -200.00      -16.00
01160             -80.00      -20.00
01161              40.00      -20.00
01162             200.00      -16.00
01163             400.00      -16.00
01164             560.00      -20.00
01165             720.00      -16.00
01166             840.00      -16.00
01167             920.00      -16.00
01168             960.00      -20.00
01169            1000.00      -16.00
01170            1080.00      -16.00
01171            1040.00      -16.00
01172            1040.00      -20.00
01173            1000.00      -12.00
01174             920.00      -16.00
01175             840.00      -12.00
01176             760.00      -16.00
01177             600.00      -16.00
01178             520.00      -16.00
01179             400.00      -16.00
01180             280.00      -20.00
01181             240.00      -16.00
01182             120.00      -12.00
01183             120.00      -16.00
01184              80.00      -16.00
01185              80.00      -16.00
01186              80.00      -20.00
01187              80.00      -12.00
01188              80.00      -16.00
01189              40.00      -20.00
01190               0.00      -20.00
01191             -40.00      -20.00
01192            -120.00      -12.00
01193            -200.00      -16.00
01194            -280.00      -12.00
01195            -360.00      -12.00
01196            -440.00      -16.00
01197            -520.00      -20.00
01198            -560.00      -16.00
01199            -640.00      -12.00
01200            -640.00      -20.00
01201            -600.00      -20.00
01202            -600.00      -16.00
01203            -520.00      -16.00
01204            -400.00      -16.00
01205            -240.00      -16.00
01206             -80.00      -16.00
01207              40.00      -16.00
01208             200.00      -16.00
01209             360.00      -20.00
01210             440.00      -20.00
01211             520.00      -16.00
01212             520.00      -16.00
01213             520.00      -20.00
01214             520.00      -16.00
01215             480.00      -20.00
01216             440.00      -16.00
01217             400.00      -24.00
01218             280.00      -16.00
01219             160.00      -16.00
01220              40.00      -24.00
01221            -120.00      -16.00
01222            -240.00      -16.00
01223            -360.00      -16.00
01224            -400.00      -20.00
01225            -440.00      -20.00
01226            -480.00      -20.00
01227            -440.00      -16.00
01228            -400.00      -20.00
01229            -360.00      -16.00
01230            -280.00      -12.00
01231            -200.00      -16.00
01232            -120.00      -12.00
01233             -40.00      -16.00
01234               0.00      -16.00
01235              40.00      -16.00
01236              80.00      -16.00
01237              80.00      -16.00
01238              80.00      -12.00
01239             120.00      -16.00
01240             120.00      -16.00
01241             120.00      -20.00
01242             120.00      -16.00
01243             160.00      -24.00
01244             160.00      -16.00
01245             240.00      -20.00
01246             240.00      -20.00
01247             280.00      -12.00
01248             400.00      -16.00
01249             440.00      -16.00
01250             560.00      -20.00
01251             600.00      -12.00
01252             680.00      -16.00
01253             720.00      -16.00
01254             760.00      -12.00
01255             800.00      -16.00
01256             720.00      -12.00
01257             720.00      -16.00
01258             640.00      -16.00
01259             560.00      -12.00
01260             400.00      -16.00
01261            -680.00      500.00
01262            -720.00      500.00
01263            -800.00      -28.00
01264            -840.00      -32.00
01265            -880.00      -32.00
01266            -840.00      -28.00
01267            -880.00      -28.00
01268            -840.00      -28.00
01269            -800.00      -32.00
01270            -720.00      -32.00
01271            -680.00      -28.00
01272            -640.00      -32.00
01273            -600.00      -28.00
01274            -520.00      -28.00
01275            -440.00      -32.00
01276            -400.00      -24.00
01277            -280.00      -20.00
01278            -240.00      -24.00
01279            -120.00      -32.00
01280             -40.00      -24.00
01281               0.00      -28.00
01282              80.00      -24.00
01283             160.00      -28.00
01284             240.00      -28.00
01285             360.00      -24.00
01286             440.00      -20.00
01287             520.00      -20.00
01288             560.00      -20.00
01289             600.00      -24.00
01290             640.00      -20.00
01291             600.00      -20.00
01292             640.00      -20.00
01293             560.00      -24.00
01294             560.00      -20.00
01295             520.00      -24.00
01296             440.00      -20.00
01297             320.00      -16.00
01298             240.00      -20.00
01299             120.00      -20.00
01300               0.00      -16.00
01301            -120.00      -12.00
01302            -280.00      -24.00
01303            -400.00      -24.00
01304            -480.00      -20.00
01305            -600.00      -20.00
01306            -680.00      -16.00
01307            -760.00      -16.00
01308            -840.00      -20.00
01309            -880.00      -24.00
01310            -880.00      -20.00
01311            -920.00      -16.00
01312            -920.00      -16.00
01313            -920.00      -20.00
01314            -920.00      -20.00
01315            -920.00      -16.00
01316            -920.00      -12.00
01317            -920.00      -20.00
01318            -920.00      -20.00
01319            -880.00      -12.00
01320            -840.00      -20.00
01321            -800.00      -16.00
01322            -680.00      -16.00
01323            -560.00      -16.00
01324            -400.00      -12.00
01325            -200.00      -16.00
01326               0.00      -16.00
01327             200.00      -16.00
01328             400.00      -20.00
01329             560.00      -16.00
01330             760.00      -12.00
01331             880.00      -16.00
01332            1000.00      -16.00
01333            1120.00      -12.00
01334            1200.00      -20.00
01335            1240.00      -20.00
01336            1280.00      -12.00
01337            1280.00      -16.00
01338            1200.00      -20.00
01339            1160.00      -20.00
01340            1080.00      -12.00
01341            1000.00      -20.00
01342             880.00      -16.00
01343             760.00      -16.00
01344             640.00      -16.00
01345             520.00      -16.00
01346             440.00      -16.00
01347             360.00      -24.00
01348             320.00      -16.00
01349             280.00      -16.00
01350             240.00      -20.00
01351             200.00      -12.00
01352             120.00      -16.00
01353              80.00      -12.00
01354              40.00      -16.00
01355             -40.00      -20.00
01356            -160.00      -16.00
01357            -240.00      -16.00
01358            -360.00      -16.00
01359            -440.00      -20.00
01360            -560.00      -16.00
01361            -640.00      -16.00
01362            -760.00      -16.00
01363            -760.00      -16.00
01364            -800.00      -20.00
01365            -800.00      -16.00
01366            -800.00      -20.00
01367            -720.00      -20.00
01368            -640.00      -16.00
01369            -480.00      -20.00
01370            -360.00      -16.00
01371            -160.00      -20.00
01372             -40.00      -20.00
01373             160.00      -16.00
01374             240.00      -20.00
01375             280.00      -16.00
01376             320.00      -16.00
01377             320.00      -20.00
01378             360.00      -20.00
01379             320.00      -20.00
01380             320.00      -20.00
01381             280.00      -16.00
01382             240.00      -20.00
01383             200.00      -20.00
01384              80.00      -12.00
01385              40.00      -20.00
01386             -80.00      -16.00
01387            -120.00      -16.00
01388            -200.00      -16.00
01389            -200.00      -16.00
01390            -240.00      -16.00
01391            -200.00      -16.00
01392            -200.00      -16.00
01393            -160.00      -16.00
01394            -160.00      -16.00
01395            -160.00      -16.00
01396            -200.00      -20.00
01397            -240.00      -16.00
01398            -280.00      -16.00
01399            -280.00      -16.00
01400            -320.00      -12.00
01401            -400.00      -16.00
01402            -400.00      -16.00
01403            -400.00      -20.00
01404            -400.00      -20.00
01405            -400.00      -16.00
01406            -360.00      -24.00
01407            -360.00      -24.00
01408            -280.00      -20.00
01409            -240.00      -20.00
01410            -120.00      -16.00
01411              40.00      -16.00
01412             200.00      -24.00
01413             360.00      -16.00
01414             560.00      -16.00
01415             720.00      -20.00
01416             840.00      -12.00
01417             920.00      -24.00
01418             960.00      -20.00
01419            1040.00      -20.00
01420            1040.00      -20.00
01421            1040.00      -20.00
01422            1040.00      -12.00
01423             960.00      -20.00
01424             920.00      -20.00
01425             840.00      -20.00
01426             720.00      -20.00
01427             640.00      -20.00
01428             520.00      -20.00
01429             400.00      -16.00
01430             320.00      -12.00
01431             240.00      -16.00
01432             160.00      -16.00
01433              80.00      -20.00
01434              80.00      -16.00
01435              80.00      -28.00
01436             120.00      -20.00
01437             120.00      -16.00
01438             120.00      -16.00
01439              40.00      -12.00
01440               0.00      -24.00
01441             -40.00      -20.00
01442            -120.00      -24.00
01443            -200.00      -20.00
01444            -280.00      -16.00
01445            -360.00      -20.00
01446            -400.00      -20.00
01447            -480.00      -20.00
01448            -560.00      -20.00
01449            -600.00      -16.00
01450            -600.00      -20.00
01451            -600.00      -16.00
01452            -600.00      -16.00
01453            -520.00      -16.00
01454            -400.00      -20.00
01455            -280.00      -16.00
01456             -80.00      -16.00
01457              40.00      -20.00
01458             200.00      -16.00
01459             360.00      -20.00
01460             440.00      -24.00
01461             520.00      -12.00
01462             520.00      -16.00
01463             520.00      -16.00
01464             520.00      -12.00
01465             480.00      -24.00
01466             440.00      -20.00
01467             360.00      -16.00
01468             280.00      -12.00
01469             160.00      -20.00
01470              40.00      -20.00
01471             -80.00      -20.00
01472            -280.00      -20.00
01473            -320.00      -20.00
01474            -400.00      -16.00
01475            -440.00      -16.00
01476            -440.00      -20.00
01477            -440.00      -20.00
01478            -400.00      -24.00
01479            -360.00      -16.00
01480            -280.00      -12.00
01481            -200.00       -4.00
01482             -80.00      -20.00
01483             -40.00      -20.00
01484               0.00      -16.00
01485              40.00      -20.00
01486              40.00      -20.00
01487              80.00      -16.00
01488              80.00      -20.00
01489             120.00      -20.00
01490             120.00      -16.00
01491             120.00      -12.00
01492             120.00      -20.00
01493             160.00      -20.00
01494             200.00      -16.00
01495             240.00      -20.00
01496             280.00      -16.00
01497             320.00      -20.00
01498             400.00      -16.00
01499             440.00      -20.00
01500             560.00      -20.00
01501             600.00      -16.00
01502             680.00      -20.00
01503             760.00      -16.00
01504             760.00      -24.00
01505             760.00      -16.00
01506             800.00      -16.00
01507             720.00      -16.00
01508             640.00      -20.00
01509             560.00      -12.00
01510             400.00      -16.00
01511            -680.00      500.00
01512            -760.00      500.00
01513            -800.00      -36.00
01514            -840.00      -28.00
01515            -880.00      -32.00
01516            -880.00      -32.00
01517            -840.00      -36.00
01518            -840.00      -32.00
01519            -800.00      -36.00
01520            -760.00      -28.00
01521            -720.00      -32.00
01522            -640.00      -32.00
01523            -600.00      -28.00
01524            -520.00      -28.00
01525            -440.00      -28.00
01526            -360.00      -24.00
01527            -280.00      -28.00
01528            -240.00      -24.00
01529            -120.00      -28.00
01530             -80.00      -28.00
01531               0.00      -32.00
01532              80.00      -28.00
01533             200.00      -28.00
01534             240.00      -28.00
01535             360.00      -28.00
01536             440.00      -24.00
01537             480.00      -24.00
01538             560.00      -32.00
01539             600.00      -24.00
01540             640.00      -24.00
01541             640.00      -24.00
01542             600.00      -28.00
01543             600.00      -28.00
01544             560.00      -24.00
01545             480.00      -20.00
01546             440.00      -24.00
01547             320.00      -20.00
01548             240.00      -24.00
01549             120.00      -24.00
01550               0.00      -24.00
01551            -160.00      -24.00
01552            -280.00      -16.00
01553            -400.00      -20.00
01554            -480.00      -20.00
01555            -600.00      -24.00
01556            -680.00      -16.00
01557            -760.00      -28.00
01558            -800.00      -20.00
01559            -840.00      -20.00
01560            -920.00      -20.00
01561            -920.00      -16.00
01562            -920.00      -16.00
01563            -920.00      -20.00
01564            -920.00      -16.00
01565            -960.00      -20.00
01566            -920.00      -20.00
01567            -920.00      -16.00
01568            -920.00      -16.00
01569            -880.00      -20.00
01570            -840.00      -20.00
01571            -800.00      -16.00
01572            -720.00      -20.00
01573            -560.00      -16.00
01574            -400.00      -20.00
01575            -200.00      -16.00
01576             -40.00      -20.00
01577             200.00      -20.00
01578             400.00      -16.00
01579             560.00      -20.00
01580             760.00      -16.00
01581             920.00      -16.00
01582            1040.00      -20.00
01583            1160.00      -24.00
01584            1240.00      -16.00
01585            1280.00      -16.00
01586            1280.00      -20.00
01587            1280.00      -20.00
01588            1200.00      -16.00
01589            1200.00      -16.00
01590            1040.00      -16.00
01591             960.00      -16.00
01592             880.00      -16.00
01593             760.00      -20.00
01594             640.00      -16.00
01595             560.00      -16.00
01596             480.00      -20.00
01597             360.00      -20.00
01598             280.00      -16.00
01599             320.00      -12.00
01600             240.00      -16.00
01601             200.00      -12.00
01602             160.00      -16.00
01603              80.00      -20.00
01604              40.00      -16.00
01605             -80.00      -16.00
01606            -160.00      -24.00
01607            -240.00      -16.00
01608            -360.00      -16.00
01609            -480.00      -20.00
01610            -560.00      -16.00
01611            -640.00      -16.00
01612            -720.00      -16.00
01613            -760.00      -16.00
01614            -800.00      -20.00
01615            -840.00      -16.00
01616            -800.00      -16.00
01617            -720.00      -20.00
01618            -640.00      -16.00
01619            -480.00      -16.00
01620            -320.00      -20.00
01621            -160.00      -12.00
01622               0.00      -12.00
01623             120.00       -4.00
01624             240.00      -12.00
01625             320.00      -16.00
01626             320.00      -12.00
01627             360.00      -20.00
01628             360.00      -16.00
01629             320.00      -12.00
01630             320.00      -16.00
01631             240.00      -16.00
01632             240.00      -16.00
01633             200.00      -12.00
01634              80.00      -16.00
01635              40.00      -16.00
01636             -40.00      -20.00
01637            -120.00      -16.00
01638            -200.00      -16.00
01639            -240.00      -20.00
01640            -240.00      -16.00
01641            -240.00      -16.00
01642            -200.00      -12.00
01643            -240.00      -20.00
01644            -160.00      -12.00
01645            -160.00      -20.00
01646            -200.00      -16.00
01647            -240.00      -12.00
01648            -240.00      -12.00
01649            -280.00      -16.00
01650            -320.00      -16.00
01651            -360.00      -12.00
01652            -400.00      -16.00
01653            -400.00      -12.00
01654            -400.00      -16.00
01655            -400.00      -16.00
01656            -360.00      -16.00
01657            -360.00      -12.00
01658            -280.00      -16.00
01659            -200.00      -16.00
01660            -120.00      -16.00
01661              40.00      -16.00
01662             200.00      -16.00
01663             360.00      -12.00
01664             560.00      -16.00
01665             680.00       -8.00
01666             840.00      -16.00
01667             920.00      -12.00
01668            1000.00      -16.00
01669            1040.00      -16.00
01670            1000.00      -16.00
01671            1080.00      -12.00
01672            1040.00      -16.00
01673            1000.00      -16.00
01674             920.00      -16.00
01675             880.00      -16.00
01676             720.00      -12.00
01677             600.00      -16.00
01678             520.00      -16.00
01679             400.00      -20.00
01680             320.00      -12.00
01681             240.00      -20.00
01682             200.00      -16.00
01683             120.00      -20.00
01684              80.00      -12.00
01685             120.00      -12.00
01686             120.00      -16.00
01687             120.00      -16.00
01688              80.00      -16.00
01689              80.00      -12.00
01690               0.00      -16.00
01691             -80.00      -12.00
01692            -120.00      -20.00
01693            -200.00      -20.00
01694            -280.00      -12.00
01695            -360.00      -12.00
01696            -440.00      -12.00
01697            -520.00      -16.00
01698            -560.00      -12.00
01699            -600.00      -12.00
01700            -640.00      -16.00
01701            -640.00      -16.00
01702            -600.00      -16.00
01703            -520.00       -8.00
01704            -400.00      -12.00
01705            -280.00      -16.00
01706             -80.00      -16.00
01707              80.00      -12.00
01708             200.00      -12.00
01709             320.00      -16.00
01710             440.00      -20.00
01711             480.00      -12.00
01712             520.00      -16.00
01713             520.00      -12.00
01714             520.00      -12.00
01715             440.00      -16.00
01716             440.00      -16.00
01717             360.00      -12.00
01718             280.00      -16.00
01719             200.00      -12.00
01720              80.00      -16.00
01721             -80.00      -16.00
01722            -240.00      -12.00
01723            -320.00      -12.00
01724            -400.00      -12.00
01725            -440.00      -12.00
01726            -440.00      -12.00
01727            -480.00      -12.00
01728            -440.00      -16.00
01729            -360.00      -16.00
01730            -280.00      -16.00
01731            -160.00      -16.00
01732             -80.00      -12.00
01733             -40.00      -20.00
01734               0.00      -16.00
01735              40.00      -12.00
01736              40.00      -16.00
01737              80.00      -16.00
01738             120.00      -16.00
01739              80.00      -16.00
01740              80.00      -16.00
01741              80.00      -12.00
01742             120.00      -20.00
01743             160.00      -16.00
01744             160.00      -16.00
01745             200.00      -16.00
01746             240.00      -16.00
01747             320.00      -20.00
01748             360.00      -12.00
01749             480.00      -16.00
01750             520.00      -16.00
01751             640.00      -12.00
01752             680.00      -20.00
01753             720.00      -16.00
01754             760.00      -16.00
01755             760.00      -12.00
01756             800.00      -20.00
01757             720.00      -20.00
01758             640.00      -20.00
01759             560.00      -16.00
01760             400.00      -12.00
01761            -680.00      500.00
01762            -760.00      500.00
01763            -800.00      -24.00
01764            -800.00      -32.00
01765            -880.00      -40.00
01766            -920.00      -36.00
01767            -880.00      -32.00
01768            -840.00      -36.00
01769            -800.00      -28.00
01770            -760.00      -32.00
01771            -720.00      -32.00
01772            -600.00      -28.00
01773            -600.00      -32.00
01774            -520.00      -32.00
01775            -480.00      -32.00
01776            -360.00      -28.00
01777            -280.00      -32.00
01778            -240.00      -24.00
01779            -160.00      -32.00
01780             -80.00      -28.00
01781               0.00      -28.00
01782              80.00      -32.00
01783             160.00      -28.00
01784             280.00      -28.00
01785             320.00      -28.00
01786             440.00      -28.00
01787             480.00      -28.00
01788             560.00      -28.00
01789             560.00      -20.00
01790             600.00      -28.00
01791             640.00      -28.00
01792             600.00      -32.00
01793             560.00      -28.00
01794             560.00      -24.00
01795             520.00      -28.00
01796             440.00      -28.00
01797             360.00      -24.00
01798             240.00      -24.00
01799             120.00      -28.00
01800               0.00      -20.00
01801            -120.00      -24.00
01802            -280.00      -24.00
01803            -400.00      -28.00
01804            -520.00      -20.00
01805            -600.00      -24.00
01806            -680.00      -20.00
01807            -760.00      -28.00
01808            -800.00      -24.00
01809            -880.00      -24.00
01810            -880.00      -20.00
01811            -880.00      -24.00
01812            -920.00      -20.00
01813            -920.00      -28.00
01814            -920.00      -24.00
01815            -920.00      -20.00
01816            -920.00      -28.00
01817            -920.00      -20.00
01818            -920.00      -24.00
01819            -880.00      -24.00
01820            -840.00      -24.00
01821            -800.00      -20.00
01822            -680.00      -28.00
01823            -520.00      -20.00
01824            -440.00      -20.00
01825            -240.00      -16.00
01826             -40.00      -24.00
01827             160.00      -20.00
01828             360.00      -24.00
01829             560.00      -20.00
01830             720.00      -20.00
01831             880.00      -24.00
01832            1040.00      -24.00
01833            1160.00      -20.00
01834            1200.00      -20.00
01835            1280.00      -20.00
01836            1280.00      -20.00
01837            1240.00      -20.00
01838            1200.00      -16.00
01839            1160.00      -24.00
01840            1080.00      -20.00
01841             960.00      -24.00
01842             840.00      -24.00
01843             760.00      -20.00
01844             640.00      -16.00
01845             560.00      -20.00
01846             480.00      -16.00
01847             400.00      -24.00
01848             320.00      -20.00
01849             280.00      -16.00
01850             240.00      -16.00
01851             200.00      -24.00
01852             160.00      -20.00
01853             120.00      -20.00
01854               0.00      -16.00
01855             -80.00      -20.00
01856            -120.00      -24.00
01857            -200.00      -20.00
01858            -360.00      -20.00
01859            -440.00      -12.00
01860            -560.00      -16.00
01861            -640.00      -20.00
01862            -720.00      -20.00
01863            -760.00      -16.00
01864            -800.00      -20.00
01865            -800.00      -20.00
01866            -760.00      -16.00
01867            -720.00      -16.00
01868            -640.00      -20.00
01869            -480.00      -20.00
01870            -360.00      -16.00
01871            -160.00      -16.00
01872             -40.00      -24.00
01873             120.00      -12.00
01874             200.00      -16.00
01875             280.00      -16.00
01876             320.00      -24.00
01877             320.00      -16.00
01878             360.00      -16.00
01879             320.00      -24.00
01880             320.00      -20.00
01881             280.00      -20.00
01882             240.00      -16.00
01883             200.00      -20.00
01884             120.00      -16.00
01885              40.00      -16.00
01886             -40.00      -20.00
01887            -120.00      -16.00
01888            -200.00      -20.00
01889            -240.00      -20.00
01890            -240.00      -16.00
01891            -200.00      -20.00
01892            -200.00      -20.00
01893            -160.00      -12.00
01894            -200.00      -16.00
01895            -160.00      -16.00
01896            -160.00      -16.00
01897            -240.00      -20.00
01898            -240.00      -20.00
01899            -280.00      -20.00
01900            -360.00      -16.00
01901            -360.00      -16.00
01902            -400.00      -16.00
01903            -400.00      -20.00
01904            -400.00      -16.00
01905            -400.00      -16.00
01906            -400.00      -20.00
01907            -360.00      -16.00
01908            -280.00      -20.00
01909            -240.00      -20.00
01910             -80.00      -16.00
01911              40.00      -16.00
01912             200.00      -16.00
01913             360.00      -20.00
01914             560.00      -16.00
01915             720.00      -20.00
01916             840.00      -16.00
01917             920.00      -16.00
01918             960.00      -20.00
01919            1000.00      -24.00
01920            1040.00      -16.00
01921            1040.00      -16.00
01922            1040.00      -20.00
01923            1040.00      -16.00
01924             920.00      -20.00
01925             840.00      -24.00
01926             760.00      -16.00
01927             680.00      -20.00
01928             520.00      -20.00
01929             400.00      -16.00
01930             280.00      -12.00
01931             240.00      -16.00
01932             120.00      -20.00
01933             120.00      -16.00
01934              80.00      -16.00
01935             120.00      -16.00
01936             120.00      -16.00
01937              80.00      -16.00
01938             120.00      -16.00
01939              80.00      -16.00
01940               0.00      -12.00
01941             -80.00      -16.00
01942            -120.00      -20.00
01943            -240.00      -20.00
01944            -280.00      -16.00
01945            -400.00      -16.00
01946            -440.00      -16.00
01947            -480.00      -16.00
01948            -560.00      -16.00
01949            -600.00      -16.00
01950            -600.00      -16.00
01951            -640.00      -16.00
01952            -560.00      -16.00
01953            -520.00      -20.00
01954            -400.00      -20.00
01955            -240.00      -16.00
01956             -80.00      -24.00
01957              80.00      -16.00
01958             200.00      -16.00
01959             360.00      -12.00
01960             440.00      -20.00
01961             480.00      -20.00
01962             520.00      -16.00
01963             520.00      -16.00
01964             520.00      -16.00
01965             440.00      -12.00
01966             440.00      -16.00
01967             360.00      -20.00
01968             320.00      -16.00
01969             200.00      -12.00
01970              80.00      -16.00
01971             -80.00      -16.00
01972            -240.00      -20.00
01973            -320.00      -16.00
01974            -400.00      -12.00
01975            -440.00      -20.00
01976            -480.00      -16.00
01977            -440.00      -16.00
01978            -400.00      -20.00
01979            -360.00      -12.00
01980            -280.00      -20.00
01981            -200.00      -24.00
01982             -80.00      -16.00
01983             -40.00      -16.00
01984               0.00      -16.00
01985              40.00      -20.00
01986              80.00      -20.00
01987              80.00      -16.00
01988             120.00      -20.00
01989             120.00      -16.00
01990             120.00      -16.00
01991             120.00      -20.00
01992             120.00      -24.00
01993             120.00      -12.00
01994             200.00      -20.00
01995             200.00      -12.00
01996             240.00      -20.00
01997             320.00      -16.00
01998             360.00      -20.00
01999             440.00      -20.00
02000             520.00      -12.00
02001             640.00      -16.00
02002             680.00      -16.00
02003             760.00      -20.00
02004             760.00      -20.00
02005             800.00       -8.00
02006             760.00      -20.00
02007             720.00      -12.00
02008             640.00      -16.00
02009             560.00      -16.00
02010             440.00      -20.00
02011            -720.00      500.00
02012            -760.00      500.00
02013            -800.00      -32.00
02014            -840.00      -36.00
02015            -840.00      -28.00
02016            -880.00      -32.00
02017            -880.00      -36.00
02018            -880.00      -36.00
02019            -800.00      -28.00
02020            -760.00      -32.00
02021            -720.00      -40.00
02022            -640.00      -28.00
02023            -600.00      -32.00
02024            -480.00      -32.00
02025            -400.00      -28.00
02026            -360.00      -32.00
02027            -280.00      -28.00
02028            -200.00      -28.00
02029            -120.00      -28.00
02030             -80.00      -24.00
02031               0.00      -28.00
02032              80.00      -24.00
02033             200.00      -28.00
02034             280.00      -24.00
02035             360.00      -28.00
02036             440.00      -24.00
02037             480.00      -24.00
02038             560.00      -28.00
02039             560.00      -20.00
02040             600.00      -20.00
02041             600.00      -24.00
02042             600.00      -20.00
02043             560.00      -20.00
02044             560.00      -20.00
02045             520.00      -16.00
02046             400.00      -24.00
02047             360.00      -28.00
02048             240.00      -20.00
02049             120.00      -20.00
02050               0.00      -24.00
02051            -120.00      -24.00
02052            -240.00      -20.00
02053            -400.00      -20.00
02054            -480.00      -20.00
02055            -600.00      -16.00
02056            -720.00      -20.00
02057            -760.00      -20.00
02058            -800.00      -20.00
02059            -880.00      -16.00
02060            -880.00      -20.00
02061            -920.00      -20.00
02062            -920.00      -16.00
02063            -920.00      -16.00
02064            -920.00      -12.00
02065            -920.00      -16.00
02066            -920.00      -20.00
02067            -880.00      -24.00
02068            -920.00      -20.00
02069            -880.00      -20.00
02070            -840.00      -16.00
02071            -800.00      -20.00
02072            -680.00      -16.00
02073            -560.00      -16.00
02074            -400.00      -16.00
02075            -240.00      -24.00
02076               0.00      -20.00
02077             200.00      -20.00
02078             400.00      -16.00
02079             600.00      -24.00
02080             760.00      -20.00
02081             920.00      -24.00
02082            1040.00      -16.00
02083            1160.00      -16.00
02084            1200.00      -12.00
02085            1240.00      -16.00
02086            1240.00      -20.00
02087            1240.00      -16.00
02088            1200.00      -16.00
02089            1160.00      -16.00
02090            1080.00      -20.00
02091             960.00      -12.00
02092             880.00      -16.00
02093             760.00      -20.00
02094             640.00      -16.00
02095             560.00      -20.00
02096             480.00      -20.00
02097             360.00      -16.00
02098             320.00      -16.00
02099             280.00      -24.00
02100             240.00      -20.00
02101             200.00      -12.00
02102             160.00      -24.00
02103              80.00      -12.00
02104               0.00      -20.00
02105             -80.00      -20.00
02106            -160.00      -20.00
02107            -240.00      -24.00
02108            -320.00      -20.00
02109            -440.00      -20.00
02110            -560.00      -16.00
02111            -640.00      -16.00
02112            -720.00      -16.00
02113            -760.00      -20.00
02114            -800.00      -16.00
02115            -800.00      -20.00
02116            -760.00      -20.00
02117            -720.00      -12.00
02118            -640.00      -20.00
02119            -480.00      -16.00
02120            -320.00      -16.00
02121            -200.00      -12.00
02122               0.00      -20.00
02123             160.00      -16.00
02124             240.00      -20.00
02125             280.00      -20.00
02126             320.00      -12.00
02127             360.00      -16.00
02128             320.00      -16.00
02129             320.00      -16.00
02130             280.00      -12.00
02131             320.00      -20.00
02132             240.00      -20.00
02133             200.00      -24.00
02134             120.00      -20.00
02135              40.00      -20.00
02136             -40.00      -20.00
02137            -160.00      -16.00
02138            -200.00      -20.00
02139            -200.00      -16.00
02140            -240.00      -24.00
02141            -200.00      -16.00
02142            -200.00      -20.00
02143            -160.00      -20.00
02144            -160.00      -24.00
02145            -160.00      -16.00
02146            -200.00      -20.00
02147            -200.00      -16.00
02148            -240.00      -12.00
02149            -280.00      -16.00
02150            -360.00      -20.00
02151            -400.00      -16.00
02152            -400.00      -16.00
02153            -400.00      -20.00
02154            -400.00      -20.00
02155            -360.00      -20.00
02156            -400.00      -16.00
02157            -360.00      -20.00
02158            -280.00      -20.00
02159            -200.00      -20.00
02160            -120.00      -16.00
02161              40.00      -20.00
02162             200.00      -12.00
02163             400.00      -20.00
02164             560.00      -20.00
02165             720.00      -16.00
02166             840.00      -16.00
02167             920.00      -16.00
02168             960.00      -20.00
02169            1000.00      -20.00
02170            1040.00      -20.00
02171            1040.00      -24.00
02172            1040.00      -28.00
02173            1000.00      -16.00
02174             920.00      -20.00
02175             840.00      -20.00
02176             760.00      -16.00
02177             640.00      -20.00
02178             520.00      -20.00
02179             400.00      -20.00
02180             280.00      -24.00
02181             240.00      -20.00
02182             160.00      -16.00
02183              80.00      -16.00
02184              80.00      -20.00
02185             120.00      -20.00
02186             120.00      -16.00
02187              80.00      -16.00
02188             120.00      -20.00
02189              40.00      -20.00
02190              40.00      -20.00
02191             -40.00      -20.00
02192            -120.00      -20.00
02193            -200.00      -20.00
02194            -280.00      -16.00
02195            -360.00      -20.00
02196            -440.00      -20.00
02197            -480.00      -20.00
02198            -560.00      -20.00
02199            -560.00      -16.00
02200            -640.00      -20.00
02201            -600.00      -20.00
02202            -600.00      -16.00
02203            -520.00      -24.00
02204            -400.00      -20.00
02205            -240.00      -20.00
02206            -120.00      -20.00
02207              40.00      -16.00
02208             240.00      -20.00
02209             360.00      -16.00
02210             440.00      -20.00
02211             520.00      -16.00
02212             520.00      -20.00
02213             520.00      -20.00
02214             480.00      -16.00
02215             440.00      -20.00
02216             400.00      -20.00
02217             360.00      -20.00
02218             280.00      -20.00
02219             200.00      -16.00
02220              40.00      -24.00
02221             -80.00      -20.00
02222            -240.00      -20.00
02223            -360.00      -20.00
02224            -400.00      -12.00
02225            -440.00      -20.00
02226            -440.00      -20.00
02227            -480.00      -20.00
02228            -400.00      -16.00
02229            -360.00      -16.00
02230            -280.00      -16.00
02231            -200.00      -20.00
02232            -120.00      -20.00
02233             -40.00      -20.00
02234               0.00      -20.00
02235              40.00      -16.00
02236              80.00      -20.00
02237             120.00      -16.00
02238             120.00      -20.00
02239             120.00      -16.00
02240             120.00      -20.00
02241             120.00      -28.00
02242             120.00      -16.00
02243             120.00      -16.00
02244             200.00      -12.00
02245             200.00      -20.00
02246             240.00      -24.00
02247             320.00      -20.00
02248             360.00      -20.00
02249             440.00      -16.00
02250             560.00      -16.00
02251             640.00      -16.00
02252             720.00      -16.00
02253             760.00      -16.00
02254             760.00      -20.00
02255             800.00      -16.00
02256             760.00      -20.00
02257             720.00      -20.00
02258             640.00      -16.00
02259             560.00      -16.00
02260             440.00      -20.00
02261            -720.00      500.00
02262            -800.00      500.00
02263            -800.00      -28.00
02264            -840.00      -36.00
02265            -880.00      -36.00
02266            -880.00      -36.00
02267            -880.00      -36.00
02268            -840.00      -36.00
02269            -800.00      -32.00
02270            -760.00      -36.00
02271            -720.00      -32.00
02272            -640.00      -36.00
02273            -600.00      -32.00
02274            -520.00      -36.00
02275            -440.00      -32.00
02276            -400.00      -32.00
02277            -280.00      -32.00
02278            -240.00      -32.00
02279            -120.00      -32.00
02280             -80.00      -24.00
02281               0.00      -28.00
02282              80.00      -32.00
02283             200.00      -28.00
02284             240.00      -24.00
02285             360.00      -28.00
02286             440.00      -28.00
02287             480.00      -32.00
02288             560.00      -24.00
02289             600.00      -24.00
02290             600.00      -20.00
02291             640.00      -24.00
02292             600.00      -28.00
02293             600.00      -28.00
02294             560.00      -24.00
02295             480.00      -20.00
02296             440.00      -28.00
02297             320.00      -24.00
02298             240.00      -24.00
02299              80.00      -24.00
02300               0.00      -28.00
02301            -160.00      -12.00
02302            -280.00      -20.00
02303            -400.00      -28.00
02304            -520.00      -24.00
02305            -600.00      -20.00
02306            -720.00      -16.00
02307            -760.00      -20.00
02308            -800.00      -24.00
02309            -840.00      -20.00
02310            -880.00      -20.00
02311            -880.00      -20.00
02312            -920.00      -20.00
02313            -920.00      -20.00
02314            -920.00      -20.00
02315            -920.00      -20.00
02316            -920.00      -24.00
02317            -920.00      -16.00
02318            -880.00      -16.00
02319            -880.00      -24.00
02320            -840.00      -24.00
02321            -800.00      -20.00
02322            -720.00      -20.00
02323            -560.00      -16.00
02324            -360.00      -20.00
02325            -240.00      -20.00
02326             -80.00      -16.00
02327             160.00      -16.00
02328             360.00      -20.00
02329             600.00      -20.00
02330             720.00      -24.00
02331             880.00      -20.00
02332            1000.00      -20.00
02333            1120.00      -24.00
02334            1200.00      -20.00
02335            1240.00      -24.00
02336            1280.00      -16.00
02337            1280.00      -20.00
02338            1240.00      -12.00
02339            1200.00      -16.00
02340            1080.00      -12.00
02341             960.00      -16.00
02342             840.00      -24.00
02343             760.00      -16.00
02344             640.00      -20.00
02345             560.00      -16.00
02346             480.00      -16.00
02347             400.00      -16.00
02348             320.00      -24.00
02349             240.00      -16.00
02350             240.00      -20.00
02351             200.00      -28.00
02352             160.00      -12.00
02353             120.00      -20.00
02354              40.00      -16.00
02355             -40.00      -16.00
02356            -120.00      -12.00
02357            -240.00      -20.00
02358            -400.00      -16.00
02359            -480.00      -16.00
02360            -520.00      -16.00
02361            -640.00      -16.00
02362            -720.00      -16.00
02363            -760.00      -16.00
02364            -800.00      -12.00
02365            -800.00      -16.00
02366            -760.00      -16.00
02367            -720.00      -16.00
02368            -640.00      -16.00
02369            -480.00      -20.00
02370            -360.00      -20.00
02371            -160.00      -24.00
02372               0.00      -16.00
02373             160.00      -20.00
02374             200.00      -16.00
02375             240.00      -12.00
02376             320.00      -16.00
02377             360.00      -20.00
02378             320.00      -20.00
02379             360.00      -20.00
02380             320.00      -16.00
02381             280.00      -20.00
02382             240.00      -16.00
02383             200.00       -8.00
02384             120.00      -16.00
02385              40.00      -16.00
02386             -80.00      -20.00
02387            -120.00      -20.00
02388            -200.00      -16.00
02389            -200.00      -16.00
02390            -240.00      -16.00
02391            -240.00      -16.00
02392            -200.00      -20.00
02393            -200.00      -16.00
02394            -200.00      -12.00
02395            -160.00      -16.00
02396            -200.00      -12.00
02397            -240.00      -12.00
02398            -280.00      -24.00
02399            -280.00      -16.00
02400            -360.00      -16.00
02401            -400.00      -12.00
02402            -400.00      -20.00
02403            -400.00      -16.00
02404            -400.00      -16.00
02405            -400.00      -20.00
02406            -400.00      -12.00
02407            -360.00      -16.00
02408            -280.00      -12.00
02409            -200.00      -16.00
02410             -80.00      -20.00
02411              40.00      -12.00
02412             200.00      -12.00
02413             400.00      -16.00
02414             560.00      -20.00
02415             720.00      -20.00
02416             840.00      -16.00
02417             920.00      -12.00
02418            1000.00      -16.00
02419            1040.00      -16.00
02420            1040.00      -12.00
02421            1040.00      -16.00
02422            1040.00      -12.00
02423            1000.00      -12.00
02424             920.00      -12.00
02425             840.00      -12.00
02426             720.00      -12.00
02427             640.00      -20.00
02428             520.00      -16.00
02429             400.00      -12.00
02430             320.00       -8.00
02431             200.00      -20.00
02432             160.00      -16.00
02433              80.00      -20.00
02434              80.00      -12.00
02435              80.00      -12.00
02436             120.00      -16.00
02437             120.00      -16.00
02438              80.00      -16.00
02439              40.00      -16.00
02440               0.00      -12.00
02441             -40.00      -12.00
02442            -120.00      -12.00
02443            -200.00      -16.00
02444            -280.00      -16.00
02445            -360.00      -16.00
02446            -400.00      -16.00
02447            -480.00      -16.00
02448            -560.00      -12.00
02449            -640.00      -12.00
02450            -640.00      -12.00
02451            -640.00      -16.00
02452            -600.00      -16.00
02453            -480.00      -16.00
02454            -400.00      -16.00
02455            -240.00      -12.00
02456             -80.00      -20.00
02457              80.00      -16.00
02458             240.00      -16.00
02459             360.00      -12.00
02460             400.00      -12.00
02461             480.00      -16.00
02462             520.00      -16.00
02463             480.00      -16.00
02464             480.00      -16.00
02465             480.00      -12.00
02466             400.00      -16.00
02467             400.00      -16.00
02468             280.00      -12.00
02469             160.00      -16.00
02470              40.00      -16.00
02471             -80.00      -16.00
02472            -240.00      -16.00
02473            -360.00      -12.00
02474            -400.00      -20.00
02475            -440.00      -20.00
02476            -440.00      -20.00
02477            -440.00      -12.00
02478            -440.00      -12.00
02479            -360.00      -20.00
02480            -280.00      -20.00
02481            -160.00      -20.00
02482             -80.00      -20.00
02483               0.00      -16.00
02484               0.00      -16.00
02485              40.00      -16.00
02486              40.00      -16.00
02487              80.00      -20.00
02488              80.00      -16.00
02489             120.00      -20.00
02490             120.00      -16.00
02491             120.00      -16.00
02492             120.00      -20.00
02493             120.00      -12.00
02494             160.00      -16.00
02495             200.00      -20.00
02496             240.00      -20.00
02497             280.00      -16.00
02498             400.00      -16.00
02499             440.00      -12.00
02500             560.00      -12.00
02501             600.00      -24.00
02502             720.00      -16.00
02503             720.00      -24.00
02504             760.00      -12.00
02505             760.00      -16.00
02506             760.00      -20.00
02507             680.00      -16.00
02508             640.00      -12.00
02509             560.00      -16.00
02510             440.00      -16.00
02511            -680.00      500.00
02512            -760.00      500.00
02513            -800.00      -32.00
02514            -880.00      -40.00
02515            -880.00      -44.00
02516            -880.00      -40.00
02517            -880.00      -40.00
02518            -840.00      -36.00
02519            -800.00      -36.00
02520            -720.00      -36.00
02521            -720.00      -36.00
02522            -640.00      -36.00
02523            -600.00      -32.00
02524            -480.00      -32.00
02525            -400.00      -32.00
02526            -360.00      -36.00
02527            -320.00      -28.00
02528            -200.00      -28.00
02529            -120.00      -32.00
02530             -80.00      -32.00
02531               0.00      -36.00
02532              80.00      -32.00
02533             200.00      -32.00
02534             280.00      -32.00
02535             360.00      -32.00
02536             400.00      -28.00
02537             480.00      -28.00
02538             560.00      -28.00
02539             600.00      -32.00
02540             640.00      -28.00
02541             640.00      -28.00
02542             600.00      -28.00
02543             560.00      -28.00
02544             560.00      -28.00
02545             480.00      -24.00
02546             440.00      -28.00
02547             320.00      -28.00
02548             240.00      -24.00
02549             120.00      -28.00
02550             -40.00      -28.00
02551            -120.00      -24.00
02552            -240.00      -28.00
02553            -360.00      -32.00
02554            -480.00      -24.00
02555            -600.00      -28.00
02556            -680.00      -20.00
02557            -760.00      -28.00
02558            -840.00      -20.00
02559            -840.00      -24.00
02560            -880.00      -20.00
02561            -920.00      -24.00
02562            -920.00      -20.00
02563            -920.00      -24.00
02564            -920.00      -24.00
02565            -920.00      -24.00
02566            -920.00      -24.00
02567            -920.00      -20.00
02568            -880.00      -24.00
02569            -920.00      -28.00
02570            -840.00      -20.00
02571            -760.00      -20.00
02572            -680.00      -24.00
02573            -600.00      -24.00
02574            -400.00      -20.00
02575            -200.00      -20.00
02576               0.00      -20.00
02577             160.00      -20.00
02578             360.00      -24.00
02579             560.00      -24.00
02580             720.00      -20.00
02581             880.00      -24.00
02582            1040.00      -20.00
02583            1120.00      -20.00
02584            1200.00      -20.00
02585            1200.00      -16.00
02586            1240.00      -24.00
02587            1280.00      -28.00
02588            1200.00      -20.00
02589            1200.00      -20.00
02590            1080.00      -24.00
02591             960.00      -20.00
02592             880.00      -24.00
02593             720.00      -16.00
02594             640.00      -24.00
02595             560.00      -24.00
02596             440.00      -20.00
02597             400.00      -24.00
02598             320.00      -24.00
02599             280.00      -20.00
02600             240.00      -24.00
02601             200.00      -16.00
02602             120.00      -16.00
02603             120.00      -20.00
02604              40.00      -20.00
02605             -40.00      -24.00
02606            -160.00      -20.00
02607            -240.00      -24.00
02608            -360.00      -20.00
02609            -440.00      -16.00
02610            -560.00      -16.00
02611            -640.00      -16.00
02612            -720.00      -20.00
02613            -760.00      -20.00
02614            -800.00      -20.00
02615            -840.00      -24.00
02616            -760.00      -16.00
02617            -720.00      -24.00
02618            -640.00      -16.00
02619            -520.00      -20.00
02620            -360.00      -20.00
02621            -160.00      -20.00
02622               0.00      -20.00
02623             160.00      -28.00
02624             240.00      -20.00
02625             320.00      -20.00
02626             360.00      -20.00
02627             360.00      -16.00
02628             320.00      -20.00
02629             320.00      -16.00
02630             320.00      -16.00
02631             280.00      -20.00
02632             240.00      -16.00
02633             200.00      -16.00
02634              80.00      -20.00
02635              40.00      -20.00
02636             -40.00      -20.00
02637            -120.00      -20.00
02638            -200.00      -28.00
02639            -240.00      -20.00
02640            -240.00      -16.00
02641            -240.00      -20.00
02642            -200.00      -20.00
02643            -200.00      -28.00
02644            -160.00      -20.00
02645            -160.00      -20.00
02646            -200.00      -20.00
02647            -200.00      -16.00
02648            -280.00      -16.00
02649            -280.00      -16.00
02650            -360.00      -20.00
02651            -400.00      -20.00
02652            -400.00      -16.00
02653            -400.00      -20.00
02654            -400.00      -16.00
02655            -360.00      -16.00
02656            -400.00      -24.00
02657            -320.00      -20.00
02658            -280.00      -16.00
02659            -240.00      -24.00
02660             -80.00      -20.00
02661              40.00      -20.00
02662             200.00      -24.00
02663             400.00      -20.00
02664             560.00      -20.00
02665             720.00      -20.00
02666             840.00      -20.00
02667             920.00      -16.00
02668            1000.00      -16.00
02669            1000.00      -20.00
02670            1080.00      -16.00
02671            1040.00      -20.00
02672            1040.00      -12.00
02673            1000.00      -20.00
02674             920.00      -20.00
02675             840.00      -20.00
02676             720.00      -24.00
02677             640.00      -12.00
02678             520.00      -16.00
02679             400.00      -16.00
02680             320.00      -20.00
02681             240.00      -20.00
02682             160.00      -20.00
02683              80.00      -20.00
02684              80.00      -20.00
02685              80.00      -16.00
02686             120.00      -20.00
02687             120.00      -16.00
02688              80.00      -20.00
02689              80.00      -20.00
02690               0.00      -16.00
02691             -80.00      -20.00
02692            -120.00      -20.00
02693            -240.00      -20.00
02694            -280.00      -20.00
02695            -400.00      -16.00
02696            -400.00      -20.00
02697            -480.00      -16.00
02698            -560.00      -16.00
02699            -600.00      -16.00
02700            -640.00      -24.00
02701            -640.00      -20.00
02702            -600.00      -16.00
02703            -520.00      -16.00
02704            -400.00      -20.00
02705            -240.00      -20.00
02706             -80.00      -16.00
02707              40.00      -12.00
02708             200.00      -20.00
02709             320.00      -16.00
02710             400.00      -20.00
02711             480.00      -16.00
02712             520.00      -20.00
02713             520.00      -16.00
02714             480.00      -16.00
02715             440.00      -16.00
02716             400.00      -24.00
02717             400.00      -16.00
02718             280.00      -16.00
02719             200.00      -16.00
02720              40.00      -20.00
02721            -120.00      -20.00
02722            -200.00      -24.00
02723            -360.00      -20.00
02724            -400.00      -16.00
02725            -440.00      -16.00
02726            -440.00      -20.00
02727            -440.00      -16.00
02728            -400.00      -16.00
02729            -400.00      -20.00
02730            -280.00      -20.00
02731            -200.00      -16.00
02732             -80.00      -24.00
02733             -40.00      -16.00
02734               0.00      -20.00
02735              40.00      -20.00
02736              80.00      -20.00
02737              80.00      -20.00
02738              80.00      -12.00
02739              80.00      -28.00
02740             120.00      -12.00
02741             120.00      -16.00
02742             160.00      -16.00
02743             120.00      -16.00
02744             160.00      -16.00
02745             200.00      -20.00
02746             240.00      -16.00
02747             320.00      -20.00
02748             400.00      -12.00
02749             440.00      -16.00
02750             560.00      -12.00
02751             600.00      -20.00
02752             680.00      -16.00
02753             760.00      -16.00
02754             760.00      -16.00
02755             760.00      -20.00
02756             760.00      -20.00
02757             720.00      -20.00
02758             640.00      -16.00
02759             560.00      -20.00
02760             440.00      -16.00
02761            -680.00      500.00
02762            -760.00      500.00
02763            -800.00      -28.00
02764            -840.00      -32.00
02765            -880.00      -32.00
02766            -840.00      -36.00
02767            -880.00      -36.00
02768            -840.00      -32.00
02769            -800.00      -36.00
02770            -760.00      -36.00
02771            -720.00      -28.00
02772            -640.00      -32.00
02773            -560.00      -32.00
02774            -480.00      -28.00
02775            -440.00      -24.00
02776            -360.00      -28.00
02777            -280.00      -28.00
02778            -240.00      -28.00
02779            -160.00      -28.00
02780             -80.00      -28.00
02781               0.00      -28.00
02782              80.00      -20.00
02783             200.00      -24.00
02784             240.00      -24.00
02785             360.00      -24.00
02786             440.00      -24.00
02787             480.00      -24.00
02788             560.00      -24.00
02789             600.00      -24.00
02790             640.00      -24.00
02791             640.00      -28.00
02792             600.00      -24.00
02793             600.00      -20.00
02794             560.00      -24.00
02795             520.00      -20.00
02796             400.00      -24.00
02797             320.00      -20.00
02798             240.00      -20.00
02799             120.00      -28.00
02800               0.00      -20.00
02801            -160.00      -24.00
02802            -280.00      -20.00
02803            -400.00      -20.00
02804            -480.00      -24.00
02805            -600.00      -24.00
02806            -680.00      -20.00
02807            -760.00      -24.00
02808            -800.00      -20.00
02809            -880.00      -24.00
02810            -880.00      -16.00
02811            -880.00      -24.00
02812            -920.00      -16.00
02813            -960.00      -20.00
02814            -920.00      -12.00
02815            -920.00      -20.00
02816            -920.00      -20.00
02817            -960.00      -20.00
02818            -880.00      -20.00
02819            -880.00      -12.00
02820            -880.00      -16.00
02821            -760.00      -24.00
02822            -680.00      -20.00
02823            -560.00      -20.00
02824            -400.00      -16.00
02825            -200.00      -16.00
02826             -40.00      -24.00
02827             160.00      -20.00
02828             400.00      -16.00
02829             600.00      -16.00
02830             760.00      -20.00
02831             880.00      -24.00
02832            1040.00      -20.00
02833            1120.00      -16.00
02834            1200.00      -16.00
02835            1240.00      -20.00
02836            1240.00      -24.00
02837            1280.00      -12.00
02838            1200.00      -20.00
02839            1160.00      -16.00
02840            1080.00      -20.00
02841            1000.00      -20.00
02842             840.00      -24.00
02843             760.00      -16.00
02844             640.00      -20.00
02845             520.00      -20.00
02846             480.00      -16.00
02847             360.00      -16.00
02848             360.00      -20.00
02849             280.00      -16.00
02850             240.00      -20.00
02851             200.00      -20.00
02852             200.00      -20.00
02853              80.00      -24.00
02854              40.00      -20.00
02855             -40.00      -16.00
02856            -120.00      -16.00
02857            -200.00      -20.00
02858            -360.00      -20.00
02859            -480.00      -16.00
02860            -560.00      -20.00
02861            -640.00      -16.00
02862            -720.00      -20.00
02863            -760.00      -16.00
02864            -800.00      -20.00
02865            -800.00      -20.00
02866            -760.00      -20.00
02867            -720.00      -16.00
02868            -640.00      -24.00
02869            -520.00      -16.00
02870            -320.00      -20.00
02871            -200.00      -20.00
02872               0.00      -20.00
02873             120.00      -20.00
02874             240.00      -20.00
02875             280.00      -12.00
02876             320.00      -12.00
02877             360.00      -24.00
02878             360.00      -16.00
02879             360.00      -24.00
02880             280.00      -16.00
02881             240.00      -20.00
02882             240.00      -20.00
02883             160.00      -24.00
02884              80.00      -20.00
02885               0.00      -16.00
02886             -40.00      -20.00
02887            -120.00      -20.00
02888            -200.00      -16.00
02889            -240.00      -24.00
02890            -240.00      -20.00
02891            -200.00      -20.00
02892            -200.00      -12.00
02893            -200.00      -20.00
02894            -160.00      -24.00
02895            -160.00      -16.00
02896            -200.00      -20.00
02897            -240.00      -24.00
02898            -240.00      -20.00
02899            -280.00      -24.00
02900            -320.00      -24.00
02901            -400.00      -20.00
02902            -400.00      -24.00
02903            -440.00      -16.00
02904            -400.00      -16.00
02905            -360.00      -20.00
02906            -360.00      -24.00
02907            -360.00      -20.00
02908            -320.00      -20.00
02909            -200.00      -16.00
02910            -120.00      -20.00
02911              40.00      -20.00
02912             240.00      -24.00
02913             400.00      -20.00
02914             560.00      -20.00
02915             680.00      -24.00
02916             840.00      -20.00
02917             880.00      -20.00
02918            1000.00      -24.00
02919            1000.00      -20.00
02920            1040.00      -24.00
02921            1040.00      -20.00
02922            1040.00      -12.00
02923            1000.00      -24.00
02924             920.00      -24.00
02925             840.00      -20.00
02926             720.00      -20.00
02927             640.00      -20.00
02928             520.00      -24.00
02929             400.00      -20.00
02930             280.00      -20.00
02931             240.00      -20.00
02932             160.00      -20.00
02933             120.00      -16.00
02934              80.00      -24.00
02935              80.00      -20.00
02936             120.00      -16.00
02937             120.00      -20.00
02938             120.00      -20.00
02939              80.00      -24.00
02940              40.00      -20.00
02941             -40.00      -16.00
02942            -120.00       -8.00
02943            -200.00      -24.00
02944            -320.00      -16.00
02945            -360.00      -24.00
02946            -440.00      -20.00
02947            -520.00      -20.00
02948            -560.00      -16.00
02949            -600.00      -20.00
02950            -640.00      -20.00
02951            -640.00      -20.00
02952            -600.00      -20.00
02953            -520.00      -20.00
02954            -400.00      -20.00
02955            -280.00      -24.00
02956             -80.00      -16.00
02957              40.00      -24.00
02958             240.00      -16.00
02959             320.00      -20.00
02960             400.00      -12.00
02961             480.00      -16.00
02962             520.00      -20.00
02963             480.00      -20.00
02964             480.00      -20.00
02965             440.00      -16.00
02966             440.00      -20.00
02967             360.00      -16.00
02968             320.00      -20.00
02969             160.00      -20.00
02970              40.00      -20.00
02971             -80.00      -20.00
02972            -240.00      -20.00
02973            -360.00      -20.00
02974            -400.00      -20.00
02975            -440.00      -24.00
02976            -480.00      -20.00
02977            -480.00      -16.00
02978            -400.00      -20.00
02979            -400.00      -20.00
02980            -280.00      -16.00
02981            -200.00      -20.00
02982            -120.00      -20.00
02983             -80.00      -20.00
02984               0.00      -24.00
02985              40.00      -20.00
02986              40.00      -20.00
02987              80.00      -20.00
02988              80.00      -16.00
02989             120.00      -16.00
02990             120.00      -20.00
02991             120.00      -20.00
02992             120.00      -20.00
02993             160.00      -20.00
02994             200.00      -20.00
02995             200.00      -20.00
02996             240.00      -20.00
02997             320.00      -20.00
02998             360.00      -16.00
02999             440.00      -20.00
03000             560.00      -20.00
03001             600.00      -20.00
03002             680.00      -16.00
03003             720.00      -20.00
03004             760.00      -20.00
03005             800.00      -16.00
03006             720.00      -16.00
03007             720.00      -16.00
03008             640.00      -16.00
03009             560.00      -16.00
03010             440.00      -24.00
03011            -720.00      500.00
03012            -760.00      500.00
03013            -800.00      -32.00
03014            -880.00      -40.00
03015            -840.00      -40.00
03016            -880.00      -36.00
03017            -880.00      -28.00
03018            -880.00      -36.00
03019            -800.00      -40.00
03020            -720.00      -36.00
03021            -720.00      -32.00
03022            -640.00      -24.00
03023            -600.00      -32.00
03024            -520.00      -36.00
03025            -440.00      -36.00
03026            -360.00      -32.00
03027            -280.00      -32.00
03028            -240.00      -28.00
03029            -200.00      -28.00
03030             -80.00      -32.00
03031               0.00      -28.00
03032              80.00      -32.00
03033             200.00      -24.00
03034             240.00      -32.00
03035             320.00      -32.00
03036             400.00      -28.00
03037             520.00      -28.00
03038             560.00      -28.00
03039             600.00      -28.00
03040             600.00      -24.00
03041             640.00      -28.00
03042             600.00      -28.00
03043             600.00      -24.00
03044             560.00      -28.00
03045             480.00      -28.00
03046             440.00      -24.00
03047             360.00      -20.00
03048             240.00      -24.00
03049             120.00      -24.00
03050               0.00      -24.00
03051            -160.00      -20.00
03052            -240.00      -20.00
03053            -400.00      -24.00
03054            -520.00      -20.00
03055            -600.00      -24.00
03056            -720.00      -20.00
03057            -760.00      -24.00
03058            -840.00      -24.00
03059            -880.00      -24.00
03060            -880.00      -20.00
03061            -920.00      -24.00
03062            -920.00      -24.00
03063            -920.00      -20.00
03064            -920.00      -20.00
03065            -920.00      -20.00
03066            -920.00      -20.00
03067            -920.00      -20.00
03068            -880.00      -20.00
03069            -840.00      -24.00
03070            -840.00      -20.00
03071            -760.00      -24.00
03072            -640.00      -12.00
03073            -560.00      -24.00
03074            -400.00      -16.00
03075            -240.00      -20.00
03076               0.00      -20.00
03077             200.00      -24.00
03078             360.00      -16.00
03079             560.00      -16.00
03080             760.00      -20.00
03081             880.00      -20.00
03082            1000.00      -24.00
03083            1160.00      -16.00
03084            1240.00      -16.00
03085            1280.00      -16.00
03086            1280.00      -20.00
03087            1280.00      -16.00
03088            1200.00      -20.00
03089            1160.00      -20.00
03090            1080.00      -24.00
03091            1000.00      -20.00
03092             880.00      -20.00
03093             760.00      -20.00
03094             640.00      -16.00
03095             560.00      -24.00
03096             440.00      -20.00
03097             360.00      -16.00
03098             320.00      -16.00
03099             240.00      -24.00
03100             240.00      -12.00
03101             240.00      -20.00
03102             160.00      -16.00
03103              80.00      -12.00
03104              40.00      -20.00
03105             -40.00      -16.00
03106            -120.00      -16.00
03107            -240.00      -20.00
03108            -320.00      -16.00
03109            -440.00      -20.00
03110            -560.00      -20.00
03111            -640.00      -20.00
03112            -720.00      -16.00
03113            -760.00      -20.00
03114            -760.00      -20.00
03115            -800.00      -16.00
03116            -760.00      -16.00
03117            -720.00      -16.00
03118            -640.00      -16.00
03119            -520.00      -16.00
03120            -360.00      -16.00
03121            -160.00      -16.00
03122             -40.00      -20.00
03123              80.00      -20.00
03124             200.00      -20.00
03125             280.00      -12.00
03126             320.00      -20.00
03127             320.00      -20.00
03128             360.00      -20.00
03129             320.00      -16.00
03130             320.00      -20.00
03131             280.00      -12.00
03132             240.00      -12.00
03133             200.00      -16.00
03134             120.00      -16.00
03135              40.00      -20.00
03136             -40.00      -16.00
03137            -120.00      -16.00
03138            -200.00      -20.00
03139            -240.00      -12.00
03140            -240.00      -20.00
03141            -200.00      -16.00
03142            -200.00      -12.00
03143            -160.00      -24.00
03144            -200.00      -16.00
03145            -160.00      -16.00
03146            -200.00      -16.00
03147            -200.00      -16.00
03148            -240.00      -12.00
03149            -280.00      -20.00
03150            -320.00      -16.00
03151            -360.00      -12.00
03152            -400.00      -12.00
03153            -400.00      -16.00
03154            -400.00      -12.00
03155            -400.00      -20.00
03156            -360.00      -16.00
03157            -360.00      -20.00
03158            -280.00      -12.00
03159            -200.00      -20.00
03160            -120.00      -16.00
03161              40.00      -16.00
03162             200.00      -16.00
03163             400.00      -16.00
03164             560.00      -16.00
03165             720.00      -16.00
03166             840.00      -12.00
03167             920.00      -20.00
03168             960.00      -16.00
03169            1000.00      -16.00
03170            1040.00      -12.00
03171            1000.00      -16.00
03172            1000.00      -16.00
03173            1000.00      -16.00
03174             920.00      -16.00
03175             840.00      -12.00
03176             760.00      -20.00
03177             640.00      -16.00
03178             520.00      -16.00
03179             440.00      -12.00
03180             320.00      -12.00
03181             240.00      -16.00
03182             160.00      -20.00
03183             120.00      -16.00
03184             120.00      -20.00
03185             120.00      -12.00
03186             120.00      -20.00
03187             120.00      -16.00
03188             120.00      -20.00
03189              80.00      -16.00
03190               0.00      -20.00
03191             -40.00      -16.00
03192            -120.00      -20.00
03193            -240.00      -16.00
03194            -280.00      -20.00
03195            -360.00      -20.00
03196            -440.00      -12.00
03197            -440.00      -20.00
03198            -560.00      -16.00
03199            -600.00      -16.00
03200            -640.00      -20.00
03201            -640.00      -16.00
03202            -600.00      -16.00
03203            -520.00      -12.00
03204            -400.00      -16.00
03205            -280.00      -20.00
03206            -120.00      -12.00
03207              40.00      -12.00
03208             200.00      -16.00
03209             320.00      -16.00
03210             400.00      -20.00
03211             480.00      -16.00
03212             520.00      -24.00
03213             520.00      -16.00
03214             520.00      -16.00
03215             440.00      -20.00
03216             440.00      -16.00
03217             400.00      -16.00
03218             280.00      -12.00
03219             200.00      -12.00
03220              40.00      -16.00
03221            -120.00      -16.00
03222            -240.00      -12.00
03223            -360.00      -16.00
03224            -400.00      -16.00
03225            -440.00      -16.00
03226            -440.00      -12.00
03227            -480.00      -16.00
03228            -400.00      -12.00
03229            -360.00      -12.00
03230            -280.00      -16.00
03231            -200.00      -16.00
03232            -120.00      -20.00
03233               0.00      -20.00
03234             -40.00      -16.00
03235              40.00      -12.00
03236              40.00      -12.00
03237              80.00      -20.00
03238             120.00      -20.00
03239              80.00      -20.00
03240             120.00      -20.00
03241             120.00      -24.00
03242             120.00      -16.00
03243             120.00      -20.00
03244             160.00      -20.00
03245             200.00      -12.00
03246             280.00      -12.00
03247             320.00      -24.00
03248             360.00      -16.00
03249             440.00      -16.00
03250             520.00      -16.00
03251             600.00      -12.00
03252             680.00      -16.00
03253             760.00      -20.00
03254             760.00      -16.00
03255             760.00      -16.00
03256             760.00      -20.00
03257             680.00      -20.00
03258             640.00      -20.00
03259             520.00      -16.00
03260             440.00      -16.00
03261            -680.00      500.00
03262            -760.00      500.00
03263            -800.00      -32.00
03264            -880.00      -36.00
03265            -880.00      -36.00
03266            -880.00      -36.00
03267            -880.00      -44.00
03268            -840.00      -40.00
03269            -800.00      -36.00
03270            -760.00      -36.00
03271            -720.00      -36.00
03272            -640.00      -36.00
03273            -560.00      -32.00
03274            -480.00      -36.00
03275            -440.00      -36.00
03276            -400.00      -36.00
03277            -280.00      -28.00
03278            -240.00      -32.00
03279            -160.00      -32.00
03280             -80.00      -32.00
03281               0.00      -36.00
03282              80.00      -32.00
03283             160.00      -32.00
03284             280.00      -28.00
03285             360.00      -32.00
03286             440.00      -32.00
03287             520.00      -28.00
03288             560.00      -28.00
03289             600.00      -24.00
03290             640.00      -32.00
03291             600.00      -28.00
03292             640.00      -24.00
03293             560.00      -28.00
03294             560.00      -28.00
03295             520.00      -28.00
03296             400.00      -28.00
03297             360.00      -24.00
03298             240.00      -28.00
03299             120.00      -28.00
03300             -40.00      -24.00
03301            -200.00      -24.00
03302            -280.00      -24.00
03303            -400.00      -24.00
03304            -520.00      -28.00
03305            -600.00      -28.00
03306            -720.00      -24.00
03307            -760.00      -24.00
03308            -800.00      -24.00
03309            -840.00      -28.00
03310            -880.00      -24.00
03311            -880.00      -24.00
03312            -920.00      -24.00
03313            -920.00      -24.00
03314            -960.00      -28.00
03315            -920.00      -28.00
03316            -920.00      -24.00
03317            -880.00      -24.00
03318            -880.00      -20.00
03319            -880.00      -24.00
03320            -840.00      -24.00
03321            -760.00      -20.00
03322            -680.00      -20.00
03323            -520.00      -24.00
03324            -400.00      -24.00
03325            -240.00      -20.00
03326             -40.00      -24.00
03327             200.00      -20.00
03328             400.00      -24.00
03329             560.00      -20.00
03330             760.00      -16.00
03331             880.00      -20.00
03332            1080.00      -20.00
03333            1160.00      -20.00
03334            1200.00      -20.00
03335            1280.00      -20.00
03336            1280.00      -24.00
03337            1280.00      -24.00
03338            1240.00      -20.00
03339            1160.00      -24.00
03340            1080.00      -20.00
03341            1000.00      -20.00
03342             840.00      -16.00
03343             760.00      -20.00
03344             640.00      -20.00
03345             560.00      -28.00
03346             440.00      -16.00
03347             360.00      -20.00
03348             320.00      -16.00
03349             280.00      -20.00
03350             240.00      -20.00
03351             200.00      -20.00
03352             160.00      -20.00
03353              80.00      -16.00
03354              40.00      -20.00
03355             -40.00      -24.00
03356            -120.00      -20.00
03357            -200.00      -20.00
03358            -320.00      -24.00
03359            -440.00      -16.00
03360            -560.00      -16.00
03361            -640.00      -20.00
03362            -720.00      -20.00
03363            -800.00      -20.00
03364            -800.00       -4.00
03365            -800.00      -20.00
03366            -800.00      -20.00
03367            -720.00      -16.00
03368            -640.00      -20.00
03369            -520.00      -20.00
03370            -360.00      -20.00
03371            -160.00      -20.00
03372               0.00      -20.00
03373             120.00      -20.00
03374             200.00      -24.00
03375             280.00      -16.00
03376             360.00      -16.00
03377             360.00      -20.00
03378             360.00      -16.00
03379             360.00      -20.00
03380             360.00      -24.00
03381             280.00      -24.00
03382             240.00      -16.00
03383             200.00      -20.00
03384              80.00      -24.00
03385              40.00      -20.00
03386             -80.00      -16.00
03387            -120.00      -20.00
03388            -200.00      -20.00
03389            -240.00      -20.00
03390            -240.00      -20.00
03391            -240.00      -20.00
03392            -240.00      -16.00
03393            -160.00      -16.00
03394            -200.00      -20.00
03395            -200.00      -16.00
03396            -200.00      -16.00
03397            -240.00      -16.00
03398            -280.00      -16.00
03399            -320.00      -20.00
03400            -320.00      -20.00
03401            -360.00      -20.00
03402            -400.00      -24.00
03403            -400.00      -16.00
03404            -400.00      -24.00
03405            -360.00      -20.00
03406            -360.00      -20.00
03407            -360.00      -16.00
03408            -280.00      -16.00
03409            -240.00      -16.00
03410             -80.00      -16.00
03411              40.00      -16.00
03412             200.00      -24.00
03413             400.00      -16.00
03414             560.00      -20.00
03415             680.00      -20.00
03416             800.00      -16.00
03417             880.00      -20.00
03418            1000.00      -20.00
03419            1000.00      -16.00
03420            1000.00      -20.00
03421            1040.00      -20.00
03422            1040.00      -16.00
03423             960.00      -20.00
03424             960.00      -16.00
03425             840.00      -20.00
03426             720.00      -12.00
03427             640.00      -16.00
03428             520.00      -16.00
03429             400.00      -16.00
03430             320.00      -20.00
03431             240.00      -16.00
03432             160.00      -20.00
03433             120.00      -20.00
03434             120.00      -12.00
03435              80.00      -16.00
03436             120.00      -16.00
03437             120.00      -20.00
03438             120.00      -16.00
03439              80.00      -20.00
03440              40.00      -24.00
03441             -80.00      -16.00
03442            -120.00      -24.00
03443            -200.00      -20.00
03444            -280.00      -16.00
03445            -400.00      -12.00
03446            -400.00      -20.00
03447            -480.00      -24.00
03448            -600.00      -16.00
03449            -600.00      -16.00
03450            -600.00      -20.00
03451            -640.00      -16.00
03452            -600.00      -16.00
03453            -520.00      -20.00
03454            -400.00      -16.00
03455            -280.00      -16.00
03456            -120.00      -16.00
03457              40.00      -16.00
03458             200.00      -20.00
03459             360.00      -20.00
03460             400.00      -20.00
03461             480.00      -16.00
03462             520.00      -40.00
03463             560.00      -20.00
03464             520.00      -16.00
03465             480.00      -20.00
03466             400.00      -16.00
03467             360.00      -20.00
03468             280.00      -20.00
03469             160.00      -24.00
03470              40.00      -20.00
03471            -120.00       -8.00
03472            -200.00      -24.00
03473            -360.00      -16.00
03474            -400.00      -20.00
03475            -440.00      -16.00
03476            -480.00      -24.00
03477            -440.00      -20.00
03478            -440.00      -24.00
03479            -360.00      -16.00
03480            -320.00      -24.00
03481            -160.00      -16.00
03482            -120.00      -16.00
03483             -80.00      -16.00
03484             -40.00      -16.00
03485              40.00      -20.00
03486              40.00      -12.00
03487              80.00      -20.00
03488             120.00      -20.00
03489             120.00      -12.00
03490              80.00      -16.00
03491             120.00      -16.00
03492             120.00      -16.00
03493             120.00      -12.00
03494             160.00      -16.00
03495             200.00      -16.00
03496             240.00      -16.00
03497             320.00      -16.00
03498             400.00      -20.00
03499             480.00      -20.00
03500             560.00      -16.00
03501             640.00      -16.00
03502             680.00      -16.00
03503             760.00      -12.00
03504             760.00      -12.00
03505             760.00      -16.00
03506             720.00      -16.00
03507             680.00      -16.00
03508             640.00      -20.00
03509             560.00      -16.00
03510             440.00      -16.00
03511            -680.00      500.00
03512            -800.00      500.00
03513            -800.00      -32.00
03514            -840.00      -28.00
03515            -880.00      -40.00
03516            -880.00      -32.00
03517            -840.00      -36.00
03518            -840.00      -32.00
03519            -800.00      -36.00
03520            -760.00      -32.00
03521            -720.00      -36.00
03522            -640.00      -32.00
03523            -600.00      -32.00
03524            -480.00      -28.00
03525            -440.00      -32.00
03526            -400.00      -28.00
03527            -320.00      -32.00
03528            -240.00      -28.00
03529            -120.00      -24.00
03530             -80.00      -28.00
03531               0.00      -24.00
03532              80.00      -32.00
03533             200.00      -24.00
03534             240.00      -32.00
03535             360.00      -24.00
03536             440.00      -24.00
03537             480.00      -24.00
03538             520.00      -24.00
03539             600.00      -20.00
03540             600.00      -24.00
03541             640.00      -24.00
03542             600.00      -24.00
03543             560.00      -24.00
03544             560.00      -20.00
03545             520.00      -28.00
03546             440.00      -20.00
03547             360.00      -28.00
03548             240.00      -20.00
03549             120.00      -20.00
03550               0.00      -20.00
03551            -120.00      -16.00
03552            -280.00      -20.00
03553            -360.00      -16.00
03554            -520.00      -20.00
03555            -600.00      -20.00
03556            -680.00      -24.00
03557            -760.00      -16.00
03558            -800.00      -20.00
03559            -840.00      -20.00
03560            -880.00      -24.00
03561            -920.00      -20.00
03562            -920.00      -24.00
03563            -920.00      -20.00
03564            -920.00      -24.00
03565            -920.00      -20.00
03566            -920.00      -20.00
03567            -920.00      -24.00
03568            -920.00      -20.00
03569            -880.00      -24.00
03570            -840.00      -20.00
03571            -760.00      -20.00
03572            -720.00      -24.00
03573            -560.00      -20.00
03574            -400.00      -16.00
03575            -240.00      -20.00
03576               0.00      -20.00
03577             160.00      -16.00
03578             400.00      -20.00
03579             560.00      -20.00
03580             760.00      -20.00
03581             880.00      -20.00
03582            1040.00      -24.00
03583            1120.00      -20.00
03584            1200.00      -20.00
03585            1240.00      -24.00
03586            1280.00      -20.00
03587            1280.00      -24.00
03588            1200.00      -20.00
03589            1160.00      -16.00
03590            1080.00      -20.00
03591             960.00      -16.00
03592             880.00      -24.00
03593             760.00      -20.00
03594             680.00      -16.00
03595             560.00      -20.00
03596             480.00      -28.00
03597             400.00      -20.00
03598             320.00      -24.00
03599             280.00      -20.00
03600             240.00      -20.00
03601             160.00      -24.00
03602             160.00      -24.00
03603              80.00      -20.00
03604              40.00      -16.00
03605               0.00      -20.00
03606            -120.00      -20.00
03607            -200.00      -24.00
03608            -320.00      -24.00
03609            -440.00      -24.00
03610            -560.00      -20.00
03611            -640.00      -20.00
03612            -760.00      -20.00
03613            -760.00      -16.00
03614            -800.00      -20.00
03615            -800.00      -20.00
03616            -760.00      -20.00
03617            -760.00      -24.00
03618            -640.00      -16.00
03619            -560.00      -24.00
03620            -320.00      -16.00
03621            -160.00      -24.00
03622               0.00      -16.00
03623             120.00      -24.00
03624             240.00      -20.00
03625             320.00      -20.00
03626             360.00      -20.00
03627             360.00      -24.00
03628             320.00      -20.00
03629             320.00      -20.00
03630             360.00      -20.00
03631             240.00      -24.00
03632             240.00      -20.00
03633             160.00      -16.00
03634             120.00      -20.00
03635              40.00      -16.00
03636             -40.00      -20.00
03637            -120.00      -20.00
03638            -200.00      -20.00
03639            -240.00      -24.00
03640            -240.00      -20.00
03641            -240.00      -20.00
03642            -200.00      -20.00
03643            -200.00      -20.00
03644            -160.00      -20.00
03645            -160.00      -20.00
03646            -240.00      -20.00
03647            -240.00      -20.00
03648            -280.00      -24.00
03649            -280.00      -16.00
03650            -360.00      -16.00
03651            -360.00      -12.00
03652            -400.00      -16.00
03653            -400.00      -20.00
03654            -400.00      -24.00
03655            -400.00      -20.00
03656            -360.00      -20.00
03657            -360.00      -16.00
03658            -280.00      -28.00
03659            -200.00       -4.00
03660             -80.00      -20.00
03661              40.00      -20.00
03662             200.00      -20.00
03663             400.00      -16.00
03664             560.00      -20.00
03665             720.00      -12.00
03666             840.00      -24.00
03667             920.00      -20.00
03668             960.00      -20.00
03669            1000.00      -24.00
03670            1040.00      -20.00
03671            1080.00      -20.00
03672            1040.00      -16.00
03673            1000.00      -20.00
03674             920.00      -20.00
03675             840.00      -24.00
03676             720.00      -20.00
03677             640.00      -28.00
03678             520.00      -20.00
03679             360.00      -24.00
03680             320.00      -16.00
03681             200.00      -16.00
03682             160.00      -20.00
03683             120.00      -20.00
03684              80.00      -20.00
03685              80.00      -24.00
03686              80.00      -20.00
03687             120.00      -20.00
03688             120.00      -20.00
03689              80.00      -20.00
03690              40.00      -20.00
03691             -40.00      -16.00
03692            -160.00      -20.00
03693            -200.00      -20.00
03694            -280.00      -24.00
03695            -360.00      -20.00
03696            -400.00      -16.00
03697            -520.00      -24.00
03698            -560.00      -20.00
03699            -600.00      -20.00
03700            -640.00      -16.00
03701            -640.00      -20.00
03702            -600.00      -20.00
03703            -520.00      -20.00
03704            -400.00      -20.00
03705            -240.00      -16.00
03706            -120.00      -20.00
03707              80.00      -16.00
03708             200.00      -20.00
03709             320.00      -16.00
03710             440.00      -16.00
03711             480.00      -24.00
03712             520.00      -24.00
03713             520.00      -16.00
03714             520.00      -24.00
03715             480.00      -20.00
03716             400.00      -20.00
03717             360.00      -24.00
03718             280.00      -20.00
03719             200.00      -16.00
03720              40.00      -16.00
03721             -80.00      -44.00
03722            -240.00      -20.00
03723            -360.00      -20.00
03724            -400.00      -16.00
03725            -440.00      -16.00
03726            -440.00      -24.00
03727            -480.00      -20.00
03728            -400.00      -16.00
03729            -400.00      -16.00
03730            -320.00      -20.00
03731            -200.00      -20.00
03732             -80.00      -24.00
03733             -80.00      -20.00
03734               0.00      -20.00
03735              40.00      -20.00
03736              80.00      -16.00
03737              80.00      -20.00
03738              80.00      -16.00
03739             120.00      -16.00
03740             120.00        4.00
03741             120.00      -20.00
03742             120.00      -24.00
03743             120.00      -20.00
03744             160.00      -20.00
03745             200.00      -24.00
03746             240.00      -20.00
03747             320.00      -16.00
03748             400.00      -16.00
03749             440.00      -24.00
03750             520.00      -24.00
03751             600.00      -20.00
03752             680.00      -20.00
03753             720.00      -24.00
03754             760.00      -20.00
03755             720.00      -20.00
03756             800.00      -12.00
03757             720.00      -20.00
03758             640.00      -20.00
03759             560.00      -20.00
03760             440.00      -20.00
03761            -680.00      500.00
03762            -760.00      500.00
03763            -840.00      -28.00
03764            -840.00      -36.00
03765            -840.00      -44.00
03766            -880.00      -32.00
03767            -840.00      -36.00
03768            -840.00      -36.00
03769            -800.00      -40.00
03770            -760.00      -36.00
03771            -720.00      -36.00
03772            -640.00      -36.00
03773            -600.00      -36.00
03774            -520.00      -36.00
03775            -400.00      -36.00
03776            -360.00      -32.00
03777            -280.00      -40.00
03778            -240.00      -32.00
03779            -160.00      -32.00
03780             -80.00      -32.00
03781               0.00      -28.00
03782              80.00      -24.00
03783             160.00      -32.00
03784             280.00      -28.00
03785             360.00      -28.00
03786             400.00      -24.00
03787             480.00      -24.00
03788             560.00      -28.00
03789             560.00      -28.00
03790             600.00      -28.00
03791             600.00      -28.00
03792             600.00      -28.00
03793             560.00      -24.00
03794             560.00      -20.00
03795             480.00      -24.00
03796             440.00      -28.00
03797             360.00      -28.00
03798             240.00      -28.00
03799             120.00      -20.00
03800               0.00      -24.00
03801            -120.00      -24.00
03802            -280.00      -24.00
03803            -360.00      -24.00
03804            -480.00      -24.00
03805            -600.00      -20.00
03806            -680.00      -20.00
03807            -800.00      -24.00
03808            -800.00      -20.00
03809            -840.00      -24.00
03810            -880.00      -24.00
03811            -880.00      -20.00
03812            -920.00      -24.00
03813            -920.00      -24.00
03814            -920.00      -20.00
03815            -920.00      -20.00
03816            -920.00      -28.00
03817            -920.00      -24.00
03818            -920.00      -16.00
03819            -880.00      -20.00
03820            -840.00      -20.00
03821            -800.00      -20.00
03822            -680.00      -24.00
03823            -560.00      -20.00
03824            -400.00      -20.00
03825            -200.00      -16.00
03826             -40.00      -16.00
03827             200.00      -20.00
03828             360.00      -24.00
03829             560.00      -24.00
03830             720.00      -24.00
03831             880.00      -20.00
03832            1040.00      -20.00
03833            1120.00      -16.00
03834            1200.00      -24.00
03835            1280.00      -20.00
03836            1240.00      -16.00
03837            1280.00      -20.00
03838            1240.00      -12.00
03839            1160.00      -28.00
03840            1080.00      -24.00
03841            1000.00      -16.00
03842             840.00      -16.00
03843             720.00      -20.00
03844             640.00      -20.00
03845             520.00      -20.00
03846             480.00      -28.00
03847             360.00      -24.00
03848             320.00      -20.00
03849             280.00      -20.00
03850             240.00      -20.00
03851             200.00      -16.00
03852             120.00      -16.00
03853              80.00      -20.00
03854              40.00      -20.00
03855             -40.00      -20.00
03856            -160.00      -16.00
03857            -240.00      -24.00
03858            -320.00      -20.00
03859            -440.00      -16.00
03860            -560.00      -20.00
03861            -640.00      -12.00
03862            -720.00      -12.00
03863            -760.00      -20.00
03864            -800.00      -24.00
03865            -800.00      -16.00
03866            -800.00      -28.00
03867            -760.00      -12.00
03868            -640.00      -16.00
03869            -520.00      -16.00
03870            -360.00      -16.00
03871            -160.00      -16.00
03872               0.00      -16.00
03873             120.00      -16.00
03874             240.00      -16.00
03875             280.00      -20.00
03876             360.00      -12.00
03877             360.00      -16.00
03878             360.00      -16.00
03879             360.00      -20.00
03880             320.00      -12.00
03881             240.00      -12.00
03882             240.00      -20.00
03883             200.00      -12.00
03884              80.00      -12.00
03885              40.00      -16.00
03886             -40.00      -20.00
03887            -120.00      -16.00
03888            -160.00      -16.00
03889            -200.00       -8.00
03890            -240.00      -16.00
03891            -240.00      -16.00
03892            -200.00      -24.00
03893            -160.00      -16.00
03894            -160.00      -16.00
03895            -160.00      -20.00
03896            -200.00      -16.00
03897            -240.00      -16.00
03898            -280.00      -16.00
03899            -280.00      -16.00
03900            -360.00      -12.00
03901            -360.00      -12.00
03902            -400.00      -16.00
03903            -400.00      -16.00
03904            -400.00      -16.00
03905            -400.00      -20.00
03906            -400.00      -16.00
03907            -360.00      -16.00
03908            -280.00      -16.00
03909            -200.00      -16.00
03910             -80.00      -12.00
03911               0.00      -16.00
03912             200.00      -12.00
03913             360.00      -20.00
03914             600.00      -16.00
03915             680.00      -12.00
03916             840.00      -16.00
03917             920.00      -16.00
03918             960.00      -12.00
03919            1000.00      -16.00
03920            1040.00      -16.00
03921            1000.00      -16.00
03922            1040.00      -20.00
03923            1000.00      -16.00
03924             920.00      -16.00
03925             840.00      -12.00
03926             720.00      -20.00
03927             680.00      -12.00
03928             520.00      -12.00
03929             400.00      -20.00
03930             280.00      -16.00
03931             240.00      -20.00
03932             160.00      -16.00
03933             120.00      -16.00
03934              80.00      -20.00
03935              80.00      -16.00
03936             120.00      -20.00
03937             120.00      -16.00
03938             120.00      -12.00
03939              80.00      -16.00
03940               0.00      -20.00
03941             -40.00      -20.00
03942            -160.00      -20.00
03943            -200.00      -20.00
03944            -280.00      -16.00
03945            -360.00      -20.00
03946            -440.00      -16.00
03947            -520.00      -12.00
03948            -560.00      -16.00
03949            -600.00      -16.00
03950            -640.00      -12.00
03951            -640.00      -20.00
03952            -600.00      -16.00
03953            -520.00      -16.00
03954            -400.00      -20.00
03955            -280.00      -20.00
03956             -80.00      -16.00
03957              80.00      -20.00
03958             200.00      -20.00
03959             320.00      -16.00
03960             440.00      -16.00
03961             480.00      -20.00
03962             480.00      -16.00
03963             520.00      -20.00
03964             480.00      -16.00
03965             480.00      -20.00
03966             440.00      -12.00
03967             360.00      -16.00
03968             280.00      -20.00
03969             200.00      -24.00
03970              40.00      -12.00
03971             -80.00      -20.00
03972            -240.00      -20.00
03973            -360.00      -20.00
03974            -400.00      -16.00
03975            -440.00       -8.00
03976            -480.00      -24.00
03977            -440.00      -16.00
03978            -400.00      -12.00
03979            -360.00      -16.00
03980            -280.00      -20.00
03981            -200.00      -20.00
03982             -80.00      -20.00
03983             -80.00      -24.00
03984              40.00      -16.00
03985              40.00      -16.00
03986              80.00      -12.00
03987              80.00      -20.00
03988             120.00      -20.00
03989             120.00      -20.00
03990             160.00      -20.00
03991             120.00      -16.00
03992             120.00      -40.00
03993             120.00      -20.00
03994             200.00      -16.00
03995             200.00      -16.00
03996             240.00      -20.00
03997             360.00      -16.00
03998             400.00      -28.00
03999             440.00      -20.00
04000             560.00      -24.00
04001             600.00      -20.00
04002             720.00      -20.00
04003             760.00      -24.00
04004             760.00      -16.00
04005             760.00      -16.00
04006             800.00      -20.00
04007             720.00      -20.00
04008             640.00      -20.00
04009             560.00      -16.00
04010             440.00      -20.00
04011            -720.00      500.00
04012            -760.00      500.00
04013            -800.00      -32.00
04014            -840.00      -36.00
04015            -880.00      -44.00
04016            -880.00      -36.00
04017            -880.00      -44.00
04018            -840.00      -28.00
04019            -800.00      -36.00
04020            -760.00      -36.00
04021            -720.00      -32.00
04022            -640.00      -32.00
04023            -560.00      -36.00
04024            -520.00      -40.00
04025            -480.00      -32.00
04026            -360.00      -36.00
04027            -320.00      -40.00
04028            -240.00      -32.00
04029            -160.00      -36.00
04030             -80.00      -32.00
04031               0.00      -28.00
04032              80.00      -32.00
04033             240.00      -28.00
04034             240.00      -32.00
04035             360.00      -32.00
04036             440.00      -32.00
04037             520.00      -28.00
04038             560.00      -32.00
04039             560.00      -32.00
04040             600.00      -28.00
04041             600.00      -32.00
04042             640.00      -28.00
04043             600.00      -28.00
04044             560.00      -28.00
04045             520.00      -28.00
04046             440.00      -24.00
04047             360.00      -32.00
04048             240.00      -28.00
04049             120.00      -28.00
04050               0.00      -28.00
04051            -120.00      -24.00
04052            -280.00      -28.00
04053            -400.00      -28.00
04054            -520.00      -28.00
04055            -600.00      -28.00
04056            -720.00      -24.00
04057            -760.00      -28.00
04058            -800.00      -28.00
04059            -880.00      -32.00
04060            -880.00      -32.00
04061            -920.00      -20.00
04062            -920.00      -24.00
04063            -920.00      -28.00
04064            -960.00      -24.00
04065            -920.00      -28.00
04066            -920.00      -28.00
04067            -920.00      -28.00
04068            -880.00      -20.00
04069            -880.00      -28.00
04070            -840.00      -28.00
04071            -800.00      -16.00
04072            -680.00      -20.00
04073            -560.00      -24.00
04074            -400.00      -24.00
04075            -240.00      -24.00
04076             -40.00      -20.00
04077             200.00      -20.00
04078             360.00      -24.00
04079             560.00      -20.00
04080             720.00      -20.00
04081             880.00      -20.00
04082            1040.00      -20.00
04083            1160.00      -20.00
04084            1200.00      -20.00
04085            1240.00      -28.00
04086            1280.00      -24.00
04087            1280.00      -28.00
04088            1200.00      -20.00
04089            1160.00      -20.00
04090            1080.00      -20.00
04091             960.00      -24.00
04092             840.00      -24.00
04093             760.00      -24.00
04094             640.00      -16.00
04095             560.00      -20.00
04096             440.00      -24.00
04097             360.00      -20.00
04098             360.00      -20.00
04099             320.00      -16.00
04100             240.00      -24.00
04101             200.00      -20.00
04102             160.00      -28.00
04103              80.00      -24.00
04104              40.00      -24.00
04105             -40.00      -16.00
04106            -120.00      -20.00
04107            -240.00      -24.00
04108            -360.00      -20.00
04109            -480.00      -20.00
04110            -560.00      -32.00
04111            -640.00      -20.00
04112            -720.00      -20.00
04113            -760.00      -16.00
04114            -800.00      -16.00
04115            -800.00      -20.00
04116            -760.00      -20.00
04117            -720.00      -24.00
04118            -640.00      -20.00
04119            -480.00      -16.00
04120            -360.00      -20.00
04121            -160.00      -24.00
04122               0.00      -16.00
04123             120.00      -20.00
04124             200.00      -28.00
04125             280.00      -20.00
04126             360.00      -28.00
04127             320.00      -24.00
04128             320.00      -16.00
04129             360.00      -20.00
04130             320.00      -20.00
04131             280.00      -24.00
04132             240.00      -20.00
04133             160.00      -16.00
04134              80.00      -24.00
04135               0.00      -24.00
04136             -80.00      -20.00
04137            -160.00      -24.00
04138            -200.00      -20.00
04139            -240.00      -16.00
04140            -240.00      -20.00
04141            -200.00      -20.00
04142            -200.00      -24.00
04143            -200.00      -12.00
04144            -200.00      -20.00
04145            -200.00      -20.00
04146            -160.00      -16.00
04147            -240.00      -20.00
04148            -280.00      -16.00
04149            -280.00      -20.00
04150            -400.00      -24.00
04151            -400.00      -20.00
04152            -400.00      -20.00
04153            -440.00      -24.00
04154            -400.00      -20.00
04155            -400.00      -24.00
04156            -400.00      -20.00
04157            -360.00      -20.00
04158            -280.00      -24.00
04159            -200.00      -16.00
04160            -120.00      -24.00
04161              40.00      -28.00
04162             160.00      -16.00
04163             440.00      -20.00
04164             560.00      -12.00
04165             680.00      -24.00
04166             840.00      -20.00
04167             920.00      -16.00
04168             960.00      -16.00
04169            1000.00      -20.00
04170            1040.00      -16.00
04171            1040.00      -16.00
04172            1040.00      -20.00
04173            1000.00      -16.00
04174             920.00      -16.00
04175             840.00      -20.00
04176             720.00      -16.00
04177             680.00      -20.00
04178             520.00      -20.00
04179             400.00      -20.00
04180             280.00      -24.00
04181             200.00      -20.00
04182             160.00      -20.00
04183             120.00      -24.00
04184              80.00      -24.00
04185             120.00      -16.00
04186             120.00      -16.00
04187             120.00      -16.00
04188              80.00      -16.00
04189              80.00      -16.00
04190               0.00      -20.00
04191             -40.00      -16.00
04192            -120.00      -20.00
04193            -200.00      -20.00
04194            -280.00      -16.00
04195            -360.00      -20.00
04196            -440.00      -20.00
04197            -480.00      -16.00
04198            -520.00      -16.00
04199            -600.00      -20.00
04200            -640.00      -20.00
04201            -640.00      -20.00
04202            -560.00      -16.00
04203            -520.00      -20.00
04204            -400.00      -20.00
04205            -240.00      -16.00
04206            -120.00      -16.00
04207              40.00      -24.00
04208             200.00      -16.00
04209             320.00      -16.00
04210             400.00      -20.00
04211             480.00      -16.00
04212             520.00      -20.00
04213             520.00      -20.00
04214             440.00      -16.00
04215             440.00      -20.00
04216             440.00      -16.00
04217             360.00      -12.00
04218             320.00      -20.00
04219             160.00      -16.00
04220              40.00      -20.00
04221            -120.00      -16.00
04222            -240.00      -20.00
04223            -360.00      -20.00
04224            -400.00      -12.00
04225            -440.00      -12.00
04226            -440.00      -12.00
04227            -480.00      -20.00
04228            -400.00      -16.00
04229            -400.00      -20.00
04230            -280.00      -16.00
04231            -200.00      -16.00
04232            -120.00      -20.00
04233             -80.00      -12.00
04234               0.00      -20.00
04235              40.00      -16.00
04236              80.00      -20.00
04237              80.00      -16.00
04238              80.00      -12.00
04239             120.00      -20.00
04240             120.00      -20.00
04241             120.00      -20.00
04242             120.00      -20.00
04243             160.00       -8.00
04244             200.00      -16.00
04245             200.00      -12.00
04246             280.00      -24.00
04247             320.00      -12.00
04248             400.00      -20.00
04249             480.00      -20.00
04250             560.00      -20.00
04251             640.00      -12.00
04252             680.00      -12.00
04253             720.00      -16.00
04254             760.00      -20.00
04255             760.00      -20.00
04256             760.00      -20.00
04257             720.00      -16.00
04258             680.00      -16.00
04259             560.00      -12.00
04260             440.00      -12.00
04261            -680.00      500.00
04262            -760.00      500.00
04263            -800.00      -28.00
04264            -840.00      -32.00
04265            -880.00      -40.00
04266            -880.00      -36.00
04267            -880.00      -28.00
04268            -840.00      -28.00
04269            -800.00      -28.00
04270            -760.00      -28.00
04271            -680.00      -28.00
04272            -640.00      -32.00
04273            -560.00      -32.00
04274            -520.00      -32.00
04275            -440.00      -28.00
04276            -360.00      -28.00
04277            -280.00      -28.00
04278            -200.00      -32.00
04279            -160.00      -28.00
04280             -80.00      -24.00
04281               0.00      -28.00
04282              80.00      -24.00
04283             160.00      -32.00
04284             240.00      -28.00
04285             360.00      -24.00
04286             440.00      -28.00
04287             520.00      -24.00
04288             560.00      -32.00
04289             600.00      -28.00
04290             600.00      -20.00
04291             600.00      -24.00
04292             640.00      -24.00
04293             600.00      -24.00
04294             560.00      -24.00
04295             520.00      -24.00
04296             440.00      -20.00
04297             320.00      -24.00
04298             240.00      -28.00
04299             120.00      -20.00
04300               0.00      -20.00
04301            -120.00      -20.00
04302            -280.00      -24.00
04303            -400.00      -24.00
04304            -520.00      -20.00
04305            -600.00      -28.00
04306            -680.00      -24.00
04307            -760.00      -20.00
04308            -840.00      -28.00
04309            -880.00      -16.00
04310            -880.00      -20.00
04311            -880.00      -20.00
04312            -920.00      -20.00
04313            -960.00      -20.00
04314            -880.00      -20.00
04315            -920.00      -20.00
04316            -920.00      -16.00
04317            -920.00      -20.00
04318            -920.00      -16.00
04319            -880.00      -20.00
04320            -880.00      -20.00
04321            -800.00      -20.00
04322            -680.00      -20.00
04323            -560.00      -20.00
04324            -440.00      -20.00
04325            -280.00      -20.00
04326             -40.00      -24.00
04327             160.00      -20.00
04328             360.00      -16.00
04329             560.00      -20.00
04330             760.00      -24.00
04331             880.00      -20.00
04332            1040.00      -20.00
04333            1160.00      -24.00
04334            1200.00      -24.00
04335            1280.00      -16.00
04336            1280.00      -16.00
04337            1280.00      -16.00
04338            1200.00      -20.00
04339            1160.00      -20.00
04340            1080.00      -24.00
04341            1000.00      -20.00
04342             880.00      -20.00
04343             760.00      -20.00
04344             680.00      -24.00
04345             560.00      -20.00
04346             480.00      -20.00
04347             400.00      -16.00
04348             320.00      -20.00
04349             280.00      -20.00
04350             240.00      -24.00
04351             200.00      -20.00
04352             120.00      -20.00
04353              80.00      -20.00
04354              40.00      -20.00
04355             -40.00      -20.00
04356            -120.00      -20.00
04357            -240.00      -20.00
04358            -360.00      -20.00
04359            -440.00      -24.00
04360            -560.00      -20.00
04361            -640.00      -24.00
04362            -680.00      -24.00
04363            -760.00      -20.00
04364            -800.00      -12.00
04365            -800.00      -24.00
04366            -800.00      -20.00
04367            -760.00      -20.00
04368            -640.00      -24.00
04369            -520.00      -20.00
04370            -360.00      -16.00
04371            -160.00      -16.00
04372               0.00      -24.00
04373             120.00      -16.00
04374             240.00      -24.00
04375             240.00      -16.00
04376             320.00      -16.00
04377             360.00      -20.00
04378             360.00      -16.00
04379             320.00      -20.00
04380             280.00      -20.00
04381             320.00      -24.00
04382             240.00      -20.00
04383             200.00      -24.00
04384             120.00      -12.00
04385              40.00      -20.00
04386             -40.00      -20.00
04387            -120.00      -20.00
04388            -200.00      -20.00
04389            -200.00      -20.00
04390            -280.00      -16.00
04391            -240.00      -24.00
04392            -200.00      -20.00
04393            -200.00      -24.00
04394            -160.00      -20.00
04395            -160.00      -16.00
04396            -200.00      -24.00
04397            -240.00      -20.00
04398            -280.00      -16.00
04399            -280.00      -16.00
04400            -360.00      -24.00
04401            -400.00      -16.00
04402            -400.00      -24.00
04403            -400.00      -16.00
04404            -400.00      -20.00
04405            -400.00      -20.00
04406            -400.00      -20.00
04407            -360.00      -20.00
04408            -280.00      -28.00
04409            -240.00      -20.00
04410             -80.00      -24.00
04411              40.00      -20.00
04412             200.00      -20.00
04413             360.00      -20.00
04414             560.00      -16.00
04415             720.00      -20.00
04416             840.00      -20.00
04417             880.00      -20.00
04418             960.00      -20.00
04419            1000.00      -20.00
04420            1040.00      -20.00
04421            1080.00      -20.00
04422            1000.00      -16.00
04423            1000.00      -16.00
04424             960.00      -16.00
04425             880.00      -24.00
04426             760.00      -20.00
04427             640.00      -24.00
04428             520.00      -20.00
04429             400.00      -20.00
04430             320.00      -24.00
04431             200.00      -16.00
04432             160.00      -16.00
04433              80.00      -20.00
04434              80.00      -16.00
04435              80.00      -20.00
04436             120.00      -24.00
04437             120.00      -24.00
04438              80.00      -20.00
04439              80.00      -20.00
04440               0.00      -20.00
04441             -80.00      -16.00
04442            -120.00      -20.00
04443            -200.00      -20.00
04444            -280.00      -16.00
04445            -360.00      -24.00
04446            -440.00      -20.00
04447            -480.00      -16.00
04448            -560.00      -16.00
04449            -600.00      -20.00
04450            -640.00      -16.00
04451            -640.00      -20.00
04452            -600.00      -20.00
04453            -520.00      -20.00
04454            -440.00      -24.00
04455            -280.00      -16.00
04456             -80.00      -20.00
04457              40.00      -20.00
04458             200.00      -20.00
04459             320.00      -20.00
04460             440.00      -16.00
04461             520.00      -16.00
04462             520.00      -16.00
04463             480.00      -20.00
04464             520.00      -16.00
04465             480.00      -24.00
04466             440.00      -16.00
04467             360.00      -20.00
04468             280.00      -24.00
04469             160.00      -16.00
04470              80.00      -16.00
04471            -120.00      -20.00
04472            -240.00      -20.00
04473            -320.00      -16.00
04474            -400.00      -20.00
04475            -480.00      -20.00
04476            -440.00      -16.00
04477            -480.00      -20.00
04478            -440.00      -20.00
04479            -400.00      -20.00
04480            -280.00      -16.00
04481            -160.00      -20.00
04482            -120.00      -16.00
04483             -40.00      -20.00
04484               0.00      -20.00
04485              40.00      -20.00
04486              40.00      -20.00
04487              80.00      -24.00
04488             120.00      -16.00
04489             120.00      -20.00
04490             120.00      -20.00
04491             120.00      -16.00
04492             120.00      -16.00
04493             120.00      -16.00
04494             160.00      -16.00
04495             200.00      -20.00
04496             240.00      -20.00
04497             320.00      -20.00
04498             360.00      -20.00
04499             440.00      -20.00
04500             520.00      -20.00
04501             600.00      -20.00
04502             720.00      -24.00
04503             760.00      -16.00
04504             760.00      -20.00
04505             760.00      -20.00
04506             760.00      -20.00
04507             720.00      -20.00
04508             640.00      -16.00
04509             560.00      -20.00
04510             440.00      -20.00
04511            -680.00      500.00
04512            -760.00      500.00
04513            -800.00      -28.00
04514            -840.00      -40.00
04515            -880.00      -32.00
04516            -880.00      -36.00
04517            -880.00      -36.00
04518            -800.00      -36.00
04519            -800.00      -36.00
04520            -760.00      -36.00
04521            -720.00      -36.00
04522            -640.00      -36.00
04523            -560.00      -36.00
04524            -520.00      -32.00
04525            -440.00      -32.00
04526            -400.00      -36.00
04527            -280.00      -32.00
04528            -240.00      -32.00
04529            -120.00      -32.00
04530             -80.00      -28.00
04531              40.00      -28.00
04532              80.00      -32.00
04533             160.00      -28.00
04534             280.00      -24.00
04535             400.00      -36.00
04536             400.00      -20.00
04537             520.00      -24.00
04538             560.00      -28.00
04539             560.00      -28.00
04540             600.00      -24.00
04541             640.00      -28.00
04542             600.00      -24.00
04543             600.00      -28.00
04544             560.00      -28.00
04545             480.00      -24.00
04546             440.00      -20.00
04547             360.00      -24.00
04548             240.00      -28.00
04549             160.00      -28.00
04550               0.00      -24.00
04551            -120.00      -28.00
04552            -280.00      -20.00
04553            -400.00      -20.00
04554            -480.00      -28.00
04555            -600.00      -24.00
04556            -680.00      -20.00
04557            -720.00      -20.00
04558            -800.00      -28.00
04559            -840.00      -20.00
04560            -880.00      -24.00
04561            -920.00      -24.00
04562            -920.00      -16.00
04563            -920.00      -20.00
04564            -920.00      -24.00
04565            -920.00      -20.00
04566            -920.00      -20.00
04567            -920.00      -24.00
04568            -920.00      -24.00
04569            -880.00      -20.00
04570            -840.00      -20.00
04571            -800.00      -20.00
04572            -720.00      -20.00
04573            -560.00      -20.00
04574            -400.00      -16.00
04575            -240.00      -20.00
04576             -40.00      -16.00
04577             200.00      -20.00
04578             360.00      -20.00
04579             600.00      -16.00
04580             760.00      -20.00
04581             880.00      -20.00
04582            1000.00      -20.00
04583            1120.00      -20.00
04584            1200.00      -20.00
04585            1240.00      -16.00
04586            1280.00      -20.00
04587            1280.00      -20.00
04588            1200.00      -16.00
04589            1120.00      -20.00
04590            1080.00      -20.00
04591             960.00      -20.00
04592             880.00      -20.00
04593             760.00      -16.00
04594             640.00      -20.00
04595             560.00      -16.00
04596             480.00      -20.00
04597             360.00      -12.00
04598             320.00      -16.00
04599             280.00      -16.00
04600             240.00      -20.00
04601             200.00      -20.00
04602             160.00      -20.00
04603              80.00      -12.00
04604               0.00      -16.00
04605               0.00      -20.00
04606            -120.00      -20.00
04607            -240.00      -16.00
04608            -360.00      -24.00
04609            -480.00      -16.00
04610            -560.00      -20.00
04611            -640.00      -20.00
04612            -680.00      -12.00
04613            -800.00      -20.00
04614            -840.00      -24.00
04615            -840.00      -16.00
04616            -800.00      -12.00
04617            -760.00      -16.00
04618            -640.00      -12.00
04619            -520.00      -16.00
04620            -360.00      -16.00
04621            -160.00      -12.00
04622               0.00      -16.00
04623             120.00      -16.00
04624             240.00      -16.00
04625             280.00      -20.00
04626             320.00      -12.00
04627             320.00      -20.00
04628             360.00      -20.00
04629             320.00      -20.00
04630             320.00      -16.00
04631             280.00      -16.00
04632             240.00      -16.00
04633             200.00      -12.00
04634             120.00      -16.00
04635              40.00      -12.00
04636             -80.00      -12.00
04637            -120.00      -12.00
04638            -200.00      -20.00
04639            -280.00      -16.00
04640            -240.00      -12.00
04641            -200.00      -12.00
04642            -200.00      -16.00
04643            -200.00      -16.00
04644            -160.00      -16.00
04645            -200.00      -16.00
04646            -200.00      -12.00
04647            -240.00      -20.00
04648            -280.00      -12.00
04649            -280.00      -12.00
04650            -320.00      -12.00
04651            -360.00      -12.00
04652            -400.00      -20.00
04653            -440.00      -20.00
04654            -400.00      -12.00
04655            -360.00      -20.00
04656            -360.00      -12.00
04657            -320.00      -16.00
04658            -280.00      -16.00
04659            -240.00      -16.00
04660             -80.00      -12.00
04661              40.00      -12.00
04662             160.00       -8.00
04663             360.00      -20.00
04664             520.00      -16.00
04665             720.00      -20.00
04666             840.00      -12.00
04667             920.00      -20.00
04668             960.00      -12.00
04669            1000.00      -12.00
04670            1040.00      -16.00
04671            1040.00      -16.00
04672            1000.00      -16.00
04673             960.00      -16.00
04674             920.00      -16.00
04675             840.00      -16.00
04676             800.00      -16.00
04677             640.00      -20.00
04678             560.00      -12.00
04679             400.00      -16.00
04680             280.00      -12.00
04681             200.00      -16.00
04682             160.00      -16.00
04683              80.00      -12.00
04684              80.00       -8.00
04685              80.00      -20.00
04686              80.00      -12.00
04687              80.00      -20.00
04688              80.00      -16.00
04689              80.00      -20.00
04690              40.00      -16.00
04691             -40.00      -16.00
04692            -120.00      -16.00
04693            -200.00      -16.00
04694            -280.00      -16.00
04695            -360.00      -16.00
04696            -440.00      -16.00
04697            -480.00      -16.00
04698            -520.00      -12.00
04699            -600.00      -12.00
04700            -640.00      -16.00
04701            -640.00      -16.00
04702            -600.00      -16.00
04703            -520.00      -20.00
04704            -400.00      -16.00
04705            -240.00      -16.00
04706            -120.00      -16.00
04707              40.00      -12.00
04708             200.00      -12.00
04709             320.00      -12.00
04710             440.00      -12.00
04711             520.00      -16.00
04712             520.00      -16.00
04713             520.00      -20.00
04714             520.00      -16.00
04715             480.00      -16.00
04716             440.00      -16.00
04717             400.00      -12.00
04718             280.00      -16.00
04719             200.00      -16.00
04720              40.00      -24.00
04721             -80.00      -16.00
04722            -240.00      -16.00
04723            -360.00      -16.00
04724            -400.00      -16.00
04725            -440.00      -24.00
04726            -480.00      -12.00
04727            -440.00      -16.00
04728            -400.00      -24.00
04729            -360.00      -16.00
04730            -280.00      -16.00
04731            -200.00      -16.00
04732             -80.00      -16.00
04733             -40.00      -20.00
04734               0.00      -16.00
04735              40.00      -20.00
04736              80.00      -16.00
04737              80.00      -20.00
04738             120.00      -16.00
04739              80.00      -24.00
04740             120.00      -20.00
04741             120.00      -16.00
04742             120.00      -16.00
04743             120.00      -20.00
04744             160.00      -16.00
04745             200.00      -16.00
04746             240.00      -16.00
04747             360.00      -20.00
04748             400.00      -20.00
04749             440.00      -20.00
04750             520.00      -20.00
04751             600.00      -20.00
04752             680.00      -16.00
04753             720.00      -20.00
04754             760.00      -20.00
04755             720.00      -16.00
04756             760.00      -16.00
04757             720.00      -20.00
04758             640.00      -20.00
04759             560.00      -20.00
04760             400.00      -20.00
04761            -720.00      500.00
04762            -760.00      500.00
04763            -760.00      -32.00
04764            -840.00      -36.00
04765            -840.00      -36.00
04766            -880.00      -40.00
04767            -880.00      -36.00
04768            -840.00      -40.00
04769            -800.00      -36.00
04770            -760.00      -32.00
04771            -720.00      -36.00
04772            -640.00      -32.00
04773            -560.00      -36.00
04774            -520.00      -32.00
04775            -440.00      -28.00
04776            -360.00      -36.00
04777            -320.00      -32.00
04778            -240.00      -28.00
04779            -120.00      -28.00
04780             -80.00      -36.00
04781               0.00      -28.00
04782              80.00      -32.00
04783             160.00      -28.00
04784             280.00      -28.00
04785             360.00      -28.00
04786             440.00      -28.00
04787             480.00      -28.00
04788             560.00      -32.00
04789             600.00      -28.00
04790             640.00      -28.00
04791             640.00      -28.00
04792             600.00      -28.00
04793             600.00      -28.00
04794             560.00      -28.00
04795             480.00      -28.00
04796             440.00      -28.00
04797             360.00      -28.00
04798             240.00      -28.00
04799             120.00      -24.00
04800               0.00      -28.00
04801            -160.00      -32.00
04802            -240.00      -24.00
04803            -400.00      -28.00
04804            -480.00      -28.00
04805            -600.00      -28.00
04806            -720.00      -24.00
04807            -760.00      -24.00
04808            -800.00      -28.00
04809            -840.00      -28.00
04810            -880.00      -28.00
04811            -880.00      -24.00
04812            -920.00      -20.00
04813            -920.00      -28.00
04814            -920.00      -24.00
04815            -960.00      -24.00
04816            -920.00      -20.00
04817            -920.00      -28.00
04818            -920.00      -20.00
04819            -880.00      -20.00
04820            -840.00      -20.00
04821            -760.00      -24.00
04822            -680.00      -20.00
04823            -520.00      -24.00
04824            -400.00      -24.00
04825            -200.00      -20.00
04826             -40.00      -24.00
04827             200.00      -24.00
04828             360.00      -24.00
04829             560.00      -24.00
04830             720.00      -20.00
04831             920.00      -20.00
04832            1000.00      -24.00
04833            1120.00      -20.00
04834            1240.00      -28.00
04835            1280.00      -24.00
04836            1280.00      -24.00
04837            1280.00      -20.00
04838            1240.00      -24.00
04839            1160.00      -20.00
04840            1080.00      -20.00
04841            1000.00      -16.00
04842             880.00      -20.00
04843             720.00      -24.00
04844             640.00      -24.00
04845             560.00      -20.00
04846             480.00      -20.00
04847             400.00      -16.00
04848             280.00      -24.00
04849             240.00      -20.00
04850             240.00      -20.00
04851             160.00      -12.00
04852             160.00      -20.00
04853              80.00      -16.00
04854              40.00      -20.00
04855             -40.00      -20.00
04856            -120.00      -24.00
04857            -240.00      -20.00
04858            -360.00      -24.00
04859            -440.00      -20.00
04860            -560.00      -20.00
04861            -640.00      -20.00
04862            -720.00      -20.00
04863            -760.00      -16.00
04864            -800.00      -16.00
04865            -800.00      -24.00
04866            -760.00      -20.00
04867            -720.00      -12.00
04868            -640.00      -16.00
04869            -520.00      -16.00
04870            -360.00      -24.00
04871            -160.00      -20.00
04872               0.00      -20.00
04873             120.00      -16.00
04874             240.00      -20.00
04875             280.00      -20.00
04876             360.00      -12.00
04877             320.00      -20.00
04878             320.00      -20.00
04879             360.00      -16.00
04880             320.00      -20.00
04881             280.00      -20.00
04882             240.00      -20.00
04883             160.00      -16.00
04884             120.00      -24.00
04885              40.00      -24.00
04886             -80.00      -24.00
04887            -120.00      -12.00
04888            -200.00      -20.00
04889            -240.00      -20.00
04890            -240.00      -24.00
04891            -240.00      -20.00
04892            -200.00      -20.00
04893            -160.00      -24.00
04894            -160.00      -20.00
04895            -160.00      -16.00
04896            -200.00      -16.00
04897            -240.00      -16.00
04898            -280.00      -20.00
04899            -280.00      -20.00
04900            -360.00      -20.00
04901            -400.00      -16.00
04902            -400.00      -20.00
04903            -440.00      -12.00
04904            -400.00      -20.00
04905            -400.00      -16.00
04906            -400.00      -16.00
04907            -320.00      -16.00
04908            -280.00      -20.00
04909            -240.00      -24.00
04910             -80.00      -16.00
04911              80.00      -24.00
04912             200.00      -24.00
04913             400.00      -20.00
04914             520.00      -24.00
04915             680.00      -16.00
04916             840.00      -16.00
04917             920.00      -20.00
04918             960.00      -16.00
04919            1000.00      -20.00
04920            1040.00      -12.00
04921            1080.00      -20.00
04922            1040.00      -20.00
04923            1000.00      -16.00
04924             920.00      -20.00
04925             880.00      -16.00
04926             760.00      -20.00
04927             680.00      -20.00
04928             560.00      -20.00
04929             400.00      -20.00
04930             280.00      -16.00
04931             200.00      -16.00
04932             160.00      -16.00
04933             120.00      -16.00
04934              80.00      -20.00
04935              80.00      -16.00
04936             120.00      -20.00
04937             120.00      -12.00
04938             120.00      -20.00
04939              80.00      -20.00
04940               0.00      -20.00
04941             -40.00      -16.00
04942            -120.00      -24.00
04943            -240.00      -16.00
04944            -280.00      -20.00
04945            -320.00      -16.00
04946            -440.00      -16.00
04947            -480.00      -24.00
04948            -560.00      -20.00
04949            -600.00      -20.00
04950            -640.00      -16.00
04951            -600.00      -20.00
04952            -600.00      -16.00
04953            -520.00      -16.00
04954            -400.00      -16.00
04955            -280.00      -20.00
04956            -120.00      -20.00
04957              40.00      -12.00
04958             200.00      -12.00
04959             320.00      -20.00
04960             400.00      -24.00
04961             480.00      -16.00
04962             480.00      -12.00
04963             520.00      -16.00
04964             480.00      -20.00
04965             480.00      -20.00
04966             400.00      -20.00
04967             360.00      -16.00
04968             320.00      -20.00
04969             200.00      -16.00
04970              40.00      -16.00
04971             -80.00      -24.00
04972            -240.00      -12.00
04973            -360.00      -12.00
04974            -400.00      -12.00
04975            -440.00      -20.00
04976            -440.00      -16.00
04977            -440.00      -16.00
04978            -400.00      -16.00
04979            -360.00      -16.00
04980            -240.00      -20.00
04981            -200.00      -12.00
04982            -120.00      -16.00
04983             -40.00      -16.00
04984               0.00      -16.00
04985              40.00      -12.00
04986              40.00      -20.00
04987              80.00      -16.00
04988              80.00      -16.00
04989              80.00      -16.00
04990             120.00      -20.00
04991             160.00      -12.00
04992             120.00      -12.00
04993             120.00      -16.00
04994             160.00      -12.00
04995             200.00      -16.00
04996             240.00      -12.00
04997             320.00      -16.00
04998             400.00      -20.00
04999             480.00      -20.00
05000             520.00      -12.00
