Unit:(mV)
                     CH1         CH2
Frequency              ?   1.226 kHz
Period                 ?  815.661 us
00001             560.00      -16.00
00002             680.00      -20.00
00003             720.00      -16.00
00004             760.00      -16.00
00005             800.00      -16.00
00006             760.00      -16.00
00007             760.00      -12.00
00008             680.00      -12.00
00009             600.00      -16.00
00010             520.00      -20.00
00011            -640.00      500.00
00012            -680.00      500.00
00013            -760.00      -28.00
00014            -760.00      -32.00
00015            -800.00      -28.00
00016            -840.00      -28.00
00017            -840.00      -44.00
00018            -800.00      -32.00
00019            -800.00      -28.00
00020            -720.00      -28.00
00021            -720.00      -32.00
00022            -680.00      -36.00
00023            -600.00      -24.00
00024            -520.00      -28.00
00025            -440.00      -32.00
00026            -400.00      -32.00
00027            -360.00      -28.00
00028            -240.00      -32.00
00029            -160.00      -28.00
00030            -120.00      -24.00
00031               0.00      -20.00
00032              40.00      -28.00
00033             160.00      -28.00
00034             240.00      -20.00
00035             320.00      -20.00
00036             400.00      -24.00
00037             480.00      -24.00
00038             560.00      -20.00
00039             560.00      -24.00
00040             640.00      -24.00
00041             640.00      -20.00
00042             640.00      -20.00
00043             640.00      -16.00
00044             560.00      -24.00
00045             560.00      -24.00
00046             480.00      -20.00
00047             360.00      -20.00
00048             280.00      -20.00
00049             160.00      -16.00
00050              40.00      -16.00
00051             -80.00      -20.00
00052            -240.00      -16.00
00053            -360.00      -20.00
00054            -440.00      -20.00
00055            -560.00      -20.00
00056            -640.00      -16.00
00057            -720.00      -20.00
00058            -800.00      -16.00
00059            -840.00      -16.00
00060            -840.00      -20.00
00061            -880.00      -16.00
00062            -920.00      -20.00
00063            -880.00      -16.00
00064            -920.00      -16.00
00065            -960.00      -20.00
00066            -920.00      -16.00
00067            -960.00      -20.00
00068            -920.00      -24.00
00069            -880.00      -16.00
00070            -880.00      -16.00
00071            -800.00      -12.00
00072            -720.00      -16.00
00073            -600.00      -12.00
00074            -440.00      -16.00
00075            -240.00      -12.00
00076             -80.00      -16.00
00077             160.00      -16.00
00078             360.00      -16.00
00079             520.00      -16.00
00080             720.00      -16.00
00081             840.00      -16.00
00082            1000.00      -16.00
00083            1120.00      -16.00
00084            1160.00      -16.00
00085            1200.00      -12.00
00086            1200.00      -24.00
00087            1240.00      -16.00
00088            1200.00      -20.00
00089            1160.00      -16.00
00090            1040.00      -12.00
00091             960.00      -12.00
00092             840.00      -12.00
00093             720.00      -16.00
00094             600.00      -12.00
00095             520.00      -16.00
00096             440.00      -16.00
00097             360.00      -16.00
00098             280.00      -16.00
00099             240.00      -16.00
00100             160.00      -16.00
00101             120.00      -16.00
00102              80.00      -16.00
00103               0.00      -16.00
00104             -40.00      -12.00
00105             -80.00      -16.00
00106            -200.00      -20.00
00107            -320.00      -16.00
00108            -440.00      -16.00
00109            -520.00      -16.00
00110            -640.00       -8.00
00111            -680.00      -12.00
00112            -760.00      -16.00
00113            -800.00      -20.00
00114            -800.00      -12.00
00115            -840.00      -16.00
00116            -800.00      -24.00
00117            -720.00      -12.00
00118            -600.00      -20.00
00119            -440.00      -16.00
00120            -320.00      -16.00
00121            -120.00      -20.00
00122              40.00      -16.00
00123             200.00      -16.00
00124             320.00      -16.00
00125             400.00      -12.00
00126             440.00      -20.00
00127             440.00      -16.00
00128             440.00      -16.00
00129             440.00      -16.00
00130             440.00      -16.00
00131             400.00      -16.00
00132             360.00      -16.00
00133             320.00      -24.00
00134             240.00      -16.00
00135             160.00      -16.00
00136             120.00      -16.00
00137              40.00      -12.00
00138             -80.00      -12.00
00139             -80.00      -12.00
00140            -120.00      -20.00
00141            -120.00      -20.00
00142            -120.00      -20.00
00143             -80.00      -20.00
00144            -120.00      -16.00
00145            -120.00      -20.00
00146            -160.00      -16.00
00147            -160.00      -20.00
00148            -240.00      -20.00
00149            -280.00      -16.00
00150            -360.00      -20.00
00151            -400.00      -20.00
00152            -440.00      -16.00
00153            -440.00      -16.00
00154            -480.00      -12.00
00155            -440.00      -16.00
00156            -440.00      -12.00
00157            -400.00      -20.00
00158            -400.00      -20.00
00159            -240.00      -16.00
00160            -160.00      -20.00
00161             -40.00      -20.00
00162             160.00      -16.00
00163             360.00      -16.00
00164             520.00      -16.00
00165             640.00      -12.00
00166             760.00      -16.00
00167             840.00      -20.00
00168             920.00      -16.00
00169             960.00      -20.00
00170            1040.00      -20.00
00171            1040.00      -16.00
00172            1040.00      -20.00
00173            1000.00      -20.00
00174             920.00      -20.00
00175             840.00      -20.00
00176             760.00      -16.00
00177             680.00      -16.00
00178             560.00      -16.00
00179             440.00      -20.00
00180             360.00      -24.00
00181             280.00      -24.00
00182             200.00      -20.00
00183             160.00      -20.00
00184             200.00      -16.00
00185             160.00      -20.00
00186             160.00      -20.00
00187             160.00      -20.00
00188             160.00      -20.00
00189             120.00      -16.00
00190               0.00      -20.00
00191             -40.00      -20.00
00192            -120.00      -20.00
00193            -200.00      -12.00
00194            -280.00      -12.00
00195            -400.00      -20.00
00196            -440.00      -20.00
00197            -560.00      -24.00
00198            -600.00      -16.00
00199            -640.00      -16.00
00200            -720.00      -20.00
00201            -720.00      -24.00
00202            -680.00      -16.00
00203            -640.00      -20.00
00204            -560.00      -16.00
00205            -400.00      -16.00
00206            -240.00      -20.00
00207             -80.00      -32.00
00208              80.00      -16.00
00209             240.00      -20.00
00210             320.00      -16.00
00211             360.00      -20.00
00212             400.00      -16.00
00213             440.00      -16.00
00214             400.00      -20.00
00215             400.00      -20.00
00216             400.00      -16.00
00217             400.00      -16.00
00218             280.00      -16.00
00219             160.00      -20.00
00220              40.00      -20.00
00221             -80.00      -16.00
00222            -240.00      -20.00
00223            -280.00      -16.00
00224            -360.00      -20.00
00225            -400.00      -20.00
00226            -360.00      -20.00
00227            -400.00      -12.00
00228            -320.00      -24.00
00229            -240.00      -20.00
00230            -200.00      -24.00
00231             -80.00      -16.00
00232               0.00      -20.00
00233              40.00      -20.00
00234              80.00      -16.00
00235             160.00      -20.00
00236             160.00      -20.00
00237             160.00      -20.00
00238             160.00      -16.00
00239             160.00      -16.00
00240             160.00      -20.00
00241             160.00      -24.00
00242             120.00      -16.00
00243             160.00      -20.00
00244             160.00      -20.00
00245             200.00      -16.00
00246             240.00      -24.00
00247             280.00      -20.00
00248             360.00      -20.00
00249             440.00      -20.00
00250             520.00      -16.00
00251             600.00      -16.00
00252             680.00      -24.00
00253             720.00      -24.00
00254             760.00      -20.00
00255             800.00      -20.00
00256             760.00      -16.00
00257             760.00      -20.00
00258             720.00      -20.00
00259             560.00      -20.00
00260             520.00      -20.00
00261            -600.00      500.00
00262            -680.00      500.00
00263            -720.00      -28.00
00264            -760.00      -36.00
00265            -800.00      -44.00
00266            -800.00      -44.00
00267            -840.00      -36.00
00268            -800.00      -36.00
00269            -800.00      -32.00
00270            -760.00      -40.00
00271            -720.00      -36.00
00272            -640.00      -36.00
00273            -600.00      -32.00
00274            -520.00      -32.00
00275            -480.00      -28.00
00276            -400.00      -28.00
00277            -320.00      -28.00
00278            -280.00      -32.00
00279            -160.00      -28.00
00280            -120.00      -28.00
00281               0.00      -32.00
00282              40.00      -28.00
00283             160.00      -24.00
00284             240.00      -28.00
00285             320.00      -32.00
00286             400.00      -32.00
00287             480.00      -28.00
00288             520.00      -32.00
00289             560.00      -32.00
00290             640.00      -28.00
00291             640.00      -28.00
00292             640.00      -28.00
00293             600.00      -24.00
00294             560.00      -24.00
00295             560.00      -24.00
00296             480.00      -28.00
00297             400.00      -24.00
00298             280.00      -20.00
00299             160.00      -24.00
00300               0.00      -24.00
00301             -80.00      -20.00
00302            -200.00      -24.00
00303            -320.00      -28.00
00304            -440.00      -24.00
00305            -560.00      -24.00
00306            -680.00      -20.00
00307            -720.00      -28.00
00308            -760.00      -20.00
00309            -840.00      -28.00
00310            -840.00      -24.00
00311            -880.00      -24.00
00312            -880.00      -20.00
00313            -920.00      -24.00
00314            -920.00      -24.00
00315            -920.00      -20.00
00316            -920.00      -16.00
00317            -920.00      -24.00
00318            -920.00      -24.00
00319            -920.00      -24.00
00320            -880.00      -28.00
00321            -800.00      -28.00
00322            -720.00      -24.00
00323            -600.00      -20.00
00324            -440.00      -16.00
00325            -240.00      -20.00
00326             -80.00      -20.00
00327             120.00      -16.00
00328             360.00      -28.00
00329             520.00      -24.00
00330             720.00      -20.00
00331             840.00      -24.00
00332            1040.00      -20.00
00333            1120.00      -20.00
00334            1200.00      -20.00
00335            1240.00      -24.00
00336            1280.00      -20.00
00337            1240.00      -16.00
00338            1200.00      -20.00
00339            1160.00      -16.00
00340            1040.00      -28.00
00341             960.00      -20.00
00342             800.00      -20.00
00343             720.00      -24.00
00344             600.00      -20.00
00345             480.00      -20.00
00346             440.00      -20.00
00347             360.00      -20.00
00348             280.00      -20.00
00349             240.00      -16.00
00350             160.00      -16.00
00351             160.00      -20.00
00352              80.00      -20.00
00353               0.00      -16.00
00354               0.00      -16.00
00355            -120.00      -24.00
00356            -200.00      -24.00
00357            -320.00      -20.00
00358            -440.00      -20.00
00359            -520.00      -16.00
00360            -600.00      -16.00
00361            -680.00      -12.00
00362            -760.00      -16.00
00363            -800.00      -20.00
00364            -840.00      -20.00
00365            -800.00      -24.00
00366            -760.00      -20.00
00367            -760.00      -20.00
00368            -640.00      -16.00
00369            -480.00      -20.00
00370            -280.00      -16.00
00371            -120.00      -16.00
00372              80.00      -16.00
00373             200.00      -16.00
00374             320.00      -16.00
00375             400.00      -16.00
00376             440.00      -20.00
00377             480.00      -20.00
00378             480.00      -12.00
00379             440.00      -20.00
00380             440.00      -20.00
00381             440.00      -16.00
00382             360.00      -12.00
00383             320.00      -16.00
00384             240.00      -20.00
00385             160.00      -16.00
00386              80.00      -20.00
00387               0.00      -16.00
00388             -40.00      -20.00
00389             -80.00      -16.00
00390             -80.00      -12.00
00391            -120.00      -16.00
00392            -120.00      -16.00
00393             -80.00      -24.00
00394             -80.00      -16.00
00395             -80.00      -16.00
00396            -120.00      -16.00
00397            -200.00      -20.00
00398            -240.00      -16.00
00399            -280.00      -20.00
00400            -360.00      -16.00
00401            -400.00      -20.00
00402            -440.00      -12.00
00403            -480.00      -16.00
00404            -480.00      -16.00
00405            -440.00      -16.00
00406            -440.00      -20.00
00407            -440.00      -12.00
00408            -360.00      -16.00
00409            -280.00      -16.00
00410            -160.00      -24.00
00411               0.00      -16.00
00412             120.00      -16.00
00413             360.00      -20.00
00414             480.00      -16.00
00415             680.00      -20.00
00416             760.00      -16.00
00417             880.00      -16.00
00418             920.00      -12.00
00419            1000.00      -16.00
00420            1040.00      -16.00
00421            1040.00      -20.00
00422            1040.00      -12.00
00423            1000.00      -16.00
00424             960.00      -16.00
00425             880.00      -20.00
00426             760.00      -16.00
00427             680.00      -12.00
00428             560.00      -16.00
00429             440.00      -16.00
00430             360.00      -16.00
00431             280.00      -20.00
00432             160.00      -12.00
00433             160.00      -16.00
00434             160.00      -16.00
00435             160.00      -12.00
00436             200.00      -44.00
00437             160.00      -12.00
00438             160.00      -16.00
00439             120.00      -16.00
00440              80.00      -20.00
00441               0.00      -20.00
00442            -120.00      -12.00
00443            -200.00      -20.00
00444            -320.00      -20.00
00445            -360.00      -12.00
00446            -480.00      -16.00
00447            -520.00      -12.00
00448            -600.00      -12.00
00449            -680.00      -16.00
00450            -720.00      -16.00
00451            -720.00      -16.00
00452            -680.00      -16.00
00453            -600.00      -12.00
00454            -520.00      -20.00
00455            -400.00      -12.00
00456            -240.00      -16.00
00457            -120.00      -20.00
00458              80.00      -16.00
00459             200.00      -12.00
00460             320.00      -20.00
00461             400.00      -12.00
00462             440.00      -16.00
00463             440.00      -16.00
00464             440.00      -16.00
00465             440.00      -20.00
00466             400.00      -16.00
00467             400.00      -12.00
00468             280.00      -12.00
00469             200.00      -12.00
00470              80.00      -20.00
00471             -80.00      -16.00
00472            -200.00      -16.00
00473            -280.00      -12.00
00474            -360.00      -16.00
00475            -360.00      -16.00
00476            -400.00      -16.00
00477            -360.00      -12.00
00478            -320.00      -16.00
00479            -240.00      -12.00
00480            -200.00      -16.00
00481             -80.00      -12.00
00482               0.00      -16.00
00483              80.00      -12.00
00484             120.00      -20.00
00485             160.00      -12.00
00486             160.00      -12.00
00487             160.00      -24.00
00488             160.00      -16.00
00489             160.00      -12.00
00490             160.00      -20.00
00491             160.00      -12.00
00492             120.00      -16.00
00493             160.00      -16.00
00494             160.00      -12.00
00495             200.00      -20.00
00496             240.00      -16.00
00497             280.00      -12.00
00498             360.00      -16.00
00499             440.00      -12.00
00500             520.00      -12.00
00501             560.00      -16.00
00502             640.00      -20.00
00503             760.00      -16.00
00504             720.00      -20.00
00505             800.00      -16.00
00506             800.00      -12.00
00507             760.00      -16.00
00508             680.00      -16.00
00509             600.00      -16.00
00510             480.00      -16.00
00511            -640.00      500.00
00512            -680.00      500.00
00513            -720.00      -28.00
00514            -760.00      -32.00
00515            -840.00      -36.00
00516            -800.00      -32.00
00517            -800.00      -32.00
00518            -800.00      -36.00
00519            -800.00      -32.00
00520            -760.00      -32.00
00521            -720.00      -36.00
00522            -640.00      -24.00
00523            -600.00      -36.00
00524            -520.00      -28.00
00525            -480.00      -36.00
00526            -400.00      -32.00
00527            -320.00      -36.00
00528            -240.00      -28.00
00529            -160.00      -28.00
00530            -120.00      -32.00
00531             -40.00      -28.00
00532              40.00      -32.00
00533             160.00      -20.00
00534             240.00      -28.00
00535             360.00      -24.00
00536             400.00      -32.00
00537             480.00      -36.00
00538             520.00      -40.00
00539             600.00      -28.00
00540             640.00      -32.00
00541             640.00      -32.00
00542             640.00      -20.00
00543             600.00      -28.00
00544             560.00      -24.00
00545             520.00      -28.00
00546             480.00      -28.00
00547             360.00      -28.00
00548             280.00      -20.00
00549             160.00      -28.00
00550              40.00      -28.00
00551             -80.00      -24.00
00552            -200.00      -20.00
00553            -360.00      -28.00
00554            -440.00      -24.00
00555            -560.00      -20.00
00556            -640.00      -24.00
00557            -720.00      -24.00
00558            -760.00      -24.00
00559            -800.00      -28.00
00560            -840.00      -24.00
00561            -880.00      -16.00
00562            -880.00      -24.00
00563            -920.00      -24.00
00564            -920.00      -24.00
00565            -920.00      -24.00
00566            -920.00      -24.00
00567            -960.00      -28.00
00568            -920.00      -24.00
00569            -920.00      -24.00
00570            -920.00      -24.00
00571            -800.00      -24.00
00572            -720.00      -28.00
00573            -600.00      -24.00
00574            -440.00      -20.00
00575            -240.00      -28.00
00576             -40.00      -20.00
00577             120.00      -20.00
00578             360.00      -20.00
00579             520.00      -20.00
00580             720.00      -20.00
00581             840.00      -24.00
00582            1000.00      -20.00
00583            1080.00      -28.00
00584            1160.00      -24.00
00585            1240.00      -24.00
00586            1240.00      -20.00
00587            1240.00      -16.00
00588            1200.00      -20.00
00589            1120.00      -20.00
00590            1080.00      -24.00
00591             960.00      -24.00
00592             840.00      -24.00
00593             720.00      -20.00
00594             640.00      -20.00
00595             520.00      -24.00
00596             440.00      -24.00
00597             360.00      -24.00
00598             280.00      -20.00
00599             200.00      -16.00
00600             200.00      -20.00
00601             120.00      -16.00
00602              80.00      -24.00
00603               0.00      -20.00
00604             -40.00      -24.00
00605            -120.00      -24.00
00606            -200.00      -24.00
00607            -280.00      -20.00
00608            -400.00      -28.00
00609            -560.00      -16.00
00610            -640.00      -16.00
00611            -720.00      -24.00
00612            -760.00      -20.00
00613            -800.00      -20.00
00614            -800.00      -20.00
00615            -800.00      -16.00
00616            -800.00      -20.00
00617            -720.00      -20.00
00618            -640.00      -20.00
00619            -480.00      -20.00
00620            -280.00      -24.00
00621            -160.00      -16.00
00622              40.00      -24.00
00623             200.00      -28.00
00624             320.00      -20.00
00625             400.00      -20.00
00626             440.00      -16.00
00627             440.00      -20.00
00628             440.00      -16.00
00629             440.00      -24.00
00630             440.00      -16.00
00631             440.00      -20.00
00632             400.00      -20.00
00633             320.00      -12.00
00634             240.00      -16.00
00635             160.00      -16.00
00636              40.00      -16.00
00637               0.00      -20.00
00638             -80.00      -24.00
00639             -80.00      -20.00
00640            -120.00      -24.00
00641            -120.00      -20.00
00642             -80.00      -20.00
00643             -80.00      -20.00
00644             -80.00      -24.00
00645            -120.00      -20.00
00646            -160.00      -20.00
00647            -200.00      -20.00
00648            -280.00      -20.00
00649            -280.00      -20.00
00650            -360.00      -24.00
00651            -400.00      -20.00
00652            -440.00      -20.00
00653            -440.00      -16.00
00654            -440.00      -16.00
00655            -440.00      -12.00
00656            -440.00      -16.00
00657            -400.00      -20.00
00658            -360.00      -20.00
00659            -280.00      -24.00
00660            -160.00      -16.00
00661               0.00      -20.00
00662             160.00      -20.00
00663             320.00      -16.00
00664             480.00      -24.00
00665             640.00      -20.00
00666             800.00      -20.00
00667             880.00      -16.00
00668             920.00      -16.00
00669             960.00      -20.00
00670            1000.00      -20.00
00671            1040.00      -20.00
00672            1040.00      -20.00
00673            1000.00      -20.00
00674             960.00      -12.00
00675             880.00      -20.00
00676             720.00      -20.00
00677             640.00      -20.00
00678             520.00      -20.00
00679             480.00      -20.00
00680             320.00      -20.00
00681             280.00      -20.00
00682             200.00      -24.00
00683             160.00      -12.00
00684             160.00      -20.00
00685             120.00      -20.00
00686             160.00      -12.00
00687             200.00      -20.00
00688             160.00      -20.00
00689             120.00      -20.00
00690              40.00      -12.00
00691             -40.00      -16.00
00692            -120.00      -12.00
00693            -240.00      -16.00
00694            -280.00      -20.00
00695            -400.00      -20.00
00696            -480.00      -16.00
00697            -560.00      -20.00
00698            -640.00      -16.00
00699            -680.00      -16.00
00700            -760.00      -20.00
00701            -760.00      -16.00
00702            -720.00      -16.00
00703            -640.00      -16.00
00704            -520.00      -20.00
00705            -400.00      -16.00
00706            -240.00      -16.00
00707             -80.00      -20.00
00708              40.00      -20.00
00709             240.00      -20.00
00710             320.00      -20.00
00711             360.00      -20.00
00712             400.00      -28.00
00713             440.00      -20.00
00714             440.00      -12.00
00715             440.00      -20.00
00716             400.00      -16.00
00717             360.00      -20.00
00718             280.00      -16.00
00719             160.00      -16.00
00720              40.00      -20.00
00721             -80.00      -16.00
00722            -160.00      -20.00
00723            -280.00      -12.00
00724            -400.00      -20.00
00725            -400.00      -20.00
00726            -400.00      -20.00
00727            -360.00      -24.00
00728            -360.00      -16.00
00729            -240.00      -16.00
00730            -160.00      -20.00
00731             -80.00      -20.00
00732              40.00      -20.00
00733              80.00      -16.00
00734             120.00      -20.00
00735             120.00      -20.00
00736             160.00      -20.00
00737             160.00      -16.00
00738             160.00      -16.00
00739             160.00      -12.00
00740             160.00      -16.00
00741             120.00      -16.00
00742              80.00      -16.00
00743             120.00      -12.00
00744             160.00      -24.00
00745             200.00      -20.00
00746             240.00      -20.00
00747             320.00      -24.00
00748             360.00      -16.00
00749             400.00      -20.00
00750             520.00      -20.00
00751             560.00      -12.00
00752             680.00      -24.00
00753             720.00      -20.00
00754             800.00      -16.00
00755             800.00      -16.00
00756             760.00      -16.00
00757             760.00      -20.00
00758             680.00      -16.00
00759             600.00      -16.00
00760             520.00      -12.00
00761            -600.00      500.00
00762            -680.00      500.00
00763            -720.00      -32.00
00764            -760.00      -32.00
00765            -800.00      -36.00
00766            -880.00      -36.00
00767            -840.00      -32.00
00768            -840.00      -28.00
00769            -760.00      -40.00
00770            -720.00      -32.00
00771            -720.00      -36.00
00772            -640.00      -32.00
00773            -600.00      -28.00
00774            -520.00      -32.00
00775            -440.00      -32.00
00776            -400.00      -36.00
00777            -320.00      -24.00
00778            -240.00      -28.00
00779            -200.00      -28.00
00780            -120.00      -28.00
00781               0.00      -28.00
00782              80.00      -28.00
00783             120.00      -24.00
00784             240.00      -28.00
00785             320.00      -36.00
00786             440.00      -24.00
00787             480.00      -24.00
00788             520.00      -20.00
00789             600.00      -32.00
00790             640.00      -24.00
00791             640.00      -24.00
00792             640.00      -20.00
00793             640.00      -28.00
00794             600.00      -24.00
00795             520.00      -24.00
00796             480.00      -20.00
00797             400.00      -20.00
00798             280.00      -24.00
00799             160.00      -24.00
00800              40.00      -20.00
00801             -80.00      -20.00
00802            -240.00      -24.00
00803            -360.00      -20.00
00804            -480.00      -20.00
00805            -560.00      -16.00
00806            -640.00      -20.00
00807            -720.00      -16.00
00808            -760.00      -20.00
00809            -840.00      -24.00
00810            -880.00      -24.00
00811            -880.00      -20.00
00812            -920.00      -20.00
00813            -960.00      -20.00
00814            -960.00      -20.00
00815            -920.00      -16.00
00816            -960.00      -16.00
00817            -920.00      -24.00
00818            -920.00      -20.00
00819            -920.00      -16.00
00820            -880.00      -20.00
00821            -800.00      -24.00
00822            -720.00      -20.00
00823            -600.00      -20.00
00824            -440.00      -12.00
00825            -280.00      -20.00
00826             -80.00      -20.00
00827             120.00      -12.00
00828             360.00      -16.00
00829             520.00      -20.00
00830             720.00      -16.00
00831             840.00      -20.00
00832            1000.00      -20.00
00833            1080.00      -20.00
00834            1200.00      -16.00
00835            1200.00      -16.00
00836            1240.00      -24.00
00837            1200.00      -16.00
00838            1200.00      -16.00
00839            1120.00      -20.00
00840            1080.00      -12.00
00841             920.00      -12.00
00842             840.00      -16.00
00843             720.00      -16.00
00844             600.00      -20.00
00845             520.00      -20.00
00846             400.00      -16.00
00847             360.00      -16.00
00848             280.00      -20.00
00849             240.00      -16.00
00850             200.00      -16.00
00851             160.00      -16.00
00852              80.00      -16.00
00853              40.00      -16.00
00854             -40.00      -12.00
00855            -120.00      -20.00
00856            -200.00      -12.00
00857            -320.00      -20.00
00858            -440.00      -16.00
00859            -520.00      -16.00
00860            -640.00      -16.00
00861            -720.00      -12.00
00862            -760.00      -16.00
00863            -800.00      -16.00
00864            -800.00      -16.00
00865            -840.00      -16.00
00866            -800.00      -20.00
00867            -720.00      -24.00
00868            -600.00      -16.00
00869            -480.00      -16.00
00870            -320.00      -16.00
00871            -120.00      -16.00
00872              40.00      -16.00
00873             160.00      -12.00
00874             280.00      -16.00
00875             400.00      -16.00
00876             440.00      -16.00
00877             480.00      -24.00
00878             480.00      -16.00
00879             480.00      -16.00
00880             440.00      -20.00
00881             400.00      -16.00
00882             360.00      -12.00
00883             320.00      -20.00
00884             240.00      -20.00
00885             200.00      -20.00
00886              80.00      -16.00
00887              40.00      -16.00
00888             -40.00      -20.00
00889             -80.00      -20.00
00890             -80.00      -20.00
00891             -80.00      -16.00
00892             -80.00      -16.00
00893             -80.00      -16.00
00894             -80.00      -16.00
00895            -120.00      -16.00
00896            -120.00      -16.00
00897            -200.00      -16.00
00898            -280.00      -16.00
00899            -280.00      -12.00
00900            -320.00      -20.00
00901            -400.00      -16.00
00902            -400.00      -16.00
00903            -480.00      -16.00
00904            -480.00      -16.00
00905            -480.00      -16.00
00906            -440.00      -20.00
00907            -440.00      -20.00
00908            -400.00      -20.00
00909            -280.00      -16.00
00910            -160.00      -16.00
00911               0.00      -16.00
00912             160.00      -24.00
00913             320.00      -16.00
00914             480.00      -16.00
00915             680.00      -20.00
00916             760.00      -20.00
00917             840.00      -20.00
00918             920.00      -20.00
00919            1000.00      -16.00
00920            1000.00      -16.00
00921            1000.00      -16.00
00922            1040.00      -20.00
00923            1000.00      -16.00
00924             960.00      -16.00
00925             880.00      -16.00
00926             760.00      -16.00
00927             640.00      -16.00
00928             560.00      -16.00
00929             440.00      -12.00
00930             360.00      -20.00
00931             240.00      -20.00
00932             200.00      -16.00
00933             200.00      -20.00
00934             200.00      -24.00
00935             160.00      -24.00
00936             200.00      -24.00
00937             240.00      -12.00
00938             120.00      -20.00
00939             120.00      -24.00
00940              80.00      -20.00
00941               0.00      -20.00
00942            -120.00      -16.00
00943            -200.00      -20.00
00944            -280.00      -16.00
00945            -400.00      -12.00
00946            -480.00      -16.00
00947            -560.00      -20.00
00948            -640.00      -20.00
00949            -680.00      -20.00
00950            -720.00      -20.00
00951            -720.00      -20.00
00952            -720.00      -16.00
00953            -640.00      -16.00
00954            -520.00      -20.00
00955            -400.00      -24.00
00956            -240.00      -16.00
00957             -80.00      -16.00
00958              80.00      -20.00
00959             240.00      -16.00
00960             320.00      -20.00
00961             360.00      -20.00
00962             440.00      -24.00
00963             440.00      -16.00
00964             440.00      -16.00
00965             400.00      -20.00
00966             400.00      -16.00
00967             360.00      -16.00
00968             280.00      -20.00
00969             200.00      -20.00
00970              80.00      -20.00
00971             -80.00      -16.00
00972            -200.00      -16.00
00973            -320.00      -20.00
00974            -360.00      -12.00
00975            -400.00      -16.00
00976            -400.00      -20.00
00977            -400.00      -16.00
00978            -360.00      -20.00
00979            -280.00      -16.00
00980            -200.00      -16.00
00981             -80.00      -24.00
00982               0.00      -20.00
00983              40.00      -16.00
00984              80.00      -20.00
00985             120.00      -16.00
00986             160.00      -16.00
00987             160.00      -20.00
00988             160.00      -20.00
00989             160.00      -20.00
00990             160.00      -24.00
00991             160.00      -20.00
00992             160.00      -16.00
00993             120.00      -16.00
00994             200.00      -12.00
00995             200.00      -20.00
00996             240.00      -20.00
00997             320.00      -20.00
00998             360.00      -20.00
00999             400.00      -24.00
01000             520.00      -24.00
01001             600.00      -20.00
01002             680.00      -16.00
01003             720.00      -16.00
01004             760.00      -20.00
01005             800.00      -20.00
01006             760.00      -20.00
01007             720.00      -24.00
01008             680.00      -20.00
01009             600.00      -16.00
01010             480.00      -16.00
01011            -640.00      500.00
01012            -680.00      500.00
01013            -720.00      -28.00
01014            -760.00      -40.00
01015            -800.00      -44.00
01016            -840.00      -36.00
01017            -840.00      -36.00
01018            -800.00      -36.00
01019            -800.00      -36.00
01020            -720.00      -32.00
01021            -720.00      -36.00
01022            -640.00      -32.00
01023            -600.00      -36.00
01024            -520.00      -36.00
01025            -480.00      -28.00
01026            -400.00      -28.00
01027            -360.00      -28.00
01028            -240.00      -36.00
01029            -160.00      -32.00
01030            -120.00      -28.00
01031             -40.00      -32.00
01032              40.00      -28.00
01033             160.00      -28.00
01034             240.00      -28.00
01035             360.00      -32.00
01036             400.00      -28.00
01037             440.00      -32.00
01038             560.00      -32.00
01039             560.00      -28.00
01040             640.00      -28.00
01041             640.00      -28.00
01042             640.00      -32.00
01043             600.00      -24.00
01044             600.00      -24.00
01045             560.00      -28.00
01046             520.00      -24.00
01047             400.00      -24.00
01048             320.00      -24.00
01049             160.00      -24.00
01050              40.00      -24.00
01051            -120.00      -20.00
01052            -240.00      -28.00
01053            -360.00      -28.00
01054            -440.00      -20.00
01055            -560.00      -28.00
01056            -640.00      -20.00
01057            -720.00      -28.00
01058            -760.00      -28.00
01059            -840.00      -20.00
01060            -840.00      -24.00
01061            -880.00      -24.00
01062            -920.00      -24.00
01063            -920.00      -24.00
01064            -920.00      -16.00
01065            -920.00      -24.00
01066            -920.00      -20.00
01067            -920.00      -20.00
01068            -920.00      -24.00
01069            -920.00      -20.00
01070            -880.00      -16.00
01071            -800.00      -24.00
01072            -720.00      -20.00
01073            -600.00      -24.00
01074            -440.00      -24.00
01075            -280.00      -20.00
01076             -40.00      -20.00
01077             160.00      -20.00
01078             360.00      -20.00
01079             600.00      -20.00
01080             720.00      -16.00
01081             880.00      -24.00
01082            1000.00      -20.00
01083            1120.00      -24.00
01084            1200.00      -24.00
01085            1200.00      -24.00
01086            1240.00      -20.00
01087            1240.00      -16.00
01088            1200.00      -20.00
01089            1160.00      -20.00
01090            1080.00      -24.00
01091             960.00      -16.00
01092             880.00      -16.00
01093             720.00      -16.00
01094             600.00      -20.00
01095             560.00      -24.00
01096             400.00      -20.00
01097             320.00      -16.00
01098             280.00      -20.00
01099             200.00      -20.00
01100             160.00      -20.00
01101             160.00      -20.00
01102              40.00      -16.00
01103              40.00      -16.00
01104             -40.00      -20.00
01105             -80.00      -20.00
01106            -200.00      -20.00
01107            -320.00      -20.00
01108            -440.00      -20.00
01109            -520.00      -20.00
01110            -640.00      -24.00
01111            -680.00      -16.00
01112            -760.00      -20.00
01113            -800.00      -16.00
01114            -800.00      -20.00
01115            -800.00      -20.00
01116            -800.00      -16.00
01117            -720.00      -20.00
01118            -600.00      -16.00
01119            -480.00      -20.00
01120            -320.00      -24.00
01121            -120.00      -12.00
01122              40.00      -16.00
01123             160.00      -20.00
01124             280.00      -20.00
01125             400.00      -20.00
01126             440.00      -16.00
01127             480.00      -20.00
01128             480.00      -16.00
01129             480.00      -20.00
01130             440.00      -16.00
01131             400.00      -20.00
01132             360.00      -16.00
01133             320.00      -16.00
01134             240.00      -16.00
01135             160.00      -16.00
01136              80.00      -12.00
01137              40.00      -16.00
01138             -80.00      -20.00
01139             -80.00      -16.00
01140            -120.00      -16.00
01141             -80.00      -16.00
01142            -120.00      -16.00
01143             -80.00      -20.00
01144            -120.00      -20.00
01145            -120.00      -16.00
01146            -160.00      -20.00
01147            -200.00      -20.00
01148            -280.00      -20.00
01149            -280.00      -16.00
01150            -360.00      -16.00
01151            -400.00      -20.00
01152            -440.00      -20.00
01153            -480.00      -16.00
01154            -440.00      -16.00
01155            -440.00      -16.00
01156            -440.00      -16.00
01157            -400.00      -16.00
01158            -360.00      -16.00
01159            -280.00      -20.00
01160            -160.00      -16.00
01161               0.00      -16.00
01162              80.00      -20.00
01163             360.00      -16.00
01164             520.00      -12.00
01165             640.00      -16.00
01166             760.00      -16.00
01167             880.00      -16.00
01168             960.00      -20.00
01169             960.00      -12.00
01170            1000.00      -16.00
01171            1040.00      -16.00
01172            1040.00      -16.00
01173            1000.00      -16.00
01174             960.00      -16.00
01175             880.00      -12.00
01176             760.00      -24.00
01177             640.00      -12.00
01178             560.00      -20.00
01179             400.00      -20.00
01180             360.00      -16.00
01181             280.00      -16.00
01182             200.00      -12.00
01183             160.00      -12.00
01184             160.00      -20.00
01185             160.00      -12.00
01186             160.00      -16.00
01187             200.00      -16.00
01188             160.00      -16.00
01189              80.00      -12.00
01190              40.00      -20.00
01191             -40.00      -16.00
01192            -120.00      -16.00
01193            -200.00      -20.00
01194            -280.00      -16.00
01195            -400.00      -16.00
01196            -480.00      -20.00
01197            -520.00      -20.00
01198            -640.00      -16.00
01199            -680.00      -16.00
01200            -720.00      -12.00
01201            -720.00      -12.00
01202            -720.00      -16.00
01203            -640.00      -16.00
01204            -520.00      -16.00
01205            -360.00      -24.00
01206            -200.00      -12.00
01207             -40.00      -16.00
01208              80.00       -8.00
01209             240.00      -12.00
01210             320.00      -12.00
01211             400.00      -16.00
01212             400.00      -16.00
01213             440.00      -16.00
01214             400.00      -16.00
01215             400.00      -20.00
01216             360.00      -20.00
01217             320.00      -20.00
01218             280.00      -16.00
01219             200.00      -16.00
01220              80.00      -12.00
01221             -80.00      -20.00
01222            -200.00      -16.00
01223            -320.00      -12.00
01224            -360.00      -20.00
01225            -360.00      -16.00
01226            -360.00      -20.00
01227            -400.00      -16.00
01228            -320.00      -16.00
01229            -240.00      -16.00
01230            -200.00      -12.00
01231             -80.00      -12.00
01232               0.00      -16.00
01233              40.00      -16.00
01234             120.00      -16.00
01235             160.00      -16.00
01236             160.00      -16.00
01237             160.00      -12.00
01238             200.00      -20.00
01239             160.00      -20.00
01240             160.00      -16.00
01241             120.00      -16.00
01242             120.00      -16.00
01243             160.00      -16.00
01244             160.00      -12.00
01245             160.00      -16.00
01246             200.00      -16.00
01247             280.00      -20.00
01248             360.00      -16.00
01249             400.00      -16.00
01250             520.00      -12.00
01251             600.00      -20.00
01252             680.00      -12.00
01253             720.00      -16.00
01254             760.00      -20.00
01255             760.00      -12.00
01256             760.00      -16.00
01257             760.00      -16.00
01258             680.00      -16.00
01259             600.00      -12.00
01260             520.00      -20.00
01261            -640.00      500.00
01262            -720.00      500.00
01263            -720.00      -32.00
01264            -800.00      -32.00
01265            -800.00      -40.00
01266            -800.00      -36.00
01267            -840.00      -36.00
01268            -840.00      -32.00
01269            -800.00      -32.00
01270            -760.00      -36.00
01271            -680.00      -32.00
01272            -640.00      -28.00
01273            -600.00      -28.00
01274            -520.00      -28.00
01275            -480.00      -28.00
01276            -400.00      -32.00
01277            -320.00      -32.00
01278            -240.00      -28.00
01279            -200.00      -24.00
01280            -120.00      -32.00
01281               0.00      -28.00
01282              80.00      -28.00
01283             160.00      -24.00
01284             240.00      -28.00
01285             360.00      -32.00
01286             400.00      -28.00
01287             480.00      -28.00
01288             560.00      -24.00
01289             600.00      -28.00
01290             600.00      -24.00
01291             640.00      -28.00
01292             640.00      -28.00
01293             600.00      -28.00
01294             600.00      -28.00
01295             560.00      -28.00
01296             480.00      -36.00
01297             400.00      -28.00
01298             280.00      -24.00
01299             160.00      -28.00
01300              40.00      -28.00
01301             -80.00      -28.00
01302            -200.00      -24.00
01303            -360.00      -20.00
01304            -400.00      -24.00
01305            -560.00      -28.00
01306            -640.00      -20.00
01307            -720.00      -20.00
01308            -760.00      -28.00
01309            -800.00      -24.00
01310            -840.00      -24.00
01311            -880.00      -24.00
01312            -920.00      -24.00
01313            -920.00      -20.00
01314            -920.00      -24.00
01315            -920.00      -20.00
01316            -960.00      -16.00
01317            -920.00      -16.00
01318            -920.00      -24.00
01319            -880.00      -20.00
01320            -880.00      -20.00
01321            -800.00      -20.00
01322            -720.00      -24.00
01323            -600.00      -24.00
01324            -440.00      -20.00
01325            -280.00      -20.00
01326             -80.00      -24.00
01327             160.00      -20.00
01328             360.00      -20.00
01329             520.00      -20.00
01330             720.00      -28.00
01331             880.00      -24.00
01332            1040.00      -16.00
01333            1120.00      -20.00
01334            1200.00      -20.00
01335            1240.00      -20.00
01336            1280.00      -24.00
01337            1240.00      -24.00
01338            1200.00      -24.00
01339            1160.00      -20.00
01340            1040.00      -16.00
01341             960.00      -24.00
01342             840.00      -24.00
01343             720.00      -24.00
01344             600.00      -24.00
01345             520.00      -20.00
01346             440.00      -24.00
01347             360.00      -20.00
01348             320.00      -28.00
01349             200.00      -24.00
01350             200.00      -20.00
01351             120.00      -20.00
01352              80.00      -24.00
01353              40.00      -20.00
01354             -40.00      -20.00
01355             -80.00      -20.00
01356            -200.00      -20.00
01357            -320.00      -24.00
01358            -400.00      -20.00
01359            -560.00      -20.00
01360            -640.00      -24.00
01361            -720.00      -20.00
01362            -760.00      -16.00
01363            -840.00      -16.00
01364            -840.00      -20.00
01365            -840.00      -20.00
01366            -800.00      -20.00
01367            -720.00      -20.00
01368            -600.00      -20.00
01369            -480.00      -20.00
01370            -280.00      -24.00
01371            -120.00      -24.00
01372              80.00      -20.00
01373             160.00      -16.00
01374             320.00      -20.00
01375             400.00      -20.00
01376             440.00      -16.00
01377             480.00      -20.00
01378             480.00      -24.00
01379             440.00      -20.00
01380             440.00      -16.00
01381             440.00      -16.00
01382             360.00      -12.00
01383             320.00      -16.00
01384             240.00      -20.00
01385             200.00      -20.00
01386              80.00      -20.00
01387               0.00      -16.00
01388             -40.00      -16.00
01389             -80.00      -20.00
01390             -80.00      -24.00
01391             -80.00      -16.00
01392            -120.00      -16.00
01393             -80.00      -16.00
01394            -120.00      -20.00
01395            -120.00      -16.00
01396            -200.00      -20.00
01397            -200.00      -20.00
01398            -280.00      -16.00
01399            -280.00      -16.00
01400            -360.00      -20.00
01401            -400.00      -24.00
01402            -440.00      -12.00
01403            -480.00      -20.00
01404            -480.00      -16.00
01405            -440.00      -16.00
01406            -440.00      -20.00
01407            -440.00      -20.00
01408            -360.00      -20.00
01409            -280.00      -16.00
01410            -160.00      -20.00
01411               0.00      -16.00
01412             160.00      -24.00
01413             280.00      -20.00
01414             480.00      -16.00
01415             640.00      -20.00
01416             800.00      -16.00
01417             880.00      -20.00
01418             920.00      -20.00
01419             960.00      -16.00
01420            1040.00      -20.00
01421            1040.00      -20.00
01422            1000.00      -16.00
01423            1000.00      -16.00
01424             960.00      -16.00
01425             840.00      -12.00
01426             800.00      -20.00
01427             680.00      -16.00
01428             560.00      -20.00
01429             480.00      -16.00
01430             360.00      -20.00
01431             240.00      -20.00
01432             240.00      -20.00
01433             160.00      -20.00
01434             160.00      -20.00
01435             160.00      -16.00
01436             160.00      -16.00
01437             160.00      -20.00
01438             160.00      -24.00
01439              80.00      -16.00
01440              80.00      -16.00
01441             -40.00      -20.00
01442             -80.00      -20.00
01443            -240.00      -20.00
01444            -280.00      -20.00
01445            -360.00      -16.00
01446            -480.00      -20.00
01447            -560.00      -20.00
01448            -640.00      -16.00
01449            -680.00      -20.00
01450            -720.00      -20.00
01451            -720.00      -20.00
01452            -720.00      -20.00
01453            -640.00      -20.00
01454            -520.00      -20.00
01455            -400.00      -20.00
01456            -240.00      -20.00
01457             -80.00      -16.00
01458              80.00      -16.00
01459             200.00      -16.00
01460             320.00      -20.00
01461             400.00      -20.00
01462             400.00      -24.00
01463             440.00      -20.00
01464             400.00      -20.00
01465             400.00      -20.00
01466             360.00      -24.00
01467             320.00      -12.00
01468             280.00      -20.00
01469             200.00      -16.00
01470              40.00      -24.00
01471             -80.00      -20.00
01472            -200.00      -16.00
01473            -320.00      -24.00
01474            -360.00      -16.00
01475            -360.00      -20.00
01476            -400.00      -20.00
01477            -360.00      -12.00
01478            -320.00      -20.00
01479            -280.00      -16.00
01480            -160.00      -16.00
01481             -80.00      -24.00
01482               0.00      -24.00
01483              40.00      -16.00
01484              80.00      -20.00
01485             160.00      -20.00
01486             160.00      -16.00
01487             160.00      -20.00
01488             200.00      -16.00
01489             160.00      -20.00
01490             160.00      -16.00
01491             120.00      -16.00
01492             160.00      -16.00
01493             120.00      -16.00
01494             160.00      -20.00
01495             200.00      -20.00
01496             240.00      -20.00
01497             280.00      -24.00
01498             360.00      -16.00
01499             440.00      -20.00
01500             520.00      -16.00
01501             640.00      -20.00
01502             680.00      -20.00
01503             720.00      -12.00
01504             760.00      -12.00
01505             760.00      -16.00
01506             800.00      -16.00
01507             760.00      -16.00
01508             680.00      -20.00
01509             600.00      -20.00
01510             520.00      -16.00
01511            -600.00      500.00
01512            -680.00      500.00
01513            -720.00      -28.00
01514            -760.00      -36.00
01515            -800.00      -32.00
01516            -840.00      -32.00
01517            -800.00      -36.00
01518            -840.00      -32.00
01519            -760.00      -36.00
01520            -720.00      -36.00
01521            -680.00      -36.00
01522            -640.00      -32.00
01523            -600.00      -32.00
01524            -520.00      -28.00
01525            -480.00      -24.00
01526            -400.00      -32.00
01527            -320.00      -24.00
01528            -240.00      -32.00
01529            -160.00      -32.00
01530             -80.00      -28.00
01531               0.00      -28.00
01532              40.00      -28.00
01533             160.00      -32.00
01534             280.00      -24.00
01535             360.00      -24.00
01536             400.00      -28.00
01537             480.00      -28.00
01538             520.00      -28.00
01539             560.00      -28.00
01540             640.00      -20.00
01541             640.00      -28.00
01542             600.00      -28.00
01543             600.00      -16.00
01544             600.00      -24.00
01545             560.00      -24.00
01546             480.00      -24.00
01547             360.00      -24.00
01548             320.00      -20.00
01549             160.00      -20.00
01550              40.00      -20.00
01551             -80.00      -20.00
01552            -200.00      -24.00
01553            -360.00      -16.00
01554            -440.00      -20.00
01555            -560.00      -24.00
01556            -640.00      -20.00
01557            -720.00      -16.00
01558            -800.00      -20.00
01559            -800.00      -16.00
01560            -840.00      -24.00
01561            -880.00      -16.00
01562            -880.00      -16.00
01563            -920.00      -16.00
01564            -920.00      -24.00
01565            -960.00      -24.00
01566            -960.00      -20.00
01567            -920.00      -20.00
01568            -960.00      -24.00
01569            -920.00      -20.00
01570            -840.00      -20.00
01571            -840.00      -20.00
01572            -720.00      -12.00
01573            -600.00      -16.00
01574            -480.00      -16.00
01575            -280.00        4.00
01576             -40.00      -20.00
01577             160.00      -16.00
01578             320.00      -12.00
01579             560.00      -16.00
01580             680.00      -16.00
01581             880.00      -16.00
01582            1000.00      -16.00
01583            1120.00      -20.00
01584            1200.00      -20.00
01585            1200.00      -20.00
01586            1240.00      -16.00
01587            1240.00      -16.00
01588            1200.00      -20.00
01589            1160.00      -20.00
01590            1080.00      -16.00
01591            1000.00      -16.00
01592             840.00      -16.00
01593             720.00      -12.00
01594             640.00      -20.00
01595             520.00      -16.00
01596             440.00      -20.00
01597             400.00      -16.00
01598             280.00      -16.00
01599             200.00      -16.00
01600             160.00      -12.00
01601             120.00      -16.00
01602              80.00      -20.00
01603              40.00      -16.00
01604               0.00      -20.00
01605             -80.00      -16.00
01606            -240.00      -20.00
01607            -320.00      -16.00
01608            -400.00      -16.00
01609            -520.00      -16.00
01610            -640.00      -16.00
01611            -720.00      -16.00
01612            -760.00      -16.00
01613            -800.00      -20.00
01614            -840.00      -20.00
01615            -840.00      -16.00
01616            -800.00      -16.00
01617            -720.00      -20.00
01618            -640.00      -20.00
01619            -480.00      -20.00
01620            -320.00      -16.00
01621            -120.00      -16.00
01622              40.00      -20.00
01623             200.00      -20.00
01624             320.00      -20.00
01625             400.00      -16.00
01626             400.00      -20.00
01627             480.00      -20.00
01628             480.00      -20.00
01629             440.00      -16.00
01630             480.00      -16.00
01631             400.00      -16.00
01632             360.00      -20.00
01633             320.00      -20.00
01634             240.00      -16.00
01635             160.00      -16.00
01636              80.00      -20.00
01637              40.00      -12.00
01638             -80.00      -16.00
01639             -80.00      -20.00
01640             -80.00      -20.00
01641            -120.00      -24.00
01642             -80.00      -16.00
01643            -120.00      -20.00
01644             -80.00      -20.00
01645            -120.00      -16.00
01646            -160.00      -20.00
01647            -160.00      -16.00
01648            -240.00      -20.00
01649            -280.00      -20.00
01650            -360.00      -20.00
01651            -400.00      -16.00
01652            -440.00      -16.00
01653            -480.00      -24.00
01654            -480.00      -20.00
01655            -440.00      -16.00
01656            -440.00      -16.00
01657            -400.00      -12.00
01658            -360.00      -12.00
01659            -280.00      -20.00
01660            -160.00      -20.00
01661             -40.00      -20.00
01662             160.00      -16.00
01663             320.00      -20.00
01664             480.00      -20.00
01665             680.00      -20.00
01666             760.00      -20.00
01667             880.00      -24.00
01668             920.00      -16.00
01669             960.00      -16.00
01670            1040.00      -24.00
01671            1040.00      -20.00
01672            1040.00      -20.00
01673            1000.00      -16.00
01674             960.00      -20.00
01675             880.00      -20.00
01676             760.00      -16.00
01677             680.00      -20.00
01678             520.00      -16.00
01679             440.00      -28.00
01680             360.00      -20.00
01681             280.00      -24.00
01682             200.00      -20.00
01683             160.00      -16.00
01684             160.00      -16.00
01685             200.00      -24.00
01686             160.00      -16.00
01687             160.00      -16.00
01688             160.00      -24.00
01689             120.00      -16.00
01690              80.00      -20.00
01691             -40.00      -16.00
01692            -120.00      -24.00
01693            -200.00      -20.00
01694            -280.00      -20.00
01695            -400.00      -16.00
01696            -440.00      -24.00
01697            -560.00      -16.00
01698            -640.00      -16.00
01699            -680.00      -20.00
01700            -720.00      -20.00
01701            -720.00      -48.00
01702            -720.00      -20.00
01703            -640.00      -24.00
01704            -520.00      -16.00
01705            -360.00      -20.00
01706            -240.00      -20.00
01707             -80.00      -16.00
01708              80.00      -20.00
01709             200.00      -20.00
01710             320.00      -24.00
01711             400.00      -20.00
01712             440.00      -20.00
01713             400.00      -16.00
01714             440.00      -24.00
01715             400.00      -20.00
01716             360.00      -20.00
01717             360.00      -20.00
01718             280.00      -20.00
01719             200.00      -24.00
01720              40.00      -16.00
01721             -80.00      -28.00
01722            -160.00      -24.00
01723            -320.00      -16.00
01724            -360.00      -20.00
01725            -400.00      -16.00
01726            -400.00      -20.00
01727            -360.00      -20.00
01728            -320.00      -20.00
01729            -280.00      -20.00
01730            -200.00      -20.00
01731             -80.00      -20.00
01732               0.00      -20.00
01733              40.00      -24.00
01734             120.00      -20.00
01735             120.00      -20.00
01736             160.00      -16.00
01737             160.00      -16.00
01738             200.00      -20.00
01739             160.00      -24.00
01740             160.00      -20.00
01741             160.00      -24.00
01742             160.00      -24.00
01743              80.00      -20.00
01744             160.00      -20.00
01745             200.00      -20.00
01746             240.00      -16.00
01747             280.00      -20.00
01748             360.00      -16.00
01749             440.00      -24.00
01750             560.00      -20.00
01751             600.00      -24.00
01752             680.00      -12.00
01753             720.00      -20.00
01754             720.00      -20.00
01755             760.00      -20.00
01756             760.00      -20.00
01757             720.00      -24.00
01758             680.00      -20.00
01759             560.00      -20.00
01760             480.00      -20.00
01761            -600.00      500.00
01762            -680.00      500.00
01763            -720.00      -28.00
01764            -800.00      -44.00
01765            -840.00      -40.00
01766            -840.00      -40.00
01767            -840.00      -40.00
01768            -800.00      -40.00
01769            -800.00      -36.00
01770            -760.00      -36.00
01771            -720.00      -36.00
01772            -640.00      -32.00
01773            -600.00      -36.00
01774            -520.00      -36.00
01775            -480.00      -36.00
01776            -400.00      -36.00
01777            -320.00      -32.00
01778            -240.00      -36.00
01779            -160.00      -32.00
01780            -120.00      -36.00
01781             -40.00      -24.00
01782              40.00      -28.00
01783             120.00      -32.00
01784             240.00      -32.00
01785             320.00      -32.00
01786             400.00      -32.00
01787             480.00      -28.00
01788             560.00      -28.00
01789             600.00      -32.00
01790             600.00      -28.00
01791             640.00      -28.00
01792             600.00      -28.00
01793             640.00      -32.00
01794             600.00      -32.00
01795             520.00      -32.00
01796             480.00      -28.00
01797             400.00      -28.00
01798             320.00      -28.00
01799             160.00      -28.00
01800              40.00      -16.00
01801             -80.00      -24.00
01802            -240.00      -24.00
01803            -320.00      -20.00
01804            -440.00      -24.00
01805            -560.00      -20.00
01806            -640.00      -24.00
01807            -720.00      -24.00
01808            -760.00      -24.00
01809            -800.00      -20.00
01810            -840.00      -20.00
01811            -880.00      -20.00
01812            -880.00      -24.00
01813            -920.00      -20.00
01814            -920.00      -24.00
01815            -960.00      -28.00
01816            -960.00      -24.00
01817            -920.00      -20.00
01818            -920.00      -20.00
01819            -960.00      -20.00
01820            -920.00      -24.00
01821            -840.00      -24.00
01822            -720.00      -24.00
01823            -600.00      -24.00
01824            -440.00      -20.00
01825            -240.00      -20.00
01826             -80.00      -16.00
01827             120.00      -24.00
01828             320.00      -20.00
01829             520.00      -16.00
01830             680.00      -20.00
01831             840.00      -24.00
01832            1000.00      -24.00
01833            1080.00      -24.00
01834            1200.00      -20.00
01835            1240.00      -24.00
01836            1240.00      -24.00
01837            1240.00      -24.00
01838            1200.00      -20.00
01839            1160.00      -16.00
01840            1080.00      -20.00
01841             920.00      -28.00
01842             840.00      -24.00
01843             680.00      -20.00
01844             640.00      -20.00
01845             520.00      -20.00
01846             440.00      -16.00
01847             360.00      -20.00
01848             280.00      -20.00
01849             200.00      -20.00
01850             160.00      -20.00
01851             120.00      -12.00
01852              80.00      -24.00
01853              40.00      -20.00
01854             -40.00      -16.00
01855             -80.00      -16.00
01856            -200.00      -24.00
01857            -280.00      -20.00
01858            -440.00      -20.00
01859            -520.00      -20.00
01860            -600.00      -24.00
01861            -720.00      -20.00
01862            -760.00      -20.00
01863            -800.00      -20.00
01864            -840.00      -20.00
01865            -840.00      -20.00
01866            -800.00      -16.00
01867            -760.00      -16.00
01868            -640.00      -16.00
01869            -520.00      -20.00
01870            -320.00      -24.00
01871            -160.00      -16.00
01872               0.00      -16.00
01873             200.00      -20.00
01874             320.00      -16.00
01875             360.00      -16.00
01876             440.00      -16.00
01877             480.00      -16.00
01878             480.00      -16.00
01879             440.00      -16.00
01880             440.00      -20.00
01881             400.00      -20.00
01882             400.00      -20.00
01883             320.00      -20.00
01884             240.00      -20.00
01885             160.00      -24.00
01886              80.00      -20.00
01887               0.00      -12.00
01888             -40.00      -24.00
01889             -80.00      -20.00
01890            -120.00      -20.00
01891            -120.00      -24.00
01892             -80.00      -16.00
01893            -120.00      -16.00
01894             -80.00      -16.00
01895             -80.00      -20.00
01896            -160.00      -16.00
01897            -200.00      -20.00
01898            -240.00      -20.00
01899            -280.00      -16.00
01900            -360.00      -20.00
01901            -400.00      -20.00
01902            -440.00      -20.00
01903            -440.00      -20.00
01904            -440.00      -16.00
01905            -440.00      -12.00
01906            -440.00      -20.00
01907            -400.00      -12.00
01908            -360.00      -20.00
01909            -280.00      -20.00
01910            -160.00      -16.00
01911             -40.00      -24.00
01912             120.00      -16.00
01913             280.00      -12.00
01914             480.00      -12.00
01915             640.00      -12.00
01916             760.00      -20.00
01917             880.00      -16.00
01918             920.00      -12.00
01919            1000.00      -16.00
01920            1000.00      -16.00
01921            1000.00      -20.00
01922            1040.00      -16.00
01923            1000.00      -20.00
01924             920.00      -16.00
01925             840.00      -16.00
01926             760.00      -16.00
01927             680.00      -16.00
01928             560.00      -16.00
01929             440.00      -16.00
01930             360.00      -20.00
01931             240.00      -16.00
01932             200.00      -12.00
01933             160.00      -12.00
01934             160.00      -16.00
01935             160.00      -16.00
01936             160.00      -12.00
01937             160.00      -12.00
01938             160.00      -16.00
01939             120.00      -12.00
01940              80.00      -20.00
01941             -40.00      -20.00
01942             -80.00      -16.00
01943            -200.00      -12.00
01944            -280.00      -16.00
01945            -400.00      -12.00
01946            -440.00      -16.00
01947            -560.00      -20.00
01948            -640.00      -16.00
01949            -720.00      -12.00
01950            -760.00      -16.00
01951            -720.00      -20.00
01952            -720.00      -16.00
01953            -600.00       -8.00
01954            -520.00      -16.00
01955            -400.00      -12.00
01956            -240.00      -16.00
01957             -80.00      -16.00
01958              40.00      -12.00
01959             200.00      -16.00
01960             320.00      -16.00
01961             360.00      -16.00
01962             400.00      -16.00
01963             400.00      -16.00
01964             440.00      -20.00
01965             400.00      -16.00
01966             400.00      -16.00
01967             320.00      -16.00
01968             240.00      -16.00
01969             160.00      -16.00
01970              40.00      -16.00
01971             -80.00      -12.00
01972            -200.00      -16.00
01973            -280.00      -16.00
01974            -360.00      -12.00
01975            -400.00      -20.00
01976            -360.00      -20.00
01977            -360.00      -16.00
01978            -320.00      -20.00
01979            -280.00       -8.00
01980            -200.00      -12.00
01981             -80.00      -16.00
01982               0.00      -12.00
01983              40.00      -12.00
01984              80.00      -12.00
01985             120.00      -16.00
01986             160.00      -12.00
01987             160.00      -16.00
01988             160.00      -16.00
01989             160.00      -20.00
01990             160.00      -16.00
01991             160.00      -12.00
01992             160.00      -16.00
01993             160.00      -16.00
01994             160.00      -16.00
01995             160.00      -16.00
01996             200.00      -16.00
01997             280.00      -20.00
01998             360.00      -20.00
01999             400.00      -12.00
02000             520.00      -16.00
02001             640.00      -12.00
02002             640.00      -16.00
02003             720.00      -16.00
02004             760.00      -12.00
02005             800.00      -16.00
02006             800.00      -16.00
02007             720.00      -16.00
02008             680.00      -16.00
02009             600.00      -16.00
02010             480.00      -16.00
02011            -640.00      500.00
02012            -680.00      500.00
02013            -760.00      -32.00
02014            -800.00      -36.00
02015            -840.00      -36.00
02016            -840.00      -36.00
02017            -800.00      -36.00
02018            -840.00      -28.00
02019            -800.00      -32.00
02020            -760.00      -28.00
02021            -720.00      -32.00
02022            -640.00      -36.00
02023            -600.00      -32.00
02024            -520.00      -36.00
02025            -480.00      -36.00
02026            -400.00      -32.00
02027            -360.00      -32.00
02028            -240.00      -28.00
02029            -200.00      -28.00
02030            -120.00      -32.00
02031             -40.00      -24.00
02032              40.00      -32.00
02033             160.00      -28.00
02034             240.00      -28.00
02035             360.00      -28.00
02036             400.00      -36.00
02037             480.00      -28.00
02038             560.00      -32.00
02039             560.00      -24.00
02040             600.00      -28.00
02041             640.00      -28.00
02042             600.00      -28.00
02043             600.00      -28.00
02044             560.00      -28.00
02045             520.00      -28.00
02046             480.00      -28.00
02047             360.00      -32.00
02048             280.00      -24.00
02049             200.00      -28.00
02050              40.00      -28.00
02051             -80.00      -36.00
02052            -240.00      -24.00
02053            -360.00      -28.00
02054            -480.00      -24.00
02055            -560.00      -28.00
02056            -640.00      -24.00
02057            -720.00      -24.00
02058            -760.00      -24.00
02059            -840.00      -20.00
02060            -840.00      -20.00
02061            -880.00      -24.00
02062            -880.00      -28.00
02063            -880.00      -28.00
02064            -920.00      -28.00
02065            -960.00      -20.00
02066            -920.00      -24.00
02067            -920.00      -24.00
02068            -920.00      -20.00
02069            -920.00      -28.00
02070            -920.00      -24.00
02071            -840.00      -20.00
02072            -720.00      -28.00
02073            -600.00      -24.00
02074            -440.00      -24.00
02075            -280.00      -20.00
02076             -80.00      -24.00
02077             120.00      -20.00
02078             320.00      -20.00
02079             520.00      -24.00
02080             720.00      -24.00
02081             840.00      -24.00
02082             960.00      -24.00
02083            1120.00      -20.00
02084            1200.00      -24.00
02085            1200.00      -24.00
02086            1200.00      -28.00
02087            1200.00      -24.00
02088            1160.00      -20.00
02089            1160.00      -20.00
02090            1080.00      -24.00
02091             920.00      -24.00
02092             880.00      -20.00
02093             720.00      -20.00
02094             640.00      -24.00
02095             520.00      -24.00
02096             440.00      -28.00
02097             360.00      -20.00
02098             280.00      -16.00
02099             240.00      -24.00
02100             200.00      -24.00
02101             120.00      -24.00
02102              80.00      -20.00
02103               0.00      -24.00
02104             -40.00      -20.00
02105            -120.00      -20.00
02106            -240.00      -24.00
02107            -320.00      -20.00
02108            -400.00      -20.00
02109            -520.00      -24.00
02110            -640.00      -24.00
02111            -720.00      -20.00
02112            -760.00      -20.00
02113            -800.00      -20.00
02114            -840.00      -20.00
02115            -840.00      -20.00
02116            -800.00      -12.00
02117            -720.00      -24.00
02118            -640.00      -24.00
02119            -480.00      -20.00
02120            -320.00      -16.00
02121            -160.00      -28.00
02122              40.00      -28.00
02123             200.00      -20.00
02124             320.00      -24.00
02125             400.00      -16.00
02126             440.00      -20.00
02127             440.00      -20.00
02128             440.00      -24.00
02129             440.00      -20.00
02130             440.00      -20.00
02131             440.00      -20.00
02132             360.00      -24.00
02133             320.00      -28.00
02134             240.00      -20.00
02135             200.00      -20.00
02136              80.00      -20.00
02137               0.00      -20.00
02138             -40.00      -20.00
02139             -80.00      -20.00
02140            -120.00      -24.00
02141            -120.00      -16.00
02142             -80.00      -20.00
02143             -80.00      -16.00
02144             -80.00      -16.00
02145            -120.00      -20.00
02146            -120.00      -20.00
02147            -240.00      -16.00
02148            -240.00      -24.00
02149            -280.00      -20.00
02150            -360.00       -8.00
02151            -400.00      -20.00
02152            -440.00      -20.00
02153            -440.00      -16.00
02154            -480.00      -20.00
02155            -480.00      -24.00
02156            -440.00      -24.00
02157            -400.00      -20.00
02158            -320.00      -20.00
02159            -280.00      -16.00
02160            -160.00      -16.00
02161             -40.00      -20.00
02162             120.00      -16.00
02163             280.00      -20.00
02164             480.00      -20.00
02165             640.00      -20.00
02166             760.00      -16.00
02167             840.00      -20.00
02168             960.00      -20.00
02169            1000.00      -20.00
02170            1000.00      -20.00
02171            1000.00      -20.00
02172            1040.00      -20.00
02173            1000.00      -16.00
02174             920.00      -20.00
02175             880.00      -20.00
02176             760.00      -20.00
02177             680.00      -20.00
02178             560.00      -28.00
02179             440.00      -16.00
02180             360.00      -16.00
02181             240.00      -16.00
02182             240.00      -16.00
02183             160.00      -24.00
02184             160.00      -20.00
02185             200.00      -20.00
02186             160.00      -16.00
02187             160.00      -20.00
02188             160.00      -20.00
02189             120.00      -16.00
02190              40.00      -24.00
02191               0.00      -20.00
02192            -120.00      -12.00
02193            -200.00      -20.00
02194            -280.00      -20.00
02195            -360.00      -20.00
02196            -480.00      -32.00
02197            -560.00      -20.00
02198            -640.00      -24.00
02199            -680.00      -20.00
02200            -720.00      -20.00
02201            -720.00      -20.00
02202            -720.00      -20.00
02203            -600.00      -20.00
02204            -520.00      -20.00
02205            -400.00      -16.00
02206            -240.00      -24.00
02207             -80.00      -16.00
02208              80.00      -16.00
02209             200.00      -16.00
02210             320.00      -16.00
02211             400.00      -16.00
02212             400.00      -16.00
02213             440.00      -16.00
02214             440.00      -20.00
02215             400.00      -20.00
02216             360.00      -20.00
02217             360.00      -20.00
02218             280.00      -16.00
02219             200.00      -24.00
02220              40.00      -24.00
02221             -80.00      -16.00
02222            -200.00      -20.00
02223            -280.00      -20.00
02224            -360.00      -24.00
02225            -360.00      -20.00
02226            -360.00      -20.00
02227            -320.00      -28.00
02228            -320.00      -28.00
02229            -280.00      -16.00
02230            -200.00      -16.00
02231             -80.00      -20.00
02232               0.00      -20.00
02233              40.00      -16.00
02234              80.00      -16.00
02235             120.00      -20.00
02236             160.00      -16.00
02237             160.00      -28.00
02238             160.00      -20.00
02239             160.00      -16.00
02240             160.00      -16.00
02241             120.00      -16.00
02242             120.00      -20.00
02243             160.00      -20.00
02244             160.00      -16.00
02245             200.00      -20.00
02246             240.00      -12.00
02247             320.00      -20.00
02248             360.00      -16.00
02249             400.00      -16.00
02250             520.00      -16.00
02251             600.00      -24.00
02252             680.00      -16.00
02253             760.00      -16.00
02254             760.00      -16.00
02255             800.00      -16.00
02256             760.00      -20.00
02257             720.00      -12.00
02258             720.00      -16.00
02259             600.00      -20.00
02260             480.00      -20.00
02261            -640.00      500.00
02262            -680.00      500.00
02263            -720.00      -28.00
02264            -760.00      -44.00
02265            -800.00      -44.00
02266            -840.00      -40.00
02267            -840.00      -36.00
02268            -800.00      -28.00
02269            -800.00      -36.00
02270            -760.00      -36.00
02271            -720.00      -32.00
02272            -640.00      -36.00
02273            -600.00      -32.00
02274            -560.00      -36.00
02275            -440.00      -32.00
02276            -400.00      -28.00
02277            -320.00      -24.00
02278            -240.00      -36.00
02279            -160.00      -36.00
02280            -120.00      -28.00
02281             -40.00      -28.00
02282              40.00      -28.00
02283             160.00      -28.00
02284             240.00      -28.00
02285             360.00      -40.00
02286             440.00      -24.00
02287             480.00      -16.00
02288             560.00      -24.00
02289             600.00      -24.00
02290             600.00      -32.00
02291             640.00      -20.00
02292             640.00      -24.00
02293             600.00      -24.00
02294             560.00      -12.00
02295             520.00      -20.00
02296             440.00      -24.00
02297             400.00      -24.00
02298             280.00      -24.00
02299             160.00      -24.00
02300              40.00      -20.00
02301             -80.00      -16.00
02302            -200.00      -20.00
02303            -320.00      -24.00
02304            -480.00      -32.00
02305            -560.00      -24.00
02306            -640.00      -16.00
02307            -720.00      -20.00
02308            -800.00      -20.00
02309            -800.00      -20.00
02310            -880.00      -20.00
02311            -880.00      -20.00
02312            -880.00      -40.00
02313            -920.00      -20.00
02314            -960.00      -24.00
02315            -920.00      -20.00
02316            -960.00      -20.00
02317            -960.00      -20.00
02318            -920.00      -20.00
02319            -920.00      -24.00
02320            -920.00      -16.00
02321            -840.00      -24.00
02322            -720.00      -20.00
02323            -600.00      -24.00
02324            -440.00      -20.00
02325            -280.00      -16.00
02326             -80.00      -20.00
02327             160.00      -20.00
02328             360.00      -16.00
02329             520.00      -16.00
02330             720.00      -20.00
02331             840.00      -16.00
02332            1000.00      -20.00
02333            1120.00       -8.00
02334            1160.00      -16.00
02335            1240.00      -20.00
02336            1240.00      -20.00
02337            1240.00      -20.00
02338            1200.00      -12.00
02339            1160.00      -20.00
02340            1040.00      -20.00
02341             960.00      -16.00
02342             840.00      -16.00
02343             720.00      -16.00
02344             640.00      -16.00
02345             520.00      -20.00
02346             440.00      -16.00
02347             360.00      -16.00
02348             320.00      -20.00
02349             240.00      -16.00
02350             200.00      -20.00
02351             120.00      -16.00
02352              80.00      -20.00
02353               0.00      -16.00
02354             -40.00      -20.00
02355            -120.00      -20.00
02356            -200.00      -20.00
02357            -320.00      -20.00
02358            -400.00      -12.00
02359            -520.00      -20.00
02360            -640.00      -16.00
02361            -720.00      -16.00
02362            -760.00      -16.00
02363            -800.00      -16.00
02364            -840.00      -20.00
02365            -840.00      -20.00
02366            -840.00      -24.00
02367            -720.00      -20.00
02368            -640.00      -16.00
02369            -520.00      -16.00
02370            -320.00      -20.00
02371            -120.00      -16.00
02372              40.00      -20.00
02373             200.00      -16.00
02374             320.00      -20.00
02375             360.00      -20.00
02376             440.00      -20.00
02377             440.00      -16.00
02378             480.00      -20.00
02379             480.00      -16.00
02380             440.00      -16.00
02381             400.00      -20.00
02382             320.00      -16.00
02383             320.00      -16.00
02384             240.00      -20.00
02385             160.00      -16.00
02386              80.00      -20.00
02387              40.00      -16.00
02388             -80.00      -20.00
02389             -80.00      -28.00
02390             -80.00      -24.00
02391            -120.00      -12.00
02392            -120.00      -16.00
02393             -80.00      -20.00
02394             -80.00      -16.00
02395             -80.00      -20.00
02396            -160.00      -12.00
02397            -200.00      -20.00
02398            -240.00      -20.00
02399            -320.00      -20.00
02400            -360.00      -12.00
02401            -400.00      -12.00
02402            -480.00      -16.00
02403            -440.00      -16.00
02404            -480.00      -16.00
02405            -480.00      -12.00
02406            -440.00      -20.00
02407            -400.00      -20.00
02408            -360.00      -20.00
02409            -280.00      -16.00
02410            -200.00      -16.00
02411             -80.00      -20.00
02412             120.00      -16.00
02413             280.00      -16.00
02414             480.00      -16.00
02415             640.00      -20.00
02416             800.00      -16.00
02417             880.00      -16.00
02418             920.00      -24.00
02419             960.00      -20.00
02420            1000.00      -20.00
02421            1040.00      -12.00
02422            1000.00      -24.00
02423            1000.00      -20.00
02424             920.00      -16.00
02425             880.00      -24.00
02426             760.00      -20.00
02427             640.00      -20.00
02428             560.00      -16.00
02429             440.00      -16.00
02430             320.00      -16.00
02431             240.00      -16.00
02432             240.00      -16.00
02433             160.00      -16.00
02434             160.00      -24.00
02435             160.00      -20.00
02436             160.00      -16.00
02437             160.00      -20.00
02438             160.00      -20.00
02439             120.00      -20.00
02440              40.00      -16.00
02441             -40.00      -24.00
02442             -80.00      -20.00
02443            -200.00      -20.00
02444            -280.00      -20.00
02445            -360.00      -24.00
02446            -480.00      -24.00
02447            -560.00      -24.00
02448            -600.00      -16.00
02449            -680.00      -20.00
02450            -720.00      -24.00
02451            -760.00      -16.00
02452            -720.00      -20.00
02453            -640.00      -20.00
02454            -520.00      -20.00
02455            -400.00      -20.00
02456            -240.00      -28.00
02457             -80.00      -20.00
02458              40.00      -20.00
02459             200.00      -16.00
02460             280.00      -20.00
02461             360.00      -28.00
02462             400.00      -28.00
02463             440.00      -16.00
02464             400.00      -20.00
02465             400.00      -16.00
02466             400.00      -16.00
02467             360.00      -12.00
02468             280.00      -20.00
02469             200.00      -28.00
02470              40.00      -24.00
02471             -40.00      -20.00
02472            -200.00      -20.00
02473            -280.00      -16.00
02474            -360.00      -24.00
02475            -400.00      -20.00
02476            -400.00      -20.00
02477            -360.00      -16.00
02478            -360.00      -24.00
02479            -240.00      -24.00
02480            -160.00      -20.00
02481             -80.00      -20.00
02482               0.00      -20.00
02483              40.00      -12.00
02484             120.00      -24.00
02485             160.00      -24.00
02486             160.00      -16.00
02487             160.00      -16.00
02488             160.00      -24.00
02489             160.00      -20.00
02490             160.00      -20.00
02491             120.00      -16.00
02492             120.00      -20.00
02493             120.00      -28.00
02494             160.00      -20.00
02495             200.00      -20.00
02496             240.00      -20.00
02497             320.00      -20.00
02498             360.00      -20.00
02499             440.00      -28.00
02500             520.00      -24.00
02501             600.00      -20.00
02502             680.00      -16.00
02503             720.00      -20.00
02504             760.00      -16.00
02505             800.00      -20.00
02506             760.00      -24.00
02507             720.00      -20.00
02508             680.00      -20.00
02509             600.00      -20.00
02510             480.00      -16.00
02511            -600.00      500.00
02512            -720.00      500.00
02513            -720.00      -32.00
02514            -760.00      -40.00
02515            -800.00      -36.00
02516            -840.00      -40.00
02517            -840.00      -44.00
02518            -800.00      -36.00
02519            -760.00      -40.00
02520            -720.00      -32.00
02521            -720.00      -32.00
02522            -640.00      -40.00
02523            -600.00      -32.00
02524            -520.00      -32.00
02525            -480.00      -36.00
02526            -400.00      -32.00
02527            -320.00      -28.00
02528            -280.00      -32.00
02529            -160.00      -28.00
02530            -120.00      -36.00
02531             -40.00      -32.00
02532              80.00      -24.00
02533             120.00      -32.00
02534             240.00      -28.00
02535             320.00      -28.00
02536             400.00      -32.00
02537             520.00      -28.00
02538             560.00      -32.00
02539             560.00      -24.00
02540             640.00      -24.00
02541             640.00      -28.00
02542             600.00      -28.00
02543             600.00      -24.00
02544             560.00      -24.00
02545             520.00      -28.00
02546             480.00      -28.00
02547             400.00      -24.00
02548             280.00      -28.00
02549             160.00      -24.00
02550              40.00      -28.00
02551             -80.00      -24.00
02552            -160.00      -24.00
02553            -320.00      -24.00
02554            -440.00      -24.00
02555            -560.00      -24.00
02556            -640.00      -28.00
02557            -720.00      -24.00
02558            -760.00      -20.00
02559            -800.00      -24.00
02560            -880.00      -24.00
02561            -920.00      -20.00
02562            -880.00      -24.00
02563            -880.00      -12.00
02564            -920.00      -20.00
02565            -920.00      -28.00
02566            -960.00      -20.00
02567            -960.00      -24.00
02568            -920.00      -24.00
02569            -920.00      -24.00
02570            -880.00      -16.00
02571            -800.00      -20.00
02572            -720.00      -20.00
02573            -600.00      -20.00
02574            -440.00      -24.00
02575            -280.00      -20.00
02576             -80.00      -24.00
02577             120.00      -16.00
02578             360.00      -24.00
02579             480.00      -20.00
02580             720.00      -20.00
02581             840.00      -20.00
02582            1000.00      -20.00
02583            1080.00      -24.00
02584            1160.00      -20.00
02585            1200.00      -20.00
02586            1200.00      -16.00
02587            1280.00      -28.00
02588            1200.00      -16.00
02589            1160.00      -20.00
02590            1040.00      -12.00
02591             960.00      -16.00
02592             880.00      -24.00
02593             720.00      -20.00
02594             640.00      -20.00
02595             520.00      -16.00
02596             440.00      -24.00
02597             320.00      -16.00
02598             280.00      -24.00
02599             240.00      -16.00
02600             200.00      -16.00
02601             160.00      -24.00
02602             120.00      -28.00
02603               0.00      -20.00
02604             -80.00      -16.00
02605             -80.00      -20.00
02606            -200.00      -20.00
02607            -280.00      -20.00
02608            -400.00      -28.00
02609            -520.00      -12.00
02610            -600.00      -16.00
02611            -720.00      -20.00
02612            -760.00      -20.00
02613            -800.00      -20.00
02614            -840.00      -12.00
02615            -840.00      -16.00
02616            -800.00      -24.00
02617            -760.00      -20.00
02618            -640.00      -16.00
02619            -520.00      -20.00
02620            -320.00      -20.00
02621            -120.00      -20.00
02622              40.00      -20.00
02623             200.00      -12.00
02624             320.00      -20.00
02625             360.00      -16.00
02626             440.00      -24.00
02627             440.00      -16.00
02628             440.00      -12.00
02629             480.00      -24.00
02630             440.00      -16.00
02631             400.00      -16.00
02632             360.00      -20.00
02633             320.00      -16.00
02634             240.00      -16.00
02635             200.00      -20.00
02636              80.00      -16.00
02637               0.00      -12.00
02638             -40.00      -20.00
02639             -80.00      -20.00
02640             -80.00      -20.00
02641             -80.00      -12.00
02642             -80.00      -20.00
02643             -80.00      -16.00
02644             -80.00      -20.00
02645            -120.00      -16.00
02646            -120.00      -16.00
02647            -160.00      -20.00
02648            -240.00      -16.00
02649            -280.00      -16.00
02650            -360.00      -16.00
02651            -400.00      -16.00
02652            -440.00      -20.00
02653            -480.00      -20.00
02654            -480.00      -16.00
02655            -440.00      -20.00
02656            -440.00      -12.00
02657            -400.00      -16.00
02658            -400.00      -16.00
02659            -280.00      -20.00
02660            -160.00      -16.00
02661             -40.00      -12.00
02662             160.00      -24.00
02663             320.00      -16.00
02664             480.00      -20.00
02665             640.00      -20.00
02666             760.00      -12.00
02667             880.00      -16.00
02668             920.00      -16.00
02669             960.00      -16.00
02670            1000.00      -16.00
02671            1000.00      -12.00
02672            1000.00      -20.00
02673            1000.00      -28.00
02674             920.00      -12.00
02675             880.00      -16.00
02676             800.00      -16.00
02677             640.00      -12.00
02678             520.00      -12.00
02679             440.00      -16.00
02680             320.00      -16.00
02681             280.00      -20.00
02682             200.00      -16.00
02683             200.00      -20.00
02684             160.00      -16.00
02685             160.00      -20.00
02686             160.00      -16.00
02687             200.00      -16.00
02688             160.00      -16.00
02689             120.00      -12.00
02690              80.00      -12.00
02691             -40.00      -12.00
02692             -80.00      -16.00
02693            -200.00      -20.00
02694            -280.00      -20.00
02695            -360.00      -12.00
02696            -440.00      -16.00
02697            -520.00      -12.00
02698            -600.00      -16.00
02699            -640.00      -16.00
02700            -720.00      -24.00
02701            -760.00      -16.00
02702            -720.00      -24.00
02703            -600.00      -16.00
02704            -560.00      -20.00
02705            -400.00      -16.00
02706            -240.00      -20.00
02707             -80.00      -16.00
02708              80.00      -16.00
02709             200.00      -12.00
02710             320.00      -16.00
02711             400.00      -12.00
02712             400.00      -16.00
02713             440.00      -16.00
02714             400.00      -12.00
02715             440.00      -12.00
02716             400.00      -16.00
02717             360.00      -16.00
02718             280.00      -12.00
02719             200.00      -16.00
02720              80.00      -12.00
02721             -80.00      -20.00
02722            -160.00      -16.00
02723            -280.00      -16.00
02724            -360.00       -8.00
02725            -360.00      -16.00
02726            -360.00      -16.00
02727            -360.00      -16.00
02728            -320.00      -16.00
02729            -240.00      -16.00
02730            -200.00      -12.00
02731             -80.00      -16.00
02732               0.00      -16.00
02733              40.00      -16.00
02734              80.00      -12.00
02735             160.00      -16.00
02736             160.00      -20.00
02737             160.00      -16.00
02738             160.00      -20.00
02739             160.00      -16.00
02740             160.00      -16.00
02741             120.00      -12.00
02742             160.00      -16.00
02743             120.00      -16.00
02744             160.00       -8.00
02745             160.00      -16.00
02746             240.00      -12.00
02747             280.00      -16.00
02748             360.00      -16.00
02749             440.00      -12.00
02750             480.00      -12.00
02751             600.00      -16.00
02752             680.00      -12.00
02753             720.00      -20.00
02754             760.00      -20.00
02755             800.00      -12.00
02756             800.00      -12.00
02757             760.00      -16.00
02758             680.00      -16.00
02759             600.00      -20.00
02760             480.00      -16.00
02761            -640.00      500.00
02762            -680.00      500.00
02763            -720.00      -28.00
02764            -800.00      -36.00
02765            -800.00      -40.00
02766            -840.00      -36.00
02767            -840.00      -28.00
02768            -800.00      -36.00
02769            -760.00      -36.00
02770            -720.00      -40.00
02771            -720.00      -36.00
02772            -680.00      -32.00
02773            -600.00      -36.00
02774            -520.00      -36.00
02775            -480.00      -28.00
02776            -400.00      -32.00
02777            -280.00      -28.00
02778            -280.00      -32.00
02779            -160.00      -32.00
02780            -120.00      -32.00
02781             -40.00      -24.00
02782              40.00      -32.00
02783             160.00      -32.00
02784             240.00      -28.00
02785             320.00      -32.00
02786             400.00      -28.00
02787             480.00      -32.00
02788             560.00      -32.00
02789             600.00      -28.00
02790             600.00      -28.00
02791             640.00      -24.00
02792             600.00      -24.00
02793             600.00      -32.00
02794             560.00      -24.00
02795             560.00      -28.00
02796             440.00      -24.00
02797             400.00      -28.00
02798             280.00      -24.00
02799             160.00      -24.00
02800              80.00      -24.00
02801             -80.00      -28.00
02802            -200.00      -24.00
02803            -360.00      -24.00
02804            -440.00      -28.00
02805            -520.00      -24.00
02806            -640.00      -28.00
02807            -720.00      -28.00
02808            -760.00      -20.00
02809            -800.00      -20.00
02810            -840.00      -24.00
02811            -880.00      -20.00
02812            -920.00      -28.00
02813            -920.00      -28.00
02814            -920.00      -24.00
02815            -920.00      -20.00
02816            -960.00      -28.00
02817            -920.00      -20.00
02818            -920.00      -24.00
02819            -920.00      -20.00
02820            -880.00      -20.00
02821            -840.00      -24.00
02822            -720.00      -20.00
02823            -600.00      -20.00
02824            -480.00      -24.00
02825            -280.00      -28.00
02826             -40.00      -24.00
02827             120.00      -24.00
02828             360.00      -20.00
02829             480.00      -20.00
02830             720.00      -24.00
02831             840.00      -20.00
02832            1000.00      -24.00
02833            1080.00      -20.00
02834            1160.00      -24.00
02835            1200.00      -24.00
02836            1280.00      -24.00
02837            1200.00      -20.00
02838            1200.00      -20.00
02839            1160.00      -24.00
02840            1040.00      -24.00
02841             920.00      -28.00
02842             840.00      -24.00
02843             720.00      -20.00
02844             600.00      -16.00
02845             520.00      -20.00
02846             440.00      -24.00
02847             360.00      -20.00
02848             280.00      -20.00
02849             240.00      -20.00
02850             200.00      -20.00
02851             120.00      -20.00
02852              80.00      -24.00
02853               0.00      -24.00
02854               0.00      -20.00
02855             -80.00      -24.00
02856            -200.00      -20.00
02857            -280.00      -20.00
02858            -400.00      -16.00
02859            -520.00      -20.00
02860            -640.00      -24.00
02861            -680.00      -24.00
02862            -760.00      -28.00
02863            -760.00      -24.00
02864            -800.00      -20.00
02865            -800.00      -20.00
02866            -800.00      -12.00
02867            -760.00      -16.00
02868            -640.00      -20.00
02869            -520.00      -20.00
02870            -320.00      -32.00
02871            -160.00      -20.00
02872              40.00      -20.00
02873             200.00      -24.00
02874             320.00      -20.00
02875             360.00      -20.00
02876             440.00      -16.00
02877             440.00      -24.00
02878             480.00      -24.00
02879             480.00      -16.00
02880             440.00      -20.00
02881             440.00      -16.00
02882             360.00      -24.00
02883             280.00      -20.00
02884             240.00      -20.00
02885             200.00      -16.00
02886              80.00      -20.00
02887               0.00      -16.00
02888             -40.00      -20.00
02889             -80.00      -20.00
02890             -80.00      -16.00
02891             -80.00      -24.00
02892             -80.00      -20.00
02893             -80.00      -20.00
02894             -80.00      -20.00
02895            -120.00      -20.00
02896            -160.00      -16.00
02897            -200.00      -24.00
02898            -240.00      -24.00
02899            -280.00      -16.00
02900            -360.00      -20.00
02901            -400.00      -16.00
02902            -440.00      -16.00
02903            -440.00      -24.00
02904            -480.00      -16.00
02905            -480.00      -20.00
02906            -440.00      -20.00
02907            -440.00      -16.00
02908            -360.00      -24.00
02909            -280.00      -24.00
02910            -200.00      -24.00
02911               0.00      -20.00
02912             120.00      -16.00
02913             280.00      -20.00
02914             480.00      -16.00
02915             640.00      -16.00
02916             760.00      -24.00
02917             840.00      -16.00
02918             920.00      -20.00
02919             960.00      -20.00
02920            1000.00      -24.00
02921            1040.00      -20.00
02922            1040.00      -20.00
02923            1000.00      -20.00
02924             920.00      -20.00
02925             880.00      -24.00
02926             760.00      -16.00
02927             680.00      -24.00
02928             560.00      -24.00
02929             400.00      -12.00
02930             320.00      -20.00
02931             240.00      -24.00
02932             200.00      -20.00
02933             200.00      -24.00
02934             160.00      -16.00
02935             160.00      -16.00
02936             200.00      -16.00
02937             160.00      -20.00
02938             160.00      -24.00
02939             120.00      -16.00
02940              40.00      -20.00
02941             -40.00      -16.00
02942            -120.00      -12.00
02943            -200.00      -12.00
02944            -280.00      -16.00
02945            -320.00      -24.00
02946            -440.00      -20.00
02947            -560.00      -16.00
02948            -600.00      -16.00
02949            -680.00      -16.00
02950            -760.00      -24.00
02951            -720.00      -16.00
02952            -720.00      -20.00
02953            -640.00      -20.00
02954            -520.00      -16.00
02955            -400.00      -20.00
02956            -240.00      -16.00
02957            -120.00      -16.00
02958              80.00      -16.00
02959             200.00      -20.00
02960             320.00      -20.00
02961             360.00      -20.00
02962             400.00      -16.00
02963             440.00      -20.00
02964             400.00      -16.00
02965             440.00      -20.00
02966             400.00      -12.00
02967             360.00      -16.00
02968             320.00      -16.00
02969             160.00      -16.00
02970              40.00      -20.00
02971             -80.00      -20.00
02972            -200.00      -16.00
02973            -320.00      -20.00
02974            -360.00      -20.00
02975            -400.00      -20.00
02976            -400.00      -20.00
02977            -360.00      -20.00
02978            -360.00      -24.00
02979            -280.00      -20.00
02980            -240.00      -12.00
02981             -80.00      -16.00
02982               0.00      -16.00
02983              80.00      -20.00
02984              80.00      -16.00
02985             160.00      -16.00
02986             160.00      -12.00
02987             160.00      -16.00
02988             160.00      -16.00
02989             160.00      -16.00
02990             160.00      -12.00
02991             120.00      -16.00
02992             120.00      -12.00
02993             120.00      -20.00
02994             160.00      -20.00
02995             200.00      -12.00
02996             240.00      -16.00
02997             320.00      -16.00
02998             320.00      -20.00
02999             400.00      -16.00
03000             520.00      -16.00
03001             560.00      -20.00
03002             680.00      -20.00
03003             720.00      -20.00
03004             800.00      -20.00
03005             800.00      -12.00
03006             800.00      -20.00
03007             760.00      -16.00
03008             680.00      -16.00
03009             600.00      -20.00
03010             480.00       -8.00
03011            -600.00      500.00
03012            -680.00      500.00
03013            -760.00      -32.00
03014            -760.00      -40.00
03015            -800.00      -32.00
03016            -840.00      -28.00
03017            -840.00      -32.00
03018            -800.00      -40.00
03019            -800.00      -32.00
03020            -760.00      -28.00
03021            -720.00      -32.00
03022            -680.00      -32.00
03023            -600.00      -24.00
03024            -560.00      -28.00
03025            -480.00      -28.00
03026            -400.00      -28.00
03027            -360.00      -24.00
03028            -240.00      -24.00
03029            -160.00      -32.00
03030            -120.00      -28.00
03031               0.00      -28.00
03032              40.00      -16.00
03033             120.00      -28.00
03034             200.00      -24.00
03035             360.00      -28.00
03036             400.00      -24.00
03037             480.00      -24.00
03038             560.00      -24.00
03039             600.00      -20.00
03040             600.00      -24.00
03041             640.00      -20.00
03042             600.00      -24.00
03043             600.00      -24.00
03044             560.00      -20.00
03045             560.00      -20.00
03046             440.00      -28.00
03047             360.00      -20.00
03048             280.00      -16.00
03049             160.00      -20.00
03050              40.00      -24.00
03051             -80.00      -20.00
03052            -200.00      -20.00
03053            -320.00      -20.00
03054            -440.00      -16.00
03055            -560.00      -20.00
03056            -640.00      -16.00
03057            -720.00      -16.00
03058            -760.00      -16.00
03059            -800.00      -28.00
03060            -800.00      -20.00
03061            -880.00      -24.00
03062            -880.00      -20.00
03063            -880.00      -20.00
03064            -920.00      -20.00
03065            -920.00      -20.00
03066            -920.00      -20.00
03067            -920.00      -16.00
03068            -920.00      -20.00
03069            -920.00      -16.00
03070            -880.00      -16.00
03071            -840.00      -20.00
03072            -720.00      -20.00
03073            -560.00      -16.00
03074            -480.00      -20.00
03075            -240.00      -16.00
03076             -80.00      -12.00
03077             120.00      -20.00
03078             320.00      -16.00
03079             520.00      -20.00
03080             680.00      -16.00
03081             840.00      -20.00
03082            1000.00      -20.00
03083            1080.00      -16.00
03084            1160.00      -16.00
03085            1240.00      -16.00
03086            1240.00      -20.00
03087            1200.00      -20.00
03088            1200.00      -20.00
03089            1160.00      -20.00
03090            1040.00      -16.00
03091             960.00      -12.00
03092             840.00      -20.00
03093             720.00      -20.00
03094             600.00      -12.00
03095             520.00      -12.00
03096             440.00      -16.00
03097             360.00      -16.00
03098             320.00      -20.00
03099             200.00      -16.00
03100             200.00      -16.00
03101             120.00      -20.00
03102              80.00      -20.00
03103              40.00      -20.00
03104             -40.00      -20.00
03105            -120.00      -16.00
03106            -200.00      -16.00
03107            -280.00      -12.00
03108            -400.00      -16.00
03109            -520.00      -16.00
03110            -600.00      -20.00
03111            -720.00      -20.00
03112            -760.00      -16.00
03113            -800.00      -20.00
03114            -840.00      -16.00
03115            -840.00      -16.00
03116            -800.00      -12.00
03117            -720.00      -16.00
03118            -640.00      -20.00
03119            -480.00      -16.00
03120            -320.00      -16.00
03121            -160.00      -20.00
03122              40.00      -16.00
03123             200.00      -12.00
03124             320.00      -16.00
03125             400.00      -16.00
03126             400.00      -16.00
03127             480.00      -16.00
03128             480.00      -16.00
03129             440.00      -16.00
03130             400.00      -16.00
03131             400.00      -16.00
03132             360.00      -12.00
03133             320.00      -12.00
03134             240.00      -12.00
03135             160.00      -20.00
03136              80.00      -16.00
03137               0.00      -16.00
03138             -40.00      -12.00
03139             -80.00      -16.00
03140            -120.00      -12.00
03141             -80.00      -16.00
03142            -120.00      -20.00
03143             -80.00      -16.00
03144             -80.00      -16.00
03145            -120.00      -16.00
03146            -160.00      -20.00
03147            -200.00      -16.00
03148            -240.00      -16.00
03149            -280.00      -20.00
03150            -360.00      -20.00
03151            -400.00      -16.00
03152            -440.00      -16.00
03153            -440.00      -12.00
03154            -480.00      -16.00
03155            -480.00      -20.00
03156            -440.00      -20.00
03157            -440.00      -16.00
03158            -400.00      -24.00
03159            -280.00      -16.00
03160            -200.00      -24.00
03161             -40.00      -20.00
03162             120.00      -16.00
03163             320.00      -20.00
03164             480.00      -16.00
03165             600.00      -12.00
03166             800.00      -20.00
03167             880.00      -20.00
03168             920.00      -20.00
03169             960.00      -16.00
03170            1000.00      -20.00
03171            1040.00      -20.00
03172            1000.00      -16.00
03173            1000.00      -20.00
03174             920.00      -16.00
03175             840.00      -20.00
03176             760.00      -16.00
03177             640.00      -24.00
03178             560.00      -20.00
03179             440.00      -12.00
03180             360.00      -16.00
03181             240.00      -16.00
03182             200.00      -16.00
03183             160.00      -20.00
03184             160.00      -16.00
03185             160.00      -16.00
03186             160.00      -24.00
03187             160.00      -16.00
03188             160.00      -24.00
03189              80.00      -20.00
03190              40.00      -20.00
03191               0.00      -20.00
03192            -120.00      -16.00
03193            -200.00      -24.00
03194            -280.00      -20.00
03195            -360.00      -20.00
03196            -480.00      -16.00
03197            -560.00      -16.00
03198            -600.00      -20.00
03199            -680.00      -20.00
03200            -720.00      -20.00
03201            -720.00      -20.00
03202            -720.00      -24.00
03203            -600.00      -20.00
03204            -480.00      -20.00
03205            -400.00      -20.00
03206            -240.00      -20.00
03207             -80.00      -20.00
03208              80.00      -16.00
03209             200.00      -20.00
03210             320.00      -20.00
03211             400.00      -20.00
03212             400.00      -24.00
03213             440.00      -16.00
03214             400.00      -20.00
03215             400.00      -16.00
03216             360.00      -20.00
03217             320.00      -20.00
03218             280.00      -20.00
03219             200.00      -20.00
03220              80.00      -20.00
03221             -80.00      -20.00
03222            -200.00      -20.00
03223            -280.00      -16.00
03224            -360.00      -20.00
03225            -400.00      -16.00
03226            -400.00      -16.00
03227            -360.00      -20.00
03228            -320.00      -20.00
03229            -240.00      -16.00
03230            -160.00      -20.00
03231             -80.00      -16.00
03232               0.00      -20.00
03233              40.00      -20.00
03234             120.00      -20.00
03235             160.00      -24.00
03236             160.00      -12.00
03237             160.00      -16.00
03238             160.00      -20.00
03239             160.00      -20.00
03240             160.00      -20.00
03241             120.00      -20.00
03242             120.00      -16.00
03243             120.00      -20.00
03244             160.00      -20.00
03245             200.00      -20.00
03246             240.00      -20.00
03247             320.00      -24.00
03248             360.00      -16.00
03249             400.00      -20.00
03250             480.00      -20.00
03251             600.00      -20.00
03252             680.00      -16.00
03253             720.00      -16.00
03254             760.00      -28.00
03255             800.00      -16.00
03256             760.00      -24.00
03257             720.00      -20.00
03258             720.00      -20.00
03259             600.00      -16.00
03260             480.00      -20.00
03261            -600.00      500.00
03262            -680.00      500.00
03263            -760.00      -28.00
03264            -800.00      -44.00
03265            -800.00      -36.00
03266            -800.00      -36.00
03267            -840.00      -36.00
03268            -840.00      -32.00
03269            -800.00      -36.00
03270            -760.00      -40.00
03271            -720.00      -36.00
03272            -600.00      -32.00
03273            -600.00      -32.00
03274            -520.00      -28.00
03275            -480.00      -32.00
03276            -400.00      -32.00
03277            -320.00      -28.00
03278            -240.00      -36.00
03279            -200.00      -32.00
03280            -120.00      -32.00
03281             -40.00      -32.00
03282              40.00      -32.00
03283             120.00      -36.00
03284             240.00      -28.00
03285             360.00      -28.00
03286             400.00      -28.00
03287             480.00      -32.00
03288             560.00      -28.00
03289             600.00      -24.00
03290             600.00      -32.00
03291             640.00      -20.00
03292             640.00      -24.00
03293             600.00      -24.00
03294             560.00      -24.00
03295             520.00      -28.00
03296             480.00      -24.00
03297             360.00      -24.00
03298             280.00      -24.00
03299             120.00      -28.00
03300              40.00      -28.00
03301             -80.00      -20.00
03302            -200.00      -28.00
03303            -360.00      -16.00
03304            -480.00      -20.00
03305            -600.00      -28.00
03306            -640.00      -24.00
03307            -720.00      -28.00
03308            -800.00      -24.00
03309            -840.00      -24.00
03310            -880.00      -20.00
03311            -880.00      -24.00
03312            -880.00      -24.00
03313            -920.00      -20.00
03314            -920.00      -20.00
03315            -920.00      -24.00
03316            -920.00      -24.00
03317            -920.00      -20.00
03318            -960.00      -20.00
03319            -920.00      -20.00
03320            -880.00      -16.00
03321            -800.00      -16.00
03322            -720.00      -16.00
03323            -600.00      -24.00
03324            -440.00      -24.00
03325            -280.00      -20.00
03326             -80.00      -24.00
03327             120.00      -20.00
03328             360.00      -24.00
03329             520.00      -24.00
03330             680.00      -12.00
03331             840.00      -20.00
03332            1000.00      -16.00
03333            1080.00      -20.00
03334            1200.00      -20.00
03335            1200.00      -16.00
03336            1240.00      -24.00
03337            1240.00      -16.00
03338            1200.00      -24.00
03339            1160.00      -24.00
03340            1040.00       -8.00
03341             960.00      -16.00
03342             840.00      -20.00
03343             760.00      -16.00
03344             640.00      -24.00
03345             520.00      -20.00
03346             440.00      -20.00
03347             360.00      -16.00
03348             320.00      -16.00
03349             240.00      -16.00
03350             200.00      -12.00
03351             120.00      -24.00
03352              80.00      -20.00
03353              40.00      -20.00
03354             -40.00      -16.00
03355            -120.00      -20.00
03356            -200.00      -12.00
03357            -280.00      -20.00
03358            -400.00      -16.00
03359            -520.00      -16.00
03360            -600.00      -24.00
03361            -680.00      -16.00
03362            -720.00      -16.00
03363            -800.00      -20.00
03364            -880.00      -16.00
03365            -840.00      -20.00
03366            -800.00      -20.00
03367            -760.00      -20.00
03368            -640.00      -24.00
03369            -520.00      -16.00
03370            -320.00      -24.00
03371            -120.00      -16.00
03372              40.00      -20.00
03373             200.00      -16.00
03374             320.00      -16.00
03375             360.00      -20.00
03376             440.00      -16.00
03377             440.00      -12.00
03378             440.00      -20.00
03379             440.00      -16.00
03380             440.00      -20.00
03381             440.00      -12.00
03382             360.00      -16.00
03383             320.00      -24.00
03384             240.00      -16.00
03385             160.00      -20.00
03386             120.00      -20.00
03387               0.00      -16.00
03388             -40.00      -20.00
03389             -80.00      -16.00
03390             -80.00      -24.00
03391             -80.00      -20.00
03392             -80.00      -16.00
03393             -80.00      -16.00
03394             -80.00      -16.00
03395             -80.00      -20.00
03396            -120.00      -12.00
03397            -200.00      -16.00
03398            -240.00      -16.00
03399            -280.00      -16.00
03400            -360.00      -24.00
03401            -400.00      -20.00
03402            -440.00      -16.00
03403            -440.00      -12.00
03404            -440.00      -16.00
03405            -440.00      -20.00
03406            -480.00      -16.00
03407            -400.00      -16.00
03408            -360.00      -16.00
03409            -280.00      -12.00
03410            -200.00      -40.00
03411             -40.00      -16.00
03412             120.00      -20.00
03413             280.00      -20.00
03414             480.00      -12.00
03415             640.00      -16.00
03416             760.00      -16.00
03417             840.00      -16.00
03418             920.00      -16.00
03419            1000.00      -20.00
03420            1000.00      -20.00
03421            1040.00      -12.00
03422            1000.00      -16.00
03423            1000.00      -16.00
03424             920.00      -12.00
03425             840.00      -16.00
03426             800.00      -12.00
03427             640.00      -16.00
03428             560.00      -12.00
03429             440.00      -20.00
03430             360.00      -16.00
03431             240.00      -16.00
03432             200.00      -20.00
03433             160.00      -20.00
03434             160.00      -16.00
03435             160.00      -12.00
03436             200.00      -12.00
03437             160.00      -12.00
03438             160.00      -16.00
03439             120.00      -12.00
03440              40.00      -12.00
03441             -40.00      -16.00
03442            -120.00      -12.00
03443            -200.00      -20.00
03444            -280.00      -16.00
03445            -360.00      -16.00
03446            -440.00      -16.00
03447            -520.00      -16.00
03448            -600.00      -16.00
03449            -640.00      -16.00
03450            -720.00      -16.00
03451            -720.00      -12.00
03452            -720.00      -20.00
03453            -640.00      -20.00
03454            -560.00      -12.00
03455            -400.00      -16.00
03456            -240.00      -16.00
03457             -80.00      -16.00
03458              80.00      -16.00
03459             200.00      -16.00
03460             280.00      -12.00
03461             400.00      -16.00
03462             400.00       -8.00
03463             400.00      -16.00
03464             440.00      -20.00
03465             400.00       -8.00
03466             400.00      -16.00
03467             360.00      -12.00
03468             280.00      -16.00
03469             160.00      -12.00
03470              40.00      -16.00
03471             -80.00      -16.00
03472            -240.00      -16.00
03473            -320.00       -8.00
03474            -360.00      -12.00
03475            -400.00      -20.00
03476            -400.00      -16.00
03477            -360.00      -20.00
03478            -320.00      -16.00
03479            -280.00      -16.00
03480            -160.00      -12.00
03481             -80.00      -12.00
03482              40.00      -12.00
03483              40.00      -12.00
03484              80.00      -16.00
03485             120.00      -16.00
03486             160.00      -12.00
03487             160.00      -12.00
03488             160.00      -20.00
03489             120.00      -12.00
03490             160.00      -12.00
03491             160.00      -16.00
03492             120.00      -12.00
03493             120.00      -12.00
03494             160.00      -16.00
03495             160.00      -12.00
03496             200.00      -20.00
03497             280.00      -12.00
03498             320.00      -16.00
03499             440.00      -16.00
03500             520.00      -12.00
03501             600.00      -20.00
03502             680.00      -12.00
03503             720.00      -16.00
03504             760.00      -20.00
03505             800.00      -16.00
03506             800.00      -16.00
03507             760.00      -12.00
03508             680.00      -16.00
03509             560.00      -12.00
03510             480.00      -12.00
03511            -600.00      500.00
03512            -720.00      500.00
03513            -720.00      -32.00
03514            -760.00      -36.00
03515            -800.00      -36.00
03516            -800.00      -28.00
03517            -840.00      -36.00
03518            -840.00      -36.00
03519            -800.00      -32.00
03520            -760.00      -28.00
03521            -720.00      -32.00
03522            -680.00      -32.00
03523            -560.00      -28.00
03524            -520.00      -28.00
03525            -440.00      -32.00
03526            -400.00      -32.00
03527            -320.00      -32.00
03528            -240.00      -28.00
03529            -160.00      -36.00
03530             -80.00      -32.00
03531             -40.00      -28.00
03532              40.00      -28.00
03533             160.00      -24.00
03534             240.00      -28.00
03535             320.00      -28.00
03536             440.00      -32.00
03537             480.00      -32.00
03538             560.00      -28.00
03539             560.00      -24.00
03540             600.00      -28.00
03541             640.00      -24.00
03542             640.00      -28.00
03543             600.00      -28.00
03544             600.00      -24.00
03545             560.00      -24.00
03546             480.00      -28.00
03547             400.00      -28.00
03548             320.00      -28.00
03549             200.00      -20.00
03550              40.00      -28.00
03551             -80.00      -20.00
03552            -200.00      -28.00
03553            -320.00      -24.00
03554            -440.00      -20.00
03555            -560.00      -24.00
03556            -640.00      -24.00
03557            -680.00      -24.00
03558            -760.00      -24.00
03559            -800.00      -24.00
03560            -840.00      -20.00
03561            -880.00      -24.00
03562            -920.00      -24.00
03563            -920.00      -24.00
03564            -920.00      -24.00
03565            -920.00      -24.00
03566            -960.00      -24.00
03567            -920.00      -20.00
03568            -920.00      -16.00
03569            -920.00      -28.00
03570            -880.00      -24.00
03571            -840.00      -20.00
03572            -720.00      -24.00
03573            -600.00      -28.00
03574            -440.00      -28.00
03575            -280.00      -16.00
03576             -80.00      -16.00
03577             160.00      -28.00
03578             280.00      -24.00
03579             520.00      -16.00
03580             680.00      -24.00
03581             880.00      -24.00
03582             960.00      -20.00
03583            1120.00      -28.00
03584            1160.00      -24.00
03585            1200.00      -20.00
03586            1240.00      -20.00
03587            1240.00      -20.00
03588            1200.00      -20.00
03589            1160.00      -24.00
03590            1040.00      -20.00
03591             960.00      -20.00
03592             840.00      -16.00
03593             720.00      -20.00
03594             640.00      -16.00
03595             520.00      -20.00
03596             440.00      -20.00
03597             360.00      -24.00
03598             280.00      -16.00
03599             240.00      -20.00
03600             200.00      -20.00
03601             120.00      -20.00
03602              80.00      -24.00
03603              40.00      -20.00
03604             -40.00      -16.00
03605             -80.00      -20.00
03606            -240.00      -20.00
03607            -280.00      -20.00
03608            -400.00      -16.00
03609            -520.00      -20.00
03610            -640.00      -16.00
03611            -720.00      -20.00
03612            -760.00      -20.00
03613            -800.00      -16.00
03614            -840.00      -16.00
03615            -840.00      -20.00
03616            -800.00      -20.00
03617            -760.00      -24.00
03618            -640.00      -20.00
03619            -480.00      -20.00
03620            -320.00      -20.00
03621            -160.00      -20.00
03622              40.00      -16.00
03623             200.00      -16.00
03624             320.00      -20.00
03625             360.00      -24.00
03626             400.00      -20.00
03627             440.00      -20.00
03628             440.00      -20.00
03629             480.00      -24.00
03630             440.00      -24.00
03631             400.00      -20.00
03632             360.00      -16.00
03633             320.00      -20.00
03634             240.00      -20.00
03635             160.00      -44.00
03636              80.00      -16.00
03637              40.00      -20.00
03638             -40.00      -16.00
03639             -80.00      -24.00
03640             -80.00      -20.00
03641             -80.00      -16.00
03642             -80.00      -20.00
03643             -80.00      -16.00
03644             -80.00      -16.00
03645             -80.00      -20.00
03646            -120.00      -20.00
03647            -200.00      -12.00
03648            -240.00      -20.00
03649            -280.00      -20.00
03650            -320.00      -20.00
03651            -400.00      -16.00
03652            -440.00      -20.00
03653            -480.00      -16.00
03654            -440.00      -16.00
03655            -440.00      -20.00
03656            -440.00      -16.00
03657            -440.00      -20.00
03658            -400.00      -20.00
03659            -280.00      -20.00
03660            -200.00      -20.00
03661             -40.00      -20.00
03662             120.00      -16.00
03663             280.00      -16.00
03664             480.00      -16.00
03665             600.00      -16.00
03666             760.00      -16.00
03667             840.00      -16.00
03668             920.00      -20.00
03669             960.00      -12.00
03670            1000.00      -12.00
03671            1040.00      -20.00
03672            1040.00      -16.00
03673            1000.00      -20.00
03674             920.00      -16.00
03675             880.00      -16.00
03676             760.00      -20.00
03677             640.00      -20.00
03678             520.00      -20.00
03679             440.00      -24.00
03680             360.00      -20.00
03681             280.00      -20.00
03682             200.00      -20.00
03683             200.00      -20.00
03684             160.00      -16.00
03685             160.00      -16.00
03686             200.00      -16.00
03687             200.00      -20.00
03688             160.00      -16.00
03689              80.00      -12.00
03690              40.00      -20.00
03691               0.00      -20.00
03692            -120.00      -20.00
03693            -200.00      -16.00
03694            -280.00      -24.00
03695            -360.00      -24.00
03696            -480.00      -24.00
03697            -560.00      -20.00
03698            -600.00      -20.00
03699            -680.00      -16.00
03700            -720.00      -16.00
03701            -760.00      -20.00
03702            -720.00      -20.00
03703            -640.00      -16.00
03704            -520.00      -20.00
03705            -400.00      -20.00
03706            -240.00      -20.00
03707             -40.00      -20.00
03708              80.00      -20.00
03709             200.00      -20.00
03710             320.00      -20.00
03711             360.00      -16.00
03712             440.00      -20.00
03713             440.00      -16.00
03714             400.00      -20.00
03715             400.00      -16.00
03716             400.00      -16.00
03717             320.00      -20.00
03718             280.00      -16.00
03719             160.00      -20.00
03720              40.00      -16.00
03721             -80.00      -16.00
03722            -200.00      -16.00
03723            -320.00      -16.00
03724            -400.00      -16.00
03725            -360.00      -16.00
03726            -400.00      -20.00
03727            -360.00      -24.00
03728            -320.00      -12.00
03729            -240.00      -20.00
03730            -200.00      -20.00
03731             -80.00      -20.00
03732               0.00      -20.00
03733              40.00      -16.00
03734              80.00      -20.00
03735             120.00      -12.00
03736             160.00      -16.00
03737             160.00      -24.00
03738             160.00      -20.00
03739             160.00      -20.00
03740             160.00      -16.00
03741             160.00      -16.00
03742             160.00      -16.00
03743             160.00      -20.00
03744             160.00      -12.00
03745             200.00      -24.00
03746             240.00      -12.00
03747             280.00      -20.00
03748             360.00      -20.00
03749             400.00      -16.00
03750             520.00      -20.00
03751             560.00      -16.00
03752             640.00      -20.00
03753             720.00      -20.00
03754             760.00      -16.00
03755             800.00      -32.00
03756             760.00      -20.00
03757             720.00      -12.00
03758             720.00      -16.00
03759             560.00      -20.00
03760             480.00      -16.00
03761            -640.00      500.00
03762            -720.00      500.00
03763            -760.00      -28.00
03764            -800.00      -40.00
03765            -800.00      -32.00
03766            -800.00      -24.00
03767            -880.00      -36.00
03768            -800.00      -36.00
03769            -760.00      -32.00
03770            -760.00      -28.00
03771            -720.00      -28.00
03772            -640.00      -32.00
03773            -600.00      -28.00
03774            -520.00      -28.00
03775            -480.00      -28.00
03776            -400.00      -28.00
03777            -360.00      -32.00
03778            -280.00      -28.00
03779            -160.00      -32.00
03780            -120.00      -24.00
03781             -40.00      -24.00
03782              40.00      -24.00
03783             160.00      -24.00
03784             240.00      -28.00
03785             320.00      -28.00
03786             440.00      -28.00
03787             480.00      -20.00
03788             520.00      -24.00
03789             560.00      -24.00
03790             600.00      -24.00
03791             640.00      -24.00
03792             640.00      -20.00
03793             640.00      -24.00
03794             560.00      -20.00
03795             560.00      -20.00
03796             480.00      -28.00
03797             400.00      -20.00
03798             280.00      -24.00
03799             160.00      -16.00
03800              40.00      -20.00
03801             -40.00      -20.00
03802            -200.00      -20.00
03803            -320.00      -20.00
03804            -440.00      -20.00
03805            -600.00      -16.00
03806            -640.00      -28.00
03807            -720.00      -20.00
03808            -760.00      -20.00
03809            -800.00      -24.00
03810            -880.00      -16.00
03811            -880.00      -20.00
03812            -880.00      -12.00
03813            -920.00      -20.00
03814            -920.00      -16.00
03815            -960.00      -20.00
03816            -960.00      -20.00
03817            -960.00      -12.00
03818            -960.00      -16.00
03819            -920.00      -16.00
03820            -880.00      -12.00
03821            -840.00      -16.00
03822            -760.00      -20.00
03823            -600.00      -16.00
03824            -480.00      -20.00
03825            -280.00      -20.00
03826             -80.00      -20.00
03827             120.00      -20.00
03828             280.00      -20.00
03829             520.00      -16.00
03830             680.00      -16.00
03831             840.00      -16.00
03832             960.00      -20.00
03833            1080.00      -24.00
03834            1160.00      -20.00
03835            1240.00      -20.00
03836            1240.00      -16.00
03837            1240.00      -16.00
03838            1200.00      -12.00
03839            1160.00      -12.00
03840            1040.00      -16.00
03841             960.00      -20.00
03842             840.00      -20.00
03843             720.00      -20.00
03844             640.00      -12.00
03845             480.00      -16.00
03846             440.00      -16.00
03847             360.00      -16.00
03848             280.00      -16.00
03849             240.00      -16.00
03850             200.00      -16.00
03851             120.00      -20.00
03852              80.00      -16.00
03853              40.00      -20.00
03854             -40.00      -12.00
03855             -80.00      -16.00
03856            -200.00      -16.00
03857            -280.00      -16.00
03858            -400.00      -16.00
03859            -520.00      -16.00
03860            -600.00      -16.00
03861            -720.00      -24.00
03862            -720.00      -16.00
03863            -800.00      -16.00
03864            -840.00      -16.00
03865            -800.00      -16.00
03866            -840.00      -16.00
03867            -720.00      -16.00
03868            -600.00      -20.00
03869            -520.00      -16.00
03870            -360.00      -12.00
03871            -160.00      -20.00
03872               0.00      -16.00
03873             200.00      -16.00
03874             280.00      -16.00
03875             400.00      -12.00
03876             440.00      -16.00
03877             440.00      -20.00
03878             440.00      -16.00
03879             440.00      -20.00
03880             440.00      -16.00
03881             400.00      -20.00
03882             360.00      -16.00
03883             320.00      -16.00
03884             240.00      -16.00
03885             200.00      -16.00
03886             120.00      -12.00
03887              40.00      -12.00
03888             -40.00      -20.00
03889             -80.00      -20.00
03890             -80.00      -20.00
03891            -120.00      -16.00
03892             -80.00      -16.00
03893            -120.00      -20.00
03894             -80.00      -20.00
03895            -120.00      -16.00
03896            -160.00      -20.00
03897            -160.00      -16.00
03898            -240.00      -20.00
03899            -280.00      -16.00
03900            -360.00      -20.00
03901            -400.00      -20.00
03902            -440.00      -20.00
03903            -480.00      -16.00
03904            -480.00      -16.00
03905            -440.00      -12.00
03906            -440.00      -16.00
03907            -400.00      -12.00
03908            -360.00      -20.00
03909            -280.00      -16.00
03910            -200.00      -12.00
03911             -40.00      -12.00
03912             160.00      -16.00
03913             320.00      -20.00
03914             480.00      -16.00
03915             600.00      -16.00
03916             760.00      -16.00
03917             840.00      -20.00
03918             880.00      -20.00
03919             960.00      -16.00
03920            1000.00      -20.00
03921            1000.00      -20.00
03922            1000.00      -20.00
03923            1000.00      -16.00
03924             960.00      -16.00
03925             840.00      -16.00
03926             720.00      -20.00
03927             640.00      -20.00
03928             520.00      -16.00
03929             440.00      -24.00
03930             320.00      -16.00
03931             240.00      -20.00
03932             200.00      -20.00
03933             200.00      -16.00
03934             160.00      -12.00
03935             160.00      -16.00
03936             200.00      -24.00
03937             160.00      -24.00
03938             160.00      -16.00
03939             120.00      -24.00
03940              40.00      -16.00
03941             -40.00      -20.00
03942            -120.00      -16.00
03943            -200.00      -12.00
03944            -280.00      -16.00
03945            -360.00      -20.00
03946            -440.00      -20.00
03947            -560.00      -16.00
03948            -600.00      -24.00
03949            -680.00      -16.00
03950            -720.00      -20.00
03951            -720.00      -20.00
03952            -720.00      -20.00
03953            -640.00      -16.00
03954            -520.00      -20.00
03955            -400.00      -16.00
03956            -240.00      -20.00
03957             -40.00      -20.00
03958              40.00      -16.00
03959             200.00      -20.00
03960             280.00      -24.00
03961             360.00      -20.00
03962             400.00      -20.00
03963             400.00      -16.00
03964             400.00      -20.00
03965             400.00      -20.00
03966             400.00      -16.00
03967             360.00      -12.00
03968             280.00      -20.00
03969             160.00      -20.00
03970              40.00      -20.00
03971            -120.00      -16.00
03972            -200.00      -16.00
03973            -320.00      -24.00
03974            -360.00      -20.00
03975            -400.00      -16.00
03976            -400.00      -20.00
03977            -400.00      -16.00
03978            -320.00      -20.00
03979            -280.00      -16.00
03980            -160.00      -16.00
03981             -80.00      -20.00
03982               0.00      -16.00
03983              40.00      -20.00
03984             120.00      -24.00
03985             160.00      -20.00
03986             120.00      -20.00
03987             160.00      -20.00
03988             160.00      -20.00
03989             160.00      -16.00
03990             160.00      -16.00
03991             120.00      -20.00
03992             120.00      -20.00
03993             160.00      -20.00
03994             160.00      -16.00
03995             200.00      -20.00
03996             240.00      -16.00
03997             280.00      -16.00
03998             360.00      -20.00
03999             440.00      -16.00
04000             520.00      -16.00
04001             600.00      -12.00
04002             640.00      -20.00
04003             720.00      -20.00
04004             760.00      -12.00
04005             800.00      -20.00
04006             760.00      -20.00
04007             760.00      -16.00
04008             680.00      -20.00
04009             600.00      -16.00
04010             480.00      -16.00
04011            -600.00      500.00
04012            -720.00      500.00
04013            -720.00      -28.00
04014            -760.00      -36.00
04015            -800.00      -36.00
04016            -840.00      -36.00
04017            -840.00      -36.00
04018            -840.00      -32.00
04019            -800.00      -36.00
04020            -760.00      -32.00
04021            -720.00      -36.00
04022            -640.00      -40.00
04023            -600.00      -32.00
04024            -520.00      -32.00
04025            -480.00      -32.00
04026            -400.00      -28.00
04027            -320.00      -28.00
04028            -240.00      -28.00
04029            -160.00      -28.00
04030            -120.00      -24.00
04031             -40.00      -32.00
04032              80.00      -32.00
04033             120.00      -32.00
04034             240.00      -36.00
04035             360.00      -28.00
04036             400.00      -32.00
04037             480.00      -28.00
04038             520.00      -28.00
04039             600.00      -28.00
04040             600.00      -24.00
04041             640.00      -24.00
04042             600.00      -28.00
04043             600.00      -28.00
04044             600.00      -24.00
04045             560.00      -28.00
04046             480.00      -28.00
04047             400.00      -24.00
04048             280.00      -20.00
04049             160.00      -20.00
04050              40.00      -28.00
04051             -80.00      -24.00
04052            -200.00      -24.00
04053            -360.00      -28.00
04054            -440.00      -28.00
04055            -560.00      -24.00
04056            -640.00      -24.00
04057            -720.00      -20.00
04058            -760.00      -24.00
04059            -840.00      -24.00
04060            -840.00      -20.00
04061            -880.00      -24.00
04062            -880.00      -20.00
04063            -920.00      -20.00
04064            -920.00      -24.00
04065            -960.00      -20.00
04066            -920.00      -16.00
04067            -920.00      -24.00
04068            -920.00      -20.00
04069            -920.00      -20.00
04070            -880.00      -20.00
04071            -840.00      -24.00
04072            -720.00      -20.00
04073            -600.00      -20.00
04074            -440.00      -20.00
04075            -280.00      -20.00
04076             -80.00      -20.00
04077             120.00      -24.00
04078             320.00      -20.00
04079             520.00      -20.00
04080             680.00      -16.00
04081             880.00      -20.00
04082             960.00      -20.00
04083            1080.00      -24.00
04084            1160.00      -16.00
04085            1240.00      -16.00
04086            1240.00      -16.00
04087            1240.00      -20.00
04088            1200.00      -20.00
04089            1120.00      -20.00
04090            1080.00      -20.00
04091             960.00      -20.00
04092             880.00      -24.00
04093             720.00      -20.00
04094             640.00      -20.00
04095             520.00      -20.00
04096             440.00      -20.00
04097             360.00      -16.00
04098             280.00      -20.00
04099             240.00      -16.00
04100             200.00      -16.00
04101             120.00      -20.00
04102              80.00      -24.00
04103              40.00      -12.00
04104             -40.00      -16.00
04105             -80.00      -16.00
04106            -160.00      -20.00
04107            -280.00      -20.00
04108            -400.00      -16.00
04109            -520.00      -16.00
04110            -640.00      -12.00
04111            -720.00      -16.00
04112            -760.00      -20.00
04113            -800.00      -12.00
04114            -840.00      -20.00
04115            -800.00      -16.00
04116            -800.00      -20.00
04117            -720.00      -16.00
04118            -640.00      -20.00
04119            -480.00      -16.00
04120            -360.00      -12.00
04121            -120.00      -16.00
04122              40.00      -16.00
04123             160.00      -24.00
04124             320.00      -12.00
04125             400.00      -20.00
04126             400.00      -16.00
04127             480.00      -20.00
04128             440.00      -12.00
04129             440.00      -16.00
04130             440.00      -20.00
04131             400.00      -20.00
04132             360.00      -20.00
04133             320.00      -16.00
04134             240.00      -16.00
04135             160.00      -16.00
04136              80.00      -16.00
04137               0.00      -16.00
04138             -40.00      -20.00
04139             -80.00      -16.00
04140            -120.00      -20.00
04141             -80.00      -20.00
04142             -80.00      -16.00
04143             -80.00      -12.00
04144             -80.00      -16.00
04145             -80.00      -16.00
04146            -120.00      -20.00
04147            -200.00      -12.00
04148            -240.00      -20.00
04149            -280.00      -20.00
04150            -360.00      -16.00
04151            -400.00      -12.00
04152            -440.00      -16.00
04153            -440.00      -16.00
04154            -440.00      -20.00
04155            -440.00      -16.00
04156            -440.00      -12.00
04157            -400.00      -20.00
04158            -360.00      -16.00
04159            -280.00      -16.00
04160            -200.00      -16.00
04161             -40.00      -16.00
04162             120.00      -12.00
04163             320.00      -20.00
04164             480.00      -16.00
04165             640.00      -20.00
04166             760.00      -20.00
04167             840.00      -12.00
04168             880.00      -20.00
04169             920.00      -16.00
04170            1000.00      -16.00
04171            1000.00      -16.00
04172            1000.00      -12.00
04173            1000.00      -16.00
04174             920.00      -16.00
04175             840.00      -16.00
04176             760.00      -20.00
04177             640.00      -16.00
04178             520.00      -16.00
04179             440.00      -12.00
04180             360.00       -8.00
04181             240.00      -12.00
04182             200.00      -12.00
04183             160.00      -16.00
04184             160.00      -16.00
04185             160.00      -12.00
04186             160.00      -12.00
04187             160.00      -16.00
04188             160.00      -12.00
04189             120.00      -12.00
04190              40.00       -8.00
04191               0.00      -16.00
04192            -120.00      -12.00
04193            -160.00      -16.00
04194            -280.00      -12.00
04195            -360.00      -16.00
04196            -440.00      -12.00
04197            -520.00      -16.00
04198            -600.00      -12.00
04199            -680.00      -12.00
04200            -720.00      -12.00
04201            -720.00      -16.00
04202            -720.00      -20.00
04203            -640.00      -16.00
04204            -520.00      -16.00
04205            -400.00      -16.00
04206            -200.00      -16.00
04207             -40.00      -20.00
04208              80.00      -12.00
04209             200.00      -12.00
04210             320.00      -12.00
04211             400.00      -16.00
04212             400.00      -16.00
04213             400.00      -12.00
04214             400.00      -12.00
04215             400.00      -16.00
04216             400.00       -8.00
04217             360.00      -16.00
04218             320.00      -12.00
04219             200.00      -12.00
04220              80.00      -16.00
04221             -80.00      -16.00
04222            -200.00      -16.00
04223            -280.00      -12.00
04224            -360.00      -12.00
04225            -400.00      -12.00
04226            -360.00      -16.00
04227            -400.00      -12.00
04228            -360.00      -12.00
04229            -280.00      -16.00
04230            -200.00      -12.00
04231             -80.00      -16.00
04232               0.00      -12.00
04233              80.00      -12.00
04234              80.00      -12.00
04235             120.00      -12.00
04236             160.00       -8.00
04237             160.00      -12.00
04238             160.00      -12.00
04239             160.00      -12.00
04240             160.00      -12.00
04241             120.00      -16.00
04242             160.00      -16.00
04243             120.00      -16.00
04244             160.00      -12.00
04245             200.00      -12.00
04246             240.00      -12.00
04247             280.00      -12.00
04248             360.00      -12.00
04249             400.00      -24.00
04250             520.00      -12.00
04251             560.00      -16.00
04252             680.00      -16.00
04253             720.00        0.00
04254             760.00      -16.00
04255             800.00      -12.00
04256             800.00      -12.00
04257             760.00      -16.00
04258             680.00      -12.00
04259             640.00      -20.00
04260             480.00      -20.00
04261            -640.00      500.00
04262            -720.00      500.00
04263            -760.00      -24.00
04264            -800.00      -32.00
04265            -840.00      -36.00
04266            -840.00      -32.00
04267            -840.00      -32.00
04268            -800.00      -36.00
04269            -800.00      -36.00
04270            -760.00      -24.00
04271            -720.00      -28.00
04272            -680.00      -32.00
04273            -600.00      -32.00
04274            -520.00      -32.00
04275            -480.00      -24.00
04276            -400.00      -28.00
04277            -320.00      -28.00
04278            -240.00      -28.00
04279            -160.00      -28.00
04280             -80.00      -28.00
04281             -80.00      -28.00
04282              40.00      -32.00
04283             120.00      -28.00
04284             240.00      -24.00
04285             320.00      -24.00
04286             400.00      -28.00
04287             480.00      -20.00
04288             520.00      -28.00
04289             600.00      -28.00
04290             640.00      -24.00
04291             640.00      -24.00
04292             600.00      -32.00
04293             600.00      -24.00
04294             600.00      -24.00
04295             560.00      -24.00
04296             480.00      -24.00
04297             400.00      -24.00
04298             280.00      -24.00
04299             200.00      -24.00
04300              80.00      -24.00
04301             -80.00      -24.00
04302            -200.00      -32.00
04303            -360.00      -20.00
04304            -440.00      -24.00
04305            -560.00      -24.00
04306            -640.00      -24.00
04307            -720.00      -20.00
04308            -760.00      -20.00
04309            -800.00      -20.00
04310            -840.00      -20.00
04311            -880.00      -20.00
04312            -880.00      -20.00
04313            -880.00      -20.00
04314            -920.00      -20.00
04315            -920.00      -20.00
04316            -960.00      -20.00
04317            -960.00      -24.00
04318            -920.00      -24.00
04319            -920.00      -20.00
04320            -880.00      -24.00
04321            -880.00      -24.00
04322            -760.00      -20.00
04323            -600.00      -16.00
04324            -520.00      -24.00
04325            -280.00      -24.00
04326             -80.00      -24.00
04327             120.00      -28.00
04328             320.00      -20.00
04329             560.00      -20.00
04330             680.00      -24.00
04331             840.00      -20.00
04332             960.00      -20.00
04333            1080.00      -20.00
04334            1160.00      -20.00
04335            1200.00      -20.00
04336            1240.00      -20.00
04337            1240.00      -16.00
04338            1200.00      -20.00
04339            1160.00      -24.00
04340            1040.00      -20.00
04341             960.00      -16.00
04342             840.00      -20.00
04343             720.00      -16.00
04344             640.00      -24.00
04345             520.00      -24.00
04346             440.00      -20.00
04347             360.00      -20.00
04348             280.00      -20.00
04349             240.00      -16.00
04350             160.00      -20.00
04351             120.00      -16.00
04352              80.00      -24.00
04353              40.00      -20.00
04354               0.00      -20.00
04355            -120.00      -20.00
04356            -160.00      -24.00
04357            -320.00      -20.00
04358            -400.00      -20.00
04359            -520.00      -20.00
04360            -640.00      -20.00
04361            -720.00      -16.00
04362            -760.00      -24.00
04363            -800.00      -20.00
04364            -800.00      -16.00
04365            -840.00      -20.00
04366            -840.00      -20.00
04367            -720.00      -16.00
04368            -640.00      -24.00
04369            -480.00      -12.00
04370            -320.00      -20.00
04371            -120.00      -20.00
04372              40.00      -20.00
04373             160.00      -20.00
04374             280.00      -20.00
04375             360.00      -20.00
04376             400.00      -20.00
04377             440.00      -20.00
04378             440.00      -20.00
04379             440.00      -20.00
04380             440.00      -16.00
04381             400.00      -20.00
04382             360.00      -20.00
04383             320.00      -20.00
04384             240.00      -20.00
04385             160.00      -16.00
04386             120.00      -16.00
04387               0.00      -16.00
04388             -80.00      -16.00
04389            -120.00      -20.00
04390             -80.00      -20.00
04391             -80.00      -20.00
04392             -80.00      -16.00
04393            -120.00      -20.00
04394             -80.00      -20.00
04395             -80.00      -24.00
04396            -120.00      -20.00
04397            -200.00      -16.00
04398            -240.00      -16.00
04399            -280.00      -16.00
04400            -360.00      -20.00
04401            -400.00      -16.00
04402            -440.00      -16.00
04403            -440.00      -16.00
04404            -480.00      -20.00
04405            -480.00      -16.00
04406            -440.00      -20.00
04407            -400.00      -16.00
04408            -360.00      -16.00
04409            -280.00      -16.00
04410            -200.00      -16.00
04411             -80.00      -20.00
04412             160.00      -16.00
04413             280.00      -16.00
04414             480.00      -16.00
04415             640.00      -16.00
04416             760.00      -20.00
04417             880.00      -16.00
04418             920.00      -16.00
04419             960.00      -20.00
04420            1000.00      -20.00
04421            1000.00      -16.00
04422            1000.00      -16.00
04423            1000.00      -16.00
04424             920.00      -16.00
04425             880.00      -20.00
04426             720.00      -16.00
04427             640.00      -16.00
04428             560.00      -16.00
04429             440.00      -16.00
04430             320.00      -16.00
04431             240.00      -16.00
04432             200.00      -16.00
04433             200.00      -20.00
04434             160.00      -20.00
04435             160.00      -16.00
04436             160.00      -16.00
04437             200.00      -20.00
04438             120.00      -16.00
04439              80.00      -16.00
04440              40.00      -20.00
04441               0.00      -20.00
04442            -120.00      -20.00
04443            -160.00      -20.00
04444            -280.00      -16.00
04445            -360.00       -8.00
04446            -480.00      -16.00
04447            -520.00      -16.00
04448            -600.00      -16.00
04449            -680.00      -16.00
04450            -720.00      -20.00
04451            -720.00      -16.00
04452            -720.00      -24.00
04453            -640.00      -20.00
04454            -520.00      -16.00
04455            -400.00      -12.00
04456            -200.00      -16.00
04457             -80.00      -20.00
04458              80.00      -20.00
04459             200.00      -16.00
04460             280.00      -20.00
04461             360.00      -20.00
04462             440.00      -16.00
04463             400.00      -12.00
04464             400.00      -16.00
04465             400.00      -16.00
04466             360.00      -20.00
04467             360.00      -24.00
04468             280.00      -20.00
04469             160.00      -16.00
04470              40.00      -12.00
04471             -80.00      -16.00
04472            -240.00      -20.00
04473            -320.00      -16.00
04474            -360.00      -20.00
04475            -360.00      -20.00
04476            -400.00      -16.00
04477            -400.00      -16.00
04478            -320.00      -20.00
04479            -280.00      -24.00
04480            -200.00      -20.00
04481             -80.00      -20.00
04482               0.00      -16.00
04483              40.00      -16.00
04484             120.00      -16.00
04485             120.00      -16.00
04486             160.00      -24.00
04487             160.00      -16.00
04488             160.00      -16.00
04489             160.00      -16.00
04490             120.00      -20.00
04491             160.00      -20.00
04492             120.00      -12.00
04493             120.00      -16.00
04494             160.00      -20.00
04495             160.00      -20.00
04496             240.00      -12.00
04497             280.00      -16.00
04498             360.00      -12.00
04499             440.00      -16.00
04500             520.00      -16.00
04501             640.00      -16.00
04502             680.00      -20.00
04503             720.00      -12.00
04504             800.00      -20.00
04505             760.00      -16.00
04506             800.00      -16.00
04507             720.00      -16.00
04508             680.00      -16.00
04509             600.00      -20.00
04510             480.00      -12.00
04511            -600.00      500.00
04512            -720.00      500.00
04513            -720.00      -28.00
04514            -800.00      -36.00
04515            -800.00      -44.00
04516            -840.00      -36.00
04517            -880.00      -36.00
04518            -800.00      -36.00
04519            -800.00      -28.00
04520            -760.00      -32.00
04521            -720.00      -32.00
04522            -680.00      -28.00
04523            -600.00      -32.00
04524            -520.00      -32.00
04525            -480.00      -24.00
04526            -400.00      -28.00
04527            -360.00      -24.00
04528            -240.00      -28.00
04529            -200.00      -32.00
04530            -120.00      -24.00
04531             -80.00      -24.00
04532              40.00      -20.00
04533             160.00      -32.00
04534             240.00      -24.00
04535             320.00      -28.00
04536             400.00      -24.00
04537             520.00      -24.00
04538             520.00      -24.00
04539             560.00      -24.00
04540             640.00      -20.00
04541             640.00      -24.00
04542             640.00      -20.00
04543             600.00      -20.00
04544             560.00      -24.00
04545             520.00      -24.00
04546             440.00      -20.00
04547             360.00      -24.00
04548             280.00      -16.00
04549             160.00      -20.00
04550              40.00      -16.00
04551             -80.00      -20.00
04552            -160.00      -20.00
04553            -320.00      -16.00
04554            -440.00      -20.00
04555            -560.00      -16.00
04556            -680.00      -24.00
04557            -720.00      -24.00
04558            -760.00      -16.00
04559            -800.00      -16.00
04560            -880.00      -16.00
04561            -880.00      -20.00
04562            -880.00      -24.00
04563            -920.00      -20.00
04564            -920.00      -12.00
04565            -920.00      -16.00
04566            -960.00      -16.00
04567            -960.00      -20.00
04568            -960.00      -16.00
04569            -880.00      -16.00
04570            -920.00      -16.00
04571            -840.00      -16.00
04572            -720.00      -16.00
04573            -600.00      -16.00
04574            -440.00      -16.00
04575            -280.00      -20.00
04576             -40.00      -16.00
04577             120.00      -20.00
04578             280.00      -16.00
04579             520.00      -20.00
04580             680.00      -16.00
04581             880.00      -16.00
04582            1000.00      -20.00
04583            1120.00      -16.00
04584            1200.00      -16.00
04585            1200.00      -16.00
04586            1240.00      -16.00
04587            1240.00      -16.00
04588            1200.00      -20.00
04589            1120.00      -16.00
04590            1080.00      -16.00
04591             960.00      -20.00
04592             840.00      -16.00
04593             760.00      -12.00
04594             600.00      -16.00
04595             520.00      -16.00
04596             440.00      -16.00
04597             360.00       -8.00
04598             320.00      -16.00
04599             240.00      -20.00
04600             200.00      -20.00
04601             160.00      -16.00
04602              80.00      -16.00
04603              40.00      -20.00
04604             -40.00      -20.00
04605             -80.00      -12.00
04606            -200.00      -16.00
04607            -320.00      -12.00
04608            -400.00       -8.00
04609            -480.00      -16.00
04610            -600.00      -12.00
04611            -720.00      -16.00
04612            -760.00      -12.00
04613            -800.00      -12.00
04614            -840.00      -20.00
04615            -840.00      -20.00
04616            -800.00      -12.00
04617            -720.00      -12.00
04618            -640.00      -12.00
04619            -520.00      -20.00
04620            -360.00      -12.00
04621            -120.00      -12.00
04622              40.00      -16.00
04623             160.00      -16.00
04624             320.00      -16.00
04625             360.00      -16.00
04626             440.00      -16.00
04627             440.00      -16.00
04628             440.00      -16.00
04629             480.00      -16.00
04630             440.00      -16.00
04631             400.00      -12.00
04632             360.00      -16.00
04633             360.00      -20.00
04634             240.00       -8.00
04635             160.00      -12.00
04636              80.00      -20.00
04637              40.00      -16.00
04638             -40.00      -20.00
04639             -80.00      -12.00
04640             -80.00      -20.00
04641             -80.00      -16.00
04642             -80.00      -12.00
04643             -80.00      -16.00
04644             -80.00      -12.00
04645             -80.00      -16.00
04646            -120.00      -16.00
04647            -160.00      -16.00
04648            -240.00      -20.00
04649            -280.00      -12.00
04650            -360.00      -20.00
04651            -360.00      -16.00
04652            -400.00      -20.00
04653            -440.00      -12.00
04654            -440.00      -24.00
04655            -440.00      -16.00
04656            -440.00      -16.00
04657            -400.00      -20.00
04658            -360.00      -20.00
04659            -280.00      -16.00
04660            -160.00      -16.00
04661             -80.00      -12.00
04662             120.00      -16.00
04663             280.00      -12.00
04664             480.00      -16.00
04665             640.00      -16.00
04666             760.00      -16.00
04667             840.00      -20.00
04668             920.00      -16.00
04669             960.00      -16.00
04670            1000.00      -20.00
04671            1000.00      -20.00
04672            1040.00      -20.00
04673             960.00      -20.00
04674             920.00      -16.00
04675             840.00      -16.00
04676             760.00      -20.00
04677             640.00      -24.00
04678             560.00      -28.00
04679             440.00      -24.00
04680             320.00      -12.00
04681             240.00      -16.00
04682             200.00      -16.00
04683             160.00      -16.00
04684             160.00      -24.00
04685             160.00      -16.00
04686             160.00      -16.00
04687             160.00      -20.00
04688             160.00      -16.00
04689             120.00      -20.00
04690              40.00      -20.00
04691               0.00      -16.00
04692             -80.00      -16.00
04693            -200.00      -16.00
04694            -280.00      -16.00
04695            -360.00      -16.00
04696            -480.00      -24.00
04697            -520.00      -20.00
04698            -560.00      -12.00
04699            -680.00      -20.00
04700            -720.00      -16.00
04701            -720.00      -16.00
04702            -680.00      -20.00
04703            -600.00      -20.00
04704            -520.00      -20.00
04705            -400.00      -24.00
04706            -200.00      -20.00
04707             -80.00      -20.00
04708              80.00      -16.00
04709             200.00      -20.00
04710             320.00      -12.00
04711             360.00      -12.00
04712             400.00      -20.00
04713             440.00      -16.00
04714             400.00      -20.00
04715             400.00      -20.00
04716             400.00      -12.00
04717             360.00      -16.00
04718             280.00      -20.00
04719             200.00      -20.00
04720              40.00      -12.00
04721             -80.00      -20.00
04722            -200.00      -20.00
04723            -320.00      -16.00
04724            -360.00      -16.00
04725            -400.00      -20.00
04726            -400.00      -16.00
04727            -360.00      -20.00
04728            -320.00      -20.00
04729            -280.00      -16.00
04730            -160.00      -20.00
04731             -80.00      -20.00
04732              40.00      -16.00
04733              40.00      -20.00
04734             120.00      -20.00
04735             120.00      -20.00
04736             160.00      -20.00
04737             160.00      -20.00
04738             160.00      -20.00
04739             160.00      -16.00
04740             160.00      -16.00
04741             160.00      -16.00
04742             120.00      -16.00
04743             160.00      -16.00
04744             120.00      -20.00
04745             160.00      -16.00
04746             240.00      -20.00
04747             320.00      -20.00
04748             360.00      -16.00
04749             440.00      -12.00
04750             520.00      -16.00
04751             600.00      -24.00
04752             720.00      -20.00
04753             720.00      -24.00
04754             800.00      -16.00
04755             800.00      -16.00
04756             800.00      -16.00
04757             760.00      -20.00
04758             680.00      -20.00
04759             600.00      -20.00
04760             520.00      -20.00
04761            -640.00      500.00
04762            -680.00      500.00
04763            -760.00      -28.00
04764            -800.00      -40.00
04765            -800.00      -44.00
04766            -840.00      -36.00
04767            -840.00      -36.00
04768            -880.00      -32.00
04769            -800.00      -36.00
04770            -760.00      -36.00
04771            -720.00      -32.00
04772            -640.00      -32.00
04773            -600.00      -32.00
04774            -560.00      -32.00
04775            -480.00      -28.00
04776            -400.00      -32.00
04777            -360.00      -28.00
04778            -240.00      -28.00
04779            -160.00      -36.00
04780             -80.00      -28.00
04781             -40.00      -36.00
04782              40.00      -28.00
04783             160.00      -32.00
04784             240.00      -32.00
04785             320.00      -28.00
04786             440.00      -24.00
04787             480.00      -20.00
04788             560.00      -28.00
04789             600.00      -24.00
04790             640.00      -28.00
04791             640.00      -20.00
04792             600.00      -24.00
04793             600.00      -28.00
04794             560.00      -24.00
04795             560.00      -24.00
04796             480.00      -28.00
04797             400.00      -24.00
04798             320.00      -24.00
04799             160.00      -24.00
04800              80.00      -24.00
04801             -80.00      -24.00
04802            -240.00      -24.00
04803            -360.00      -28.00
04804            -440.00      -20.00
04805            -560.00      -20.00
04806            -640.00      -16.00
04807            -720.00      -24.00
04808            -760.00      -20.00
04809            -800.00      -20.00
04810            -840.00      -20.00
04811            -880.00      -20.00
04812            -880.00      -20.00
04813            -920.00      -24.00
04814            -920.00      -24.00
04815            -920.00      -20.00
04816            -920.00      -20.00
04817            -960.00      -20.00
04818            -920.00      -20.00
04819            -920.00      -20.00
04820            -880.00      -20.00
04821            -840.00      -20.00
04822            -720.00      -20.00
04823            -640.00      -16.00
04824            -480.00      -16.00
04825            -280.00      -20.00
04826             -80.00      -16.00
04827             160.00      -24.00
04828             320.00      -20.00
04829             520.00      -24.00
04830             680.00      -16.00
04831             800.00      -20.00
04832            1000.00      -24.00
04833            1080.00      -24.00
04834            1160.00      -16.00
04835            1200.00      -16.00
04836            1240.00      -20.00
04837            1240.00      -24.00
04838            1200.00      -16.00
04839            1120.00      -20.00
04840            1040.00      -20.00
04841             960.00      -20.00
04842             840.00      -20.00
04843             720.00      -20.00
04844             600.00      -16.00
04845             560.00      -20.00
04846             440.00      -24.00
04847             360.00      -20.00
04848             320.00       -4.00
04849             240.00      -20.00
04850             200.00      -16.00
04851             120.00      -16.00
04852             120.00      -16.00
04853              40.00      -20.00
04854             -40.00      -24.00
04855             -80.00      -20.00
04856            -200.00      -20.00
04857            -320.00      -20.00
04858            -400.00      -20.00
04859            -520.00      -20.00
04860            -600.00      -12.00
04861            -720.00      -20.00
04862            -800.00      -28.00
04863            -800.00      -16.00
04864            -800.00      -16.00
04865            -840.00      -20.00
04866            -800.00      -20.00
04867            -720.00      -20.00
04868            -600.00      -16.00
04869            -480.00      -20.00
04870            -280.00      -16.00
04871            -120.00      -16.00
04872              40.00      -16.00
04873             160.00      -16.00
04874             280.00      -20.00
04875             360.00      -16.00
04876             400.00      -16.00
04877             440.00      -16.00
04878             480.00      -16.00
04879             440.00      -16.00
04880             440.00      -20.00
04881             400.00      -16.00
04882             360.00      -16.00
04883             280.00      -20.00
04884             240.00      -24.00
04885             160.00      -16.00
04886              80.00      -12.00
04887              40.00      -16.00
04888             -80.00      -16.00
04889             -80.00      -16.00
04890            -120.00      -24.00
04891            -120.00      -20.00
04892             -80.00      -16.00
04893             -80.00      -20.00
04894             -40.00      -16.00
04895             -80.00      -16.00
04896            -120.00      -20.00
04897            -160.00      -20.00
04898            -240.00      -16.00
04899            -280.00      -20.00
04900            -320.00      -16.00
04901            -400.00      -16.00
04902            -400.00      -16.00
04903            -480.00      -20.00
04904            -440.00      -24.00
04905            -440.00      -16.00
04906            -400.00      -20.00
04907            -400.00      -12.00
04908            -360.00      -12.00
04909            -280.00      -20.00
04910            -200.00      -16.00
04911             -80.00      -16.00
04912             160.00      -16.00
04913             280.00      -20.00
04914             480.00      -16.00
04915             640.00      -12.00
04916             720.00      -12.00
04917             840.00      -16.00
04918             920.00      -16.00
04919             960.00      -16.00
04920            1000.00      -16.00
04921            1000.00      -20.00
04922            1000.00      -20.00
04923            1000.00      -16.00
04924             920.00      -12.00
04925             840.00      -20.00
04926             720.00      -16.00
04927             680.00      -20.00
04928             520.00      -16.00
04929             440.00       -8.00
04930             360.00      -16.00
04931             240.00      -20.00
04932             200.00      -16.00
04933             160.00      -20.00
04934             120.00      -12.00
04935             160.00      -12.00
04936             160.00      -12.00
04937             160.00      -12.00
04938             160.00      -12.00
04939              80.00      -16.00
04940              80.00      -16.00
04941               0.00      -16.00
04942            -120.00      -16.00
04943            -200.00      -20.00
04944            -320.00      -12.00
04945            -360.00      -16.00
04946            -440.00      -16.00
04947            -560.00      -16.00
04948            -600.00      -16.00
04949            -640.00      -12.00
04950            -720.00      -16.00
04951            -720.00      -16.00
04952            -720.00      -20.00
04953            -640.00      -12.00
04954            -520.00      -16.00
04955            -400.00      -12.00
04956            -240.00       -8.00
04957             -80.00      -16.00
04958              80.00      -20.00
04959             200.00      -12.00
04960             320.00      -12.00
04961             360.00      -16.00
04962             400.00      -16.00
04963             400.00       -8.00
04964             400.00      -16.00
04965             400.00      -12.00
04966             360.00      -12.00
04967             320.00      -12.00
04968             280.00      -16.00
04969             200.00      -16.00
04970              40.00      -16.00
04971             -80.00      -16.00
04972            -240.00      -12.00
04973            -280.00      -20.00
04974            -360.00       -4.00
04975            -400.00       -8.00
04976            -400.00      -12.00
04977            -360.00      -12.00
04978            -360.00       -8.00
04979            -280.00      -20.00
04980            -200.00      -12.00
04981             -80.00      -12.00
04982               0.00      -16.00
04983              40.00      -16.00
04984             120.00      -12.00
04985             120.00      -12.00
04986             160.00      -12.00
04987             160.00      -12.00
04988             200.00      -12.00
04989             160.00      -16.00
04990             160.00      -16.00
04991             120.00      -16.00
04992             120.00      -16.00
04993             120.00      -12.00
04994             120.00      -16.00
04995             200.00      -12.00
04996             240.00      -20.00
04997             280.00      -16.00
04998             360.00      -12.00
04999             440.00      -12.00
05000             520.00      -12.00
