Unit:(mV)
                     CH1         CH2
Frequency              ?   1.220 kHz
Period                 ?  819.672 us
00001             -80.00      -16.00
00002             -80.00      -16.00
00003            -120.00      -16.00
00004            -120.00      -16.00
00005            -120.00      -16.00
00006            -120.00      -16.00
00007            -120.00      -12.00
00008            -120.00      -12.00
00009            -160.00      -16.00
00010            -120.00      -12.00
00011            -280.00      500.00
00012            -240.00      500.00
00013            -240.00      500.00
00014            -240.00      -32.00
00015            -240.00      -28.00
00016            -240.00      -32.00
00017            -240.00      -32.00
00018            -240.00      -32.00
00019            -240.00      -32.00
00020            -200.00      -28.00
00021            -240.00      -28.00
00022            -240.00      -28.00
00023            -240.00      -28.00
00024            -240.00      -28.00
00025            -240.00      -28.00
00026            -240.00      -24.00
00027            -240.00      -28.00
00028            -160.00      -28.00
00029            -200.00      -28.00
00030            -240.00      -28.00
00031            -200.00      -24.00
00032            -200.00      -28.00
00033            -200.00      -24.00
00034            -200.00      -20.00
00035            -160.00      -24.00
00036            -200.00      -28.00
00037            -160.00      -20.00
00038            -160.00      -24.00
00039            -200.00      -16.00
00040            -160.00      -24.00
00041            -160.00      -24.00
00042            -160.00      -16.00
00043            -160.00      -20.00
00044            -120.00      -20.00
00045            -160.00      -20.00
00046            -160.00      -20.00
00047            -160.00      -20.00
00048            -120.00      -20.00
00049            -160.00      -24.00
00050            -120.00      -20.00
00051            -160.00      -20.00
00052            -120.00      -20.00
00053            -120.00      -16.00
00054            -120.00      -24.00
00055            -120.00      -20.00
00056            -120.00      -20.00
00057            -120.00      -20.00
00058            -120.00      -24.00
00059            -120.00      -16.00
00060            -120.00      -20.00
00061            -120.00      -16.00
00062             -80.00      -12.00
00063             -80.00      -16.00
00064             -80.00      -16.00
00065             -80.00      -20.00
00066             -80.00      -20.00
00067             -80.00      -20.00
00068             -80.00      -16.00
00069             -80.00      -16.00
00070             -80.00      -16.00
00071             -80.00      -20.00
00072             -80.00      -16.00
00073             -80.00      -16.00
00074             -40.00      -16.00
00075             -40.00      -16.00
00076             -40.00      -20.00
00077             -40.00      -20.00
00078             -40.00      -20.00
00079             -80.00      -16.00
00080             -40.00      -16.00
00081             -40.00      -12.00
00082             -40.00      -20.00
00083             -40.00      -16.00
00084             -40.00      -16.00
00085             -40.00      -20.00
00086             -40.00      -16.00
00087             -40.00      -20.00
00088               0.00      -20.00
00089               0.00      -20.00
00090               0.00      -16.00
00091              40.00      -20.00
00092             -40.00      -16.00
00093               0.00      -16.00
00094             -40.00      -20.00
00095               0.00      -24.00
00096               0.00      -20.00
00097               0.00      -16.00
00098               0.00      -16.00
00099               0.00      -16.00
00100               0.00      -16.00
00101              40.00      -16.00
00102              40.00      -12.00
00103              40.00      -16.00
00104              40.00      -16.00
00105              40.00      -20.00
00106              40.00      -24.00
00107              40.00      -20.00
00108              40.00      -16.00
00109              40.00      -16.00
00110              40.00      -12.00
00111              40.00      -12.00
00112              80.00      -12.00
00113              40.00      -20.00
00114              40.00      -12.00
00115              80.00      -16.00
00116              80.00      -16.00
00117              40.00      -16.00
00118              80.00      -24.00
00119              80.00      -16.00
00120              80.00      -16.00
00121              80.00      -16.00
00122              80.00      -16.00
00123              80.00      -24.00
00124              80.00      -16.00
00125             120.00      -16.00
00126              80.00      -24.00
00127              80.00      -20.00
00128             120.00      -12.00
00129             120.00      -16.00
00130             120.00      -12.00
00131             120.00      -16.00
00132             120.00       -8.00
00133             120.00      -16.00
00134             120.00      -20.00
00135             120.00      -24.00
00136             120.00      -12.00
00137             120.00      -16.00
00138             120.00      -20.00
00139             160.00      -20.00
00140             160.00      -16.00
00141             120.00      -16.00
00142             120.00      -24.00
00143             160.00      -20.00
00144             120.00      -12.00
00145             120.00      -20.00
00146             120.00      -24.00
00147             160.00      -20.00
00148             160.00      -20.00
00149             160.00      -16.00
00150             160.00      -20.00
00151             160.00      -20.00
00152             160.00      -16.00
00153             160.00      -16.00
00154             160.00      -20.00
00155             160.00      -20.00
00156             160.00      -24.00
00157             160.00      -20.00
00158             160.00      -24.00
00159             160.00      -16.00
00160             160.00      -16.00
00161             200.00      -16.00
00162             160.00      -24.00
00163             200.00      -24.00
00164             200.00      -20.00
00165             200.00      -20.00
00166             200.00      -24.00
00167             160.00      -16.00
00168             160.00      -20.00
00169             200.00      -20.00
00170             200.00      -16.00
00171             200.00      -24.00
00172             200.00      -16.00
00173             200.00      -16.00
00174             160.00      -16.00
00175             200.00      -20.00
00176             200.00      -16.00
00177             200.00      -20.00
00178             160.00      -16.00
00179             160.00      -24.00
00180             200.00      -16.00
00181             200.00      -16.00
00182             200.00      -20.00
00183             200.00      -20.00
00184             200.00      -16.00
00185             200.00      -20.00
00186             200.00      -16.00
00187             200.00      -20.00
00188             160.00      -20.00
00189             200.00      -20.00
00190             200.00      -20.00
00191             200.00      -20.00
00192             160.00      -24.00
00193             160.00      -20.00
00194             160.00      -20.00
00195             200.00      -20.00
00196             200.00      -16.00
00197             200.00      -20.00
00198             160.00      -16.00
00199             160.00      -20.00
00200             200.00      -16.00
00201             160.00      -20.00
00202             160.00      -20.00
00203             160.00      -16.00
00204             160.00      -20.00
00205             160.00      -12.00
00206             160.00      -12.00
00207             160.00      -20.00
00208             160.00      -16.00
00209             160.00      -24.00
00210             160.00      -20.00
00211             160.00      -20.00
00212             120.00      -20.00
00213             160.00      -20.00
00214             120.00      -16.00
00215             120.00      -16.00
00216             120.00      -16.00
00217              80.00      -16.00
00218             160.00      -16.00
00219              80.00      -16.00
00220             120.00      -20.00
00221             120.00      -20.00
00222             120.00      -16.00
00223              80.00      -16.00
00224             120.00      -12.00
00225              80.00      -16.00
00226              80.00      -16.00
00227              80.00      -20.00
00228              80.00      -16.00
00229              80.00      -16.00
00230              40.00      -20.00
00231              80.00      -16.00
00232              40.00      -20.00
00233              40.00      -20.00
00234              40.00      -16.00
00235              40.00      -16.00
00236              40.00      -20.00
00237              40.00      -16.00
00238               0.00      -20.00
00239              40.00      -16.00
00240               0.00      -20.00
00241             -40.00      -16.00
00242               0.00      -20.00
00243             -40.00      -12.00
00244               0.00      -16.00
00245               0.00      -16.00
00246               0.00      -20.00
00247             -40.00      -20.00
00248               0.00      -16.00
00249             -80.00      -20.00
00250             -80.00      -12.00
00251             -80.00      -20.00
00252             -80.00      -20.00
00253             -80.00      -16.00
00254             -80.00      -16.00
00255             -80.00      -16.00
00256            -120.00      -16.00
00257            -120.00      -24.00
00258            -120.00      -20.00
00259            -120.00      -16.00
00260            -160.00      -20.00
00261            -240.00      500.00
00262            -240.00      500.00
00263            -240.00      500.00
00264            -240.00      -40.00
00265            -240.00      -36.00
00266            -240.00      -32.00
00267            -240.00      -36.00
00268            -240.00      -36.00
00269            -240.00      -32.00
00270            -240.00      -32.00
00271            -200.00      -36.00
00272            -240.00      -40.00
00273            -240.00      -28.00
00274            -240.00      -28.00
00275            -200.00      -28.00
00276            -240.00      -28.00
00277            -200.00      -24.00
00278            -200.00      -28.00
00279            -200.00      -28.00
00280            -200.00      -28.00
00281            -200.00      -24.00
00282            -200.00      -32.00
00283            -200.00      -36.00
00284            -200.00      -24.00
00285            -200.00      -32.00
00286            -160.00      -24.00
00287            -160.00      -28.00
00288            -200.00      -28.00
00289            -200.00      -24.00
00290            -160.00      -24.00
00291            -200.00      -24.00
00292            -160.00      -24.00
00293            -160.00      -24.00
00294            -160.00      -24.00
00295            -160.00      -24.00
00296            -160.00      -24.00
00297            -160.00      -20.00
00298            -120.00      -24.00
00299            -120.00      -20.00
00300            -120.00      -24.00
00301            -160.00      -20.00
00302            -120.00      -24.00
00303            -120.00      -28.00
00304            -120.00      -20.00
00305             -80.00      -20.00
00306            -120.00      -20.00
00307             -80.00      -24.00
00308            -120.00      -20.00
00309            -120.00      -24.00
00310             -80.00      -20.00
00311            -120.00      -16.00
00312            -120.00      -28.00
00313             -80.00      -20.00
00314             -80.00      -20.00
00315             -80.00      -20.00
00316             -80.00      -20.00
00317             -80.00      -20.00
00318             -80.00      -24.00
00319             -80.00      -20.00
00320             -40.00      -16.00
00321             -80.00      -24.00
00322             -80.00      -28.00
00323             -40.00      -20.00
00324             -80.00      -28.00
00325             -40.00      -24.00
00326             -80.00      -20.00
00327             -80.00      -12.00
00328             -40.00      -20.00
00329             -40.00      -16.00
00330             -40.00      -12.00
00331             -40.00      -16.00
00332             -40.00      -20.00
00333             -40.00      -16.00
00334             -40.00      -20.00
00335               0.00      -20.00
00336               0.00      -16.00
00337             -40.00      -20.00
00338               0.00      -20.00
00339               0.00      -16.00
00340               0.00      -16.00
00341               0.00      -12.00
00342               0.00      -20.00
00343               0.00      -24.00
00344               0.00      -20.00
00345               0.00      -20.00
00346               0.00      -16.00
00347               0.00      -20.00
00348               0.00      -16.00
00349               0.00      -16.00
00350              40.00      -12.00
00351              40.00      -12.00
00352              40.00      -20.00
00353              40.00      -16.00
00354              40.00      -16.00
00355              40.00      -20.00
00356              80.00      -16.00
00357              40.00      -12.00
00358              40.00      -20.00
00359              40.00      -16.00
00360              80.00       -8.00
00361              40.00      -20.00
00362              40.00      -16.00
00363              40.00      -16.00
00364              80.00      -12.00
00365              80.00      -20.00
00366              80.00      -12.00
00367              80.00      -20.00
00368              80.00      -20.00
00369              80.00      -20.00
00370              80.00      -12.00
00371              80.00      -20.00
00372              80.00      -20.00
00373              80.00      -12.00
00374              80.00      -12.00
00375              80.00      -12.00
00376              80.00      -12.00
00377             120.00      -12.00
00378             120.00      -16.00
00379             120.00      -20.00
00380              80.00      -16.00
00381             120.00      -20.00
00382             120.00      -20.00
00383             120.00      -12.00
00384             120.00      -16.00
00385             120.00      -12.00
00386             160.00      -12.00
00387             120.00      -20.00
00388             120.00      -16.00
00389             120.00      -16.00
00390             120.00      -16.00
00391             120.00       -8.00
00392             160.00      -16.00
00393             120.00      -20.00
00394             160.00      -16.00
00395             160.00      -16.00
00396             120.00      -16.00
00397             160.00      -16.00
00398             160.00      -12.00
00399             160.00      -16.00
00400             160.00      -12.00
00401             160.00      -12.00
00402             160.00      -16.00
00403             160.00      -16.00
00404             160.00      -16.00
00405             120.00      -16.00
00406             160.00      -12.00
00407             200.00      -20.00
00408             160.00      -16.00
00409             200.00      -16.00
00410             160.00      -16.00
00411             200.00      -12.00
00412             160.00      -16.00
00413             200.00      -16.00
00414             160.00      -12.00
00415             200.00       -8.00
00416             160.00      -20.00
00417             200.00      -16.00
00418             200.00      -16.00
00419             160.00      -20.00
00420             200.00      -16.00
00421             200.00      -16.00
00422             200.00      -16.00
00423             200.00      -16.00
00424             200.00      -16.00
00425             200.00      -12.00
00426             200.00      -16.00
00427             200.00      -16.00
00428             200.00      -16.00
00429             200.00      -16.00
00430             200.00      -12.00
00431             200.00      -20.00
00432             200.00      -12.00
00433             200.00      -16.00
00434             200.00      -16.00
00435             200.00      -16.00
00436             200.00      -16.00
00437             200.00      -20.00
00438             200.00      -16.00
00439             200.00      -16.00
00440             200.00      -20.00
00441             200.00      -16.00
00442             200.00      -16.00
00443             200.00       -8.00
00444             200.00      -16.00
00445             200.00      -16.00
00446             200.00      -16.00
00447             200.00      -20.00
00448             160.00      -12.00
00449             160.00      -16.00
00450             200.00      -16.00
00451             200.00      -20.00
00452             160.00      -12.00
00453             200.00      -16.00
00454             200.00      -16.00
00455             160.00      -16.00
00456             160.00      -16.00
00457             160.00      -16.00
00458             160.00      -20.00
00459             160.00      -20.00
00460             160.00      -12.00
00461             160.00      -12.00
00462             160.00      -16.00
00463             160.00      -12.00
00464             120.00      -20.00
00465             160.00      -20.00
00466             120.00      -16.00
00467             120.00      -16.00
00468             120.00      -16.00
00469             120.00      -16.00
00470             120.00      -20.00
00471              80.00       -8.00
00472             120.00      -24.00
00473              80.00      -12.00
00474              80.00      -16.00
00475              80.00      -16.00
00476              80.00      -16.00
00477              80.00      -20.00
00478              80.00      -16.00
00479              80.00      -12.00
00480              80.00      -12.00
00481              40.00      -16.00
00482              40.00      -20.00
00483              80.00      -16.00
00484              40.00      -16.00
00485              40.00      -16.00
00486              40.00      -12.00
00487              40.00      -16.00
00488               0.00      -16.00
00489               0.00      -16.00
00490               0.00      -16.00
00491               0.00      -16.00
00492               0.00      -16.00
00493             -40.00      -16.00
00494             -40.00      -16.00
00495             -40.00      -16.00
00496             -40.00      -12.00
00497               0.00      -16.00
00498             -40.00      -16.00
00499             -40.00      -24.00
00500             -80.00      -12.00
00501             -80.00      -16.00
00502             -80.00      -16.00
00503             -80.00      -20.00
00504             -80.00      -20.00
00505            -120.00      -16.00
00506            -120.00      -16.00
00507            -120.00      -20.00
00508            -120.00      -16.00
00509            -120.00      -16.00
00510            -160.00      -16.00
00511            -240.00      500.00
00512            -240.00      500.00
00513            -280.00      500.00
00514            -280.00      -32.00
00515            -240.00      -36.00
00516            -240.00      -36.00
00517            -240.00      -36.00
00518            -240.00      -44.00
00519            -240.00      -32.00
00520            -240.00      -32.00
00521            -240.00      -40.00
00522            -240.00      -32.00
00523            -200.00      -36.00
00524            -240.00      -36.00
00525            -240.00      -28.00
00526            -240.00      -36.00
00527            -200.00      -36.00
00528            -200.00      -24.00
00529            -200.00      -24.00
00530            -200.00      -32.00
00531            -200.00      -32.00
00532            -200.00      -28.00
00533            -200.00      -32.00
00534            -160.00      -28.00
00535            -160.00      -28.00
00536            -160.00      -28.00
00537            -160.00      -24.00
00538            -200.00      -24.00
00539            -160.00      -28.00
00540            -160.00      -28.00
00541            -160.00      -28.00
00542            -200.00      -24.00
00543            -160.00      -24.00
00544            -160.00      -28.00
00545            -160.00      -16.00
00546            -160.00      -24.00
00547            -120.00      -28.00
00548            -160.00      -28.00
00549            -160.00      -28.00
00550            -120.00      -24.00
00551            -120.00      -28.00
00552            -120.00      -24.00
00553            -120.00      -28.00
00554            -120.00      -28.00
00555            -120.00      -28.00
00556            -120.00      -24.00
00557            -120.00      -20.00
00558            -160.00      -20.00
00559            -120.00      -28.00
00560             -80.00      -24.00
00561            -120.00      -28.00
00562             -80.00      -20.00
00563             -80.00      -20.00
00564             -80.00      -20.00
00565             -80.00      -24.00
00566             -80.00      -24.00
00567            -120.00      -20.00
00568             -80.00      -16.00
00569             -80.00      -24.00
00570             -80.00      -20.00
00571             -40.00      -20.00
00572             -80.00      -24.00
00573             -80.00      -24.00
00574             -40.00      -16.00
00575             -40.00      -20.00
00576             -40.00      -20.00
00577             -80.00      -16.00
00578             -40.00      -24.00
00579             -40.00      -20.00
00580               0.00      -20.00
00581             -40.00      -20.00
00582             -40.00      -24.00
00583             -40.00      -16.00
00584             -40.00      -24.00
00585             -40.00      -20.00
00586               0.00      -24.00
00587               0.00      -20.00
00588             -40.00      -16.00
00589             -40.00      -20.00
00590             -40.00      -24.00
00591               0.00      -20.00
00592               0.00      -20.00
00593               0.00      -20.00
00594               0.00      -20.00
00595               0.00      -20.00
00596               0.00      -24.00
00597               0.00      -20.00
00598               0.00      -28.00
00599               0.00      -24.00
00600               0.00      -20.00
00601              40.00      -20.00
00602              40.00      -20.00
00603              40.00      -16.00
00604              40.00      -16.00
00605              40.00      -20.00
00606              40.00      -20.00
00607              40.00      -16.00
00608              40.00      -20.00
00609              40.00      -20.00
00610              40.00      -28.00
00611              40.00      -20.00
00612              40.00      -20.00
00613              40.00      -16.00
00614              80.00      -16.00
00615              40.00      -16.00
00616              80.00      -20.00
00617              40.00      -12.00
00618              80.00      -20.00
00619              80.00      -20.00
00620              80.00      -16.00
00621              80.00      -20.00
00622              80.00      -20.00
00623              80.00      -20.00
00624              80.00      -20.00
00625              80.00      -16.00
00626              80.00      -20.00
00627              80.00      -20.00
00628              80.00      -20.00
00629              80.00      -24.00
00630             120.00      -24.00
00631             120.00      -16.00
00632             120.00      -20.00
00633             120.00      -16.00
00634             120.00      -12.00
00635              80.00      -12.00
00636             120.00      -24.00
00637             120.00      -20.00
00638             160.00      -20.00
00639             120.00      -20.00
00640             120.00      -24.00
00641             120.00      -20.00
00642             120.00      -16.00
00643             120.00      -16.00
00644             160.00      -20.00
00645             160.00      -16.00
00646             160.00      -20.00
00647             160.00      -20.00
00648             160.00      -16.00
00649             160.00      -16.00
00650             120.00      -20.00
00651             160.00      -24.00
00652             160.00      -16.00
00653             160.00      -20.00
00654             160.00      -20.00
00655             160.00      -20.00
00656             160.00      -24.00
00657             200.00      -20.00
00658             200.00      -16.00
00659             160.00      -20.00
00660             200.00      -24.00
00661             160.00      -16.00
00662             160.00      -12.00
00663             200.00      -16.00
00664             160.00      -16.00
00665             200.00      -20.00
00666             200.00      -20.00
00667             200.00      -12.00
00668             200.00      -20.00
00669             160.00      -20.00
00670             200.00      -16.00
00671             200.00      -16.00
00672             200.00      -16.00
00673             200.00      -28.00
00674             200.00      -20.00
00675             200.00      -24.00
00676             200.00      -16.00
00677             200.00      -16.00
00678             200.00      -16.00
00679             200.00      -16.00
00680             200.00      -16.00
00681             200.00      -16.00
00682             200.00      -12.00
00683             200.00      -20.00
00684             200.00      -20.00
00685             200.00      -20.00
00686             200.00      -16.00
00687             200.00      -20.00
00688             160.00      -20.00
00689             200.00      -16.00
00690             160.00      -16.00
00691             200.00      -20.00
00692             200.00      -16.00
00693             200.00      -20.00
00694             200.00      -24.00
00695             200.00      -16.00
00696             200.00      -20.00
00697             200.00      -16.00
00698             200.00      -16.00
00699             200.00      -12.00
00700             160.00      -16.00
00701             160.00      -16.00
00702             160.00      -16.00
00703             160.00      -20.00
00704             160.00      -16.00
00705             160.00      -20.00
00706             160.00      -12.00
00707             160.00      -20.00
00708             160.00      -16.00
00709             160.00      -16.00
00710             120.00      -16.00
00711             160.00      -16.00
00712             120.00      -16.00
00713             120.00      -20.00
00714             160.00      -16.00
00715             160.00      -12.00
00716             120.00      -16.00
00717             160.00      -16.00
00718             160.00      -16.00
00719             120.00      -16.00
00720             120.00      -20.00
00721              80.00      -16.00
00722              80.00      -12.00
00723             120.00      -20.00
00724             120.00      -16.00
00725              80.00      -16.00
00726              80.00      -20.00
00727              80.00      -12.00
00728              80.00      -16.00
00729              80.00      -20.00
00730              80.00      -20.00
00731              40.00      -12.00
00732              80.00      -16.00
00733              40.00      -20.00
00734              40.00      -12.00
00735              40.00      -16.00
00736              40.00      -12.00
00737               0.00      -20.00
00738              40.00      -16.00
00739              40.00      -16.00
00740               0.00      -20.00
00741             -40.00      -16.00
00742               0.00      -16.00
00743               0.00      -16.00
00744             -80.00      -16.00
00745             -40.00      -12.00
00746             -40.00      -12.00
00747             -40.00       -8.00
00748             -40.00      -16.00
00749             -80.00      -16.00
00750             -80.00      -16.00
00751             -80.00      -16.00
00752             -40.00      -16.00
00753             -80.00      -16.00
00754            -120.00      -16.00
00755            -120.00      -12.00
00756             -80.00      -20.00
00757            -120.00      -16.00
00758            -120.00      -12.00
00759            -120.00      -16.00
00760            -120.00      -12.00
00761            -280.00      500.00
00762            -280.00      500.00
00763            -240.00      500.00
00764            -240.00      -32.00
00765            -240.00      -36.00
00766            -240.00      -32.00
00767            -240.00      -36.00
00768            -240.00      -28.00
00769            -240.00      -32.00
00770            -240.00      -32.00
00771            -240.00      -32.00
00772            -240.00      -28.00
00773            -240.00      -28.00
00774            -200.00      -28.00
00775            -200.00      -28.00
00776            -240.00      -28.00
00777            -240.00      -28.00
00778            -200.00      -28.00
00779            -200.00      -28.00
00780            -240.00      -28.00
00781            -240.00      -28.00
00782            -200.00      -28.00
00783            -200.00      -28.00
00784            -200.00      -28.00
00785            -200.00      -24.00
00786            -200.00      -28.00
00787            -160.00      -24.00
00788            -200.00      -20.00
00789            -200.00      -24.00
00790            -160.00      -24.00
00791            -160.00      -24.00
00792            -160.00      -24.00
00793            -160.00      -24.00
00794            -160.00      -24.00
00795            -160.00      -20.00
00796            -160.00      -20.00
00797            -120.00      -24.00
00798            -160.00      -20.00
00799            -160.00      -20.00
00800            -160.00      -24.00
00801            -160.00      -20.00
00802            -120.00      -20.00
00803            -120.00      -20.00
00804            -120.00      -16.00
00805            -120.00      -20.00
00806            -120.00      -20.00
00807             -80.00      -16.00
00808            -120.00      -20.00
00809            -120.00      -24.00
00810            -120.00      -24.00
00811            -120.00      -16.00
00812            -120.00      -16.00
00813             -80.00      -16.00
00814            -120.00      -20.00
00815             -80.00      -24.00
00816             -80.00      -20.00
00817             -80.00      -24.00
00818             -80.00      -20.00
00819             -80.00      -20.00
00820             -80.00      -20.00
00821             -80.00      -16.00
00822             -80.00      -20.00
00823             -40.00      -24.00
00824             -80.00      -16.00
00825             -80.00      -20.00
00826             -40.00      -24.00
00827             -40.00      -24.00
00828             -80.00      -20.00
00829             -80.00      -16.00
00830             -40.00      -24.00
00831             -40.00      -16.00
00832             -40.00       -8.00
00833             -40.00      -16.00
00834             -40.00      -20.00
00835               0.00      -20.00
00836             -80.00      -16.00
00837               0.00      -16.00
00838               0.00      -16.00
00839             -40.00      -20.00
00840               0.00      -12.00
00841               0.00      -16.00
00842             -40.00      -20.00
00843               0.00      -24.00
00844               0.00      -20.00
00845               0.00      -20.00
00846               0.00      -20.00
00847               0.00      -16.00
00848               0.00      -24.00
00849               0.00      -20.00
00850              40.00      -12.00
00851              40.00      -24.00
00852              40.00      -20.00
00853              40.00      -24.00
00854               0.00      -16.00
00855              40.00      -24.00
00856              40.00      -20.00
00857              40.00      -20.00
00858              40.00      -20.00
00859              40.00      -20.00
00860              40.00      -20.00
00861              40.00      -20.00
00862              40.00      -20.00
00863              40.00      -20.00
00864              80.00      -20.00
00865              40.00      -20.00
00866              80.00      -16.00
00867              40.00      -16.00
00868              40.00      -20.00
00869              80.00      -16.00
00870              80.00      -24.00
00871              80.00      -24.00
00872              80.00      -16.00
00873              80.00      -20.00
00874              80.00      -20.00
00875              80.00      -24.00
00876              80.00      -24.00
00877              80.00      -20.00
00878              80.00      -16.00
00879              80.00      -16.00
00880             120.00      -20.00
00881             120.00      -16.00
00882             120.00      -16.00
00883             120.00      -24.00
00884             120.00      -20.00
00885             120.00      -20.00
00886             120.00      -20.00
00887             120.00      -24.00
00888             120.00      -20.00
00889             160.00      -20.00
00890             120.00      -20.00
00891             160.00      -24.00
00892             160.00      -24.00
00893             120.00      -16.00
00894             120.00      -20.00
00895             120.00      -12.00
00896             120.00      -28.00
00897             160.00      -16.00
00898             160.00      -16.00
00899             160.00      -20.00
00900             160.00      -20.00
00901             160.00      -24.00
00902             160.00      -16.00
00903             160.00      -16.00
00904             160.00      -24.00
00905             160.00      -20.00
00906             160.00      -20.00
00907             200.00      -20.00
00908             160.00      -16.00
00909             160.00      -24.00
00910             200.00      -20.00
00911             160.00       -8.00
00912             200.00      -16.00
00913             200.00      -20.00
00914             200.00      -20.00
00915             200.00      -20.00
00916             200.00      -16.00
00917             200.00      -16.00
00918             160.00      -16.00
00919             200.00      -24.00
00920             160.00      -20.00
00921             200.00      -16.00
00922             200.00      -20.00
00923             200.00      -20.00
00924             200.00      -20.00
00925             200.00      -24.00
00926             200.00      -12.00
00927             200.00      -16.00
00928             160.00      -12.00
00929             200.00      -20.00
00930             200.00      -20.00
00931             200.00      -24.00
00932             200.00      -16.00
00933             200.00      -24.00
00934             200.00      -24.00
00935             200.00      -16.00
00936             200.00      -16.00
00937             200.00      -16.00
00938             200.00      -20.00
00939             160.00      -20.00
00940             160.00      -20.00
00941             200.00      -20.00
00942             200.00      -20.00
00943             200.00      -20.00
00944             200.00      -20.00
00945             160.00      -16.00
00946             160.00      -20.00
00947             200.00      -20.00
00948             200.00      -16.00
00949             200.00      -20.00
00950             160.00      -20.00
00951             200.00      -20.00
00952             160.00      -20.00
00953             160.00      -20.00
00954             160.00      -20.00
00955             200.00      -16.00
00956             160.00      -20.00
00957             160.00      -16.00
00958             160.00      -20.00
00959             160.00      -20.00
00960             160.00      -20.00
00961             160.00      -24.00
00962             120.00      -20.00
00963             120.00      -20.00
00964             160.00      -16.00
00965             120.00      -16.00
00966             120.00      -20.00
00967             120.00      -20.00
00968             120.00      -24.00
00969             120.00      -20.00
00970             120.00      -20.00
00971             120.00      -20.00
00972             120.00      -20.00
00973             120.00      -16.00
00974             120.00      -20.00
00975              80.00      -20.00
00976              40.00      -20.00
00977              80.00      -20.00
00978              80.00      -20.00
00979              80.00      -12.00
00980              40.00      -16.00
00981              40.00      -24.00
00982              80.00      -16.00
00983              40.00      -16.00
00984              40.00      -20.00
00985              40.00      -20.00
00986              40.00      -24.00
00987              40.00      -20.00
00988              40.00      -16.00
00989               0.00      -20.00
00990              40.00      -20.00
00991               0.00      -20.00
00992               0.00      -24.00
00993             -40.00      -20.00
00994             -40.00      -20.00
00995               0.00      -12.00
00996             -40.00      -20.00
00997               0.00      -24.00
00998             -80.00      -16.00
00999             -80.00      -20.00
01000             -40.00      -20.00
01001             -80.00      -20.00
01002             -80.00      -20.00
01003             -80.00      -12.00
01004            -120.00      -24.00
01005             -80.00      -20.00
01006             -80.00      -20.00
01007             -80.00      -20.00
01008             -80.00      -20.00
01009            -120.00      -20.00
01010            -120.00      -16.00
01011            -240.00      500.00
01012            -240.00      500.00
01013            -240.00      500.00
01014            -240.00      -36.00
01015            -240.00      -40.00
01016            -240.00      -40.00
01017            -240.00      -44.00
01018            -240.00      -36.00
01019            -240.00      -36.00
01020            -240.00      -32.00
01021            -200.00      -32.00
01022            -240.00      -32.00
01023            -240.00      -32.00
01024            -200.00      -40.00
01025            -240.00      -28.00
01026            -200.00      -32.00
01027            -200.00      -32.00
01028            -240.00      -32.00
01029            -200.00      -32.00
01030            -200.00      -28.00
01031            -200.00      -32.00
01032            -240.00      -32.00
01033            -200.00      -32.00
01034            -200.00      -24.00
01035            -200.00      -24.00
01036            -200.00      -16.00
01037            -160.00      -28.00
01038            -160.00      -24.00
01039            -200.00      -20.00
01040            -200.00      -28.00
01041            -200.00      -24.00
01042            -160.00      -20.00
01043            -160.00      -24.00
01044            -160.00      -28.00
01045            -160.00      -28.00
01046            -160.00      -24.00
01047            -160.00      -24.00
01048            -160.00      -24.00
01049            -160.00      -24.00
01050            -160.00      -28.00
01051            -120.00      -16.00
01052            -120.00      -20.00
01053            -160.00      -24.00
01054            -120.00      -24.00
01055            -120.00      -24.00
01056            -120.00      -16.00
01057            -120.00      -20.00
01058            -120.00      -20.00
01059            -120.00      -20.00
01060            -120.00      -20.00
01061            -120.00      -20.00
01062             -80.00      -20.00
01063             -80.00      -24.00
01064             -80.00      -20.00
01065             -80.00      -20.00
01066             -80.00      -20.00
01067             -80.00      -24.00
01068             -80.00      -20.00
01069             -80.00      -24.00
01070             -80.00      -24.00
01071             -80.00      -20.00
01072             -80.00      -20.00
01073             -80.00      -24.00
01074             -80.00      -16.00
01075             -40.00      -16.00
01076             -80.00      -20.00
01077             -40.00      -20.00
01078             -40.00      -20.00
01079             -40.00      -16.00
01080             -40.00      -16.00
01081             -40.00      -20.00
01082             -40.00      -16.00
01083             -80.00      -16.00
01084             -40.00      -16.00
01085             -40.00      -16.00
01086             -40.00      -20.00
01087             -40.00      -24.00
01088             -40.00      -12.00
01089             -40.00      -16.00
01090               0.00      -20.00
01091              40.00      -16.00
01092               0.00      -24.00
01093               0.00      -20.00
01094               0.00      -16.00
01095               0.00      -24.00
01096               0.00      -28.00
01097               0.00      -20.00
01098               0.00      -12.00
01099               0.00      -12.00
01100               0.00      -16.00
01101               0.00      -16.00
01102              40.00      -20.00
01103               0.00      -16.00
01104              40.00      -16.00
01105               0.00      -20.00
01106              40.00      -20.00
01107              40.00      -16.00
01108              40.00      -12.00
01109              40.00      -16.00
01110               0.00      -12.00
01111              40.00      -16.00
01112              40.00      -20.00
01113              80.00      -16.00
01114              40.00      -16.00
01115              80.00      -12.00
01116              40.00      -20.00
01117              80.00      -20.00
01118              80.00      -16.00
01119              80.00      -16.00
01120              80.00      -16.00
01121              80.00      -20.00
01122              80.00      -20.00
01123              80.00      -20.00
01124              80.00      -20.00
01125              80.00      -16.00
01126              80.00      -12.00
01127             120.00      -20.00
01128              80.00      -16.00
01129              80.00      -16.00
01130              80.00      -20.00
01131             120.00      -16.00
01132             160.00      -16.00
01133             120.00      -20.00
01134             120.00      -16.00
01135             120.00      -16.00
01136             120.00      -12.00
01137             160.00      -16.00
01138             120.00      -16.00
01139             120.00      -16.00
01140             120.00      -20.00
01141             120.00      -16.00
01142             120.00      -12.00
01143             120.00      -16.00
01144             160.00      -16.00
01145             160.00      -12.00
01146             160.00      -12.00
01147             160.00      -16.00
01148             160.00      -16.00
01149             160.00      -20.00
01150             160.00      -12.00
01151             160.00      -20.00
01152             160.00      -16.00
01153             160.00      -16.00
01154             160.00      -20.00
01155             160.00      -16.00
01156             160.00      -12.00
01157             200.00      -12.00
01158             160.00      -16.00
01159             160.00      -16.00
01160             160.00      -16.00
01161             200.00      -20.00
01162             160.00      -16.00
01163             160.00      -20.00
01164             200.00      -12.00
01165             200.00      -16.00
01166             200.00      -20.00
01167             200.00      -20.00
01168             200.00      -16.00
01169             200.00      -20.00
01170             160.00      -12.00
01171             160.00      -12.00
01172             160.00      -16.00
01173             200.00      -16.00
01174             200.00      -16.00
01175             240.00      -16.00
01176             200.00      -20.00
01177             200.00      -20.00
01178             200.00      -16.00
01179             200.00      -20.00
01180             200.00      -16.00
01181             160.00      -16.00
01182             200.00      -16.00
01183             200.00      -12.00
01184             200.00      -12.00
01185             200.00      -20.00
01186             160.00      -20.00
01187             200.00      -20.00
01188             200.00      -20.00
01189             200.00      -16.00
01190             200.00      -20.00
01191             200.00      -16.00
01192             200.00      -16.00
01193             160.00      -16.00
01194             160.00      -16.00
01195             160.00      -16.00
01196             200.00      -20.00
01197             160.00      -16.00
01198             200.00      -20.00
01199             160.00      -20.00
01200             160.00      -16.00
01201             200.00      -12.00
01202             200.00      -16.00
01203             200.00      -16.00
01204             200.00      -16.00
01205             160.00      -20.00
01206             160.00      -12.00
01207             160.00      -16.00
01208             160.00      -16.00
01209             160.00      -20.00
01210             160.00      -24.00
01211             160.00      -16.00
01212             160.00      -12.00
01213             160.00      -12.00
01214             160.00      -12.00
01215             160.00      -20.00
01216             160.00      -24.00
01217             120.00      -16.00
01218             120.00      -12.00
01219             160.00      -16.00
01220             120.00      -16.00
01221             120.00      -16.00
01222             120.00      -20.00
01223             120.00      -16.00
01224             120.00      -16.00
01225              80.00      -16.00
01226             120.00      -20.00
01227              80.00      -16.00
01228              80.00      -16.00
01229              80.00      -20.00
01230              40.00      -20.00
01231              40.00       -8.00
01232              80.00      -16.00
01233              80.00      -20.00
01234              40.00      -20.00
01235              40.00      -16.00
01236              40.00      -12.00
01237              40.00      -16.00
01238              40.00      -20.00
01239              40.00      -20.00
01240               0.00      -16.00
01241              40.00      -12.00
01242             -40.00      -20.00
01243             -40.00      -16.00
01244               0.00      -20.00
01245             -40.00      -20.00
01246             -40.00      -20.00
01247               0.00      -20.00
01248             -40.00      -16.00
01249             -80.00      -20.00
01250             -40.00      -16.00
01251             -40.00      -20.00
01252             -80.00      -20.00
01253             -80.00      -16.00
01254             -80.00      -20.00
01255             -80.00      -20.00
01256            -120.00      -20.00
01257            -120.00      -20.00
01258            -120.00      -20.00
01259            -160.00      -24.00
01260            -120.00      -20.00
01261            -280.00      500.00
01262            -240.00      500.00
01263            -240.00      500.00
01264            -240.00      -36.00
01265            -240.00      -36.00
01266            -240.00      -36.00
01267            -240.00      -36.00
01268            -200.00      -36.00
01269            -240.00      -36.00
01270            -200.00      -36.00
01271            -240.00      -40.00
01272            -240.00      -32.00
01273            -240.00      -32.00
01274            -240.00      -32.00
01275            -240.00      -40.00
01276            -200.00      -32.00
01277            -200.00      -36.00
01278            -200.00      -36.00
01279            -200.00      -28.00
01280            -200.00      -28.00
01281            -240.00      -36.00
01282            -200.00      -36.00
01283            -200.00      -32.00
01284            -200.00      -28.00
01285            -160.00      -32.00
01286            -200.00      -32.00
01287            -160.00      -28.00
01288            -200.00      -28.00
01289            -160.00      -28.00
01290            -200.00      -24.00
01291            -160.00      -32.00
01292            -200.00      -24.00
01293            -200.00      -32.00
01294            -160.00      -28.00
01295            -160.00      -28.00
01296            -160.00      -28.00
01297            -160.00      -28.00
01298            -120.00      -20.00
01299            -160.00      -28.00
01300            -160.00      -24.00
01301            -160.00      -28.00
01302            -120.00      -28.00
01303            -120.00      -28.00
01304            -120.00      -24.00
01305            -160.00      -28.00
01306            -120.00      -28.00
01307            -160.00      -20.00
01308            -120.00      -24.00
01309            -120.00      -24.00
01310            -120.00      -28.00
01311             -80.00      -24.00
01312            -120.00      -24.00
01313             -80.00      -24.00
01314             -80.00      -28.00
01315             -80.00      -28.00
01316            -120.00      -24.00
01317             -80.00      -24.00
01318             -80.00      -20.00
01319             -80.00      -32.00
01320             -80.00      -28.00
01321             -80.00      -24.00
01322             -80.00      -20.00
01323             -80.00      -28.00
01324             -40.00      -20.00
01325             -40.00      -20.00
01326             -80.00      -20.00
01327             -80.00      -24.00
01328             -80.00      -20.00
01329             -80.00      -20.00
01330               0.00      -24.00
01331             -40.00      -16.00
01332             -40.00      -20.00
01333             -80.00      -24.00
01334             -40.00      -24.00
01335             -40.00      -20.00
01336             -40.00      -24.00
01337             -40.00      -20.00
01338             -40.00      -24.00
01339             -40.00      -16.00
01340               0.00      -24.00
01341               0.00      -20.00
01342               0.00      -24.00
01343               0.00      -20.00
01344             -40.00      -20.00
01345               0.00      -20.00
01346               0.00      -16.00
01347               0.00      -20.00
01348               0.00      -24.00
01349               0.00      -24.00
01350               0.00      -20.00
01351               0.00      -20.00
01352              40.00      -16.00
01353              40.00      -20.00
01354              40.00      -20.00
01355               0.00      -20.00
01356               0.00      -16.00
01357               0.00      -20.00
01358              40.00      -20.00
01359              40.00      -28.00
01360              40.00      -20.00
01361              40.00      -20.00
01362              40.00      -20.00
01363              80.00      -20.00
01364              40.00      -20.00
01365              40.00      -20.00
01366              40.00      -20.00
01367              80.00      -20.00
01368              80.00      -24.00
01369              80.00      -24.00
01370              80.00      -24.00
01371              80.00      -20.00
01372              80.00      -20.00
01373              80.00      -20.00
01374              80.00      -20.00
01375             120.00      -12.00
01376             120.00      -20.00
01377              80.00      -16.00
01378              80.00      -20.00
01379              80.00      -20.00
01380             120.00      -20.00
01381              80.00      -16.00
01382             120.00      -16.00
01383              80.00      -20.00
01384             120.00      -16.00
01385              80.00      -20.00
01386              80.00      -20.00
01387             160.00      -20.00
01388             120.00      -20.00
01389             120.00      -20.00
01390              80.00      -20.00
01391             120.00      -16.00
01392             120.00      -16.00
01393             120.00      -20.00
01394             160.00      -20.00
01395             120.00      -20.00
01396             160.00      -20.00
01397             160.00      -16.00
01398             160.00      -20.00
01399             120.00      -16.00
01400             160.00      -20.00
01401             160.00      -20.00
01402             160.00      -20.00
01403             160.00      -16.00
01404             160.00      -20.00
01405             160.00      -16.00
01406             160.00      -20.00
01407             160.00      -24.00
01408             160.00      -20.00
01409             200.00      -20.00
01410             160.00      -16.00
01411             160.00      -24.00
01412             160.00      -20.00
01413             160.00      -16.00
01414             160.00      -20.00
01415             200.00      -20.00
01416             200.00      -24.00
01417             200.00      -20.00
01418             200.00      -16.00
01419             200.00      -20.00
01420             160.00      -20.00
01421             200.00      -20.00
01422             200.00      -16.00
01423             200.00      -16.00
01424             160.00      -20.00
01425             160.00      -16.00
01426             160.00      -20.00
01427             200.00      -16.00
01428             200.00      -20.00
01429             240.00      -20.00
01430             200.00      -24.00
01431             200.00      -20.00
01432             200.00      -16.00
01433             160.00      -20.00
01434             200.00      -12.00
01435             200.00      -16.00
01436             200.00      -16.00
01437             200.00      -16.00
01438             200.00      -20.00
01439             200.00      -16.00
01440             240.00      -16.00
01441             200.00      -20.00
01442             200.00      -16.00
01443             200.00      -20.00
01444             200.00      -16.00
01445             200.00      -24.00
01446             160.00      -20.00
01447             200.00      -16.00
01448             200.00      -20.00
01449             160.00      -20.00
01450             160.00      -16.00
01451             200.00      -12.00
01452             200.00      -24.00
01453             200.00      -20.00
01454             160.00      -16.00
01455             160.00      -20.00
01456             160.00      -12.00
01457             200.00      -20.00
01458             160.00      -12.00
01459             160.00      -20.00
01460             120.00      -12.00
01461             160.00      -16.00
01462             160.00      -16.00
01463             160.00      -16.00
01464             120.00      -16.00
01465             160.00      -16.00
01466             120.00      -20.00
01467             160.00      -16.00
01468             160.00      -16.00
01469             120.00      -16.00
01470             120.00      -16.00
01471              80.00      -16.00
01472              80.00      -12.00
01473              80.00      -16.00
01474              80.00      -20.00
01475             120.00      -12.00
01476              80.00      -16.00
01477              80.00      -16.00
01478             120.00      -20.00
01479              80.00      -12.00
01480              80.00      -16.00
01481              80.00      -16.00
01482              40.00      -16.00
01483              40.00      -16.00
01484              40.00      -16.00
01485              40.00      -12.00
01486              40.00      -20.00
01487              40.00      -12.00
01488              40.00      -16.00
01489              40.00      -12.00
01490              40.00      -16.00
01491               0.00      -12.00
01492               0.00      -16.00
01493             -40.00      -16.00
01494               0.00      -16.00
01495             -40.00      -16.00
01496             -80.00      -20.00
01497             -40.00      -16.00
01498             -80.00      -16.00
01499             -40.00      -16.00
01500             -40.00      -16.00
01501             -80.00      -16.00
01502             -80.00      -12.00
01503             -80.00      -16.00
01504             -80.00      -16.00
01505             -80.00      -16.00
01506             -80.00      -16.00
01507            -120.00      -12.00
01508            -120.00      -16.00
01509            -120.00      -12.00
01510            -120.00      -12.00
01511            -280.00      500.00
01512            -280.00      500.00
01513            -280.00      500.00
01514            -240.00      -36.00
01515            -240.00      -32.00
01516            -240.00      -28.00
01517            -280.00      -28.00
01518            -240.00      -28.00
01519            -240.00      -32.00
01520            -240.00      -28.00
01521            -240.00      -32.00
01522            -240.00      -28.00
01523            -240.00      -32.00
01524            -240.00      -28.00
01525            -240.00      -28.00
01526            -280.00      -28.00
01527            -200.00      -16.00
01528            -240.00      -28.00
01529            -200.00      -24.00
01530            -200.00      -28.00
01531            -200.00      -32.00
01532            -200.00      -28.00
01533            -200.00      -32.00
01534            -200.00      -24.00
01535            -200.00      -32.00
01536            -200.00      -20.00
01537            -200.00      -24.00
01538            -160.00      -28.00
01539            -200.00      -24.00
01540            -160.00      -20.00
01541            -160.00      -24.00
01542            -160.00      -28.00
01543            -160.00      -28.00
01544            -160.00      -24.00
01545            -200.00      -24.00
01546            -160.00      -24.00
01547            -160.00      -20.00
01548            -160.00      -24.00
01549            -160.00      -20.00
01550            -120.00      -24.00
01551            -160.00      -24.00
01552            -160.00      -24.00
01553            -120.00      -16.00
01554            -120.00      -24.00
01555            -160.00      -20.00
01556            -120.00      -24.00
01557            -160.00      -24.00
01558            -120.00      -20.00
01559            -120.00      -24.00
01560             -80.00      -20.00
01561            -120.00      -24.00
01562            -120.00      -20.00
01563            -120.00      -24.00
01564            -120.00      -20.00
01565             -80.00      -20.00
01566             -80.00      -20.00
01567             -80.00      -24.00
01568             -80.00      -28.00
01569             -80.00      -20.00
01570             -80.00      -24.00
01571             -80.00      -20.00
01572             -80.00      -28.00
01573             -80.00      -20.00
01574             -80.00      -16.00
01575             -80.00      -20.00
01576             -80.00      -24.00
01577             -80.00      -20.00
01578             -80.00      -20.00
01579             -80.00      -20.00
01580             -40.00      -20.00
01581             -40.00      -16.00
01582             -80.00      -24.00
01583             -40.00      -16.00
01584             -40.00      -12.00
01585               0.00      -20.00
01586               0.00      -20.00
01587               0.00      -24.00
01588             -40.00      -20.00
01589             -40.00      -20.00
01590               0.00      -16.00
01591               0.00      -20.00
01592             -40.00      -24.00
01593               0.00      -20.00
01594               0.00      -16.00
01595               0.00      -20.00
01596               0.00      -20.00
01597               0.00      -24.00
01598               0.00      -16.00
01599               0.00      -24.00
01600               0.00      -24.00
01601               0.00      -20.00
01602              40.00      -20.00
01603              40.00      -16.00
01604              40.00      -24.00
01605              40.00      -24.00
01606              40.00      -24.00
01607              40.00      -16.00
01608              40.00      -20.00
01609              40.00      -20.00
01610              80.00      -24.00
01611              80.00      -20.00
01612              40.00      -20.00
01613              80.00      -20.00
01614              40.00      -24.00
01615              40.00      -20.00
01616              40.00      -20.00
01617              40.00      -28.00
01618              40.00      -20.00
01619              40.00      -24.00
01620              80.00      -20.00
01621              80.00      -16.00
01622              80.00      -20.00
01623              80.00      -20.00
01624              80.00      -24.00
01625              80.00      -20.00
01626              80.00      -20.00
01627              80.00      -20.00
01628             120.00      -20.00
01629              80.00      -24.00
01630              80.00      -16.00
01631              80.00      -16.00
01632              80.00      -16.00
01633             120.00      -16.00
01634             120.00      -24.00
01635             120.00      -20.00
01636             120.00      -20.00
01637              80.00      -20.00
01638             160.00      -20.00
01639             120.00      -20.00
01640             160.00      -20.00
01641             120.00      -20.00
01642             120.00      -16.00
01643             120.00      -16.00
01644             120.00      -24.00
01645             160.00      -24.00
01646             160.00      -24.00
01647             120.00      -16.00
01648             160.00       -4.00
01649             120.00      -24.00
01650             160.00      -16.00
01651             160.00      -20.00
01652             160.00      -20.00
01653             160.00      -16.00
01654             160.00      -24.00
01655             200.00      -20.00
01656             120.00      -24.00
01657             160.00      -16.00
01658             160.00      -20.00
01659             200.00      -24.00
01660             160.00      -16.00
01661             160.00      -24.00
01662             200.00      -20.00
01663             160.00      -20.00
01664             200.00      -20.00
01665             200.00      -20.00
01666             200.00      -20.00
01667             160.00      -16.00
01668             160.00      -20.00
01669             160.00      -28.00
01670             200.00      -20.00
01671             200.00      -24.00
01672             200.00      -16.00
01673             240.00      -24.00
01674             160.00      -20.00
01675             200.00      -20.00
01676             160.00      -20.00
01677             200.00      -20.00
01678             200.00      -20.00
01679             200.00      -16.00
01680             200.00      -24.00
01681             200.00      -20.00
01682             200.00      -20.00
01683             160.00      -20.00
01684             200.00      -24.00
01685             200.00      -20.00
01686             200.00      -24.00
01687             200.00      -20.00
01688             200.00      -16.00
01689             200.00      -16.00
01690             160.00      -16.00
01691             200.00      -24.00
01692             200.00      -20.00
01693             200.00      -20.00
01694             200.00      -20.00
01695             200.00      -16.00
01696             200.00      -20.00
01697             200.00      -20.00
01698             160.00      -20.00
01699             200.00      -20.00
01700             200.00      -16.00
01701             160.00      -20.00
01702             200.00      -20.00
01703             160.00      -20.00
01704             160.00      -16.00
01705             160.00      -16.00
01706             200.00      -20.00
01707             160.00      -16.00
01708             160.00      -16.00
01709             160.00      -20.00
01710             160.00      -24.00
01711             160.00      -20.00
01712             160.00      -20.00
01713             160.00      -20.00
01714             120.00      -16.00
01715             160.00      -20.00
01716             120.00      -20.00
01717             160.00      -16.00
01718             120.00      -20.00
01719             120.00      -16.00
01720             120.00      -20.00
01721             120.00      -20.00
01722             120.00      -12.00
01723              80.00      -24.00
01724             120.00      -16.00
01725              80.00      -12.00
01726             120.00      -16.00
01727              80.00      -16.00
01728              80.00      -20.00
01729              80.00      -20.00
01730              80.00      -20.00
01731              80.00      -16.00
01732              40.00      -20.00
01733              40.00      -20.00
01734              80.00      -16.00
01735              40.00      -16.00
01736              40.00      -16.00
01737               0.00      -20.00
01738              40.00      -20.00
01739               0.00      -20.00
01740              40.00      -20.00
01741               0.00      -20.00
01742               0.00      -20.00
01743               0.00      -12.00
01744             -40.00      -12.00
01745               0.00      -16.00
01746             -40.00      -24.00
01747             -40.00      -20.00
01748             -80.00      -16.00
01749             -80.00      -20.00
01750             -40.00       -4.00
01751             -80.00      -20.00
01752             -80.00      -20.00
01753             -80.00      -20.00
01754             -80.00      -20.00
01755             -80.00      -16.00
01756             -80.00      -20.00
01757            -120.00      -20.00
01758            -120.00      -20.00
01759            -120.00      -16.00
01760            -160.00      -20.00
01761            -280.00      500.00
01762            -280.00      500.00
01763            -240.00      500.00
01764            -280.00      -32.00
01765            -280.00      -44.00
01766            -240.00      -40.00
01767            -280.00      -24.00
01768            -240.00      -32.00
01769            -240.00      -36.00
01770            -240.00      -44.00
01771            -240.00      -32.00
01772            -280.00      -36.00
01773            -240.00      -28.00
01774            -200.00      -28.00
01775            -240.00      -32.00
01776            -200.00      -32.00
01777            -240.00      -28.00
01778            -240.00      -32.00
01779            -240.00      -28.00
01780            -200.00      -28.00
01781            -160.00      -32.00
01782            -200.00      -28.00
01783            -200.00      -28.00
01784            -200.00      -28.00
01785            -200.00      -20.00
01786            -200.00      -24.00
01787            -200.00      -28.00
01788            -160.00      -24.00
01789            -160.00      -24.00
01790            -160.00      -28.00
01791            -160.00      -24.00
01792            -160.00      -20.00
01793            -160.00      -24.00
01794            -160.00      -24.00
01795            -160.00      -20.00
01796            -160.00      -24.00
01797            -160.00      -24.00
01798            -160.00      -28.00
01799            -120.00      -20.00
01800            -120.00      -20.00
01801            -120.00      -24.00
01802            -160.00      -20.00
01803            -120.00      -24.00
01804            -120.00      -24.00
01805            -120.00      -24.00
01806            -120.00      -24.00
01807            -120.00      -20.00
01808            -120.00      -24.00
01809            -120.00      -20.00
01810            -120.00      -24.00
01811            -120.00      -16.00
01812             -80.00      -16.00
01813            -120.00      -24.00
01814            -120.00      -20.00
01815             -80.00      -16.00
01816            -120.00      -20.00
01817             -80.00      -24.00
01818             -80.00      -20.00
01819             -80.00      -20.00
01820            -120.00      -20.00
01821            -120.00      -16.00
01822             -80.00      -16.00
01823             -80.00      -20.00
01824             -80.00      -20.00
01825             -80.00      -16.00
01826             -80.00      -24.00
01827             -80.00      -16.00
01828             -80.00      -20.00
01829             -80.00      -16.00
01830             -40.00      -16.00
01831             -40.00      -20.00
01832             -40.00      -20.00
01833             -40.00      -16.00
01834             -40.00      -16.00
01835             -40.00      -16.00
01836               0.00      -20.00
01837             -40.00      -16.00
01838             -40.00      -16.00
01839               0.00      -12.00
01840               0.00      -20.00
01841             -40.00      -20.00
01842               0.00      -20.00
01843               0.00      -16.00
01844               0.00      -20.00
01845               0.00      -20.00
01846               0.00      -16.00
01847               0.00      -20.00
01848               0.00      -20.00
01849               0.00      -12.00
01850               0.00      -12.00
01851              40.00      -12.00
01852              40.00      -20.00
01853               0.00      -16.00
01854              40.00      -16.00
01855              40.00      -16.00
01856               0.00      -16.00
01857              40.00      -16.00
01858              40.00      -16.00
01859              80.00      -12.00
01860              40.00      -12.00
01861              40.00      -20.00
01862              80.00      -16.00
01863              40.00      -20.00
01864              40.00      -16.00
01865              80.00      -12.00
01866              80.00      -16.00
01867              80.00      -20.00
01868              80.00      -20.00
01869              80.00      -16.00
01870              80.00      -12.00
01871              80.00      -16.00
01872              80.00      -16.00
01873              80.00      -16.00
01874              80.00      -12.00
01875              80.00      -16.00
01876              80.00      -20.00
01877              80.00      -20.00
01878              80.00      -12.00
01879              80.00      -16.00
01880             120.00      -16.00
01881              80.00      -20.00
01882              80.00      -20.00
01883             120.00      -16.00
01884              80.00      -16.00
01885             120.00      -16.00
01886             120.00      -16.00
01887              80.00      -20.00
01888             120.00      -16.00
01889             120.00      -12.00
01890             160.00      -16.00
01891             120.00      -16.00
01892             120.00      -16.00
01893             160.00      -12.00
01894             120.00      -16.00
01895             160.00      -16.00
01896             160.00      -20.00
01897             160.00      -20.00
01898             120.00      -16.00
01899             160.00      -20.00
01900             200.00      -12.00
01901             160.00      -16.00
01902             160.00      -20.00
01903             160.00      -12.00
01904             160.00      -24.00
01905             160.00      -20.00
01906             200.00      -16.00
01907             160.00      -16.00
01908             160.00      -16.00
01909             160.00      -20.00
01910             160.00      -16.00
01911             200.00      -24.00
01912             160.00      -16.00
01913             160.00      -16.00
01914             200.00      -16.00
01915             200.00      -20.00
01916             160.00      -16.00
01917             160.00      -16.00
01918             160.00      -12.00
01919             200.00      -16.00
01920             200.00      -16.00
01921             200.00      -20.00
01922             200.00      -20.00
01923             200.00      -20.00
01924             200.00      -16.00
01925             200.00      -16.00
01926             200.00      -20.00
01927             200.00      -20.00
01928             200.00      -16.00
01929             200.00      -20.00
01930             200.00      -12.00
01931             200.00      -20.00
01932             200.00      -20.00
01933             200.00      -16.00
01934             200.00      -16.00
01935             200.00      -20.00
01936             200.00      -12.00
01937             200.00      -20.00
01938             200.00      -20.00
01939             200.00      -20.00
01940             200.00      -16.00
01941             200.00      -24.00
01942             200.00      -16.00
01943             160.00      -16.00
01944             200.00      -20.00
01945             200.00      -20.00
01946             160.00      -16.00
01947             200.00      -16.00
01948             160.00      -20.00
01949             200.00      -20.00
01950             200.00      -20.00
01951             200.00      -20.00
01952             200.00      -16.00
01953             160.00      -20.00
01954             200.00      -16.00
01955             160.00      -16.00
01956             200.00      -12.00
01957             160.00      -20.00
01958             200.00      -20.00
01959             200.00      -20.00
01960             160.00      -20.00
01961             160.00      -20.00
01962             120.00      -20.00
01963             160.00      -20.00
01964             120.00      -12.00
01965             160.00      -20.00
01966             160.00      -24.00
01967             120.00      -24.00
01968             120.00      -20.00
01969             120.00      -16.00
01970             120.00      -20.00
01971             120.00      -24.00
01972              80.00      -20.00
01973             120.00      -20.00
01974              80.00      -24.00
01975              80.00      -16.00
01976             120.00      -20.00
01977              80.00      -20.00
01978              80.00      -20.00
01979              80.00      -20.00
01980              40.00      -20.00
01981              80.00      -16.00
01982              80.00      -24.00
01983              40.00      -24.00
01984              40.00      -16.00
01985              40.00      -20.00
01986              40.00      -16.00
01987              40.00      -28.00
01988               0.00      -20.00
01989               0.00      -24.00
01990               0.00      -16.00
01991              40.00      -20.00
01992               0.00      -16.00
01993             -40.00      -20.00
01994               0.00      -24.00
01995               0.00      -16.00
01996               0.00      -24.00
01997             -40.00      -20.00
01998             -40.00      -24.00
01999             -40.00      -16.00
02000             -40.00      -20.00
02001             -80.00      -20.00
02002             -40.00      -20.00
02003             -80.00      -24.00
02004             -80.00      -16.00
02005             -80.00      -24.00
02006             -80.00      -16.00
02007            -120.00      -16.00
02008            -120.00      -24.00
02009            -120.00      -20.00
02010            -120.00      -20.00
02011            -280.00      500.00
02012            -240.00      500.00
02013            -280.00      500.00
02014            -240.00      -36.00
02015            -280.00      -44.00
02016            -280.00      -40.00
02017            -240.00      -40.00
02018            -320.00      -40.00
02019            -240.00      -40.00
02020            -240.00      -36.00
02021            -240.00      -36.00
02022            -240.00      -28.00
02023            -200.00      -36.00
02024            -240.00      -28.00
02025            -240.00      -36.00
02026            -200.00      -28.00
02027            -240.00      -32.00
02028            -240.00      -32.00
02029            -240.00      -36.00
02030            -200.00      -28.00
02031            -200.00      -28.00
02032            -200.00      -32.00
02033            -200.00      -28.00
02034            -200.00      -32.00
02035            -240.00      -28.00
02036            -200.00      -32.00
02037            -200.00      -28.00
02038            -200.00      -36.00
02039            -160.00      -32.00
02040            -200.00      -36.00
02041            -200.00      -28.00
02042            -200.00      -24.00
02043            -160.00      -24.00
02044            -160.00      -28.00
02045            -160.00      -28.00
02046            -160.00      -24.00
02047            -160.00      -28.00
02048            -160.00      -28.00
02049            -160.00      -28.00
02050            -160.00      -24.00
02051            -120.00      -24.00
02052            -160.00      -32.00
02053            -160.00      -24.00
02054            -120.00      -24.00
02055            -120.00      -24.00
02056            -120.00      -24.00
02057            -120.00      -28.00
02058            -120.00      -24.00
02059            -120.00      -24.00
02060            -120.00      -24.00
02061            -120.00      -20.00
02062            -120.00      -20.00
02063             -80.00      -20.00
02064            -120.00      -20.00
02065            -120.00      -20.00
02066             -80.00      -24.00
02067             -80.00      -24.00
02068             -80.00      -24.00
02069             -80.00      -28.00
02070             -80.00      -24.00
02071             -80.00      -16.00
02072             -80.00      -24.00
02073             -80.00      -28.00
02074             -80.00      -24.00
02075             -80.00      -20.00
02076             -40.00      -20.00
02077             -40.00      -20.00
02078             -80.00      -20.00
02079             -80.00      -24.00
02080             -40.00      -20.00
02081             -40.00      -20.00
02082             -40.00      -24.00
02083               0.00      -20.00
02084             -40.00      -20.00
02085             -40.00      -20.00
02086             -40.00      -28.00
02087             -40.00      -20.00
02088               0.00      -24.00
02089               0.00      -20.00
02090               0.00      -16.00
02091               0.00      -24.00
02092               0.00      -24.00
02093               0.00      -20.00
02094               0.00      -20.00
02095              40.00      -24.00
02096               0.00      -24.00
02097               0.00      -16.00
02098               0.00      -20.00
02099               0.00      -16.00
02100              40.00      -20.00
02101              40.00      -20.00
02102              40.00      -24.00
02103              40.00      -16.00
02104               0.00      -20.00
02105              40.00      -20.00
02106              40.00      -16.00
02107              40.00      -20.00
02108              40.00      -12.00
02109              40.00      -16.00
02110              40.00      -16.00
02111              40.00      -16.00
02112              40.00      -20.00
02113              80.00      -20.00
02114              40.00      -24.00
02115              80.00      -24.00
02116              80.00      -20.00
02117              80.00      -16.00
02118              80.00      -20.00
02119              80.00      -20.00
02120              80.00      -24.00
02121              80.00      -20.00
02122              80.00      -20.00
02123              80.00      -24.00
02124              80.00      -20.00
02125              80.00      -20.00
02126              80.00      -20.00
02127             120.00      -16.00
02128             120.00      -20.00
02129              80.00      -16.00
02130             120.00      -20.00
02131              80.00      -20.00
02132             120.00      -20.00
02133             120.00      -24.00
02134             120.00      -20.00
02135             120.00      -20.00
02136             120.00      -24.00
02137             120.00      -20.00
02138             160.00      -16.00
02139             120.00      -16.00
02140             120.00      -20.00
02141             120.00      -16.00
02142             120.00      -24.00
02143             160.00      -24.00
02144             160.00      -20.00
02145             160.00      -20.00
02146             120.00      -16.00
02147             160.00      -12.00
02148             120.00      -12.00
02149             160.00      -20.00
02150             160.00      -20.00
02151             160.00      -24.00
02152             160.00      -20.00
02153             160.00      -20.00
02154             160.00      -20.00
02155             160.00      -20.00
02156             200.00      -16.00
02157             160.00      -16.00
02158             160.00      -16.00
02159             160.00      -16.00
02160             160.00      -20.00
02161             200.00      -20.00
02162             200.00      -20.00
02163             160.00      -24.00
02164             160.00      -20.00
02165             200.00      -20.00
02166             200.00      -20.00
02167             200.00      -20.00
02168             200.00      -20.00
02169             200.00      -16.00
02170             200.00      -20.00
02171             240.00      -24.00
02172             200.00      -16.00
02173             200.00      -20.00
02174             200.00      -24.00
02175             160.00      -20.00
02176             200.00      -24.00
02177             160.00      -16.00
02178             200.00      -20.00
02179             200.00      -20.00
02180             200.00      -20.00
02181             200.00      -20.00
02182             200.00      -16.00
02183             200.00      -16.00
02184             200.00      -24.00
02185             160.00      -16.00
02186             200.00      -16.00
02187             200.00      -16.00
02188             200.00      -16.00
02189             200.00      -16.00
02190             200.00      -16.00
02191             200.00      -20.00
02192             200.00      -16.00
02193             200.00      -20.00
02194             200.00      -20.00
02195             200.00      -16.00
02196             200.00      -24.00
02197             200.00      -20.00
02198             200.00      -24.00
02199             160.00      -16.00
02200             160.00      -20.00
02201             200.00      -16.00
02202             160.00      -24.00
02203             160.00      -20.00
02204             200.00      -16.00
02205             160.00      -16.00
02206             160.00      -16.00
02207             200.00      -16.00
02208             160.00      -20.00
02209             160.00      -16.00
02210             160.00      -16.00
02211             160.00      -12.00
02212             160.00      -16.00
02213             160.00      -16.00
02214             160.00      -12.00
02215             120.00      -20.00
02216             160.00      -16.00
02217             160.00      -20.00
02218             160.00      -20.00
02219             120.00      -16.00
02220              80.00      -20.00
02221              80.00      -20.00
02222             160.00      -20.00
02223             120.00      -12.00
02224              80.00      -12.00
02225              80.00      -16.00
02226              80.00      -20.00
02227              80.00      -16.00
02228             120.00      -16.00
02229              80.00      -16.00
02230              80.00      -20.00
02231              80.00      -20.00
02232              80.00      -12.00
02233              40.00      -16.00
02234              80.00      -12.00
02235              40.00      -16.00
02236              40.00      -12.00
02237              40.00      -16.00
02238              40.00      -20.00
02239              40.00      -12.00
02240              40.00      -16.00
02241               0.00      -16.00
02242               0.00      -16.00
02243               0.00      -16.00
02244               0.00      -20.00
02245               0.00      -16.00
02246             -40.00      -16.00
02247             -40.00      -12.00
02248             -40.00      -20.00
02249             -40.00      -16.00
02250             -40.00      -16.00
02251             -80.00      -20.00
02252             -40.00      -12.00
02253             -80.00      -20.00
02254             -80.00      -20.00
02255             -80.00      -16.00
02256             -80.00      -16.00
02257            -120.00      -16.00
02258             -80.00      -12.00
02259            -120.00      -12.00
02260            -120.00      -16.00
02261            -280.00      500.00
02262            -240.00      500.00
02263            -280.00      500.00
02264            -240.00      -32.00
02265            -280.00      -36.00
02266            -240.00      -36.00
02267            -240.00      -36.00
02268            -240.00      -32.00
02269            -240.00      -36.00
02270            -240.00      -36.00
02271            -240.00      -32.00
02272            -240.00      -28.00
02273            -240.00      -32.00
02274            -200.00      -32.00
02275            -240.00      -36.00
02276            -240.00      -28.00
02277            -240.00      -28.00
02278            -200.00      -32.00
02279            -200.00      -32.00
02280            -200.00      -28.00
02281            -200.00      -32.00
02282            -200.00      -32.00
02283            -200.00      -28.00
02284            -200.00      -32.00
02285            -200.00      -28.00
02286            -200.00      -24.00
02287            -200.00      -28.00
02288            -200.00      -24.00
02289            -200.00      -28.00
02290            -200.00      -24.00
02291            -200.00      -20.00
02292            -200.00      -28.00
02293            -200.00      -28.00
02294            -160.00      -24.00
02295            -160.00      -28.00
02296            -160.00      -24.00
02297            -160.00      -24.00
02298            -120.00      -20.00
02299            -160.00      -20.00
02300            -160.00      -20.00
02301            -160.00      -28.00
02302            -160.00      -20.00
02303            -160.00      -24.00
02304            -160.00      -24.00
02305            -160.00      -24.00
02306            -120.00      -24.00
02307            -120.00      -20.00
02308            -120.00      -24.00
02309            -120.00      -24.00
02310            -120.00      -28.00
02311            -120.00      -24.00
02312            -120.00      -24.00
02313            -120.00      -24.00
02314             -80.00      -20.00
02315            -120.00      -20.00
02316            -120.00      -24.00
02317             -80.00      -28.00
02318            -120.00      -24.00
02319             -80.00      -20.00
02320             -80.00      -24.00
02321             -80.00      -24.00
02322             -80.00      -24.00
02323             -80.00      -28.00
02324             -40.00      -20.00
02325             -80.00      -24.00
02326             -40.00      -24.00
02327             -80.00      -24.00
02328             -80.00      -16.00
02329             -40.00      -20.00
02330             -40.00      -20.00
02331             -40.00      -12.00
02332             -40.00      -20.00
02333             -40.00      -24.00
02334             -40.00      -20.00
02335               0.00      -24.00
02336             -40.00      -24.00
02337             -40.00      -20.00
02338             -40.00      -16.00
02339               0.00      -24.00
02340             -40.00      -16.00
02341             -40.00      -24.00
02342               0.00      -20.00
02343               0.00      -20.00
02344               0.00      -20.00
02345               0.00      -20.00
02346               0.00      -20.00
02347              40.00      -24.00
02348               0.00      -48.00
02349               0.00      -28.00
02350               0.00      -24.00
02351               0.00      -20.00
02352              40.00      -20.00
02353              40.00      -20.00
02354              40.00      -24.00
02355              40.00      -20.00
02356              40.00      -16.00
02357              40.00      -20.00
02358              40.00      -24.00
02359              40.00      -20.00
02360              40.00      -24.00
02361              40.00      -20.00
02362              40.00      -24.00
02363              80.00      -20.00
02364              40.00      -20.00
02365              40.00      -24.00
02366              40.00      -20.00
02367              80.00      -24.00
02368              80.00      -16.00
02369              80.00      -24.00
02370              80.00      -24.00
02371              80.00      -20.00
02372              80.00      -24.00
02373              80.00      -20.00
02374             120.00      -20.00
02375              80.00      -20.00
02376              80.00      -20.00
02377              80.00      -20.00
02378              80.00      -20.00
02379              80.00      -24.00
02380              80.00      -24.00
02381              80.00      -16.00
02382             120.00      -28.00
02383             120.00      -24.00
02384             120.00      -20.00
02385             120.00      -20.00
02386              80.00      -16.00
02387             120.00      -16.00
02388             120.00      -24.00
02389             120.00      -24.00
02390             120.00      -24.00
02391             160.00      -24.00
02392             160.00      -20.00
02393             160.00      -24.00
02394             120.00      -16.00
02395             120.00      -20.00
02396             160.00      -24.00
02397             160.00      -20.00
02398             160.00      -20.00
02399             160.00      -24.00
02400             160.00      -20.00
02401             120.00      -20.00
02402             160.00      -24.00
02403             160.00      -28.00
02404             160.00      -20.00
02405             160.00      -20.00
02406             160.00      -20.00
02407             160.00      -28.00
02408             200.00      -28.00
02409             200.00      -20.00
02410             200.00      -24.00
02411             200.00      -20.00
02412             200.00      -20.00
02413             160.00      -16.00
02414             160.00      -20.00
02415             160.00      -24.00
02416             160.00      -16.00
02417             200.00      -24.00
02418             160.00      -16.00
02419             200.00      -20.00
02420             200.00      -24.00
02421             160.00      -24.00
02422             200.00      -20.00
02423             160.00      -24.00
02424             200.00      -12.00
02425             200.00      -20.00
02426             200.00      -16.00
02427             200.00      -20.00
02428             200.00      -20.00
02429             200.00      -20.00
02430             160.00      -16.00
02431             200.00      -20.00
02432             200.00      -24.00
02433             240.00      -20.00
02434             200.00      -24.00
02435             200.00      -20.00
02436             200.00      -24.00
02437             160.00      -24.00
02438             160.00      -24.00
02439             200.00      -16.00
02440             160.00      -20.00
02441             160.00      -24.00
02442             160.00      -20.00
02443             200.00      -16.00
02444             200.00      -20.00
02445             200.00      -24.00
02446             160.00      -16.00
02447             200.00      -24.00
02448             200.00      -16.00
02449             200.00      -20.00
02450             160.00      -20.00
02451             160.00      -24.00
02452             200.00      -24.00
02453             160.00      -20.00
02454             160.00      -20.00
02455             160.00      -20.00
02456             160.00      -16.00
02457             160.00      -20.00
02458             160.00      -24.00
02459             200.00      -20.00
02460             160.00      -16.00
02461             160.00      -20.00
02462             160.00      -20.00
02463             120.00      -24.00
02464             160.00      -20.00
02465             120.00      -24.00
02466             160.00      -20.00
02467             160.00      -20.00
02468             120.00      -20.00
02469             120.00        0.00
02470             120.00      -16.00
02471             160.00      -16.00
02472             120.00      -20.00
02473             120.00      -24.00
02474             120.00      -20.00
02475             120.00      -20.00
02476              80.00      -20.00
02477              80.00      -20.00
02478              80.00      -24.00
02479              80.00      -24.00
02480              40.00      -16.00
02481              80.00      -16.00
02482              40.00      -24.00
02483              40.00      -20.00
02484              80.00      -20.00
02485              40.00      -20.00
02486              40.00      -20.00
02487              40.00      -20.00
02488              40.00      -20.00
02489               0.00      -20.00
02490              40.00      -16.00
02491               0.00      -20.00
02492               0.00      -28.00
02493             -40.00      -20.00
02494               0.00      -20.00
02495               0.00      -16.00
02496             -40.00      -16.00
02497               0.00      -24.00
02498               0.00      -20.00
02499             -40.00      -16.00
02500             -40.00      -20.00
02501             -80.00      -20.00
02502             -80.00      -12.00
02503             -40.00      -20.00
02504             -80.00      -20.00
02505             -80.00      -20.00
02506             -80.00      -16.00
02507             -80.00      -20.00
02508             -80.00      -16.00
02509            -120.00      -24.00
02510            -120.00      -16.00
02511            -240.00      500.00
02512            -280.00      500.00
02513            -280.00      500.00
02514            -240.00      -36.00
02515            -280.00      -40.00
02516            -280.00      -36.00
02517            -280.00      -40.00
02518            -240.00      -36.00
02519            -240.00      -32.00
02520            -280.00      -36.00
02521            -240.00      -32.00
02522            -240.00      -40.00
02523            -240.00      -36.00
02524            -240.00      -32.00
02525            -240.00      -40.00
02526            -200.00      -28.00
02527            -240.00      -28.00
02528            -200.00      -28.00
02529            -240.00      -28.00
02530            -240.00      -28.00
02531            -200.00      -28.00
02532            -200.00      -28.00
02533            -240.00      -32.00
02534            -200.00      -28.00
02535            -200.00      -32.00
02536            -200.00      -28.00
02537            -200.00      -24.00
02538            -160.00      -24.00
02539            -200.00      -28.00
02540            -200.00      -28.00
02541            -200.00      -24.00
02542            -200.00      -24.00
02543            -160.00      -24.00
02544            -200.00      -20.00
02545            -160.00      -24.00
02546            -160.00      -24.00
02547            -160.00      -16.00
02548            -160.00      -12.00
02549            -120.00      -16.00
02550            -200.00      -28.00
02551            -120.00      -28.00
02552            -160.00      -20.00
02553            -160.00      -24.00
02554            -160.00      -24.00
02555            -120.00      -28.00
02556            -160.00      -20.00
02557            -120.00      -20.00
02558            -120.00      -24.00
02559            -120.00      -16.00
02560            -120.00      -20.00
02561            -120.00      -28.00
02562            -120.00      -16.00
02563            -120.00      -20.00
02564            -120.00      -20.00
02565             -80.00      -20.00
02566            -120.00      -20.00
02567             -80.00      -20.00
02568             -80.00      -16.00
02569             -80.00      -16.00
02570            -120.00      -24.00
02571             -80.00      -20.00
02572             -40.00      -24.00
02573             -80.00      -20.00
02574             -40.00      -20.00
02575             -80.00      -24.00
02576             -80.00      -16.00
02577             -80.00      -20.00
02578             -80.00      -24.00
02579             -80.00      -20.00
02580             -80.00      -16.00
02581             -80.00      -16.00
02582             -40.00      -20.00
02583             -40.00      -24.00
02584             -80.00      -16.00
02585             -40.00      -12.00
02586             -80.00      -20.00
02587             -40.00      -16.00
02588               0.00      -16.00
02589             -40.00      -16.00
02590               0.00      -16.00
02591             -40.00      -16.00
02592               0.00      -20.00
02593               0.00      -16.00
02594             -40.00      -16.00
02595               0.00      -20.00
02596               0.00      -20.00
02597               0.00      -20.00
02598               0.00      -12.00
02599               0.00      -16.00
02600              40.00      -16.00
02601               0.00      -16.00
02602               0.00      -20.00
02603              40.00      -20.00
02604              40.00      -16.00
02605              40.00      -16.00
02606              40.00      -20.00
02607              40.00      -20.00
02608              80.00      -16.00
02609              40.00      -20.00
02610              40.00      -20.00
02611              40.00      -16.00
02612              40.00      -12.00
02613              40.00      -20.00
02614              40.00      -16.00
02615              40.00      -16.00
02616              80.00      -12.00
02617              40.00      -16.00
02618              80.00      -20.00
02619              80.00      -20.00
02620              80.00      -16.00
02621              80.00      -20.00
02622              80.00      -16.00
02623              80.00      -20.00
02624              80.00      -16.00
02625              80.00      -16.00
02626              80.00      -12.00
02627              80.00      -20.00
02628              80.00      -20.00
02629              80.00      -20.00
02630              80.00      -16.00
02631             120.00      -16.00
02632              80.00      -12.00
02633              80.00      -16.00
02634             120.00      -20.00
02635             120.00      -20.00
02636             120.00      -16.00
02637             120.00      -20.00
02638             120.00      -16.00
02639             120.00      -16.00
02640             120.00      -16.00
02641             120.00      -16.00
02642             120.00      -20.00
02643             120.00      -16.00
02644             160.00      -16.00
02645             160.00      -16.00
02646             120.00      -20.00
02647             160.00      -20.00
02648             160.00      -16.00
02649             160.00      -20.00
02650             160.00      -24.00
02651             160.00      -16.00
02652             160.00      -12.00
02653             160.00      -16.00
02654             160.00      -20.00
02655             160.00      -16.00
02656             160.00      -16.00
02657             160.00      -20.00
02658             160.00      -16.00
02659             160.00      -20.00
02660             160.00      -16.00
02661             160.00      -16.00
02662             200.00      -20.00
02663             200.00      -20.00
02664             200.00      -24.00
02665             200.00      -16.00
02666             160.00      -12.00
02667             160.00      -20.00
02668             200.00      -16.00
02669             160.00      -24.00
02670             200.00      -20.00
02671             200.00      -16.00
02672             200.00      -20.00
02673             200.00      -16.00
02674             200.00      -20.00
02675             200.00      -24.00
02676             200.00      -20.00
02677             200.00      -16.00
02678             200.00      -16.00
02679             160.00      -20.00
02680             200.00      -20.00
02681             200.00      -20.00
02682             200.00      -16.00
02683             200.00      -20.00
02684             200.00      -16.00
02685             200.00      -20.00
02686             200.00      -12.00
02687             200.00      -20.00
02688             200.00      -16.00
02689             200.00      -16.00
02690             200.00      -16.00
02691             200.00      -20.00
02692             160.00      -16.00
02693             200.00      -12.00
02694             160.00      -24.00
02695             160.00      -16.00
02696             200.00      -16.00
02697             200.00      -20.00
02698             200.00      -20.00
02699             200.00      -20.00
02700             200.00      -20.00
02701             200.00      -16.00
02702             160.00      -24.00
02703             160.00      -16.00
02704             160.00      -20.00
02705             160.00      -16.00
02706             200.00      -24.00
02707             160.00      -16.00
02708             200.00      -16.00
02709             160.00      -16.00
02710             160.00      -20.00
02711             160.00      -16.00
02712             160.00      -20.00
02713             160.00      -16.00
02714             160.00      -16.00
02715             160.00      -20.00
02716             120.00      -16.00
02717             120.00      -20.00
02718             120.00      -24.00
02719             120.00      -16.00
02720              80.00      -20.00
02721             160.00      -24.00
02722             120.00      -28.00
02723             120.00      -20.00
02724              80.00      -20.00
02725              80.00      -20.00
02726              80.00      -16.00
02727              80.00      -16.00
02728              80.00      -16.00
02729              80.00      -16.00
02730              80.00      -20.00
02731              40.00      -16.00
02732              40.00      -20.00
02733              40.00      -20.00
02734              40.00      -20.00
02735              80.00      -20.00
02736              40.00      -20.00
02737              40.00      -20.00
02738              40.00      -20.00
02739              40.00      -20.00
02740               0.00      -24.00
02741               0.00      -24.00
02742               0.00      -16.00
02743               0.00      -24.00
02744               0.00      -16.00
02745             -40.00      -24.00
02746             -40.00      -16.00
02747             -40.00      -20.00
02748             -40.00      -20.00
02749             -40.00      -16.00
02750             -80.00      -20.00
02751             -80.00      -20.00
02752             -80.00      -20.00
02753             -80.00      -16.00
02754             -80.00      -24.00
02755             -80.00      -24.00
02756            -120.00      -16.00
02757             -80.00      -20.00
02758             -80.00      -20.00
02759            -120.00      -20.00
02760            -120.00      -20.00
02761            -280.00      500.00
02762            -240.00      500.00
02763            -240.00      500.00
02764            -240.00      -36.00
02765            -280.00      -40.00
02766            -280.00      -36.00
02767            -240.00      -40.00
02768            -240.00      -32.00
02769            -240.00      -36.00
02770            -240.00      -36.00
02771            -240.00      -36.00
02772            -240.00      -36.00
02773            -240.00      -36.00
02774            -240.00      -32.00
02775            -240.00      -36.00
02776            -240.00      -32.00
02777            -240.00      -32.00
02778            -240.00      -28.00
02779            -200.00      -32.00
02780            -240.00      -32.00
02781            -200.00      -32.00
02782            -200.00      -32.00
02783            -200.00      -28.00
02784            -200.00      -32.00
02785            -200.00      -28.00
02786            -200.00      -28.00
02787            -200.00      -32.00
02788            -200.00      -28.00
02789            -200.00      -32.00
02790            -200.00      -28.00
02791            -200.00      -28.00
02792            -200.00      -28.00
02793            -160.00      -28.00
02794            -200.00      -28.00
02795            -200.00      -28.00
02796            -160.00      -28.00
02797            -160.00      -32.00
02798            -160.00      -24.00
02799            -200.00      -24.00
02800            -160.00      -24.00
02801            -120.00      -24.00
02802            -160.00      -24.00
02803            -120.00      -28.00
02804            -160.00      -28.00
02805            -160.00      -24.00
02806            -120.00      -24.00
02807            -120.00      -24.00
02808            -120.00      -20.00
02809            -120.00      -24.00
02810            -120.00      -24.00
02811            -120.00      -28.00
02812            -120.00      -20.00
02813             -80.00      -24.00
02814             -80.00      -20.00
02815             -80.00      -28.00
02816             -80.00      -24.00
02817             -80.00      -28.00
02818             -80.00      -24.00
02819             -80.00      -24.00
02820             -80.00      -20.00
02821             -80.00      -20.00
02822             -80.00      -24.00
02823             -80.00      -20.00
02824             -80.00      -24.00
02825             -80.00      -20.00
02826             -80.00      -24.00
02827             -80.00      -24.00
02828             -80.00      -24.00
02829             -80.00      -24.00
02830             -40.00      -24.00
02831             -40.00      -20.00
02832             -40.00      -24.00
02833             -40.00      -16.00
02834             -40.00      -20.00
02835             -40.00      -16.00
02836             -40.00      -20.00
02837               0.00      -20.00
02838             -40.00      -24.00
02839               0.00      -20.00
02840             -40.00      -20.00
02841             -40.00      -12.00
02842               0.00      -20.00
02843             -40.00      -20.00
02844               0.00      -20.00
02845               0.00      -20.00
02846               0.00      -20.00
02847               0.00      -16.00
02848               0.00      -24.00
02849               0.00      -20.00
02850              40.00      -20.00
02851               0.00      -16.00
02852               0.00      -16.00
02853              40.00      -20.00
02854              40.00      -28.00
02855               0.00      -16.00
02856              40.00      -24.00
02857              40.00      -16.00
02858              40.00      -20.00
02859              40.00      -16.00
02860              40.00      -16.00
02861              40.00      -16.00
02862              80.00      -16.00
02863              40.00      -20.00
02864              40.00      -20.00
02865              40.00      -20.00
02866              40.00      -24.00
02867              80.00      -24.00
02868              40.00      -24.00
02869              80.00      -20.00
02870              80.00      -16.00
02871              80.00      -16.00
02872              80.00      -16.00
02873              80.00      -20.00
02874              80.00      -24.00
02875              80.00      -12.00
02876              80.00      -20.00
02877             120.00      -20.00
02878              80.00      -20.00
02879              80.00      -20.00
02880              80.00      -12.00
02881              80.00      -20.00
02882             120.00      -20.00
02883             120.00      -20.00
02884             120.00      -12.00
02885             120.00      -20.00
02886             120.00      -16.00
02887             120.00      -20.00
02888             120.00      -20.00
02889             160.00      -16.00
02890             160.00      -16.00
02891             120.00      -20.00
02892             160.00      -20.00
02893             120.00      -20.00
02894             120.00      -20.00
02895             160.00      -16.00
02896             120.00      -16.00
02897             120.00      -24.00
02898             160.00      -20.00
02899             160.00      -20.00
02900             200.00      -12.00
02901             160.00      -20.00
02902             160.00      -24.00
02903             160.00      -20.00
02904             160.00      -20.00
02905             160.00      -16.00
02906             160.00      -20.00
02907             120.00      -24.00
02908             200.00      -16.00
02909             160.00      -20.00
02910             160.00      -12.00
02911             160.00      -20.00
02912             200.00      -16.00
02913             160.00      -20.00
02914             200.00      -20.00
02915             160.00      -20.00
02916             160.00      -20.00
02917             200.00      -24.00
02918             160.00      -16.00
02919             200.00      -12.00
02920             200.00      -20.00
02921             200.00      -16.00
02922             200.00      -20.00
02923             200.00      -16.00
02924             200.00      -16.00
02925             200.00      -20.00
02926             200.00      -16.00
02927             200.00      -16.00
02928             200.00      -16.00
02929             200.00      -16.00
02930             200.00      -20.00
02931             200.00      -16.00
02932             200.00      -16.00
02933             200.00      -20.00
02934             200.00      -24.00
02935             200.00      -20.00
02936             200.00      -16.00
02937             200.00      -12.00
02938             200.00      -12.00
02939             200.00      -20.00
02940             200.00      -16.00
02941             240.00      -16.00
02942             200.00      -20.00
02943             200.00      -16.00
02944             200.00      -20.00
02945             200.00      -12.00
02946             200.00      -16.00
02947             200.00      -16.00
02948             200.00      -16.00
02949             160.00      -12.00
02950             200.00      -20.00
02951             160.00      -20.00
02952             160.00      -16.00
02953             160.00      -16.00
02954             160.00      -12.00
02955             160.00      -12.00
02956             160.00      -12.00
02957             160.00      -24.00
02958             200.00      -16.00
02959             120.00      -16.00
02960             160.00      -16.00
02961             160.00      -20.00
02962             160.00      -16.00
02963             120.00      -16.00
02964             160.00      -16.00
02965             160.00      -16.00
02966             160.00      -20.00
02967             120.00      -20.00
02968             120.00      -16.00
02969             120.00      -16.00
02970             120.00      -16.00
02971             120.00      -16.00
02972             120.00      -16.00
02973              80.00      -16.00
02974             120.00      -12.00
02975             120.00      -12.00
02976             120.00      -16.00
02977             120.00      -20.00
02978              80.00      -16.00
02979              80.00      -12.00
02980              80.00      -12.00
02981              80.00      -16.00
02982              80.00      -16.00
02983              40.00      -16.00
02984              40.00      -16.00
02985              40.00      -16.00
02986              80.00      -20.00
02987              40.00      -16.00
02988              40.00      -16.00
02989              40.00      -12.00
02990              40.00      -12.00
02991               0.00      -12.00
02992               0.00      -12.00
02993              40.00      -16.00
02994               0.00      -12.00
02995             -40.00      -12.00
02996               0.00      -12.00
02997             -40.00      -16.00
02998             -40.00      -16.00
02999             -40.00      -16.00
03000             -80.00      -16.00
03001             -80.00      -20.00
03002             -40.00      -16.00
03003             -80.00      -12.00
03004             -80.00      -20.00
03005             -80.00      -16.00
03006            -120.00      -16.00
03007             -80.00      -16.00
03008             -80.00      -20.00
03009            -120.00      -20.00
03010             -80.00      -16.00
03011            -240.00      500.00
03012            -280.00      500.00
03013            -240.00      500.00
03014            -280.00      -32.00
03015            -240.00      -36.00
03016            -280.00      -36.00
03017            -240.00      -32.00
03018            -240.00      -32.00
03019            -240.00      -32.00
03020            -280.00      -32.00
03021            -240.00      -28.00
03022            -240.00      -32.00
03023            -240.00      -32.00
03024            -240.00      -32.00
03025            -240.00      -32.00
03026            -200.00      -28.00
03027            -200.00      -28.00
03028            -240.00      -28.00
03029            -240.00      -28.00
03030            -200.00      -32.00
03031            -200.00      -28.00
03032            -200.00      -32.00
03033            -200.00      -36.00
03034            -240.00      -24.00
03035            -240.00      -28.00
03036            -200.00      -28.00
03037            -200.00      -24.00
03038            -200.00      -28.00
03039            -160.00      -28.00
03040            -200.00      -32.00
03041            -160.00      -24.00
03042            -200.00      -28.00
03043            -160.00      -28.00
03044            -200.00      -32.00
03045            -200.00      -24.00
03046            -160.00      -28.00
03047            -200.00      -24.00
03048            -160.00      -28.00
03049            -160.00      -28.00
03050            -160.00      -24.00
03051            -120.00      -28.00
03052            -120.00      -28.00
03053            -160.00      -32.00
03054            -160.00      -20.00
03055            -160.00      -24.00
03056            -160.00      -20.00
03057            -120.00      -24.00
03058            -120.00      -28.00
03059            -120.00      -20.00
03060            -120.00      -24.00
03061            -120.00      -24.00
03062            -120.00      -24.00
03063            -120.00      -28.00
03064            -120.00      -24.00
03065            -120.00      -20.00
03066            -120.00      -24.00
03067            -120.00      -28.00
03068             -80.00      -28.00
03069             -80.00      -20.00
03070             -80.00      -28.00
03071             -80.00      -20.00
03072             -80.00      -24.00
03073             -80.00      -28.00
03074             -80.00      -20.00
03075             -80.00      -20.00
03076             -80.00      -20.00
03077             -40.00      -32.00
03078             -40.00      -24.00
03079             -80.00      -20.00
03080             -80.00      -24.00
03081             -80.00      -20.00
03082             -80.00      -24.00
03083             -40.00      -16.00
03084             -80.00      -24.00
03085             -40.00      -24.00
03086             -40.00      -24.00
03087             -40.00      -20.00
03088               0.00      -20.00
03089               0.00      -16.00
03090             -40.00      -24.00
03091               0.00      -28.00
03092               0.00      -20.00
03093               0.00      -24.00
03094              40.00      -20.00
03095               0.00      -20.00
03096               0.00      -28.00
03097              40.00      -16.00
03098              40.00      -20.00
03099              40.00      -24.00
03100               0.00      -20.00
03101               0.00      -20.00
03102               0.00      -16.00
03103              40.00      -24.00
03104              40.00      -20.00
03105               0.00      -20.00
03106              40.00      -20.00
03107               0.00      -16.00
03108              40.00      -24.00
03109              40.00      -24.00
03110               0.00      -20.00
03111              40.00      -24.00
03112              80.00      -28.00
03113              40.00      -24.00
03114              80.00      -20.00
03115              80.00      -16.00
03116              80.00      -24.00
03117              40.00      -20.00
03118              80.00      -20.00
03119              40.00      -20.00
03120              40.00      -20.00
03121              80.00      -20.00
03122              40.00      -24.00
03123              40.00      -20.00
03124              80.00      -24.00
03125              40.00      -20.00
03126              80.00      -20.00
03127              80.00      -16.00
03128              80.00      -20.00
03129             120.00      -24.00
03130              80.00      -20.00
03131             120.00      -20.00
03132             120.00      -20.00
03133             120.00      -24.00
03134              80.00      -20.00
03135              80.00      -20.00
03136             120.00      -20.00
03137             120.00      -16.00
03138             120.00      -20.00
03139             160.00      -20.00
03140             120.00      -20.00
03141             120.00      -28.00
03142             120.00      -24.00
03143             120.00      -20.00
03144             120.00      -16.00
03145             160.00      -16.00
03146             160.00      -20.00
03147             160.00      -28.00
03148             160.00      -20.00
03149             160.00      -20.00
03150             120.00      -20.00
03151             160.00      -16.00
03152             160.00      -20.00
03153             160.00      -20.00
03154             160.00      -12.00
03155             160.00      -16.00
03156             160.00      -16.00
03157             160.00      -20.00
03158             200.00      -16.00
03159             200.00      -16.00
03160             160.00      -16.00
03161             120.00      -16.00
03162             160.00      -20.00
03163             200.00      -20.00
03164             160.00      -20.00
03165             200.00      -20.00
03166             200.00      -20.00
03167             200.00      -16.00
03168             200.00      -24.00
03169             160.00      -16.00
03170             160.00      -20.00
03171             200.00      -20.00
03172             200.00      -12.00
03173             200.00      -16.00
03174             200.00      -16.00
03175             240.00      -20.00
03176             200.00      -16.00
03177             160.00      -24.00
03178             200.00      -20.00
03179             240.00      -24.00
03180             160.00      -20.00
03181             200.00      -24.00
03182             200.00      -20.00
03183             200.00      -16.00
03184             200.00      -20.00
03185             200.00      -20.00
03186             200.00      -16.00
03187             200.00      -20.00
03188             200.00      -20.00
03189             160.00      -16.00
03190             200.00      -20.00
03191             200.00      -20.00
03192             200.00      -20.00
03193             200.00      -16.00
03194             200.00      -20.00
03195             200.00      -28.00
03196             200.00      -20.00
03197             200.00      -24.00
03198             200.00      -16.00
03199             200.00      -20.00
03200             200.00      -16.00
03201             160.00      -20.00
03202             160.00      -20.00
03203             160.00      -12.00
03204             200.00      -20.00
03205             160.00      -20.00
03206             200.00      -12.00
03207             160.00      -24.00
03208             160.00      -20.00
03209             160.00      -16.00
03210             160.00      -20.00
03211             160.00      -16.00
03212             160.00      -20.00
03213             160.00      -20.00
03214             120.00      -16.00
03215             160.00      -20.00
03216             160.00      -20.00
03217             160.00      -20.00
03218             160.00      -24.00
03219             120.00      -24.00
03220             120.00      -20.00
03221             120.00      -20.00
03222             120.00      -16.00
03223             120.00      -24.00
03224             120.00      -20.00
03225              80.00      -16.00
03226              80.00      -16.00
03227             120.00      -20.00
03228              80.00      -24.00
03229              80.00      -20.00
03230              80.00      -16.00
03231              80.00      -12.00
03232              80.00      -16.00
03233              40.00      -20.00
03234              40.00      -24.00
03235              40.00      -24.00
03236              40.00      -16.00
03237              40.00      -20.00
03238               0.00      -16.00
03239               0.00      -20.00
03240              40.00      -12.00
03241               0.00      -16.00
03242              40.00      -20.00
03243               0.00      -20.00
03244              40.00      -20.00
03245               0.00      -12.00
03246               0.00      -20.00
03247             -40.00      -16.00
03248             -80.00      -20.00
03249             -40.00      -20.00
03250             -80.00      -16.00
03251             -40.00      -16.00
03252             -40.00      -20.00
03253             -80.00      -24.00
03254             -80.00      -20.00
03255             -80.00      -20.00
03256             -80.00      -20.00
03257             -80.00      -16.00
03258            -120.00      -20.00
03259            -160.00      -20.00
03260            -120.00      -12.00
03261            -280.00      500.00
03262            -240.00      500.00
03263            -280.00      500.00
03264            -280.00      -36.00
03265            -240.00      -36.00
03266            -280.00      -36.00
03267            -240.00      -36.00
03268            -240.00      -32.00
03269            -240.00      -28.00
03270            -240.00      -36.00
03271            -240.00      -32.00
03272            -240.00      -28.00
03273            -240.00      -32.00
03274            -240.00      -32.00
03275            -240.00      -36.00
03276            -280.00      -28.00
03277            -240.00      -32.00
03278            -200.00      -24.00
03279            -200.00      -28.00
03280            -240.00      -28.00
03281            -240.00      -24.00
03282            -240.00      -28.00
03283            -200.00      -28.00
03284            -200.00      -28.00
03285            -200.00      -28.00
03286            -200.00      -20.00
03287            -200.00      -28.00
03288            -200.00      -24.00
03289            -200.00      -16.00
03290            -160.00      -28.00
03291            -200.00      -20.00
03292            -200.00      -24.00
03293            -200.00      -24.00
03294            -200.00      -24.00
03295            -160.00      -20.00
03296            -160.00      -24.00
03297            -160.00      -28.00
03298            -160.00      -24.00
03299            -160.00      -20.00
03300            -160.00      -20.00
03301            -160.00      -24.00
03302            -160.00      -20.00
03303            -160.00      -24.00
03304            -120.00      -20.00
03305            -160.00      -20.00
03306            -160.00      -20.00
03307            -120.00      -16.00
03308            -120.00      -16.00
03309            -120.00      -20.00
03310            -160.00      -20.00
03311            -120.00      -20.00
03312            -120.00      -20.00
03313            -120.00      -24.00
03314             -80.00      -20.00
03315            -120.00      -16.00
03316             -80.00      -20.00
03317             -80.00      -16.00
03318            -120.00      -16.00
03319             -80.00      -20.00
03320            -120.00      -24.00
03321             -80.00      -20.00
03322             -80.00      -20.00
03323             -80.00      -16.00
03324             -80.00      -20.00
03325             -80.00      -20.00
03326             -80.00      -16.00
03327             -80.00      -24.00
03328             -40.00      -16.00
03329             -80.00      -16.00
03330             -40.00      -12.00
03331             -80.00      -16.00
03332             -40.00      -16.00
03333             -40.00      -24.00
03334             -80.00      -16.00
03335             -40.00      -20.00
03336             -40.00      -12.00
03337             -40.00      -16.00
03338               0.00      -20.00
03339             -40.00      -12.00
03340             -40.00      -16.00
03341             -40.00      -20.00
03342               0.00      -16.00
03343               0.00      -20.00
03344               0.00      -20.00
03345             -40.00      -16.00
03346             -40.00      -12.00
03347               0.00      -24.00
03348               0.00      -16.00
03349               0.00      -16.00
03350               0.00      -24.00
03351               0.00      -20.00
03352              40.00      -12.00
03353              40.00      -16.00
03354               0.00      -16.00
03355               0.00      -20.00
03356              40.00      -16.00
03357              40.00      -20.00
03358              40.00      -16.00
03359              40.00      -20.00
03360              40.00      -16.00
03361              40.00      -12.00
03362              40.00      -16.00
03363              40.00      -16.00
03364              40.00      -16.00
03365              40.00      -20.00
03366              80.00      -16.00
03367              40.00      -16.00
03368              40.00      -20.00
03369              80.00      -12.00
03370              40.00      -20.00
03371              80.00      -16.00
03372              80.00      -12.00
03373              80.00      -16.00
03374              80.00      -20.00
03375             120.00      -12.00
03376             120.00      -20.00
03377              80.00      -20.00
03378              80.00      -16.00
03379              80.00      -20.00
03380              80.00      -16.00
03381              80.00      -20.00
03382             120.00      -16.00
03383             120.00      -16.00
03384             120.00      -16.00
03385              80.00      -20.00
03386              80.00      -20.00
03387             120.00      -20.00
03388             120.00      -16.00
03389              80.00      -20.00
03390             160.00      -20.00
03391             160.00      -20.00
03392             120.00      -20.00
03393             120.00      -12.00
03394             120.00      -16.00
03395             120.00      -20.00
03396             160.00      -20.00
03397             160.00      -20.00
03398             160.00      -16.00
03399             160.00        0.00
03400             160.00      -16.00
03401             160.00      -20.00
03402             200.00      -12.00
03403             160.00      -16.00
03404             160.00      -16.00
03405             160.00      -20.00
03406             160.00      -20.00
03407             160.00      -20.00
03408             160.00      -20.00
03409             160.00      -24.00
03410             160.00      -16.00
03411             200.00      -20.00
03412             200.00      -20.00
03413             200.00      -20.00
03414             160.00      -20.00
03415             160.00      -20.00
03416             200.00      -24.00
03417             160.00      -24.00
03418             160.00      -20.00
03419             200.00      -20.00
03420             200.00      -16.00
03421             200.00      -24.00
03422             200.00      -16.00
03423             200.00      -20.00
03424             200.00      -20.00
03425             160.00      -20.00
03426             200.00      -20.00
03427             200.00      -16.00
03428             200.00      -24.00
03429             200.00      -16.00
03430             200.00      -16.00
03431             240.00      -16.00
03432             200.00      -20.00
03433             200.00      -20.00
03434             200.00      -20.00
03435             200.00      -16.00
03436             200.00      -20.00
03437             200.00      -20.00
03438             200.00      -24.00
03439             240.00      -16.00
03440             200.00      -16.00
03441             200.00      -16.00
03442             200.00      -20.00
03443             200.00      -20.00
03444             200.00      -20.00
03445             200.00      -24.00
03446             200.00      -20.00
03447             200.00      -24.00
03448             200.00      -16.00
03449             200.00      -24.00
03450             200.00      -16.00
03451             160.00      -12.00
03452             200.00      -20.00
03453             200.00      -20.00
03454             200.00      -12.00
03455             200.00      -20.00
03456             160.00      -16.00
03457             160.00      -12.00
03458             160.00      -20.00
03459             160.00      -12.00
03460             160.00      -20.00
03461             160.00      -16.00
03462             160.00      -20.00
03463             160.00      -12.00
03464             160.00      -20.00
03465             160.00      -24.00
03466             160.00      -20.00
03467             120.00      -20.00
03468             120.00      -16.00
03469             120.00      -20.00
03470             160.00      -16.00
03471             160.00      -16.00
03472             120.00      -16.00
03473             120.00      -24.00
03474             120.00      -20.00
03475              80.00      -20.00
03476             120.00      -20.00
03477              80.00      -20.00
03478              80.00      -20.00
03479              80.00      -16.00
03480              80.00      -20.00
03481              80.00      -20.00
03482              80.00      -28.00
03483              80.00      -20.00
03484              80.00      -16.00
03485              40.00      -24.00
03486              80.00      -20.00
03487              40.00      -24.00
03488              40.00      -12.00
03489              40.00      -16.00
03490               0.00      -20.00
03491               0.00      -24.00
03492               0.00      -20.00
03493               0.00      -12.00
03494               0.00      -20.00
03495               0.00      -20.00
03496               0.00      -20.00
03497             -40.00      -24.00
03498             -40.00      -16.00
03499             -40.00      -16.00
03500               0.00      -24.00
03501             -40.00      -20.00
03502             -40.00      -24.00
03503             -80.00      -20.00
03504             -40.00      -24.00
03505             -80.00      -24.00
03506             -80.00      -20.00
03507             -80.00      -20.00
03508             -80.00      -16.00
03509             -80.00      -16.00
03510             -80.00      -24.00
03511            -280.00      500.00
03512            -280.00      500.00
03513            -280.00      500.00
03514            -280.00      -36.00
03515            -280.00      -44.00
03516            -280.00      -40.00
03517            -280.00      -40.00
03518            -240.00      -28.00
03519            -280.00      -32.00
03520            -240.00      -36.00
03521            -240.00      -40.00
03522            -240.00      -32.00
03523            -240.00      -32.00
03524            -240.00      -32.00
03525            -240.00      -32.00
03526            -240.00      -32.00
03527            -240.00      -24.00
03528            -200.00      -40.00
03529            -200.00      -32.00
03530            -240.00      -36.00
03531            -200.00      -36.00
03532            -240.00      -28.00
03533            -200.00      -28.00
03534            -200.00      -32.00
03535            -200.00      -24.00
03536            -200.00      -28.00
03537            -200.00      -20.00
03538            -200.00      -28.00
03539            -240.00      -28.00
03540            -200.00      -28.00
03541            -160.00      -24.00
03542            -200.00      -28.00
03543            -160.00      -24.00
03544            -200.00      -28.00
03545            -200.00      -24.00
03546            -200.00      -20.00
03547            -160.00      -24.00
03548            -200.00      -24.00
03549            -160.00      -28.00
03550            -120.00      -28.00
03551            -160.00      -16.00
03552            -120.00      -24.00
03553            -160.00      -28.00
03554            -120.00      -20.00
03555            -120.00      -20.00
03556            -120.00      -24.00
03557            -160.00      -24.00
03558            -120.00      -24.00
03559            -120.00      -24.00
03560            -120.00      -24.00
03561            -120.00      -20.00
03562            -120.00      -20.00
03563            -120.00      -28.00
03564            -120.00      -16.00
03565            -120.00      -20.00
03566            -120.00      -16.00
03567            -120.00      -28.00
03568             -80.00      -16.00
03569             -80.00      -16.00
03570            -120.00      -24.00
03571             -80.00      -16.00
03572             -80.00      -28.00
03573             -80.00      -16.00
03574             -80.00      -20.00
03575             -80.00      -20.00
03576             -80.00      -16.00
03577             -80.00      -28.00
03578             -80.00      -20.00
03579             -40.00      -20.00
03580             -80.00      -20.00
03581             -80.00      -24.00
03582             -40.00      -20.00
03583             -40.00      -20.00
03584             -40.00      -20.00
03585             -40.00      -24.00
03586             -40.00      -20.00
03587             -40.00      -20.00
03588               0.00      -20.00
03589               0.00      -16.00
03590               0.00      -24.00
03591               0.00      -20.00
03592               0.00      -24.00
03593               0.00      -20.00
03594             -40.00      -20.00
03595             -40.00      -20.00
03596               0.00      -20.00
03597               0.00      -20.00
03598               0.00      -24.00
03599               0.00      -24.00
03600               0.00      -16.00
03601              40.00      -12.00
03602               0.00      -16.00
03603              40.00      -16.00
03604               0.00      -24.00
03605              40.00      -16.00
03606              40.00      -16.00
03607               0.00      -20.00
03608               0.00      -24.00
03609               0.00      -20.00
03610               0.00      -20.00
03611              80.00      -20.00
03612              40.00      -16.00
03613              40.00      -20.00
03614              80.00      -20.00
03615              80.00      -20.00
03616              80.00      -20.00
03617              40.00      -20.00
03618              80.00      -20.00
03619              80.00      -16.00
03620              80.00      -24.00
03621              80.00      -16.00
03622              40.00      -16.00
03623              40.00      -20.00
03624              80.00      -20.00
03625              80.00      -20.00
03626              80.00      -16.00
03627              80.00      -16.00
03628              80.00      -20.00
03629              80.00      -20.00
03630             120.00      -16.00
03631              80.00      -16.00
03632             120.00      -20.00
03633             120.00      -20.00
03634              80.00      -16.00
03635              80.00      -20.00
03636             120.00      -24.00
03637             120.00      -16.00
03638             120.00      -20.00
03639             120.00      -12.00
03640             120.00      -20.00
03641             120.00      -16.00
03642             120.00      -16.00
03643             120.00      -20.00
03644             120.00      -16.00
03645             160.00      -20.00
03646             120.00      -12.00
03647             160.00      -20.00
03648             120.00      -16.00
03649             160.00      -16.00
03650             160.00      -12.00
03651             160.00      -20.00
03652             160.00      -20.00
03653             160.00      -16.00
03654             160.00      -16.00
03655             160.00      -16.00
03656             160.00      -12.00
03657             160.00      -12.00
03658             160.00      -20.00
03659             160.00      -16.00
03660             160.00      -16.00
03661             200.00      -12.00
03662             200.00      -16.00
03663             160.00      -16.00
03664             160.00      -16.00
03665             200.00      -16.00
03666             200.00      -20.00
03667             200.00      -16.00
03668             160.00      -12.00
03669             160.00      -12.00
03670             160.00      -16.00
03671             200.00      -12.00
03672             200.00      -12.00
03673             200.00      -16.00
03674             240.00      -20.00
03675             160.00      -16.00
03676             200.00      -16.00
03677             160.00      -16.00
03678             200.00      -16.00
03679             200.00      -16.00
03680             200.00      -12.00
03681             200.00      -16.00
03682             200.00      -16.00
03683             200.00      -16.00
03684             200.00      -16.00
03685             200.00      -16.00
03686             200.00      -16.00
03687             200.00      -16.00
03688             200.00      -16.00
03689             240.00      -16.00
03690             200.00      -16.00
03691             200.00      -20.00
03692             200.00      -16.00
03693             200.00      -16.00
03694             200.00      -16.00
03695             200.00      -16.00
03696             200.00      -16.00
03697             200.00      -16.00
03698             160.00       -8.00
03699             200.00      -16.00
03700             160.00      -12.00
03701             160.00      -16.00
03702             200.00      -12.00
03703             200.00      -20.00
03704             200.00      -24.00
03705             160.00      -16.00
03706             160.00      -16.00
03707             160.00      -12.00
03708             200.00      -20.00
03709             160.00      -16.00
03710             160.00      -12.00
03711             160.00      -20.00
03712             160.00      -16.00
03713             160.00      -12.00
03714             160.00      -12.00
03715             160.00      -16.00
03716             160.00      -12.00
03717             160.00      -16.00
03718             160.00      -24.00
03719             120.00      -20.00
03720             160.00      -12.00
03721             120.00      -16.00
03722             120.00      -12.00
03723             120.00      -16.00
03724             120.00      -16.00
03725              80.00      -16.00
03726              80.00      -12.00
03727              80.00      -16.00
03728              80.00      -12.00
03729              80.00      -20.00
03730              80.00      -16.00
03731              80.00      -16.00
03732              80.00      -12.00
03733              80.00      -16.00
03734              80.00      -16.00
03735              40.00      -20.00
03736              40.00      -12.00
03737              40.00      -12.00
03738              40.00      -20.00
03739              40.00      -24.00
03740              40.00      -16.00
03741              40.00      -16.00
03742               0.00      -16.00
03743               0.00      -16.00
03744              40.00      -20.00
03745              40.00      -16.00
03746             -40.00      -12.00
03747               0.00      -16.00
03748             -40.00      -20.00
03749             -40.00       -8.00
03750             -40.00      -16.00
03751             -40.00      -12.00
03752             -80.00      -16.00
03753             -80.00      -20.00
03754             -80.00      -16.00
03755             -40.00      -12.00
03756             -80.00      -12.00
03757             -80.00      -16.00
03758             -80.00      -16.00
03759            -120.00      -16.00
03760            -120.00      -16.00
03761            -240.00      500.00
03762            -280.00      500.00
03763            -280.00      500.00
03764            -280.00      -32.00
03765            -280.00      -32.00
03766            -240.00      -36.00
03767            -240.00      -36.00
03768            -240.00      -36.00
03769            -240.00      -40.00
03770            -240.00      -36.00
03771            -240.00      -32.00
03772            -240.00      -28.00
03773            -240.00      -28.00
03774            -240.00      -28.00
03775            -240.00      -36.00
03776            -240.00      -32.00
03777            -240.00      -28.00
03778            -240.00      -32.00
03779            -240.00      -32.00
03780            -240.00      -28.00
03781            -240.00      -28.00
03782            -240.00      -28.00
03783            -240.00      -28.00
03784            -240.00      -28.00
03785            -240.00      -28.00
03786            -200.00      -28.00
03787            -200.00      -28.00
03788            -240.00      -28.00
03789            -200.00      -28.00
03790            -200.00      -32.00
03791            -240.00      -28.00
03792            -200.00      -24.00
03793            -200.00      -28.00
03794            -160.00      -32.00
03795            -200.00      -28.00
03796            -160.00      -28.00
03797            -200.00      -24.00
03798            -160.00      -28.00
03799            -160.00      -28.00
03800            -160.00      -28.00
03801            -120.00      -28.00
03802            -160.00      -24.00
03803            -160.00      -24.00
03804            -120.00      -24.00
03805            -160.00      -24.00
03806            -160.00      -32.00
03807            -160.00      -24.00
03808            -120.00      -24.00
03809            -120.00      -24.00
03810            -160.00      -24.00
03811            -120.00      -24.00
03812            -120.00      -20.00
03813             -80.00      -20.00
03814            -120.00      -24.00
03815            -120.00      -24.00
03816            -120.00      -24.00
03817             -80.00      -20.00
03818             -80.00      -24.00
03819            -120.00      -28.00
03820             -80.00      -28.00
03821             -80.00      -20.00
03822             -80.00      -24.00
03823            -120.00      -28.00
03824             -80.00      -24.00
03825             -80.00      -24.00
03826             -80.00      -28.00
03827             -80.00      -20.00
03828             -80.00      -20.00
03829             -80.00      -24.00
03830             -40.00      -24.00
03831             -40.00      -24.00
03832             -40.00      -20.00
03833             -40.00      -24.00
03834             -80.00      -20.00
03835             -40.00      -24.00
03836             -40.00      -24.00
03837             -40.00      -20.00
03838             -40.00      -20.00
03839             -40.00      -20.00
03840             -40.00      -20.00
03841             -40.00      -20.00
03842               0.00      -24.00
03843               0.00      -20.00
03844               0.00      -20.00
03845               0.00      -20.00
03846             -40.00      -24.00
03847             -40.00      -24.00
03848               0.00      -24.00
03849               0.00      -24.00
03850               0.00      -20.00
03851              40.00      -20.00
03852               0.00      -20.00
03853              40.00      -20.00
03854               0.00      -20.00
03855              40.00      -16.00
03856              40.00      -20.00
03857              40.00      -20.00
03858               0.00      -20.00
03859              40.00      -20.00
03860              40.00      -20.00
03861              40.00      -20.00
03862              40.00      -20.00
03863              40.00      -20.00
03864              80.00      -24.00
03865              40.00      -20.00
03866              40.00      -20.00
03867              80.00      -24.00
03868              80.00      -20.00
03869              40.00      -20.00
03870              80.00      -16.00
03871              80.00      -20.00
03872              80.00      -16.00
03873              80.00      -24.00
03874              80.00      -16.00
03875              80.00      -24.00
03876              80.00      -20.00
03877              80.00      -20.00
03878             120.00      -20.00
03879             120.00      -20.00
03880              80.00      -20.00
03881              80.00      -20.00
03882              80.00      -20.00
03883              80.00      -16.00
03884              80.00      -16.00
03885              80.00      -20.00
03886              80.00      -20.00
03887             120.00      -20.00
03888             120.00      -20.00
03889             120.00      -20.00
03890             120.00      -16.00
03891             120.00      -20.00
03892             120.00      -20.00
03893             160.00      -20.00
03894             160.00      -16.00
03895             160.00      -20.00
03896             160.00      -20.00
03897             120.00      -16.00
03898             120.00      -16.00
03899             160.00      -20.00
03900             160.00      -20.00
03901             160.00      -16.00
03902             120.00      -16.00
03903             160.00      -24.00
03904             160.00      -20.00
03905             160.00      -20.00
03906             160.00      -20.00
03907             160.00      -20.00
03908             160.00      -16.00
03909             160.00      -16.00
03910             200.00      -20.00
03911             160.00      -20.00
03912             200.00      -16.00
03913             200.00      -24.00
03914             160.00      -20.00
03915             160.00      -20.00
03916             200.00      -16.00
03917             200.00      -20.00
03918             160.00      -16.00
03919             160.00      -24.00
03920             200.00      -12.00
03921             160.00      -16.00
03922             160.00      -16.00
03923             200.00      -24.00
03924             160.00      -20.00
03925             160.00      -20.00
03926             200.00      -12.00
03927             240.00      -16.00
03928             200.00      -16.00
03929             200.00      -20.00
03930             200.00      -16.00
03931             200.00      -20.00
03932             200.00      -20.00
03933             200.00      -16.00
03934             200.00      -16.00
03935             200.00      -24.00
03936             160.00      -16.00
03937             200.00      -12.00
03938             200.00      -16.00
03939             200.00      -20.00
03940             200.00      -16.00
03941             200.00      -20.00
03942             160.00      -20.00
03943             200.00      -16.00
03944             200.00      -16.00
03945             160.00      -16.00
03946             200.00      -16.00
03947             200.00      -16.00
03948             200.00      -16.00
03949             160.00      -16.00
03950             200.00      -24.00
03951             200.00      -20.00
03952             200.00      -16.00
03953             200.00      -20.00
03954             160.00      -12.00
03955             200.00      -16.00
03956             160.00      -20.00
03957             160.00      -20.00
03958             160.00      -16.00
03959             200.00      -20.00
03960             160.00      -16.00
03961             160.00      -16.00
03962             160.00      -20.00
03963             160.00      -20.00
03964             160.00      -16.00
03965             160.00      -24.00
03966             160.00      -20.00
03967             120.00      -24.00
03968             120.00      -16.00
03969             160.00      -20.00
03970             120.00      -20.00
03971             120.00      -16.00
03972             120.00      -16.00
03973             120.00      -20.00
03974             120.00       -8.00
03975             120.00      -20.00
03976             120.00      -20.00
03977             120.00      -12.00
03978              80.00      -24.00
03979             120.00      -20.00
03980              80.00      -20.00
03981              40.00      -16.00
03982              80.00      -16.00
03983              80.00      -16.00
03984              80.00      -16.00
03985              40.00      -16.00
03986              40.00      -20.00
03987              40.00      -16.00
03988              40.00      -16.00
03989              40.00      -20.00
03990              40.00      -20.00
03991               0.00      -16.00
03992               0.00      -12.00
03993              40.00      -12.00
03994               0.00      -16.00
03995               0.00      -20.00
03996             -40.00      -12.00
03997             -40.00      -16.00
03998             -40.00      -20.00
03999             -40.00      -20.00
04000             -40.00      -20.00
04001             -40.00      -16.00
04002             -80.00      -24.00
04003             -80.00      -16.00
04004             -80.00      -16.00
04005             -80.00      -16.00
04006             -80.00      -20.00
04007             -80.00      -16.00
04008             -80.00      -12.00
04009            -120.00      -16.00
04010             -80.00      -24.00
04011            -320.00      500.00
04012            -240.00      500.00
04013            -280.00      500.00
04014            -280.00      -32.00
04015            -280.00      -40.00
04016            -280.00      -36.00
04017            -280.00      -36.00
04018            -240.00      -28.00
04019            -240.00      -36.00
04020            -240.00      -32.00
04021            -280.00      -28.00
04022            -240.00      -28.00
04023            -240.00      -28.00
04024            -240.00      -28.00
04025            -240.00      -32.00
04026            -200.00      -28.00
04027            -240.00      -28.00
04028            -240.00      -28.00
04029            -240.00      -28.00
04030            -240.00      -28.00
04031            -240.00      -24.00
04032            -240.00      -24.00
04033            -200.00      -28.00
04034            -200.00      -28.00
04035            -240.00      -28.00
04036            -200.00      -24.00
04037            -240.00      -24.00
04038            -200.00      -24.00
04039            -200.00      -20.00
04040            -200.00      -24.00
04041            -200.00      -24.00
04042            -160.00      -20.00
04043            -200.00      -24.00
04044            -200.00      -24.00
04045            -200.00      -16.00
04046            -160.00      -24.00
04047            -160.00      -24.00
04048            -160.00      -20.00
04049            -160.00      -20.00
04050            -200.00      -16.00
04051            -160.00      -24.00
04052            -160.00      -20.00
04053            -160.00      -20.00
04054            -160.00      -16.00
04055            -120.00      -20.00
04056            -120.00      -20.00
04057             -80.00      -20.00
04058            -160.00      -20.00
04059            -160.00      -20.00
04060            -120.00      -20.00
04061            -120.00      -20.00
04062            -120.00      -16.00
04063            -120.00      -20.00
04064             -80.00      -20.00
04065            -120.00      -20.00
04066            -120.00      -16.00
04067             -80.00      -16.00
04068            -120.00      -20.00
04069             -80.00      -16.00
04070            -120.00      -16.00
04071             -80.00      -24.00
04072             -80.00      -12.00
04073             -80.00      -12.00
04074             -80.00      -16.00
04075             -80.00      -16.00
04076             -80.00      -20.00
04077             -80.00      -16.00
04078             -80.00      -16.00
04079             -40.00      -16.00
04080             -80.00      -16.00
04081             -80.00      -12.00
04082             -80.00      -20.00
04083             -40.00      -16.00
04084             -80.00      -24.00
04085             -80.00      -16.00
04086             -40.00      -16.00
04087             -40.00      -20.00
04088               0.00      -12.00
04089               0.00      -20.00
04090               0.00      -12.00
04091             -40.00      -16.00
04092             -40.00      -20.00
04093               0.00      -16.00
04094               0.00      -16.00
04095               0.00      -16.00
04096             -40.00      -16.00
04097             -40.00      -16.00
04098               0.00      -16.00
04099               0.00      -16.00
04100               0.00      -16.00
04101               0.00      -20.00
04102               0.00      -20.00
04103               0.00      -20.00
04104              40.00      -20.00
04105              40.00      -20.00
04106              40.00      -16.00
04107              40.00      -12.00
04108              40.00      -16.00
04109              40.00      -20.00
04110              40.00      -20.00
04111              40.00      -16.00
04112              40.00      -16.00
04113              40.00      -20.00
04114              40.00      -16.00
04115              40.00      -16.00
04116              40.00      -16.00
04117              40.00      -12.00
04118              40.00      -12.00
04119              40.00      -16.00
04120              40.00      -16.00
04121              40.00      -16.00
04122              80.00      -16.00
04123              40.00      -16.00
04124              80.00      -16.00
04125              80.00      -16.00
04126             120.00      -20.00
04127              80.00      -16.00
04128              80.00      -16.00
04129              80.00      -20.00
04130              80.00      -16.00
04131              80.00      -16.00
04132              80.00      -16.00
04133              80.00      -20.00
04134              80.00      -16.00
04135             120.00      -16.00
04136              80.00      -20.00
04137             120.00      -20.00
04138             120.00      -20.00
04139             120.00      -16.00
04140             160.00      -20.00
04141             120.00      -16.00
04142             160.00      -20.00
04143             120.00      -24.00
04144             120.00      -20.00
04145             120.00      -16.00
04146             160.00      -20.00
04147             160.00      -20.00
04148             160.00      -16.00
04149             160.00      -20.00
04150             160.00      -20.00
04151             120.00      -20.00
04152             200.00      -24.00
04153             160.00      -20.00
04154             160.00      -20.00
04155             160.00      -16.00
04156             160.00      -20.00
04157             160.00      -24.00
04158             160.00      -20.00
04159             120.00      -20.00
04160             160.00      -16.00
04161             160.00      -12.00
04162             160.00      -20.00
04163             200.00      -20.00
04164             160.00      -16.00
04165             200.00      -12.00
04166             200.00      -20.00
04167             200.00      -20.00
04168             200.00      -24.00
04169             200.00      -20.00
04170             200.00      -20.00
04171             200.00      -20.00
04172             160.00      -12.00
04173             200.00      -16.00
04174             200.00      -20.00
04175             160.00      -16.00
04176             200.00      -20.00
04177             160.00      -24.00
04178             200.00      -24.00
04179             200.00      -16.00
04180             200.00      -16.00
04181             200.00      -20.00
04182             200.00      -20.00
04183             200.00      -16.00
04184             200.00      -16.00
04185             200.00      -20.00
04186             200.00      -24.00
04187             200.00      -20.00
04188             200.00      -20.00
04189             200.00      -20.00
04190             200.00      -16.00
04191             200.00      -20.00
04192             200.00      -20.00
04193             200.00      -20.00
04194             200.00      -20.00
04195             200.00      -20.00
04196             160.00      -20.00
04197             200.00      -16.00
04198             200.00      -20.00
04199             200.00      -16.00
04200             160.00      -16.00
04201             200.00      -24.00
04202             200.00      -20.00
04203             200.00      -16.00
04204             160.00      -20.00
04205             200.00      -20.00
04206             160.00      -20.00
04207             160.00      -24.00
04208             160.00      -16.00
04209             160.00      -16.00
04210             160.00      -24.00
04211             160.00      -20.00
04212             160.00      -28.00
04213             160.00      -20.00
04214             160.00      -20.00
04215             160.00      -12.00
04216             160.00      -20.00
04217             120.00      -24.00
04218             160.00      -20.00
04219             120.00      -16.00
04220             120.00      -20.00
04221             160.00      -20.00
04222             120.00      -16.00
04223             160.00      -20.00
04224             120.00      -20.00
04225             120.00      -24.00
04226             120.00      -20.00
04227             120.00      -20.00
04228             120.00      -20.00
04229              80.00      -20.00
04230              80.00      -20.00
04231              80.00      -24.00
04232              80.00      -20.00
04233              80.00      -20.00
04234              40.00      -16.00
04235              40.00      -16.00
04236              40.00      -20.00
04237              40.00      -20.00
04238              40.00      -12.00
04239              40.00      -20.00
04240              40.00      -16.00
04241               0.00      -16.00
04242              40.00      -16.00
04243               0.00      -20.00
04244               0.00      -20.00
04245               0.00      -20.00
04246             -40.00      -20.00
04247               0.00      -16.00
04248             -40.00      -16.00
04249             -40.00      -20.00
04250             -40.00      -20.00
04251             -40.00      -24.00
04252             -80.00      -20.00
04253             -80.00      -20.00
04254             -80.00      -12.00
04255             -80.00      -16.00
04256             -80.00      -12.00
04257             -80.00      -20.00
04258             -80.00      -12.00
04259             -80.00      -16.00
04260             -80.00      -16.00
04261            -240.00      500.00
04262            -280.00      500.00
04263            -280.00      500.00
04264            -280.00      -36.00
04265            -240.00      -36.00
04266            -240.00      -40.00
04267            -240.00      -36.00
04268            -280.00      -32.00
04269            -280.00      -32.00
04270            -240.00      -32.00
04271            -280.00      -36.00
04272            -240.00      -32.00
04273            -280.00      -36.00
04274            -240.00      -32.00
04275            -240.00      -28.00
04276            -240.00      -28.00
04277            -240.00      -32.00
04278            -200.00      -32.00
04279            -240.00      -28.00
04280            -240.00      -32.00
04281            -240.00      -28.00
04282            -200.00      -28.00
04283            -200.00      -32.00
04284            -240.00      -28.00
04285            -200.00      -28.00
04286            -240.00      -28.00
04287            -200.00      -28.00
04288            -200.00      -24.00
04289            -200.00      -28.00
04290            -200.00      -28.00
04291            -200.00      -24.00
04292            -200.00      -28.00
04293            -200.00      -28.00
04294            -160.00      -24.00
04295            -160.00      -28.00
04296            -160.00      -32.00
04297            -160.00      -24.00
04298            -160.00      -24.00
04299            -160.00      -20.00
04300            -200.00      -28.00
04301            -120.00      -24.00
04302            -160.00      -20.00
04303            -200.00      -20.00
04304            -160.00      -20.00
04305            -160.00      -20.00
04306            -120.00      -24.00
04307            -120.00      -24.00
04308            -120.00      -20.00
04309            -160.00      -20.00
04310            -120.00      -24.00
04311            -120.00      -20.00
04312            -160.00      -24.00
04313            -120.00      -28.00
04314             -80.00      -16.00
04315            -120.00      -20.00
04316             -80.00      -24.00
04317            -120.00      -20.00
04318            -120.00      -20.00
04319            -120.00      -28.00
04320            -120.00      -20.00
04321             -80.00      -20.00
04322             -80.00      -20.00
04323             -80.00      -24.00
04324             -80.00      -16.00
04325             -80.00      -20.00
04326             -80.00      -16.00
04327             -80.00      -20.00
04328             -80.00      -16.00
04329             -80.00      -24.00
04330             -80.00      -24.00
04331             -40.00      -24.00
04332             -80.00      -20.00
04333             -40.00      -20.00
04334             -40.00      -20.00
04335             -40.00      -24.00
04336             -40.00      -16.00
04337             -40.00      -24.00
04338               0.00      -16.00
04339             -40.00      -20.00
04340             -40.00      -20.00
04341               0.00      -20.00
04342               0.00      -24.00
04343               0.00      -20.00
04344               0.00      -24.00
04345               0.00      -20.00
04346               0.00      -20.00
04347               0.00      -16.00
04348               0.00      -16.00
04349               0.00      -24.00
04350              40.00      -20.00
04351               0.00      -20.00
04352               0.00      -16.00
04353               0.00      -24.00
04354               0.00      -20.00
04355              40.00      -16.00
04356              40.00      -16.00
04357              40.00      -20.00
04358              40.00      -20.00
04359              40.00      -16.00
04360              40.00      -12.00
04361               0.00      -16.00
04362              40.00      -20.00
04363              40.00      -20.00
04364              80.00      -16.00
04365              40.00      -16.00
04366              40.00      -16.00
04367              40.00      -16.00
04368              40.00      -24.00
04369              40.00      -16.00
04370              40.00      -24.00
04371              80.00      -24.00
04372              80.00      -16.00
04373              80.00      -20.00
04374              40.00      -16.00
04375              80.00      -16.00
04376              80.00      -16.00
04377             120.00      -24.00
04378              80.00      -16.00
04379              80.00      -24.00
04380              80.00      -20.00
04381              80.00      -20.00
04382              80.00      -20.00
04383             120.00      -16.00
04384              80.00      -12.00
04385             120.00       -8.00
04386             120.00      -20.00
04387             120.00      -16.00
04388              80.00      -12.00
04389             120.00      -16.00
04390             120.00      -12.00
04391             160.00      -16.00
04392             120.00      -16.00
04393             120.00      -12.00
04394             160.00      -20.00
04395             120.00      -20.00
04396             120.00      -16.00
04397             120.00      -16.00
04398             160.00      -20.00
04399             160.00      -16.00
04400             120.00      -12.00
04401             120.00      -16.00
04402             160.00      -24.00
04403             160.00      -20.00
04404             160.00      -12.00
04405             160.00      -16.00
04406             160.00      -20.00
04407             160.00      -20.00
04408             160.00      -12.00
04409             160.00      -20.00
04410             200.00      -20.00
04411             160.00      -20.00
04412             200.00      -12.00
04413             160.00      -16.00
04414             160.00      -20.00
04415             160.00      -16.00
04416             160.00      -12.00
04417             200.00      -16.00
04418             200.00      -16.00
04419             200.00      -20.00
04420             200.00      -16.00
04421             200.00      -16.00
04422             160.00      -12.00
04423             200.00      -20.00
04424             200.00      -20.00
04425             200.00      -16.00
04426             200.00      -16.00
04427             160.00      -16.00
04428             200.00      -20.00
04429             200.00      -16.00
04430             200.00      -20.00
04431             200.00      -12.00
04432             200.00      -12.00
04433             160.00      -16.00
04434             160.00      -20.00
04435             200.00      -16.00
04436             160.00      -16.00
04437             200.00      -16.00
04438             200.00       -8.00
04439             200.00      -12.00
04440             200.00      -16.00
04441             200.00       -8.00
04442             200.00      -12.00
04443             200.00      -12.00
04444             200.00      -16.00
04445             200.00      -16.00
04446             200.00      -16.00
04447             200.00      -16.00
04448             200.00      -12.00
04449             200.00      -16.00
04450             200.00       -8.00
04451             200.00      -12.00
04452             200.00      -16.00
04453             200.00      -16.00
04454             200.00      -16.00
04455             160.00      -12.00
04456             200.00      -20.00
04457             160.00      -16.00
04458             120.00      -16.00
04459             160.00      -16.00
04460             160.00      -16.00
04461             160.00      -16.00
04462             160.00      -20.00
04463             160.00      -16.00
04464             160.00      -16.00
04465             160.00      -12.00
04466             200.00      -20.00
04467             160.00      -20.00
04468             160.00      -12.00
04469             160.00      -12.00
04470             160.00      -12.00
04471             120.00      -16.00
04472             120.00      -16.00
04473             160.00      -12.00
04474             120.00      -16.00
04475             120.00      -12.00
04476             120.00      -12.00
04477             120.00      -12.00
04478              80.00      -20.00
04479              80.00      -12.00
04480             120.00      -12.00
04481              80.00      -16.00
04482              80.00      -16.00
04483              80.00      -16.00
04484              40.00      -12.00
04485              40.00      -16.00
04486              40.00      -16.00
04487              40.00      -16.00
04488               0.00       -8.00
04489               0.00      -16.00
04490              40.00      -16.00
04491              40.00      -16.00
04492              40.00      -12.00
04493              40.00      -12.00
04494               0.00      -12.00
04495               0.00      -20.00
04496               0.00      -20.00
04497               0.00      -12.00
04498             -40.00      -16.00
04499               0.00      -12.00
04500             -40.00      -16.00
04501             -40.00      -20.00
04502             -40.00      -20.00
04503             -40.00      -16.00
04504             -80.00      -20.00
04505             -40.00      -16.00
04506             -80.00      -20.00
04507             -80.00      -20.00
04508             -80.00      -12.00
04509            -120.00      -16.00
04510            -120.00      -12.00
04511            -280.00      500.00
04512            -280.00      500.00
04513            -280.00      500.00
04514            -280.00      -32.00
04515            -240.00      -36.00
04516            -280.00      -36.00
04517            -280.00      -32.00
04518            -280.00      -36.00
04519            -280.00      -32.00
04520            -240.00      -28.00
04521            -280.00      -32.00
04522            -240.00      -28.00
04523            -280.00      -32.00
04524            -280.00      -36.00
04525            -240.00      -32.00
04526            -240.00      -32.00
04527            -240.00      -32.00
04528            -240.00      -36.00
04529            -200.00      -32.00
04530            -200.00      -28.00
04531            -200.00      -32.00
04532            -240.00      -32.00
04533            -240.00      -28.00
04534            -200.00      -32.00
04535            -240.00      -28.00
04536            -200.00      -28.00
04537            -200.00      -24.00
04538            -240.00      -28.00
04539            -200.00      -32.00
04540            -200.00      -28.00
04541            -200.00      -28.00
04542            -200.00      -28.00
04543            -200.00      -24.00
04544            -160.00      -28.00
04545            -160.00      -28.00
04546            -200.00      -20.00
04547            -200.00      -28.00
04548            -160.00      -28.00
04549            -160.00      -20.00
04550            -160.00      -28.00
04551            -160.00      -20.00
04552            -160.00      -24.00
04553            -160.00      -24.00
04554            -160.00      -28.00
04555            -160.00      -20.00
04556            -160.00      -20.00
04557            -120.00      -24.00
04558            -120.00      -28.00
04559            -120.00      -24.00
04560            -120.00      -24.00
04561            -120.00      -20.00
04562            -120.00      -24.00
04563            -120.00      -28.00
04564            -120.00      -24.00
04565             -80.00      -24.00
04566            -120.00      -20.00
04567            -120.00      -20.00
04568             -80.00      -28.00
04569            -120.00      -24.00
04570             -80.00      -24.00
04571             -80.00      -24.00
04572             -80.00      -24.00
04573            -120.00      -20.00
04574             -80.00      -20.00
04575             -80.00      -20.00
04576             -80.00      -20.00
04577             -80.00      -28.00
04578             -80.00      -24.00
04579             -80.00      -24.00
04580             -80.00      -24.00
04581             -80.00      -20.00
04582             -80.00      -20.00
04583             -40.00      -20.00
04584             -40.00      -24.00
04585             -80.00      -16.00
04586             -40.00      -20.00
04587             -40.00      -20.00
04588               0.00      -24.00
04589             -40.00      -24.00
04590             -40.00      -20.00
04591               0.00      -24.00
04592             -80.00      -16.00
04593               0.00      -16.00
04594             -40.00      -20.00
04595               0.00      -24.00
04596               0.00      -16.00
04597               0.00      -28.00
04598               0.00      -20.00
04599               0.00      -20.00
04600               0.00      -20.00
04601               0.00      -20.00
04602               0.00      -24.00
04603               0.00      -20.00
04604               0.00      -16.00
04605               0.00      -20.00
04606               0.00      -20.00
04607               0.00      -24.00
04608              40.00      -20.00
04609              40.00      -20.00
04610              40.00      -16.00
04611              40.00      -24.00
04612              40.00      -20.00
04613              40.00      -16.00
04614              40.00      -20.00
04615              40.00      -20.00
04616              40.00      -20.00
04617              40.00      -20.00
04618              80.00      -16.00
04619              40.00      -16.00
04620              80.00      -20.00
04621              80.00      -20.00
04622              80.00      -12.00
04623              80.00      -16.00
04624             120.00      -20.00
04625              80.00      -20.00
04626              80.00      -20.00
04627              80.00      -16.00
04628              80.00      -20.00
04629              80.00      -24.00
04630              80.00      -20.00
04631             120.00      -16.00
04632              80.00      -16.00
04633             120.00      -16.00
04634              80.00      -16.00
04635             120.00      -24.00
04636              80.00      -16.00
04637              80.00      -16.00
04638             120.00      -16.00
04639             120.00      -20.00
04640             120.00      -16.00
04641             120.00      -16.00
04642             120.00      -16.00
04643             120.00      -16.00
04644             120.00      -24.00
04645             160.00      -24.00
04646             120.00      -16.00
04647             160.00      -16.00
04648             160.00      -16.00
04649             160.00      -16.00
04650             160.00      -12.00
04651             160.00      -16.00
04652             160.00      -16.00
04653             160.00      -16.00
04654             160.00      -16.00
04655             160.00      -20.00
04656             160.00      -16.00
04657             160.00      -12.00
04658             160.00      -24.00
04659             160.00      -16.00
04660             160.00      -16.00
04661             160.00      -16.00
04662             200.00      -16.00
04663             160.00      -20.00
04664             160.00      -16.00
04665             160.00      -16.00
04666             160.00      -16.00
04667             200.00      -20.00
04668             200.00      -16.00
04669             200.00      -24.00
04670             200.00      -16.00
04671             160.00      -20.00
04672             200.00      -16.00
04673             200.00      -16.00
04674             200.00      -16.00
04675             160.00      -16.00
04676             160.00      -16.00
04677             200.00      -16.00
04678             200.00      -20.00
04679             200.00      -16.00
04680             200.00      -20.00
04681             200.00      -12.00
04682             200.00      -16.00
04683             200.00      -24.00
04684             240.00      -20.00
04685             200.00      -12.00
04686             200.00      -16.00
04687             200.00      -16.00
04688             200.00      -20.00
04689             160.00      -16.00
04690             200.00      -20.00
04691             200.00      -16.00
04692             200.00      -16.00
04693             200.00      -20.00
04694             200.00      -16.00
04695             200.00      -20.00
04696             200.00      -20.00
04697             200.00      -16.00
04698             200.00      -12.00
04699             200.00      -12.00
04700             200.00      -20.00
04701             160.00      -16.00
04702             200.00      -12.00
04703             200.00      -20.00
04704             200.00      -16.00
04705             160.00      -24.00
04706             160.00      -12.00
04707             200.00      -16.00
04708             160.00      -24.00
04709             160.00      -16.00
04710             160.00      -16.00
04711             160.00      -16.00
04712             200.00      -20.00
04713             160.00      -24.00
04714             160.00      -16.00
04715             160.00      -12.00
04716             160.00      -16.00
04717             160.00      -16.00
04718             160.00      -16.00
04719             120.00      -12.00
04720             160.00      -20.00
04721             160.00      -16.00
04722             120.00      -16.00
04723             120.00      -12.00
04724             120.00      -12.00
04725             120.00      -16.00
04726             120.00      -24.00
04727             120.00      -12.00
04728              80.00      -16.00
04729              80.00      -16.00
04730              80.00      -20.00
04731              80.00      -12.00
04732             120.00      -20.00
04733              80.00      -16.00
04734              40.00      -12.00
04735              40.00      -16.00
04736              40.00      -16.00
04737              80.00      -16.00
04738              40.00      -20.00
04739              40.00      -20.00
04740              40.00      -20.00
04741              80.00      -16.00
04742              40.00      -16.00
04743               0.00      -16.00
04744               0.00      -24.00
04745              40.00      -12.00
04746             -40.00      -12.00
04747             -40.00      -16.00
04748               0.00      -16.00
04749               0.00      -16.00
04750             -40.00      -12.00
04751               0.00      -16.00
04752             -40.00      -16.00
04753             -80.00      -16.00
04754             -40.00      -12.00
04755             -80.00      -16.00
04756             -80.00      -16.00
04757             -80.00      -12.00
04758             -80.00      -20.00
04759             -80.00      -16.00
04760             -80.00      -16.00
04761             120.00      500.00
04762            -280.00      500.00
04763            -280.00      500.00
04764            -280.00      -32.00
04765            -280.00      -36.00
04766            -280.00      -36.00
04767            -280.00      -32.00
04768            -240.00      -36.00
04769            -280.00      -28.00
04770            -280.00      -28.00
04771            -240.00      -32.00
04772            -280.00      -28.00
04773            -280.00      -28.00
04774            -280.00      -28.00
04775            -280.00      -28.00
04776            -240.00      -32.00
04777            -280.00      -32.00
04778            -240.00      -28.00
04779            -240.00      -28.00
04780            -240.00      -28.00
04781            -240.00      -24.00
04782            -240.00      -28.00
04783            -200.00      -28.00
04784            -240.00      -24.00
04785            -200.00      -24.00
04786            -200.00      -24.00
04787            -240.00      -28.00
04788            -200.00      -20.00
04789            -200.00      -20.00
04790            -200.00      -28.00
04791            -200.00      -24.00
04792            -200.00      -24.00
04793            -160.00      -24.00
04794            -160.00      -24.00
04795            -200.00      -24.00
04796            -200.00      -20.00
04797            -160.00      -20.00
04798            -160.00      -20.00
04799            -200.00      -16.00
04800            -200.00      -24.00
04801            -160.00      -28.00
04802            -160.00      -16.00
04803            -160.00      -20.00
04804            -160.00      -16.00
04805            -160.00      -20.00
04806            -120.00      -20.00
04807            -160.00      -24.00
04808            -120.00      -20.00
04809            -160.00      -20.00
04810            -160.00      -20.00
04811            -160.00      -24.00
04812            -120.00      -16.00
04813            -120.00      -20.00
04814            -120.00      -20.00
04815            -120.00      -20.00
04816            -120.00      -20.00
04817            -120.00      -16.00
04818            -120.00      -24.00
04819             -80.00      -20.00
04820            -120.00      -20.00
04821             -80.00      -16.00
04822             -80.00      -20.00
04823             -80.00      -16.00
04824             -80.00      -20.00
04825             -80.00      -16.00
04826             -80.00      -20.00
04827             -80.00      -16.00
04828             -80.00      -20.00
04829             -80.00      -20.00
04830             -80.00      -20.00
04831             -40.00      -16.00
04832             -80.00      -16.00
04833             -80.00      -16.00
04834             -80.00      -20.00
04835             -40.00      -20.00
04836             -40.00      -16.00
04837             -40.00      -20.00
04838             -40.00      -20.00
04839             -40.00      -20.00
04840             -40.00      -16.00
04841               0.00      -16.00
04842             -40.00      -16.00
04843             -40.00      -16.00
04844               0.00      -12.00
04845               0.00      -20.00
04846               0.00      -16.00
04847               0.00      -20.00
04848               0.00      -16.00
04849               0.00      -20.00
04850               0.00      -12.00
04851               0.00      -16.00
04852               0.00      -20.00
04853               0.00      -12.00
04854              40.00      -24.00
04855               0.00      -20.00
04856              40.00      -16.00
04857              40.00      -24.00
04858               0.00      -16.00
04859              40.00      -16.00
04860               0.00      -12.00
04861              40.00      -24.00
04862              40.00      -16.00
04863              40.00      -16.00
04864              40.00      -16.00
04865              40.00      -16.00
04866              40.00      -20.00
04867              40.00      -20.00
04868              40.00      -20.00
04869              80.00      -16.00
04870              80.00      -12.00
04871              40.00      -16.00
04872              40.00      -16.00
04873              80.00      -20.00
04874              80.00      -16.00
04875              80.00      -16.00
04876             120.00      -20.00
04877              40.00      -12.00
04878              80.00      -16.00
04879             120.00      -16.00
04880              80.00      -16.00
04881              40.00      -20.00
04882             120.00      -20.00
04883             120.00      -20.00
04884              80.00      -20.00
04885             120.00      -12.00
04886              80.00      -16.00
04887              80.00      -16.00
04888              80.00      -20.00
04889             120.00      -16.00
04890             120.00      -16.00
04891             120.00      -16.00
04892             120.00      -16.00
04893             160.00      -16.00
04894             120.00      -20.00
04895             120.00      -16.00
04896             120.00      -20.00
04897             160.00      -20.00
04898             120.00      -12.00
04899             160.00      -20.00
04900             160.00      -20.00
04901             160.00      -20.00
04902             160.00      -16.00
04903             160.00      -16.00
04904             160.00      -20.00
04905             160.00      -16.00
04906             160.00      -20.00
04907             160.00      -20.00
04908             160.00      -16.00
04909             160.00      -16.00
04910             160.00      -24.00
04911             200.00      -16.00
04912             160.00      -16.00
04913             160.00      -16.00
04914             200.00      -16.00
04915             200.00      -20.00
04916             200.00      -16.00
04917             200.00      -16.00
04918             160.00      -12.00
04919             200.00      -20.00
04920             200.00      -16.00
04921             200.00      -20.00
04922             160.00      -20.00
04923             200.00      -16.00
04924             200.00      -20.00
04925             160.00      -16.00
04926             240.00      -16.00
04927             200.00      -16.00
04928             160.00      -20.00
04929             160.00      -20.00
04930             200.00      -16.00
04931             200.00      -16.00
04932             240.00      -24.00
04933             200.00      -16.00
04934             200.00      -20.00
04935             200.00      -16.00
04936             200.00      -16.00
04937             200.00      -20.00
04938             200.00      -20.00
04939             200.00      -24.00
04940             200.00      -16.00
04941             200.00      -20.00
04942             200.00      -16.00
04943             200.00      -12.00
04944             200.00      -20.00
04945             200.00      -16.00
04946             200.00      -20.00
04947             200.00      -24.00
04948             200.00      -20.00
04949             200.00      -20.00
04950             200.00      -20.00
04951             200.00      -24.00
04952             200.00      -16.00
04953             200.00      -16.00
04954             160.00      -16.00
04955             160.00      -16.00
04956             200.00      -20.00
04957             200.00      -20.00
04958             200.00      -20.00
04959             200.00      -20.00
04960             200.00      -20.00
04961             160.00      -16.00
04962             160.00      -16.00
04963             160.00      -20.00
04964             160.00      -16.00
04965             160.00      -16.00
04966             160.00      -20.00
04967             120.00      -16.00
04968             160.00      -20.00
04969             160.00      -20.00
04970             160.00      -20.00
04971             120.00      -20.00
04972             120.00      -16.00
04973             120.00      -16.00
04974             160.00      -12.00
04975              80.00      -16.00
04976             120.00      -16.00
04977             120.00      -16.00
04978             120.00      -20.00
04979              80.00      -16.00
04980              80.00      -20.00
04981              80.00      -20.00
04982              80.00      -20.00
04983              80.00      -20.00
04984              80.00      -16.00
04985              80.00      -12.00
04986              40.00      -20.00
04987              40.00      -20.00
04988              40.00      -16.00
04989              40.00      -20.00
04990              40.00      -16.00
04991              40.00      -16.00
04992              40.00      -16.00
04993               0.00      -16.00
04994               0.00      -20.00
04995               0.00      -16.00
04996               0.00      -16.00
04997               0.00      -16.00
04998               0.00      -20.00
04999               0.00      -20.00
05000             -40.00      -20.00
