Unit:(mV)
Frequency     999.989 Hz
Period          1.000 ms
00001             -24.00
00002             -24.00
00003             -22.00
00004             -24.00
00005             -22.00
00006             -24.00
00007             -22.00
00008             -22.00
00009             -22.00
00010             -12.00
00011              18.00
00012              42.00
00013              66.00
00014              88.00
00015             102.00
00016             120.00
00017             136.00
00018             148.00
00019             158.00
00020             168.00
00021             178.00
00022             188.00
00023             192.00
00024             204.00
00025             210.00
00026             212.00
00027             220.00
00028             224.00
00029             230.00
00030             232.00
00031             236.00
00032             242.00
00033             244.00
00034             248.00
00035             188.00
00036              62.00
00037              16.00
00038              -6.00
00039             -12.00
00040             -10.00
00041             -14.00
00042             -14.00
00043             -14.00
00044             -16.00
00045             -14.00
00046             -16.00
00047             -16.00
00048             -16.00
00049             -14.00
00050             -16.00
00051             -14.00
00052             -18.00
00053             -18.00
00054             -16.00
00055             -16.00
00056             -16.00
00057             -16.00
00058             -16.00
00059             -16.00
00060             -18.00
00061             -18.00
00062             -20.00
00063             -16.00
00064             -20.00
00065             -20.00
00066             -14.00
00067             -14.00
00068             -14.00
00069             -18.00
00070             -16.00
00071             -16.00
00072             -16.00
00073             -16.00
00074             -16.00
00075             -18.00
00076             -18.00
00077             -18.00
00078             -16.00
00079             -14.00
00080             -18.00
00081             -14.00
00082             -18.00
00083             -18.00
00084             -18.00
00085             -18.00
00086             -18.00
00087             -16.00
00088             -18.00
00089             -18.00
00090             -18.00
00091             -16.00
00092             -16.00
00093             -20.00
00094             -18.00
00095             -20.00
00096             -20.00
00097             -18.00
00098             -20.00
00099             -18.00
00100             -18.00
00101             -18.00
00102             -18.00
00103             -18.00
00104             -18.00
00105             -18.00
00106             -20.00
00107             -20.00
00108             -20.00
00109             -20.00
00110             -20.00
00111             -20.00
00112             -18.00
00113             -20.00
00114             -20.00
00115             -20.00
00116             -18.00
00117             -20.00
00118             -20.00
00119             -20.00
00120             -22.00
00121             -20.00
00122             -20.00
00123             -20.00
00124             -20.00
00125             -20.00
00126             -18.00
00127             -18.00
00128             -20.00
00129             -22.00
00130             -20.00
00131             -20.00
00132             -20.00
00133             -20.00
00134             -20.00
00135             -20.00
00136             -20.00
00137             -20.00
00138             -20.00
00139             -20.00
00140             -20.00
00141             -22.00
00142             -20.00
00143             -22.00
00144             -22.00
00145             -24.00
00146             -22.00
00147             -22.00
00148             -22.00
00149             -24.00
00150             -22.00
00151             -22.00
00152             -20.00
00153             -22.00
00154             -22.00
00155             -22.00
00156             -22.00
00157             -22.00
00158             -22.00
00159             -22.00
00160             -22.00
00161             -22.00
00162             -24.00
00163             -22.00
00164             -22.00
00165             -22.00
00166             -22.00
00167             -22.00
00168             -22.00
00169             -20.00
00170             -22.00
00171             -24.00
00172             -22.00
00173             -22.00
00174             -22.00
00175             -22.00
00176             -24.00
00177             -22.00
00178             -20.00
00179             -24.00
00180             -26.00
00181             -20.00
00182             -22.00
00183             -22.00
00184             -22.00
00185             -24.00
00186             -22.00
00187             -22.00
00188             -24.00
00189             -24.00
00190             -22.00
00191             -24.00
00192             -24.00
00193             -24.00
00194             -24.00
00195             -22.00
00196             -22.00
00197             -26.00
00198             -24.00
00199             -24.00
00200             -24.00
00201             -24.00
00202             -22.00
00203             -22.00
00204             -20.00
00205             -24.00
00206             -22.00
00207             -22.00
00208             -22.00
00209             -24.00
00210             -26.00
00211             -24.00
00212             -24.00
00213             -22.00
00214             -22.00
00215             -22.00
00216             -24.00
00217             -22.00
00218             -24.00
00219             -22.00
00220             -24.00
00221             -24.00
00222             -24.00
00223             -22.00
00224             -24.00
00225             -24.00
00226             -22.00
00227             -24.00
00228             -22.00
00229             -24.00
00230             -22.00
00231             -22.00
00232             -22.00
00233             -26.00
00234             -24.00
00235             -24.00
00236             -24.00
00237             -22.00
00238             -24.00
00239             -24.00
00240             -24.00
00241             -24.00
00242             -22.00
00243             -22.00
00244             -24.00
00245             -24.00
00246             -24.00
00247             -22.00
00248             -22.00
00249             -24.00
00250             -24.00
00251             -24.00
00252             -22.00
00253             -20.00
00254             -24.00
00255             -22.00
00256             -24.00
00257             -22.00
00258             -22.00
00259             -22.00
00260             -12.00
00261              18.00
00262              44.00
00263              66.00
00264              86.00
00265             102.00
00266             120.00
00267             132.00
00268             148.00
00269             158.00
00270             170.00
00271             176.00
00272             186.00
00273             196.00
00274             200.00
00275             208.00
00276             214.00
00277             220.00
00278             224.00
00279             228.00
00280             232.00
00281             236.00
00282             240.00
00283             242.00
00284             246.00
00285             186.00
00286              60.00
00287              14.00
00288              -6.00
00289             -12.00
00290             -12.00
00291             -16.00
00292             -14.00
00293             -14.00
00294             -16.00
00295             -16.00
00296             -16.00
00297             -14.00
00298             -14.00
00299             -14.00
00300             -14.00
00301             -14.00
00302             -14.00
00303             -14.00
00304             -14.00
00305             -16.00
00306             -14.00
00307             -16.00
00308             -20.00
00309             -16.00
00310             -18.00
00311             -14.00
00312             -18.00
00313             -18.00
00314             -18.00
00315             -16.00
00316             -18.00
00317             -16.00
00318             -16.00
00319             -16.00
00320             -14.00
00321             -16.00
00322             -18.00
00323             -18.00
00324             -16.00
00325             -18.00
00326             -14.00
00327             -18.00
00328             -14.00
00329             -18.00
00330             -14.00
00331             -18.00
00332             -18.00
00333             -18.00
00334             -20.00
00335             -20.00
00336             -16.00
00337             -20.00
00338             -18.00
00339             -20.00
00340             -18.00
00341             -20.00
00342             -20.00
00343             -20.00
00344             -20.00
00345             -20.00
00346             -20.00
00347             -20.00
00348             -20.00
00349             -18.00
00350             -16.00
00351             -18.00
00352             -18.00
00353             -20.00
00354             -16.00
00355             -20.00
00356             -20.00
00357             -18.00
00358             -22.00
00359             -18.00
00360             -20.00
00361             -18.00
00362             -22.00
00363             -20.00
00364             -20.00
00365             -20.00
00366             -20.00
00367             -22.00
00368             -20.00
00369             -22.00
00370             -20.00
00371             -20.00
00372             -20.00
00373             -20.00
00374             -20.00
00375             -22.00
00376             -18.00
00377             -22.00
00378             -20.00
00379             -20.00
00380             -20.00
00381             -22.00
00382             -22.00
00383             -22.00
00384             -22.00
00385             -20.00
00386             -22.00
00387             -18.00
00388             -20.00
00389             -20.00
00390             -20.00
00391             -22.00
00392             -22.00
00393             -20.00
00394             -22.00
00395             -20.00
00396             -22.00
00397             -22.00
00398             -22.00
00399             -22.00
00400             -20.00
00401             -22.00
00402             -22.00
00403             -22.00
00404             -22.00
00405             -22.00
00406             -22.00
00407             -24.00
00408             -24.00
00409             -22.00
00410             -22.00
00411             -22.00
00412             -22.00
00413             -20.00
00414             -22.00
00415             -22.00
00416             -20.00
00417             -22.00
00418             -22.00
00419             -24.00
00420             -22.00
00421             -24.00
00422             -22.00
00423             -20.00
00424             -22.00
00425             -22.00
00426             -20.00
00427             -24.00
00428             -22.00
00429             -22.00
00430             -24.00
00431             -24.00
00432             -26.00
00433             -24.00
00434             -24.00
00435             -24.00
00436             -22.00
00437             -22.00
00438             -26.00
00439             -22.00
00440             -24.00
00441             -22.00
00442             -24.00
00443             -24.00
00444             -24.00
00445             -22.00
00446             -22.00
00447             -22.00
00448             -24.00
00449             -24.00
00450             -22.00
00451             -24.00
00452             -22.00
00453             -22.00
00454             -24.00
00455             -24.00
00456             -22.00
00457             -22.00
00458             -22.00
00459             -24.00
00460             -22.00
00461             -22.00
00462             -22.00
00463             -24.00
00464             -22.00
00465             -26.00
00466             -24.00
00467             -20.00
00468             -24.00
00469             -24.00
00470             -24.00
00471             -24.00
00472             -22.00
00473             -24.00
00474             -24.00
00475             -20.00
00476             -24.00
00477             -22.00
00478             -22.00
00479             -24.00
00480             -22.00
00481             -24.00
00482             -22.00
00483             -24.00
00484             -22.00
00485             -24.00
00486             -24.00
00487             -26.00
00488             -22.00
00489             -22.00
00490             -20.00
00491             -24.00
00492             -24.00
00493             -22.00
00494             -24.00
00495             -26.00
00496             -24.00
00497             -22.00
00498             -22.00
00499             -24.00
00500             -22.00
00501             -24.00
00502             -22.00
00503             -24.00
00504             -24.00
00505             -26.00
00506             -22.00
00507             -24.00
00508             -22.00
00509             -24.00
00510             -14.00
00511              18.00
00512              44.00
00513              68.00
00514              86.00
00515             102.00
00516             120.00
00517             132.00
00518             146.00
00519             158.00
00520             168.00
00521             178.00
00522             188.00
00523             194.00
00524             202.00
00525             208.00
00526             212.00
00527             220.00
00528             224.00
00529             228.00
00530             232.00
00531             236.00
00532             242.00
00533             242.00
00534             246.00
00535             188.00
00536              62.00
00537              12.00
00538              -6.00
00539             -12.00
00540             -14.00
00541             -14.00
00542             -14.00
00543             -16.00
00544             -18.00
00545             -16.00
00546             -14.00
00547             -14.00
00548             -16.00
00549             -18.00
00550             -14.00
00551             -16.00
00552             -18.00
00553             -16.00
00554             -16.00
00555             -18.00
00556             -14.00
00557             -14.00
00558             -18.00
00559             -14.00
00560             -16.00
00561             -14.00
00562             -18.00
00563             -18.00
00564             -16.00
00565             -16.00
00566             -14.00
00567             -16.00
00568             -18.00
00569             -18.00
00570             -20.00
00571             -16.00
00572             -16.00
00573             -18.00
00574             -18.00
00575             -16.00
00576             -18.00
00577             -18.00
00578             -18.00
00579             -18.00
00580             -16.00
00581             -16.00
00582             -18.00
00583             -16.00
00584             -18.00
00585             -18.00
00586             -18.00
00587             -18.00
00588             -18.00
00589             -20.00
00590             -18.00
00591             -18.00
00592             -20.00
00593             -18.00
00594             -18.00
00595             -20.00
00596             -20.00
00597             -16.00
00598             -16.00
00599             -20.00
00600             -20.00
00601             -18.00
00602             -20.00
00603             -20.00
00604             -18.00
00605             -20.00
00606             -20.00
00607             -18.00
00608             -20.00
00609             -20.00
00610             -20.00
00611             -20.00
00612             -22.00
00613             -22.00
00614             -16.00
00615             -20.00
00616             -20.00
00617             -22.00
00618             -20.00
00619             -20.00
00620             -20.00
00621             -20.00
00622             -22.00
00623             -20.00
00624             -20.00
00625             -18.00
00626             -20.00
00627             -20.00
00628             -20.00
00629             -22.00
00630             -22.00
00631             -22.00
00632             -22.00
00633             -22.00
00634             -20.00
00635             -20.00
00636             -20.00
00637             -22.00
00638             -20.00
00639             -20.00
00640             -20.00
00641             -22.00
00642             -24.00
00643             -22.00
00644             -24.00
00645             -24.00
00646             -22.00
00647             -20.00
00648             -22.00
00649             -22.00
00650             -22.00
00651             -22.00
00652             -22.00
00653             -24.00
00654             -22.00
00655             -22.00
00656             -22.00
00657             -22.00
00658             -20.00
00659             -20.00
00660             -20.00
00661             -18.00
00662             -20.00
00663             -22.00
00664             -24.00
00665             -24.00
00666             -24.00
00667             -22.00
00668             -20.00
00669             -22.00
00670             -22.00
00671             -22.00
00672             -22.00
00673             -22.00
00674             -20.00
00675             -22.00
00676             -22.00
00677             -22.00
00678             -24.00
00679             -20.00
00680             -22.00
00681             -24.00
00682             -22.00
00683             -22.00
00684             -22.00
00685             -24.00
00686             -22.00
00687             -24.00
00688             -24.00
00689             -24.00
00690             -22.00
00691             -20.00
00692             -22.00
00693             -24.00
00694             -22.00
00695             -24.00
00696             -22.00
00697             -22.00
00698             -22.00
00699             -22.00
00700             -24.00
00701             -22.00
00702             -26.00
00703             -24.00
00704             -22.00
00705             -22.00
00706             -22.00
00707             -24.00
00708             -22.00
00709             -24.00
00710             -22.00
00711             -22.00
00712             -22.00
00713             -24.00
00714             -26.00
00715             -24.00
00716             -22.00
00717             -24.00
00718             -24.00
00719             -20.00
00720             -24.00
00721             -22.00
00722             -24.00
00723             -22.00
00724             -24.00
00725             -22.00
00726             -24.00
00727             -24.00
00728             -24.00
00729             -24.00
00730             -24.00
00731             -24.00
00732             -22.00
00733             -24.00
00734             -24.00
00735             -22.00
00736             -24.00
00737             -24.00
00738             -24.00
00739             -22.00
00740             -26.00
00741             -24.00
00742             -22.00
00743             -22.00
00744             -24.00
00745             -22.00
00746             -24.00
00747             -24.00
00748             -24.00
00749             -22.00
00750             -24.00
00751             -24.00
00752             -22.00
00753             -22.00
00754             -24.00
00755             -22.00
00756             -24.00
00757             -24.00
00758             -22.00
00759             -26.00
00760             -10.00
00761              16.00
00762              42.00
00763              66.00
00764              88.00
00765             104.00
00766             120.00
00767             130.00
00768             146.00
00769             158.00
00770             170.00
00771             176.00
00772             186.00
00773             194.00
00774             200.00
00775             208.00
00776             214.00
00777             218.00
00778             224.00
00779             228.00
00780             234.00
00781             236.00
00782             238.00
00783             242.00
00784             246.00
00785             186.00
00786              60.00
00787              14.00
00788              -4.00
00789             -12.00
00790             -14.00
00791             -14.00
00792             -16.00
00793             -14.00
00794             -16.00
00795             -16.00
00796             -18.00
00797             -16.00
00798             -14.00
00799             -16.00
00800             -16.00
00801             -14.00
00802             -16.00
00803             -14.00
00804             -18.00
00805             -16.00
00806             -16.00
00807             -16.00
00808             -16.00
00809             -16.00
00810             -16.00
00811             -18.00
00812             -14.00
00813             -18.00
00814             -14.00
00815             -18.00
00816             -18.00
00817             -14.00
00818             -18.00
00819             -16.00
00820             -16.00
00821             -14.00
00822             -14.00
00823             -20.00
00824             -18.00
00825             -16.00
00826             -18.00
00827             -18.00
00828             -18.00
00829             -16.00
00830             -20.00
00831             -14.00
00832             -18.00
00833             -16.00
00834             -16.00
00835             -16.00
00836             -18.00
00837             -18.00
00838             -18.00
00839             -18.00
00840             -18.00
00841             -20.00
00842             -18.00
00843             -18.00
00844             -20.00
00845             -20.00
00846             -18.00
00847             -20.00
00848             -20.00
00849             -20.00
00850             -20.00
00851             -20.00
00852             -20.00
00853             -20.00
00854             -18.00
00855             -20.00
00856             -20.00
00857             -20.00
00858             -16.00
00859             -18.00
00860             -20.00
00861             -20.00
00862             -20.00
00863             -20.00
00864             -22.00
00865             -20.00
00866             -20.00
00867             -20.00
00868             -20.00
00869             -18.00
00870             -20.00
00871             -20.00
00872             -20.00
00873             -20.00
00874             -20.00
00875             -20.00
00876             -20.00
00877             -20.00
00878             -20.00
00879             -22.00
00880             -22.00
00881             -20.00
00882             -22.00
00883             -22.00
00884             -22.00
00885             -20.00
00886             -22.00
00887             -20.00
00888             -20.00
00889             -22.00
00890             -20.00
00891             -22.00
00892             -22.00
00893             -20.00
00894             -20.00
00895             -20.00
00896             -22.00
00897             -20.00
00898             -18.00
00899             -24.00
00900             -22.00
00901             -24.00
00902             -24.00
00903             -20.00
00904             -22.00
00905             -22.00
00906             -24.00
00907             -22.00
00908             -22.00
00909             -22.00
00910             -22.00
00911             -22.00
00912             -22.00
00913             -22.00
00914             -22.00
00915             -22.00
00916             -22.00
00917             -22.00
00918             -20.00
00919             -20.00
00920             -22.00
00921             -22.00
00922             -24.00
00923             -22.00
00924             -24.00
00925             -24.00
00926             -20.00
00927             -22.00
00928             -24.00
00929             -22.00
00930             -24.00
00931             -24.00
00932             -22.00
00933             -24.00
00934             -22.00
00935             -24.00
00936             -24.00
00937             -24.00
00938             -22.00
00939             -22.00
00940             -22.00
00941             -24.00
00942             -24.00
00943             -22.00
00944             -22.00
00945             -22.00
00946             -24.00
00947             -24.00
00948             -22.00
00949             -24.00
00950             -24.00
00951             -20.00
00952             -24.00
00953             -22.00
00954             -24.00
00955             -22.00
00956             -24.00
00957             -22.00
00958             -24.00
00959             -24.00
00960             -24.00
00961             -22.00
00962             -24.00
00963             -24.00
00964             -26.00
00965             -22.00
00966             -24.00
00967             -22.00
00968             -24.00
00969             -22.00
00970             -24.00
00971             -20.00
00972             -24.00
00973             -26.00
00974             -22.00
00975             -22.00
00976             -22.00
00977             -24.00
00978             -20.00
00979             -20.00
00980             -22.00
00981             -26.00
00982             -24.00
00983             -24.00
00984             -22.00
00985             -22.00
00986             -24.00
00987             -24.00
00988             -22.00
00989             -24.00
00990             -22.00
00991             -22.00
00992             -22.00
00993             -24.00
00994             -22.00
00995             -22.00
00996             -24.00
00997             -24.00
00998             -24.00
00999             -24.00
01000             -24.00
01001             -22.00
01002             -24.00
01003             -24.00
01004             -22.00
01005             -24.00
01006             -24.00
01007             -22.00
01008             -24.00
01009             -24.00
01010             -14.00
01011              16.00
01012              44.00
01013              66.00
01014              86.00
01015             102.00
01016             118.00
01017             132.00
01018             146.00
01019             156.00
01020             166.00
01021             176.00
01022             186.00
01023             194.00
01024             200.00
01025             208.00
01026             214.00
01027             220.00
01028             224.00
01029             226.00
01030             232.00
01031             236.00
01032             238.00
01033             240.00
01034             246.00
01035             188.00
01036              60.00
01037              16.00
01038              -4.00
01039             -10.00
01040             -16.00
01041             -16.00
01042             -16.00
01043             -16.00
01044             -16.00
01045             -14.00
01046             -16.00
01047             -14.00
01048             -16.00
01049             -16.00
01050             -14.00
01051             -14.00
01052             -14.00
01053             -18.00
01054             -14.00
01055             -14.00
01056             -16.00
01057             -16.00
01058             -16.00
01059             -14.00
01060             -18.00
01061             -14.00
01062             -14.00
01063             -14.00
01064             -16.00
01065             -16.00
01066             -16.00
01067             -14.00
01068             -18.00
01069             -18.00
01070             -18.00
01071             -18.00
01072             -18.00
01073             -16.00
01074             -14.00
01075             -16.00
01076             -16.00
01077             -18.00
01078             -18.00
01079             -16.00
01080             -20.00
01081             -18.00
01082             -18.00
01083             -16.00
01084             -18.00
01085             -20.00
01086             -20.00
01087             -20.00
01088             -18.00
01089             -18.00
01090             -18.00
01091             -20.00
01092             -20.00
01093             -20.00
01094             -20.00
01095             -20.00
01096             -20.00
01097             -20.00
01098             -20.00
01099             -18.00
01100             -20.00
01101             -18.00
01102             -18.00
01103             -20.00
01104             -20.00
01105             -18.00
01106             -18.00
01107             -16.00
01108             -20.00
01109             -20.00
01110             -18.00
01111             -18.00
01112             -22.00
01113             -18.00
01114             -20.00
01115             -20.00
01116             -20.00
01117             -20.00
01118             -22.00
01119             -20.00
01120             -20.00
01121             -20.00
01122             -22.00
01123             -22.00
01124             -20.00
01125             -22.00
01126             -20.00
01127             -20.00
01128             -20.00
01129             -20.00
01130             -22.00
01131             -20.00
01132             -20.00
01133             -24.00
01134             -20.00
01135             -20.00
01136             -22.00
01137             -22.00
01138             -22.00
01139             -20.00
01140             -22.00
01141             -22.00
01142             -22.00
01143             -20.00
01144             -22.00
01145             -22.00
01146             -24.00
01147             -22.00
01148             -22.00
01149             -20.00
01150             -20.00
01151             -22.00
01152             -22.00
01153             -22.00
01154             -22.00
01155             -20.00
01156             -22.00
01157             -22.00
01158             -22.00
01159             -22.00
01160             -22.00
01161             -20.00
01162             -22.00
01163             -22.00
01164             -20.00
01165             -20.00
01166             -22.00
01167             -20.00
01168             -24.00
01169             -24.00
01170             -26.00
01171             -22.00
01172             -24.00
01173             -22.00
01174             -22.00
01175             -22.00
01176             -24.00
01177             -22.00
01178             -20.00
01179             -22.00
01180             -22.00
01181             -22.00
01182             -22.00
01183             -20.00
01184             -24.00
01185             -22.00
01186             -22.00
01187             -22.00
01188             -22.00
01189             -20.00
01190             -22.00
01191             -24.00
01192             -22.00
01193             -22.00
01194             -22.00
01195             -22.00
01196             -24.00
01197             -22.00
01198             -24.00
01199             -24.00
01200             -22.00
01201             -20.00
01202             -20.00
01203             -22.00
01204             -24.00
01205             -24.00
01206             -24.00
01207             -22.00
01208             -24.00
01209             -22.00
01210             -24.00
01211             -24.00
01212             -22.00
01213             -22.00
01214             -24.00
01215             -24.00
01216             -24.00
01217             -24.00
01218             -22.00
01219             -24.00
01220             -24.00
01221             -22.00
01222             -22.00
01223             -20.00
01224             -24.00
01225             -24.00
01226             -22.00
01227             -22.00
01228             -24.00
01229             -24.00
01230             -22.00
01231             -22.00
01232             -26.00
01233             -22.00
01234             -24.00
01235             -24.00
01236             -22.00
01237             -22.00
01238             -26.00
01239             -22.00
01240             -22.00
01241             -22.00
01242             -22.00
01243             -26.00
01244             -24.00
01245             -24.00
01246             -24.00
01247             -22.00
01248             -26.00
01249             -22.00
01250             -22.00
01251             -22.00
01252             -24.00
01253             -22.00
01254             -24.00
01255             -22.00
01256             -24.00
01257             -24.00
01258             -24.00
01259             -22.00
01260             -14.00
01261              20.00
01262              42.00
01263              68.00
01264              86.00
01265             102.00
01266             118.00
01267             132.00
01268             144.00
01269             156.00
01270             168.00
01271             174.00
01272             186.00
01273             196.00
01274             202.00
01275             208.00
01276             216.00
01277             220.00
01278             224.00
01279             230.00
01280             232.00
01281             236.00
01282             240.00
01283             244.00
01284             244.00
01285             188.00
01286              64.00
01287              16.00
01288              -4.00
01289             -12.00
01290             -14.00
01291             -16.00
01292             -12.00
01293             -18.00
01294             -16.00
01295             -16.00
01296             -14.00
01297             -16.00
01298             -16.00
01299             -12.00
01300             -18.00
01301             -16.00
01302             -18.00
01303             -14.00
01304             -14.00
01305             -16.00
01306             -16.00
01307             -14.00
01308             -18.00
01309             -14.00
01310             -14.00
01311             -18.00
01312             -14.00
01313             -20.00
01314             -16.00
01315             -18.00
01316             -16.00
01317             -16.00
01318             -18.00
01319             -16.00
01320             -18.00
01321             -16.00
01322             -20.00
01323             -18.00
01324             -18.00
01325             -16.00
01326             -18.00
01327             -18.00
01328             -18.00
01329             -18.00
01330             -20.00
01331             -18.00
01332             -16.00
01333             -16.00
01334             -18.00
01335             -18.00
01336             -18.00
01337             -20.00
01338             -18.00
01339             -18.00
01340             -18.00
01341             -18.00
01342             -18.00
01343             -20.00
01344             -18.00
01345             -16.00
01346             -20.00
01347             -18.00
01348             -20.00
01349             -18.00
01350             -18.00
01351             -20.00
01352             -20.00
01353             -20.00
01354             -20.00
01355             -18.00
01356             -20.00
01357             -20.00
01358             -20.00
01359             -22.00
01360             -20.00
01361             -20.00
01362             -18.00
01363             -20.00
01364             -20.00
01365             -20.00
01366             -20.00
01367             -22.00
01368             -20.00
01369             -20.00
01370             -18.00
01371             -22.00
01372             -20.00
01373             -18.00
01374             -20.00
01375             -20.00
01376             -22.00
01377             -22.00
01378             -20.00
01379             -20.00
01380             -22.00
01381             -22.00
01382             -20.00
01383             -20.00
01384             -20.00
01385             -22.00
01386             -22.00
01387             -20.00
01388             -20.00
01389             -20.00
01390             -20.00
01391             -22.00
01392             -22.00
01393             -20.00
01394             -22.00
01395             -24.00
01396             -22.00
01397             -22.00
01398             -22.00
01399             -20.00
01400             -20.00
01401             -22.00
01402             -24.00
01403             -20.00
01404             -22.00
01405             -22.00
01406             -22.00
01407             -20.00
01408             -24.00
01409             -22.00
01410             -22.00
01411             -20.00
01412             -20.00
01413             -22.00
01414             -22.00
01415             -22.00
01416             -22.00
01417             -20.00
01418             -20.00
01419             -22.00
01420             -24.00
01421             -20.00
01422             -22.00
01423             -22.00
01424             -22.00
01425             -22.00
01426             -24.00
01427             -24.00
01428             -22.00
01429             -22.00
01430             -22.00
01431             -22.00
01432             -22.00
01433             -22.00
01434             -22.00
01435             -24.00
01436             -24.00
01437             -24.00
01438             -24.00
01439             -24.00
01440             -22.00
01441             -24.00
01442             -24.00
01443             -22.00
01444             -22.00
01445             -24.00
01446             -22.00
01447             -22.00
01448             -24.00
01449             -22.00
01450             -22.00
01451             -22.00
01452             -24.00
01453             -22.00
01454             -24.00
01455             -22.00
01456             -22.00
01457             -20.00
01458             -22.00
01459             -24.00
01460             -22.00
01461             -24.00
01462             -22.00
01463             -26.00
01464             -26.00
01465             -24.00
01466             -24.00
01467             -22.00
01468             -22.00
01469             -22.00
01470             -22.00
01471             -20.00
01472             -24.00
01473             -22.00
01474             -22.00
01475             -24.00
01476             -20.00
01477             -24.00
01478             -24.00
01479             -22.00
01480             -22.00
01481             -26.00
01482             -24.00
01483             -24.00
01484             -24.00
01485             -22.00
01486             -22.00
01487             -24.00
01488             -24.00
01489             -24.00
01490             -22.00
01491             -24.00
01492             -22.00
01493             -24.00
01494             -22.00
01495             -24.00
01496             -22.00
01497             -22.00
01498             -24.00
01499             -22.00
01500             -24.00
01501             -24.00
01502             -22.00
01503             -24.00
01504             -24.00
01505             -24.00
01506             -22.00
01507             -26.00
01508             -24.00
01509             -22.00
01510             -12.00
01511              16.00
01512              40.00
01513              64.00
01514              86.00
01515             104.00
01516             120.00
01517             132.00
01518             146.00
01519             160.00
01520             170.00
01521             178.00
01522             186.00
01523             194.00
01524             198.00
01525             210.00
01526             212.00
01527             220.00
01528             222.00
01529             228.00
01530             234.00
01531             234.00
01532             240.00
01533             242.00
01534             246.00
01535             188.00
01536              62.00
01537              12.00
01538              -6.00
01539             -14.00
01540             -12.00
01541             -18.00
01542             -18.00
01543             -14.00
01544             -16.00
01545             -18.00
01546             -18.00
01547             -14.00
01548             -16.00
01549             -14.00
01550             -16.00
01551             -16.00
01552             -16.00
01553             -16.00
01554             -18.00
01555             -14.00
01556             -14.00
01557             -16.00
01558             -18.00
01559             -16.00
01560             -18.00
01561             -18.00
01562             -18.00
01563             -18.00
01564             -18.00
01565             -14.00
01566             -14.00
01567             -18.00
01568             -18.00
01569             -18.00
01570             -18.00
01571             -16.00
01572             -18.00
01573             -18.00
01574             -14.00
01575             -16.00
01576             -20.00
01577             -18.00
01578             -16.00
01579             -16.00
01580             -18.00
01581             -20.00
01582             -18.00
01583             -18.00
01584             -18.00
01585             -20.00
01586             -18.00
01587             -20.00
01588             -18.00
01589             -18.00
01590             -18.00
01591             -16.00
01592             -20.00
01593             -18.00
01594             -16.00
01595             -18.00
01596             -20.00
01597             -20.00
01598             -20.00
01599             -18.00
01600             -18.00
01601             -20.00
01602             -20.00
01603             -20.00
01604             -20.00
01605             -18.00
01606             -20.00
01607             -18.00
01608             -20.00
01609             -20.00
01610             -20.00
01611             -20.00
01612             -20.00
01613             -20.00
01614             -22.00
01615             -22.00
01616             -22.00
01617             -18.00
01618             -18.00
01619             -20.00
01620             -20.00
01621             -20.00
01622             -20.00
01623             -22.00
01624             -20.00
01625             -22.00
01626             -20.00
01627             -20.00
01628             -18.00
01629             -18.00
01630             -20.00
01631             -22.00
01632             -20.00
01633             -20.00
01634             -20.00
01635             -22.00
01636             -20.00
01637             -20.00
01638             -22.00
01639             -20.00
01640             -24.00
01641             -22.00
01642             -20.00
01643             -20.00
01644             -20.00
01645             -22.00
01646             -24.00
01647             -20.00
01648             -22.00
01649             -22.00
01650             -22.00
01651             -20.00
01652             -22.00
01653             -20.00
01654             -22.00
01655             -24.00
01656             -20.00
01657             -24.00
01658             -24.00
01659             -22.00
01660             -24.00
01661             -24.00
01662             -22.00
01663             -24.00
01664             -22.00
01665             -24.00
01666             -22.00
01667             -22.00
01668             -22.00
01669             -22.00
01670             -22.00
01671             -22.00
01672             -24.00
01673             -22.00
01674             -24.00
01675             -20.00
01676             -22.00
01677             -24.00
01678             -24.00
01679             -22.00
01680             -20.00
01681             -22.00
01682             -22.00
01683             -24.00
01684             -22.00
01685             -26.00
01686             -20.00
01687             -22.00
01688             -22.00
01689             -24.00
01690             -22.00
01691             -22.00
01692             -22.00
01693             -22.00
01694             -22.00
01695             -22.00
01696             -24.00
01697             -22.00
01698             -22.00
01699             -24.00
01700             -24.00
01701             -24.00
01702             -22.00
01703             -22.00
01704             -24.00
01705             -26.00
01706             -26.00
01707             -24.00
01708             -24.00
01709             -20.00
01710             -24.00
01711             -22.00
01712             -24.00
01713             -24.00
01714             -26.00
01715             -22.00
01716             -26.00
01717             -24.00
01718             -22.00
01719             -22.00
01720             -22.00
01721             -22.00
01722             -24.00
01723             -24.00
01724             -24.00
01725             -22.00
01726             -24.00
01727             -24.00
01728             -24.00
01729             -24.00
01730             -22.00
01731             -22.00
01732             -24.00
01733             -24.00
01734             -22.00
01735             -22.00
01736             -22.00
01737             -24.00
01738             -24.00
01739             -22.00
01740             -24.00
01741             -24.00
01742             -24.00
01743             -24.00
01744             -22.00
01745             -24.00
01746             -22.00
01747             -24.00
01748             -26.00
01749             -26.00
01750             -24.00
01751             -22.00
01752             -22.00
01753             -24.00
01754             -22.00
01755             -20.00
01756             -22.00
01757             -24.00
01758             -22.00
01759             -24.00
01760             -14.00
01761              18.00
01762              42.00
01763              64.00
01764              84.00
01765             104.00
01766             120.00
01767             134.00
01768             148.00
01769             156.00
01770             164.00
01771             178.00
01772             188.00
01773             192.00
01774             200.00
01775             206.00
01776             214.00
01777             220.00
01778             226.00
01779             228.00
01780             236.00
01781             236.00
01782             240.00
01783             242.00
01784             246.00
01785             190.00
01786              62.00
01787              16.00
01788              -4.00
01789             -12.00
01790             -14.00
01791             -14.00
01792             -14.00
01793             -16.00
01794             -14.00
01795             -16.00
01796             -14.00
01797             -16.00
01798             -16.00
01799             -16.00
01800             -14.00
01801             -14.00
01802             -16.00
01803             -16.00
01804             -18.00
01805             -18.00
01806             -16.00
01807             -16.00
01808             -16.00
01809             -16.00
01810             -16.00
01811             -16.00
01812             -14.00
01813             -18.00
01814             -16.00
01815             -18.00
01816             -16.00
01817             -18.00
01818             -16.00
01819             -18.00
01820             -18.00
01821             -14.00
01822             -18.00
01823             -18.00
01824             -20.00
01825             -18.00
01826             -18.00
01827             -18.00
01828             -20.00
01829             -18.00
01830             -20.00
01831             -20.00
01832             -20.00
01833             -16.00
01834             -18.00
01835             -20.00
01836             -18.00
01837             -18.00
01838             -16.00
01839             -16.00
01840             -16.00
01841             -16.00
01842             -16.00
01843             -16.00
01844             -18.00
01845             -18.00
01846             -18.00
01847             -18.00
01848             -20.00
01849             -18.00
01850             -20.00
01851             -18.00
01852             -18.00
01853             -20.00
01854             -18.00
01855             -18.00
01856             -18.00
01857             -20.00
01858             -20.00
01859             -20.00
01860             -20.00
01861             -18.00
01862             -20.00
01863             -20.00
01864             -20.00
01865             -18.00
01866             -18.00
01867             -20.00
01868             -20.00
01869             -20.00
01870             -20.00
01871             -18.00
01872             -20.00
01873             -20.00
01874             -20.00
01875             -20.00
01876             -20.00
01877             -22.00
01878             -20.00
01879             -18.00
01880             -22.00
01881             -20.00
01882             -22.00
01883             -20.00
01884             -22.00
01885             -20.00
01886             -22.00
01887             -22.00
01888             -20.00
01889             -20.00
01890             -22.00
01891             -22.00
01892             -22.00
01893             -24.00
01894             -20.00
01895             -22.00
01896             -26.00
01897             -22.00
01898             -22.00
01899             -22.00
01900             -20.00
01901             -20.00
01902             -22.00
01903             -24.00
01904             -20.00
01905             -22.00
01906             -22.00
01907             -22.00
01908             -24.00
01909             -20.00
01910             -22.00
01911             -22.00
01912             -20.00
01913             -20.00
01914             -22.00
01915             -22.00
01916             -22.00
01917             -22.00
01918             -20.00
01919             -24.00
01920             -22.00
01921             -22.00
01922             -24.00
01923             -24.00
01924             -22.00
01925             -24.00
01926             -22.00
01927             -22.00
01928             -22.00
01929             -22.00
01930             -24.00
01931             -22.00
01932             -24.00
01933             -22.00
01934             -22.00
01935             -20.00
01936             -22.00
01937             -22.00
01938             -24.00
01939             -22.00
01940             -22.00
01941             -22.00
01942             -22.00
01943             -22.00
01944             -22.00
01945             -24.00
01946             -20.00
01947             -24.00
01948             -22.00
01949             -24.00
01950             -22.00
01951             -22.00
01952             -22.00
01953             -24.00
01954             -24.00
01955             -22.00
01956             -24.00
01957             -22.00
01958             -22.00
01959             -24.00
01960             -24.00
01961             -26.00
01962             -22.00
01963             -20.00
01964             -22.00
01965             -22.00
01966             -24.00
01967             -22.00
01968             -26.00
01969             -24.00
01970             -22.00
01971             -26.00
01972             -24.00
01973             -22.00
01974             -20.00
01975             -22.00
01976             -22.00
01977             -22.00
01978             -22.00
01979             -24.00
01980             -26.00
01981             -24.00
01982             -22.00
01983             -20.00
01984             -22.00
01985             -22.00
01986             -22.00
01987             -22.00
01988             -24.00
01989             -24.00
01990             -24.00
01991             -26.00
01992             -22.00
01993             -24.00
01994             -22.00
01995             -22.00
01996             -24.00
01997             -26.00
01998             -22.00
01999             -22.00
02000             -24.00
02001             -22.00
02002             -24.00
02003             -24.00
02004             -22.00
02005             -24.00
02006             -22.00
02007             -24.00
02008             -24.00
02009             -26.00
02010             -14.00
02011              18.00
02012              44.00
02013              66.00
02014              86.00
02015             104.00
02016             118.00
02017             132.00
02018             146.00
02019             156.00
02020             168.00
02021             178.00
02022             186.00
02023             192.00
02024             202.00
02025             206.00
02026             214.00
02027             220.00
02028             224.00
02029             228.00
02030             232.00
02031             236.00
02032             240.00
02033             242.00
02034             246.00
02035             190.00
02036              64.00
02037              14.00
02038              -6.00
02039             -14.00
02040             -12.00
02041             -16.00
02042             -14.00
02043             -16.00
02044             -18.00
02045             -16.00
02046             -16.00
02047             -14.00
02048             -16.00
02049             -20.00
02050             -16.00
02051             -16.00
02052             -14.00
02053             -14.00
02054             -16.00
02055             -18.00
02056             -16.00
02057             -14.00
02058             -14.00
02059             -16.00
02060             -14.00
02061             -16.00
02062             -18.00
02063             -18.00
02064             -18.00
02065             -16.00
02066             -18.00
02067             -18.00
02068             -18.00
02069             -20.00
02070             -18.00
02071             -18.00
02072             -16.00
02073             -20.00
02074             -14.00
02075             -18.00
02076             -14.00
02077             -18.00
02078             -18.00
02079             -18.00
02080             -16.00
02081             -20.00
02082             -18.00
02083             -18.00
02084             -18.00
02085             -16.00
02086             -20.00
02087             -18.00
02088             -18.00
02089             -20.00
02090             -18.00
02091             -20.00
02092             -18.00
02093             -18.00
02094             -20.00
02095             -22.00
02096             -18.00
02097             -20.00
02098             -18.00
02099             -20.00
02100             -18.00
02101             -20.00
02102             -18.00
02103             -20.00
02104             -20.00
02105             -20.00
02106             -20.00
02107             -20.00
02108             -18.00
02109             -16.00
02110             -20.00
02111             -18.00
02112             -20.00
02113             -20.00
02114             -20.00
02115             -20.00
02116             -20.00
02117             -18.00
02118             -22.00
02119             -20.00
02120             -20.00
02121             -20.00
02122             -20.00
02123             -20.00
02124             -22.00
02125             -20.00
02126             -20.00
02127             -20.00
02128             -22.00
02129             -18.00
02130             -20.00
02131             -20.00
02132             -22.00
02133             -20.00
02134             -22.00
02135             -22.00
02136             -20.00
02137             -20.00
02138             -20.00
02139             -22.00
02140             -24.00
02141             -22.00
02142             -24.00
02143             -22.00
02144             -20.00
02145             -22.00
02146             -20.00
02147             -20.00
02148             -22.00
02149             -24.00
02150             -18.00
02151             -24.00
02152             -22.00
02153             -22.00
02154             -22.00
02155             -22.00
02156             -22.00
02157             -22.00
02158             -24.00
02159             -20.00
02160             -20.00
02161             -20.00
02162             -20.00
02163             -22.00
02164             -22.00
02165             -20.00
02166             -24.00
02167             -24.00
02168             -22.00
02169             -22.00
02170             -24.00
02171             -20.00
02172             -22.00
02173             -22.00
02174             -24.00
02175             -24.00
02176             -22.00
02177             -22.00
02178             -24.00
02179             -22.00
02180             -24.00
02181             -22.00
02182             -22.00
02183             -22.00
02184             -20.00
02185             -24.00
02186             -24.00
02187             -22.00
02188             -22.00
02189             -22.00
02190             -22.00
02191             -24.00
02192             -26.00
02193             -22.00
02194             -20.00
02195             -22.00
02196             -22.00
02197             -24.00
02198             -22.00
02199             -22.00
02200             -22.00
02201             -22.00
02202             -22.00
02203             -22.00
02204             -24.00
02205             -22.00
02206             -22.00
02207             -26.00
02208             -22.00
02209             -22.00
02210             -22.00
02211             -22.00
02212             -22.00
02213             -22.00
02214             -24.00
02215             -24.00
02216             -26.00
02217             -22.00
02218             -22.00
02219             -22.00
02220             -22.00
02221             -22.00
02222             -24.00
02223             -22.00
02224             -24.00
02225             -22.00
02226             -24.00
02227             -24.00
02228             -24.00
02229             -24.00
02230             -24.00
02231             -24.00
02232             -24.00
02233             -22.00
02234             -24.00
02235             -24.00
02236             -24.00
02237             -24.00
02238             -24.00
02239             -24.00
02240             -24.00
02241             -24.00
02242             -22.00
02243             -22.00
02244             -24.00
02245             -24.00
02246             -24.00
02247             -24.00
02248             -22.00
02249             -22.00
02250             -22.00
02251             -24.00
02252             -24.00
02253             -24.00
02254             -22.00
02255             -24.00
02256             -24.00
02257             -22.00
02258             -22.00
02259             -24.00
02260             -12.00
02261              14.00
02262              44.00
02263              66.00
02264              86.00
02265             104.00
02266             120.00
02267             132.00
02268             144.00
02269             158.00
02270             168.00
02271             178.00
02272             188.00
02273             196.00
02274             200.00
02275             208.00
02276             212.00
02277             216.00
02278             222.00
02279             228.00
02280             232.00
02281             236.00
02282             240.00
02283             242.00
02284             244.00
02285             190.00
02286              64.00
02287              14.00
02288              -4.00
02289             -12.00
02290             -14.00
02291             -16.00
02292             -12.00
02293             -14.00
02294             -14.00
02295             -16.00
02296             -16.00
02297             -16.00
02298             -16.00
02299             -14.00
02300             -14.00
02301             -16.00
02302             -16.00
02303             -16.00
02304             -14.00
02305             -14.00
02306             -16.00
02307             -16.00
02308             -14.00
02309             -16.00
02310             -16.00
02311             -16.00
02312             -16.00
02313             -16.00
02314             -18.00
02315             -14.00
02316             -16.00
02317             -16.00
02318             -18.00
02319             -18.00
02320             -14.00
02321             -16.00
02322             -16.00
02323             -18.00
02324             -16.00
02325             -18.00
02326             -18.00
02327             -20.00
02328             -20.00
02329             -18.00
02330             -18.00
02331             -16.00
02332             -16.00
02333             -16.00
02334             -16.00
02335             -18.00
02336             -16.00
02337             -18.00
02338             -18.00
02339             -20.00
02340             -20.00
02341             -18.00
02342             -20.00
02343             -20.00
02344             -20.00
02345             -20.00
02346             -18.00
02347             -20.00
02348             -18.00
02349             -20.00
02350             -18.00
02351             -20.00
02352             -20.00
02353             -18.00
02354             -20.00
02355             -20.00
02356             -18.00
02357             -18.00
02358             -20.00
02359             -20.00
02360             -20.00
02361             -20.00
02362             -20.00
02363             -20.00
02364             -20.00
02365             -22.00
02366             -22.00
02367             -20.00
02368             -20.00
02369             -22.00
02370             -20.00
02371             -18.00
02372             -20.00
02373             -20.00
02374             -22.00
02375             -18.00
02376             -20.00
02377             -22.00
02378             -22.00
02379             -20.00
02380             -20.00
02381             -22.00
02382             -20.00
02383             -22.00
02384             -20.00
02385             -20.00
02386             -22.00
02387             -22.00
02388             -20.00
02389             -22.00
02390             -22.00
02391             -20.00
02392             -20.00
02393             -20.00
02394             -20.00
02395             -24.00
02396             -24.00
02397             -18.00
02398             -22.00
02399             -24.00
02400             -22.00
02401             -22.00
02402             -22.00
02403             -22.00
02404             -24.00
02405             -22.00
02406             -20.00
02407             -22.00
02408             -22.00
02409             -22.00
02410             -22.00
02411             -22.00
02412             -22.00
02413             -20.00
02414             -22.00
02415             -24.00
02416             -22.00
02417             -22.00
02418             -20.00
02419             -20.00
02420             -24.00
02421             -20.00
02422             -20.00
02423             -22.00
02424             -20.00
02425             -22.00
02426             -20.00
02427             -22.00
02428             -22.00
02429             -22.00
02430             -22.00
02431             -22.00
02432             -22.00
02433             -22.00
02434             -22.00
02435             -24.00
02436             -22.00
02437             -22.00
02438             -22.00
02439             -22.00
02440             -22.00
02441             -22.00
02442             -22.00
02443             -24.00
02444             -22.00
02445             -24.00
02446             -22.00
02447             -22.00
02448             -24.00
02449             -22.00
02450             -22.00
02451             -24.00
02452             -24.00
02453             -22.00
02454             -22.00
02455             -24.00
02456             -24.00
02457             -22.00
02458             -24.00
02459             -22.00
02460             -24.00
02461             -26.00
02462             -24.00
02463             -24.00
02464             -24.00
02465             -22.00
02466             -24.00
02467             -24.00
02468             -22.00
02469             -24.00
02470             -22.00
02471             -22.00
02472             -24.00
02473             -20.00
02474             -26.00
02475             -24.00
02476             -22.00
02477             -24.00
02478             -24.00
02479             -22.00
02480             -22.00
02481             -24.00
02482             -22.00
02483             -24.00
02484             -24.00
02485             -22.00
02486             -24.00
02487             -22.00
02488             -24.00
02489             -22.00
02490             -22.00
02491             -22.00
02492             -22.00
02493             -22.00
02494             -20.00
02495             -20.00
02496             -24.00
02497             -24.00
02498             -24.00
02499             -22.00
02500             -22.00
02501             -24.00
02502             -22.00
02503             -22.00
02504             -24.00
02505             -22.00
02506             -22.00
02507             -24.00
02508             -26.00
02509             -24.00
02510             -14.00
02511              16.00
02512              40.00
02513              66.00
02514              84.00
02515             102.00
02516             120.00
02517             132.00
02518             148.00
02519             156.00
02520             170.00
02521             178.00
02522             186.00
02523             192.00
02524             200.00
02525             208.00
02526             214.00
02527             218.00
02528             226.00
02529             228.00
02530             232.00
02531             236.00
02532             242.00
02533             246.00
02534             250.00
02535             190.00
02536              64.00
02537              12.00
02538              -4.00
02539             -12.00
02540             -14.00
02541             -16.00
02542             -14.00
02543             -18.00
02544             -14.00
02545             -16.00
02546             -16.00
02547             -14.00
02548             -16.00
02549             -18.00
02550             -18.00
02551             -16.00
02552             -18.00
02553             -16.00
02554             -18.00
02555             -14.00
02556             -16.00
02557             -18.00
02558             -14.00
02559             -16.00
02560             -18.00
02561             -18.00
02562             -16.00
02563             -14.00
02564             -18.00
02565             -16.00
02566             -18.00
02567             -16.00
02568             -16.00
02569             -18.00
02570             -16.00
02571             -18.00
02572             -20.00
02573             -18.00
02574             -18.00
02575             -20.00
02576             -16.00
02577             -20.00
02578             -16.00
02579             -18.00
02580             -18.00
02581             -20.00
02582             -20.00
02583             -20.00
02584             -20.00
02585             -20.00
02586             -18.00
02587             -20.00
02588             -20.00
02589             -20.00
02590             -18.00
02591             -18.00
02592             -18.00
02593             -20.00
02594             -20.00
02595             -16.00
02596             -20.00
02597             -18.00
02598             -18.00
02599             -20.00
02600             -20.00
02601             -20.00
02602             -18.00
02603             -20.00
02604             -20.00
02605             -20.00
02606             -20.00
02607             -18.00
02608             -20.00
02609             -20.00
02610             -20.00
02611             -20.00
02612             -18.00
02613             -20.00
02614             -18.00
02615             -20.00
02616             -20.00
02617             -20.00
02618             -24.00
02619             -20.00
02620             -20.00
02621             -20.00
02622             -22.00
02623             -20.00
02624             -20.00
02625             -20.00
02626             -22.00
02627             -22.00
02628             -22.00
02629             -20.00
02630             -20.00
02631             -22.00
02632             -20.00
02633             -20.00
02634             -20.00
02635             -18.00
02636             -20.00
02637             -22.00
02638             -20.00
02639             -20.00
02640             -22.00
02641             -20.00
02642             -22.00
02643             -20.00
02644             -22.00
02645             -22.00
02646             -24.00
02647             -22.00
02648             -20.00
02649             -22.00
02650             -20.00
02651             -22.00
02652             -22.00
02653             -22.00
02654             -22.00
02655             -20.00
02656             -22.00
02657             -22.00
02658             -22.00
02659             -20.00
02660             -22.00
02661             -20.00
02662             -20.00
02663             -22.00
02664             -22.00
02665             -24.00
02666             -22.00
02667             -22.00
02668             -24.00
02669             -22.00
02670             -22.00
02671             -22.00
02672             -22.00
02673             -22.00
02674             -24.00
02675             -22.00
02676             -22.00
02677             -24.00
02678             -24.00
02679             -24.00
02680             -22.00
02681             -24.00
02682             -22.00
02683             -22.00
02684             -24.00
02685             -24.00
02686             -26.00
02687             -24.00
02688             -24.00
02689             -24.00
02690             -24.00
02691             -22.00
02692             -24.00
02693             -22.00
02694             -22.00
02695             -24.00
02696             -24.00
02697             -26.00
02698             -26.00
02699             -24.00
02700             -24.00
02701             -24.00
02702             -20.00
02703             -22.00
02704             -22.00
02705             -22.00
02706             -22.00
02707             -24.00
02708             -20.00
02709             -22.00
02710             -24.00
02711             -26.00
02712             -22.00
02713             -24.00
02714             -20.00
02715             -24.00
02716             -22.00
02717             -22.00
02718             -24.00
02719             -24.00
02720             -24.00
02721             -24.00
02722             -24.00
02723             -24.00
02724             -24.00
02725             -24.00
02726             -22.00
02727             -20.00
02728             -24.00
02729             -24.00
02730             -22.00
02731             -24.00
02732             -24.00
02733             -22.00
02734             -24.00
02735             -22.00
02736             -22.00
02737             -22.00
02738             -22.00
02739             -20.00
02740             -22.00
02741             -24.00
02742             -26.00
02743             -24.00
02744             -22.00
02745             -24.00
02746             -22.00
02747             -22.00
02748             -24.00
02749             -24.00
02750             -24.00
02751             -22.00
02752             -22.00
02753             -24.00
02754             -24.00
02755             -24.00
02756             -26.00
02757             -24.00
02758             -22.00
02759             -24.00
02760             -14.00
02761              16.00
02762              42.00
02763              66.00
02764              88.00
02765             102.00
02766             120.00
02767             132.00
02768             146.00
02769             156.00
02770             170.00
02771             178.00
02772             186.00
02773             196.00
02774             200.00
02775             208.00
02776             216.00
02777             220.00
02778             224.00
02779             228.00
02780             230.00
02781             236.00
02782             240.00
02783             244.00
02784             244.00
02785             192.00
02786              64.00
02787              14.00
02788              -4.00
02789             -10.00
02790             -16.00
02791             -16.00
02792             -18.00
02793             -16.00
02794             -14.00
02795             -16.00
02796             -18.00
02797             -14.00
02798             -14.00
02799             -16.00
02800             -16.00
02801             -18.00
02802             -16.00
02803             -16.00
02804             -14.00
02805             -16.00
02806             -18.00
02807             -14.00
02808             -16.00
02809             -16.00
02810             -14.00
02811             -18.00
02812             -16.00
02813             -16.00
02814             -18.00
02815             -16.00
02816             -16.00
02817             -14.00
02818             -18.00
02819             -18.00
02820             -18.00
02821             -18.00
02822             -18.00
02823             -18.00
02824             -18.00
02825             -16.00
02826             -16.00
02827             -16.00
02828             -20.00
02829             -18.00
02830             -18.00
02831             -18.00
02832             -18.00
02833             -18.00
02834             -20.00
02835             -18.00
02836             -18.00
02837             -20.00
02838             -16.00
02839             -18.00
02840             -18.00
02841             -18.00
02842             -20.00
02843             -16.00
02844             -18.00
02845             -20.00
02846             -20.00
02847             -20.00
02848             -22.00
02849             -18.00
02850             -20.00
02851             -18.00
02852             -18.00
02853             -18.00
02854             -18.00
02855             -18.00
02856             -20.00
02857             -22.00
02858             -20.00
02859             -20.00
02860             -18.00
02861             -16.00
02862             -20.00
02863             -18.00
02864             -20.00
02865             -20.00
02866             -22.00
02867             -20.00
02868             -20.00
02869             -20.00
02870             -20.00
02871             -20.00
02872             -20.00
02873             -20.00
02874             -20.00
02875             -22.00
02876             -20.00
02877             -20.00
02878             -22.00
02879             -20.00
02880             -20.00
02881             -20.00
02882             -20.00
02883             -20.00
02884             -20.00
02885             -20.00
02886             -20.00
02887             -20.00
02888             -20.00
02889             -22.00
02890             -22.00
02891             -22.00
02892             -22.00
02893             -24.00
02894             -22.00
02895             -22.00
02896             -22.00
02897             -20.00
02898             -22.00
02899             -20.00
02900             -20.00
02901             -22.00
02902             -22.00
02903             -22.00
02904             -22.00
02905             -20.00
02906             -22.00
02907             -20.00
02908             -24.00
02909             -24.00
02910             -24.00
02911             -22.00
02912             -22.00
02913             -22.00
02914             -22.00
02915             -24.00
02916             -22.00
02917             -22.00
02918             -22.00
02919             -24.00
02920             -24.00
02921             -22.00
02922             -22.00
02923             -22.00
02924             -20.00
02925             -24.00
02926             -22.00
02927             -24.00
02928             -22.00
02929             -22.00
02930             -24.00
02931             -22.00
02932             -24.00
02933             -22.00
02934             -20.00
02935             -22.00
02936             -22.00
02937             -24.00
02938             -22.00
02939             -22.00
02940             -24.00
02941             -24.00
02942             -22.00
02943             -22.00
02944             -22.00
02945             -24.00
02946             -24.00
02947             -20.00
02948             -22.00
02949             -24.00
02950             -22.00
02951             -22.00
02952             -22.00
02953             -24.00
02954             -24.00
02955             -26.00
02956             -24.00
02957             -24.00
02958             -24.00
02959             -24.00
02960             -24.00
02961             -24.00
02962             -22.00
02963             -24.00
02964             -22.00
02965             -24.00
02966             -24.00
02967             -24.00
02968             -22.00
02969             -24.00
02970             -22.00
02971             -22.00
02972             -22.00
02973             -22.00
02974             -26.00
02975             -26.00
02976             -24.00
02977             -22.00
02978             -24.00
02979             -22.00
02980             -22.00
02981             -24.00
02982             -22.00
02983             -22.00
02984             -24.00
02985             -24.00
02986             -22.00
02987             -24.00
02988             -24.00
02989             -24.00
02990             -24.00
02991             -22.00
02992             -24.00
02993             -24.00
02994             -24.00
02995             -24.00
02996             -24.00
02997             -22.00
02998             -24.00
02999             -26.00
03000             -24.00
03001             -24.00
03002             -22.00
03003             -22.00
03004             -24.00
03005             -22.00
03006             -22.00
03007             -22.00
03008             -22.00
03009             -22.00
03010             -14.00
03011              16.00
03012              44.00
03013              66.00
03014              86.00
03015             102.00
03016             120.00
03017             132.00
03018             148.00
03019             158.00
03020             168.00
03021             178.00
03022             188.00
03023             194.00
03024             202.00
03025             210.00
03026             214.00
03027             216.00
03028             224.00
03029             226.00
03030             232.00
03031             238.00
03032             240.00
03033             244.00
03034             246.00
03035             190.00
03036              62.00
03037              14.00
03038              -6.00
03039             -12.00
03040             -14.00
03041             -14.00
03042             -14.00
03043             -14.00
03044             -14.00
03045             -14.00
03046             -14.00
03047             -18.00
03048             -14.00
03049             -16.00
03050             -16.00
03051             -18.00
03052             -16.00
03053             -16.00
03054             -16.00
03055             -16.00
03056             -14.00
03057             -16.00
03058             -14.00
03059             -14.00
03060             -14.00
03061             -14.00
03062             -16.00
03063             -14.00
03064             -16.00
03065             -14.00
03066             -14.00
03067             -16.00
03068             -14.00
03069             -18.00
03070             -18.00
03071             -16.00
03072             -18.00
03073             -18.00
03074             -20.00
03075             -18.00
03076             -18.00
03077             -18.00
03078             -20.00
03079             -16.00
03080             -18.00
03081             -18.00
03082             -20.00
03083             -16.00
03084             -20.00
03085             -18.00
03086             -18.00
03087             -18.00
03088             -18.00
03089             -18.00
03090             -20.00
03091             -18.00
03092             -16.00
03093             -18.00
03094             -16.00
03095             -20.00
03096             -18.00
03097             -18.00
03098             -18.00
03099             -20.00
03100             -20.00
03101             -20.00
03102             -20.00
03103             -20.00
03104             -20.00
03105             -20.00
03106             -20.00
03107             -18.00
03108             -20.00
03109             -20.00
03110             -20.00
03111             -18.00
03112             -18.00
03113             -20.00
03114             -18.00
03115             -20.00
03116             -20.00
03117             -20.00
03118             -18.00
03119             -20.00
03120             -20.00
03121             -20.00
03122             -20.00
03123             -20.00
03124             -20.00
03125             -22.00
03126             -20.00
03127             -22.00
03128             -20.00
03129             -22.00
03130             -22.00
03131             -20.00
03132             -22.00
03133             -20.00
03134             -20.00
03135             -20.00
03136             -22.00
03137             -22.00
03138             -22.00
03139             -20.00
03140             -22.00
03141             -18.00
03142             -20.00
03143             -24.00
03144             -22.00
03145             -22.00
03146             -22.00
03147             -22.00
03148             -24.00
03149             -26.00
03150             -22.00
03151             -24.00
03152             -22.00
03153             -22.00
03154             -22.00
03155             -20.00
03156             -20.00
03157             -22.00
03158             -20.00
03159             -20.00
03160             -20.00
03161             -20.00
03162             -22.00
03163             -20.00
03164             -22.00
03165             -20.00
03166             -24.00
03167             -20.00
03168             -22.00
03169             -24.00
03170             -22.00
03171             -22.00
03172             -22.00
03173             -24.00
03174             -22.00
03175             -24.00
03176             -20.00
03177             -24.00
03178             -22.00
03179             -22.00
03180             -22.00
03181             -26.00
03182             -22.00
03183             -22.00
03184             -22.00
03185             -24.00
03186             -22.00
03187             -22.00
03188             -22.00
03189             -22.00
03190             -24.00
03191             -20.00
03192             -24.00
03193             -22.00
03194             -24.00
03195             -22.00
03196             -22.00
03197             -24.00
03198             -24.00
03199             -22.00
03200             -24.00
03201             -24.00
03202             -24.00
03203             -22.00
03204             -22.00
03205             -22.00
03206             -24.00
03207             -24.00
03208             -24.00
03209             -24.00
03210             -24.00
03211             -24.00
03212             -26.00
03213             -24.00
03214             -22.00
03215             -22.00
03216             -22.00
03217             -24.00
03218             -26.00
03219             -24.00
03220             -24.00
03221             -24.00
03222             -24.00
03223             -22.00
03224             -22.00
03225             -22.00
03226             -24.00
03227             -22.00
03228             -24.00
03229             -22.00
03230             -24.00
03231             -24.00
03232             -26.00
03233             -24.00
03234             -24.00
03235             -22.00
03236             -24.00
03237             -24.00
03238             -24.00
03239             -24.00
03240             -26.00
03241             -24.00
03242             -24.00
03243             -22.00
03244             -22.00
03245             -22.00
03246             -22.00
03247             -22.00
03248             -24.00
03249             -22.00
03250             -24.00
03251             -22.00
03252             -24.00
03253             -26.00
03254             -24.00
03255             -22.00
03256             -24.00
03257             -24.00
03258             -26.00
03259             -22.00
03260             -14.00
03261              16.00
03262              44.00
03263              66.00
03264              84.00
03265             104.00
03266             118.00
03267             132.00
03268             148.00
03269             158.00
03270             168.00
03271             176.00
03272             188.00
03273             194.00
03274             202.00
03275             206.00
03276             214.00
03277             218.00
03278             226.00
03279             228.00
03280             232.00
03281             236.00
03282             240.00
03283             242.00
03284             246.00
03285             192.00
03286              66.00
03287              12.00
03288              -4.00
03289             -12.00
03290             -14.00
03291             -14.00
03292             -16.00
03293             -16.00
03294             -18.00
03295             -16.00
03296             -18.00
03297             -14.00
03298             -14.00
03299             -16.00
03300             -14.00
03301             -16.00
03302             -18.00
03303             -14.00
03304             -16.00
03305             -14.00
03306             -16.00
03307             -14.00
03308             -14.00
03309             -16.00
03310             -18.00
03311             -16.00
03312             -16.00
03313             -16.00
03314             -20.00
03315             -16.00
03316             -14.00
03317             -18.00
03318             -16.00
03319             -18.00
03320             -18.00
03321             -18.00
03322             -20.00
03323             -16.00
03324             -14.00
03325             -18.00
03326             -18.00
03327             -16.00
03328             -16.00
03329             -20.00
03330             -16.00
03331             -20.00
03332             -20.00
03333             -18.00
03334             -16.00
03335             -18.00
03336             -16.00
03337             -18.00
03338             -16.00
03339             -20.00
03340             -18.00
03341             -20.00
03342             -16.00
03343             -18.00
03344             -20.00
03345             -20.00
03346             -18.00
03347             -20.00
03348             -20.00
03349             -18.00
03350             -20.00
03351             -20.00
03352             -18.00
03353             -20.00
03354             -20.00
03355             -16.00
03356             -18.00
03357             -20.00
03358             -18.00
03359             -20.00
03360             -20.00
03361             -24.00
03362             -20.00
03363             -20.00
03364             -20.00
03365             -20.00
03366             -20.00
03367             -20.00
03368             -20.00
03369             -20.00
03370             -20.00
03371             -20.00
03372             -18.00
03373             -20.00
03374             -16.00
03375             -20.00
03376             -20.00
03377             -20.00
03378             -22.00
03379             -22.00
03380             -22.00
03381             -20.00
03382             -20.00
03383             -20.00
03384             -22.00
03385             -22.00
03386             -20.00
03387             -22.00
03388             -20.00
03389             -20.00
03390             -20.00
03391             -20.00
03392             -20.00
03393             -20.00
03394             -22.00
03395             -20.00
03396             -24.00
03397             -22.00
03398             -22.00
03399             -20.00
03400             -18.00
03401             -20.00
03402             -20.00
03403             -20.00
03404             -24.00
03405             -24.00
03406             -22.00
03407             -24.00
03408             -24.00
03409             -22.00
03410             -22.00
03411             -24.00
03412             -20.00
03413             -24.00
03414             -20.00
03415             -22.00
03416             -24.00
03417             -22.00
03418             -24.00
03419             -22.00
03420             -22.00
03421             -22.00
03422             -22.00
03423             -24.00
03424             -20.00
03425             -24.00
03426             -22.00
03427             -24.00
03428             -24.00
03429             -22.00
03430             -24.00
03431             -24.00
03432             -24.00
03433             -24.00
03434             -24.00
03435             -24.00
03436             -22.00
03437             -22.00
03438             -24.00
03439             -22.00
03440             -22.00
03441             -24.00
03442             -24.00
03443             -26.00
03444             -24.00
03445             -24.00
03446             -24.00
03447             -22.00
03448             -24.00
03449             -24.00
03450             -26.00
03451             -22.00
03452             -22.00
03453             -22.00
03454             -24.00
03455             -22.00
03456             -24.00
03457             -22.00
03458             -22.00
03459             -24.00
03460             -22.00
03461             -24.00
03462             -24.00
03463             -22.00
03464             -24.00
03465             -22.00
03466             -24.00
03467             -24.00
03468             -24.00
03469             -24.00
03470             -22.00
03471             -24.00
03472             -22.00
03473             -22.00
03474             -22.00
03475             -22.00
03476             -24.00
03477             -24.00
03478             -26.00
03479             -24.00
03480             -24.00
03481             -24.00
03482             -24.00
03483             -24.00
03484             -24.00
03485             -26.00
03486             -24.00
03487             -24.00
03488             -22.00
03489             -24.00
03490             -26.00
03491             -22.00
03492             -24.00
03493             -24.00
03494             -22.00
03495             -24.00
03496             -22.00
03497             -24.00
03498             -24.00
03499             -24.00
03500             -24.00
03501             -22.00
03502             -24.00
03503             -24.00
03504             -24.00
03505             -22.00
03506             -26.00
03507             -24.00
03508             -24.00
03509             -24.00
03510             -12.00
03511              16.00
03512              40.00
03513              64.00
03514              86.00
03515             104.00
03516             118.00
03517             134.00
03518             146.00
03519             158.00
03520             166.00
03521             176.00
03522             188.00
03523             196.00
03524             200.00
03525             204.00
03526             212.00
03527             220.00
03528             224.00
03529             230.00
03530             234.00
03531             236.00
03532             240.00
03533             244.00
03534             248.00
03535             194.00
03536              62.00
03537              16.00
03538              -6.00
03539             -14.00
03540             -14.00
03541             -16.00
03542             -14.00
03543             -14.00
03544             -16.00
03545             -16.00
03546             -14.00
03547             -16.00
03548             -14.00
03549             -14.00
03550             -16.00
03551             -18.00
03552             -16.00
03553             -16.00
03554             -16.00
03555             -18.00
03556             -18.00
03557             -14.00
03558             -18.00
03559             -16.00
03560             -16.00
03561             -20.00
03562             -16.00
03563             -16.00
03564             -16.00
03565             -14.00
03566             -16.00
03567             -18.00
03568             -16.00
03569             -18.00
03570             -18.00
03571             -16.00
03572             -16.00
03573             -16.00
03574             -18.00
03575             -18.00
03576             -16.00
03577             -16.00
03578             -16.00
03579             -16.00
03580             -16.00
03581             -18.00
03582             -20.00
03583             -20.00
03584             -18.00
03585             -20.00
03586             -18.00
03587             -18.00
03588             -18.00
03589             -16.00
03590             -20.00
03591             -16.00
03592             -18.00
03593             -18.00
03594             -16.00
03595             -18.00
03596             -18.00
03597             -18.00
03598             -16.00
03599             -20.00
03600             -20.00
03601             -24.00
03602             -18.00
03603             -18.00
03604             -20.00
03605             -18.00
03606             -20.00
03607             -20.00
03608             -18.00
03609             -20.00
03610             -22.00
03611             -22.00
03612             -18.00
03613             -20.00
03614             -20.00
03615             -18.00
03616             -20.00
03617             -20.00
03618             -20.00
03619             -20.00
03620             -20.00
03621             -20.00
03622             -22.00
03623             -20.00
03624             -20.00
03625             -20.00
03626             -22.00
03627             -20.00
03628             -20.00
03629             -20.00
03630             -20.00
03631             -22.00
03632             -24.00
03633             -20.00
03634             -22.00
03635             -20.00
03636             -22.00
03637             -20.00
03638             -22.00
03639             -18.00
03640             -20.00
03641             -20.00
03642             -20.00
03643             -22.00
03644             -20.00
03645             -24.00
03646             -22.00
03647             -20.00
03648             -22.00
03649             -22.00
03650             -20.00
03651             -22.00
03652             -22.00
03653             -22.00
03654             -22.00
03655             -20.00
03656             -22.00
03657             -20.00
03658             -20.00
03659             -22.00
03660             -22.00
03661             -24.00
03662             -22.00
03663             -20.00
03664             -20.00
03665             -22.00
03666             -22.00
03667             -22.00
03668             -24.00
03669             -22.00
03670             -22.00
03671             -22.00
03672             -24.00
03673             -22.00
03674             -22.00
03675             -24.00
03676             -22.00
03677             -22.00
03678             -22.00
03679             -22.00
03680             -22.00
03681             -22.00
03682             -22.00
03683             -22.00
03684             -22.00
03685             -22.00
03686             -24.00
03687             -24.00
03688             -22.00
03689             -22.00
03690             -24.00
03691             -24.00
03692             -24.00
03693             -24.00
03694             -22.00
03695             -24.00
03696             -24.00
03697             -24.00
03698             -24.00
03699             -22.00
03700             -22.00
03701             -22.00
03702             -22.00
03703             -22.00
03704             -22.00
03705             -24.00
03706             -24.00
03707             -22.00
03708             -22.00
03709             -22.00
03710             -24.00
03711             -22.00
03712             -22.00
03713             -24.00
03714             -22.00
03715             -22.00
03716             -20.00
03717             -22.00
03718             -24.00
03719             -24.00
03720             -24.00
03721             -20.00
03722             -24.00
03723             -22.00
03724             -24.00
03725             -26.00
03726             -22.00
03727             -20.00
03728             -22.00
03729             -22.00
03730             -24.00
03731             -22.00
03732             -24.00
03733             -22.00
03734             -20.00
03735             -24.00
03736             -20.00
03737             -24.00
03738             -26.00
03739             -22.00
03740             -24.00
03741             -20.00
03742             -24.00
03743             -22.00
03744             -22.00
03745             -22.00
03746             -24.00
03747             -24.00
03748             -24.00
03749             -24.00
03750             -22.00
03751             -24.00
03752             -24.00
03753             -24.00
03754             -22.00
03755             -26.00
03756             -26.00
03757             -22.00
03758             -22.00
03759             -24.00
03760             -14.00
03761              16.00
03762              44.00
03763              66.00
03764              84.00
03765             104.00
03766             120.00
03767             132.00
03768             146.00
03769             158.00
03770             168.00
03771             178.00
03772             186.00
03773             192.00
03774             202.00
03775             206.00
03776             212.00
03777             218.00
03778             226.00
03779             232.00
03780             232.00
03781             236.00
03782             240.00
03783             242.00
03784             244.00
03785             194.00
03786              64.00
03787              12.00
03788              -4.00
03789             -12.00
03790             -16.00
03791             -12.00
03792             -14.00
03793             -18.00
03794             -18.00
03795             -18.00
03796             -14.00
03797             -16.00
03798             -16.00
03799             -16.00
03800             -14.00
03801             -14.00
03802             -12.00
03803             -16.00
03804             -16.00
03805             -14.00
03806             -14.00
03807             -14.00
03808             -16.00
03809             -20.00
03810             -18.00
03811             -18.00
03812             -18.00
03813             -16.00
03814             -14.00
03815             -16.00
03816             -18.00
03817             -18.00
03818             -18.00
03819             -18.00
03820             -14.00
03821             -16.00
03822             -18.00
03823             -18.00
03824             -14.00
03825             -18.00
03826             -18.00
03827             -18.00
03828             -18.00
03829             -14.00
03830             -16.00
03831             -18.00
03832             -20.00
03833             -18.00
03834             -18.00
03835             -20.00
03836             -16.00
03837             -18.00
03838             -20.00
03839             -20.00
03840             -18.00
03841             -18.00
03842             -20.00
03843             -18.00
03844             -18.00
03845             -18.00
03846             -18.00
03847             -18.00
03848             -20.00
03849             -20.00
03850             -20.00
03851             -20.00
03852             -18.00
03853             -18.00
03854             -16.00
03855             -20.00
03856             -20.00
03857             -20.00
03858             -20.00
03859             -22.00
03860             -22.00
03861             -18.00
03862             -20.00
03863             -18.00
03864             -20.00
03865             -20.00
03866             -20.00
03867             -20.00
03868             -22.00
03869             -20.00
03870             -22.00
03871             -20.00
03872             -22.00
03873             -20.00
03874             -20.00
03875             -20.00
03876             -20.00
03877             -24.00
03878             -22.00
03879             -20.00
03880             -22.00
03881             -20.00
03882             -20.00
03883             -22.00
03884             -22.00
03885             -22.00
03886             -22.00
03887             -22.00
03888             -22.00
03889             -24.00
03890             -22.00
03891             -20.00
03892             -20.00
03893             -22.00
03894             -20.00
03895             -24.00
03896             -22.00
03897             -20.00
03898             -22.00
03899             -20.00
03900             -22.00
03901             -24.00
03902             -20.00
03903             -20.00
03904             -22.00
03905             -22.00
03906             -24.00
03907             -20.00
03908             -20.00
03909             -22.00
03910             -20.00
03911             -22.00
03912             -20.00
03913             -22.00
03914             -26.00
03915             -22.00
03916             -22.00
03917             -22.00
03918             -22.00
03919             -24.00
03920             -22.00
03921             -22.00
03922             -22.00
03923             -22.00
03924             -20.00
03925             -22.00
03926             -20.00
03927             -22.00
03928             -22.00
03929             -24.00
03930             -24.00
03931             -24.00
03932             -24.00
03933             -22.00
03934             -22.00
03935             -22.00
03936             -24.00
03937             -24.00
03938             -20.00
03939             -24.00
03940             -22.00
03941             -26.00
03942             -24.00
03943             -24.00
03944             -22.00
03945             -22.00
03946             -22.00
03947             -22.00
03948             -24.00
03949             -24.00
03950             -20.00
03951             -24.00
03952             -22.00
03953             -22.00
03954             -26.00
03955             -26.00
03956             -24.00
03957             -24.00
03958             -22.00
03959             -22.00
03960             -24.00
03961             -24.00
03962             -24.00
03963             -20.00
03964             -22.00
03965             -24.00
03966             -22.00
03967             -24.00
03968             -20.00
03969             -24.00
03970             -24.00
03971             -22.00
03972             -22.00
03973             -24.00
03974             -22.00
03975             -22.00
03976             -24.00
03977             -22.00
03978             -24.00
03979             -20.00
03980             -26.00
03981             -24.00
03982             -24.00
03983             -24.00
03984             -24.00
03985             -20.00
03986             -24.00
03987             -26.00
03988             -24.00
03989             -24.00
03990             -24.00
03991             -22.00
03992             -26.00
03993             -24.00
03994             -22.00
03995             -22.00
03996             -22.00
03997             -24.00
03998             -24.00
03999             -24.00
04000             -26.00
04001             -24.00
04002             -22.00
04003             -24.00
04004             -22.00
04005             -24.00
04006             -20.00
04007             -22.00
04008             -22.00
04009             -24.00
04010             -12.00
04011              18.00
04012              42.00
04013              66.00
04014              84.00
04015             102.00
04016             118.00
04017             134.00
04018             148.00
04019             156.00
04020             168.00
04021             178.00
04022             188.00
04023             192.00
04024             200.00
04025             206.00
04026             214.00
04027             218.00
04028             224.00
04029             232.00
04030             234.00
04031             236.00
04032             242.00
04033             242.00
04034             246.00
04035             194.00
04036              64.00
04037              12.00
04038              -6.00
04039             -14.00
04040             -14.00
04041             -14.00
04042             -14.00
04043             -14.00
04044             -16.00
04045             -12.00
04046             -16.00
04047             -14.00
04048             -16.00
04049             -14.00
04050             -14.00
04051             -16.00
04052             -18.00
04053             -16.00
04054             -16.00
04055             -16.00
04056             -18.00
04057             -18.00
04058             -18.00
04059             -16.00
04060             -14.00
04061             -16.00
04062             -18.00
04063             -18.00
04064             -18.00
04065             -14.00
04066             -18.00
04067             -16.00
04068             -14.00
04069             -16.00
04070             -20.00
04071             -18.00
04072             -18.00
04073             -18.00
04074             -16.00
04075             -18.00
04076             -20.00
04077             -20.00
04078             -20.00
04079             -16.00
04080             -18.00
04081             -18.00
04082             -20.00
04083             -18.00
04084             -20.00
04085             -18.00
04086             -16.00
04087             -18.00
04088             -20.00
04089             -18.00
04090             -20.00
04091             -18.00
04092             -18.00
04093             -20.00
04094             -18.00
04095             -20.00
04096             -18.00
04097             -20.00
04098             -20.00
04099             -20.00
04100             -20.00
04101             -20.00
04102             -20.00
04103             -18.00
04104             -18.00
04105             -20.00
04106             -20.00
04107             -18.00
04108             -20.00
04109             -20.00
04110             -20.00
04111             -20.00
04112             -20.00
04113             -20.00
04114             -20.00
04115             -20.00
04116             -22.00
04117             -18.00
04118             -20.00
04119             -20.00
04120             -20.00
04121             -22.00
04122             -18.00
04123             -22.00
04124             -20.00
04125             -20.00
04126             -22.00
04127             -24.00
04128             -20.00
04129             -22.00
04130             -20.00
04131             -22.00
04132             -20.00
04133             -20.00
04134             -20.00
04135             -20.00
04136             -20.00
04137             -22.00
04138             -22.00
04139             -24.00
04140             -20.00
04141             -20.00
04142             -22.00
04143             -20.00
04144             -22.00
04145             -22.00
04146             -24.00
04147             -20.00
04148             -20.00
04149             -24.00
04150             -20.00
04151             -22.00
04152             -24.00
04153             -22.00
04154             -22.00
04155             -22.00
04156             -20.00
04157             -22.00
04158             -24.00
04159             -20.00
04160             -24.00
04161             -22.00
04162             -24.00
04163             -26.00
04164             -20.00
04165             -22.00
04166             -20.00
04167             -22.00
04168             -24.00
04169             -24.00
04170             -22.00
04171             -24.00
04172             -22.00
04173             -24.00
04174             -24.00
04175             -24.00
04176             -24.00
04177             -24.00
04178             -24.00
04179             -24.00
04180             -22.00
04181             -22.00
04182             -24.00
04183             -26.00
04184             -24.00
04185             -24.00
04186             -22.00
04187             -22.00
04188             -24.00
04189             -22.00
04190             -22.00
04191             -22.00
04192             -22.00
04193             -24.00
04194             -24.00
04195             -22.00
04196             -24.00
04197             -26.00
04198             -22.00
04199             -24.00
04200             -22.00
04201             -22.00
04202             -22.00
04203             -24.00
04204             -22.00
04205             -22.00
04206             -24.00
04207             -24.00
04208             -24.00
04209             -24.00
04210             -24.00
04211             -24.00
04212             -24.00
04213             -24.00
04214             -24.00
04215             -22.00
04216             -24.00
04217             -24.00
04218             -20.00
04219             -24.00
04220             -24.00
04221             -24.00
04222             -24.00
04223             -24.00
04224             -22.00
04225             -24.00
04226             -24.00
04227             -22.00
04228             -22.00
04229             -22.00
04230             -22.00
04231             -22.00
04232             -24.00
04233             -24.00
04234             -24.00
04235             -24.00
04236             -24.00
04237             -22.00
04238             -24.00
04239             -22.00
04240             -24.00
04241             -24.00
04242             -24.00
04243             -22.00
04244             -22.00
04245             -26.00
04246             -26.00
04247             -24.00
04248             -26.00
04249             -24.00
04250             -24.00
04251             -24.00
04252             -24.00
04253             -24.00
04254             -22.00
04255             -24.00
04256             -24.00
04257             -22.00
04258             -24.00
04259             -24.00
04260             -14.00
04261              16.00
04262              42.00
04263              66.00
04264              84.00
04265             102.00
04266             118.00
04267             134.00
04268             146.00
04269             156.00
04270             166.00
04271             178.00
04272             184.00
04273             194.00
04274             202.00
04275             206.00
04276             212.00
04277             220.00
04278             224.00
04279             230.00
04280             234.00
04281             236.00
04282             242.00
04283             242.00
04284             246.00
04285             194.00
04286              64.00
04287              12.00
04288              -4.00
04289             -14.00
04290             -12.00
04291             -14.00
04292             -14.00
04293             -16.00
04294             -14.00
04295             -16.00
04296             -16.00
04297             -14.00
04298             -14.00
04299             -16.00
04300             -14.00
04301             -14.00
04302             -16.00
04303             -14.00
04304             -14.00
04305             -16.00
04306             -18.00
04307             -18.00
04308             -14.00
04309             -18.00
04310             -16.00
04311             -14.00
04312             -16.00
04313             -16.00
04314             -16.00
04315             -18.00
04316             -14.00
04317             -18.00
04318             -20.00
04319             -16.00
04320             -18.00
04321             -18.00
04322             -18.00
04323             -16.00
04324             -20.00
04325             -16.00
04326             -18.00
04327             -16.00
04328             -18.00
04329             -18.00
04330             -18.00
04331             -20.00
04332             -18.00
04333             -16.00
04334             -18.00
04335             -18.00
04336             -20.00
04337             -18.00
04338             -20.00
04339             -20.00
04340             -20.00
04341             -22.00
04342             -18.00
04343             -18.00
04344             -20.00
04345             -20.00
04346             -20.00
04347             -18.00
04348             -18.00
04349             -18.00
04350             -18.00
04351             -18.00
04352             -20.00
04353             -16.00
04354             -20.00
04355             -20.00
04356             -20.00
04357             -20.00
04358             -18.00
04359             -20.00
04360             -20.00
04361             -20.00
04362             -20.00
04363             -20.00
04364             -18.00
04365             -22.00
04366             -20.00
04367             -20.00
04368             -20.00
04369             -20.00
04370             -20.00
04371             -22.00
04372             -20.00
04373             -22.00
04374             -22.00
04375             -20.00
04376             -20.00
04377             -20.00
04378             -22.00
04379             -22.00
04380             -20.00
04381             -20.00
04382             -22.00
04383             -22.00
04384             -22.00
04385             -24.00
04386             -18.00
04387             -22.00
04388             -22.00
04389             -20.00
04390             -22.00
04391             -22.00
04392             -22.00
04393             -22.00
04394             -22.00
04395             -20.00
04396             -24.00
04397             -20.00
04398             -22.00
04399             -20.00
04400             -20.00
04401             -22.00
04402             -22.00
04403             -22.00
04404             -24.00
04405             -24.00
04406             -24.00
04407             -22.00
04408             -22.00
04409             -24.00
04410             -22.00
04411             -20.00
04412             -22.00
04413             -22.00
04414             -24.00
04415             -22.00
04416             -24.00
04417             -22.00
04418             -24.00
04419             -24.00
04420             -20.00
04421             -22.00
04422             -22.00
04423             -22.00
04424             -26.00
04425             -22.00
04426             -22.00
04427             -22.00
04428             -24.00
04429             -24.00
04430             -24.00
04431             -20.00
04432             -22.00
04433             -22.00
04434             -22.00
04435             -22.00
04436             -22.00
04437             -22.00
04438             -24.00
04439             -22.00
04440             -22.00
04441             -22.00
04442             -22.00
04443             -20.00
04444             -24.00
04445             -24.00
04446             -24.00
04447             -22.00
04448             -24.00
04449             -22.00
04450             -24.00
04451             -22.00
04452             -22.00
04453             -22.00
04454             -26.00
04455             -22.00
04456             -24.00
04457             -24.00
04458             -20.00
04459             -24.00
04460             -22.00
04461             -22.00
04462             -24.00
04463             -24.00
04464             -24.00
04465             -20.00
04466             -24.00
04467             -26.00
04468             -24.00
04469             -22.00
04470             -26.00
04471             -24.00
04472             -24.00
04473             -24.00
04474             -20.00
04475             -24.00
04476             -22.00
04477             -20.00
04478             -24.00
04479             -22.00
04480             -24.00
04481             -26.00
04482             -24.00
04483             -24.00
04484             -24.00
04485             -22.00
04486             -24.00
04487             -24.00
04488             -24.00
04489             -22.00
04490             -24.00
04491             -24.00
04492             -22.00
04493             -24.00
04494             -22.00
04495             -24.00
04496             -24.00
04497             -22.00
04498             -24.00
04499             -20.00
04500             -26.00
04501             -22.00
04502             -24.00
04503             -24.00
04504             -24.00
04505             -24.00
04506             -22.00
04507             -24.00
04508             -22.00
04509             -22.00
04510             -14.00
04511              16.00
04512              42.00
04513              66.00
04514              84.00
04515             100.00
04516             118.00
04517             132.00
04518             146.00
04519             156.00
04520             168.00
04521             176.00
04522             186.00
04523             194.00
04524             200.00
04525             210.00
04526             216.00
04527             218.00
04528             224.00
04529             230.00
04530             234.00
04531             238.00
04532             238.00
04533             244.00
04534             244.00
04535             196.00
04536              66.00
04537              14.00
04538              -4.00
04539             -12.00
04540             -14.00
04541             -14.00
04542             -14.00
04543             -14.00
04544             -14.00
04545             -16.00
04546             -14.00
04547             -14.00
04548             -12.00
04549             -12.00
04550             -16.00
04551             -16.00
04552             -16.00
04553             -14.00
04554             -14.00
04555             -16.00
04556             -14.00
04557             -14.00
04558             -14.00
04559             -14.00
04560             -16.00
04561             -18.00
04562             -16.00
04563             -16.00
04564             -16.00
04565             -16.00
04566             -16.00
04567             -16.00
04568             -16.00
04569             -16.00
04570             -16.00
04571             -16.00
04572             -18.00
04573             -18.00
04574             -18.00
04575             -20.00
04576             -14.00
04577             -20.00
04578             -18.00
04579             -20.00
04580             -20.00
04581             -18.00
04582             -18.00
04583             -20.00
04584             -18.00
04585             -18.00
04586             -18.00
04587             -18.00
04588             -16.00
04589             -20.00
04590             -20.00
04591             -20.00
04592             -18.00
04593             -16.00
04594             -18.00
04595             -20.00
04596             -18.00
04597             -18.00
04598             -16.00
04599             -20.00
04600             -18.00
04601             -18.00
04602             -20.00
04603             -20.00
04604             -18.00
04605             -20.00
04606             -20.00
04607             -20.00
04608             -20.00
04609             -20.00
04610             -20.00
04611             -20.00
04612             -20.00
04613             -20.00
04614             -20.00
04615             -20.00
04616             -20.00
04617             -20.00
04618             -20.00
04619             -20.00
04620             -22.00
04621             -20.00
04622             -20.00
04623             -20.00
04624             -20.00
04625             -20.00
04626             -20.00
04627             -20.00
04628             -22.00
04629             -20.00
04630             -20.00
04631             -20.00
04632             -20.00
04633             -20.00
04634             -22.00
04635             -22.00
04636             -20.00
04637             -22.00
04638             -22.00
04639             -20.00
04640             -20.00
04641             -22.00
04642             -22.00
04643             -22.00
04644             -22.00
04645             -22.00
04646             -22.00
04647             -20.00
04648             -24.00
04649             -22.00
04650             -20.00
04651             -22.00
04652             -22.00
04653             -20.00
04654             -22.00
04655             -24.00
04656             -24.00
04657             -22.00
04658             -22.00
04659             -22.00
04660             -22.00
04661             -24.00
04662             -26.00
04663             -22.00
04664             -22.00
04665             -24.00
04666             -24.00
04667             -20.00
04668             -20.00
04669             -22.00
04670             -24.00
04671             -24.00
04672             -22.00
04673             -24.00
04674             -22.00
04675             -20.00
04676             -22.00
04677             -20.00
04678             -22.00
04679             -22.00
04680             -22.00
04681             -20.00
04682             -22.00
04683             -22.00
04684             -24.00
04685             -24.00
04686             -24.00
04687             -24.00
04688             -24.00
04689             -24.00
04690             -22.00
04691             -22.00
04692             -22.00
04693             -24.00
04694             -22.00
04695             -22.00
04696             -24.00
04697             -24.00
04698             -22.00
04699             -22.00
04700             -22.00
04701             -26.00
04702             -22.00
04703             -22.00
04704             -24.00
04705             -22.00
04706             -24.00
04707             -24.00
04708             -24.00
04709             -24.00
04710             -22.00
04711             -24.00
04712             -24.00
04713             -24.00
04714             -22.00
04715             -24.00
04716             -24.00
04717             -22.00
04718             -22.00
04719             -22.00
04720             -24.00
04721             -24.00
04722             -24.00
04723             -24.00
04724             -24.00
04725             -24.00
04726             -24.00
04727             -22.00
04728             -24.00
04729             -24.00
04730             -20.00
04731             -22.00
04732             -22.00
04733             -22.00
04734             -22.00
04735             -22.00
04736             -24.00
04737             -26.00
04738             -22.00
04739             -26.00
04740             -24.00
04741             -24.00
04742             -24.00
04743             -24.00
04744             -24.00
04745             -24.00
04746             -24.00
04747             -22.00
04748             -22.00
04749             -24.00
04750             -24.00
04751             -24.00
04752             -22.00
04753             -24.00
04754             -24.00
04755             -24.00
04756             -24.00
04757             -24.00
04758             -24.00
04759             -24.00
04760             -16.00
04761              14.00
04762              42.00
04763              64.00
04764              86.00
04765             104.00
04766             120.00
04767             134.00
04768             148.00
04769             158.00
04770             168.00
04771             176.00
04772             188.00
04773             194.00
04774             204.00
04775             208.00
04776             210.00
04777             220.00
04778             224.00
04779             228.00
04780             234.00
04781             236.00
04782             240.00
04783             244.00
04784             244.00
04785             200.00
04786              66.00
04787              12.00
04788              -4.00
04789             -12.00
04790             -14.00
04791             -14.00
04792             -14.00
04793             -14.00
04794             -14.00
04795             -14.00
04796             -18.00
04797             -16.00
04798             -14.00
04799             -14.00
04800             -16.00
04801             -14.00
04802             -14.00
04803             -14.00
04804             -16.00
04805             -14.00
04806             -16.00
04807             -16.00
04808             -16.00
04809             -16.00
04810             -16.00
04811             -16.00
04812             -18.00
04813             -18.00
04814             -16.00
04815             -14.00
04816             -16.00
04817             -16.00
04818             -16.00
04819             -18.00
04820             -18.00
04821             -18.00
04822             -18.00
04823             -18.00
04824             -14.00
04825             -16.00
04826             -18.00
04827             -20.00
04828             -18.00
04829             -18.00
04830             -20.00
04831             -20.00
04832             -16.00
04833             -18.00
04834             -18.00
04835             -16.00
04836             -18.00
04837             -18.00
04838             -20.00
04839             -16.00
04840             -18.00
04841             -20.00
04842             -18.00
04843             -20.00
04844             -20.00
04845             -20.00
04846             -16.00
04847             -18.00
04848             -20.00
04849             -20.00
04850             -16.00
04851             -16.00
04852             -20.00
04853             -22.00
04854             -20.00
04855             -20.00
04856             -18.00
04857             -20.00
04858             -20.00
04859             -18.00
04860             -18.00
04861             -18.00
04862             -20.00
04863             -18.00
04864             -20.00
04865             -20.00
04866             -22.00
04867             -20.00
04868             -20.00
04869             -20.00
04870             -20.00
04871             -20.00
04872             -20.00
04873             -20.00
04874             -22.00
04875             -20.00
04876             -20.00
04877             -20.00
04878             -18.00
04879             -20.00
04880             -20.00
04881             -20.00
04882             -20.00
04883             -24.00
04884             -22.00
04885             -22.00
04886             -22.00
04887             -22.00
04888             -22.00
04889             -20.00
04890             -20.00
04891             -22.00
04892             -20.00
04893             -22.00
04894             -20.00
04895             -20.00
04896             -22.00
04897             -22.00
04898             -22.00
04899             -24.00
04900             -20.00
04901             -20.00
04902             -20.00
04903             -20.00
04904             -22.00
04905             -22.00
04906             -20.00
04907             -20.00
04908             -24.00
04909             -24.00
04910             -22.00
04911             -22.00
04912             -24.00
04913             -22.00
04914             -22.00
04915             -20.00
04916             -22.00
04917             -22.00
04918             -24.00
04919             -24.00
04920             -22.00
04921             -22.00
04922             -22.00
04923             -22.00
04924             -20.00
04925             -22.00
04926             -24.00
04927             -24.00
04928             -22.00
04929             -22.00
04930             -22.00
04931             -22.00
04932             -26.00
04933             -22.00
04934             -20.00
04935             -20.00
04936             -20.00
04937             -24.00
04938             -24.00
04939             -24.00
04940             -22.00
04941             -24.00
04942             -22.00
04943             -24.00
04944             -22.00
04945             -24.00
04946             -22.00
04947             -22.00
04948             -22.00
04949             -22.00
04950             -22.00
04951             -24.00
04952             -24.00
04953             -22.00
04954             -24.00
04955             -24.00
04956             -22.00
04957             -24.00
04958             -24.00
04959             -22.00
04960             -24.00
04961             -22.00
04962             -20.00
04963             -24.00
04964             -24.00
04965             -24.00
04966             -24.00
04967             -24.00
04968             -24.00
04969             -24.00
04970             -22.00
04971             -24.00
04972             -24.00
04973             -24.00
04974             -20.00
04975             -22.00
04976             -22.00
04977             -20.00
04978             -24.00
04979             -22.00
04980             -26.00
04981             -24.00
04982             -24.00
04983             -24.00
04984             -24.00
04985             -22.00
04986             -24.00
04987             -22.00
04988             -22.00
04989             -24.00
04990             -24.00
04991             -24.00
04992             -24.00
04993             -22.00
04994             -24.00
04995             -24.00
04996             -26.00
04997             -22.00
04998             -20.00
04999             -24.00
05000             -24.00
