Unit:(mV)
                     CH1         CH2
Frequency              ?   1.232 kHz
Period                 ?  811.688 us
00001            -520.00      -16.00
00002            -520.00      -12.00
00003            -560.00      -12.00
00004            -560.00      -16.00
00005            -560.00      -16.00
00006            -520.00      -16.00
00007            -440.00      -12.00
00008            -400.00      -16.00
00009            -360.00      -12.00
00010            -320.00      -16.00
00011            -240.00      500.00
00012             280.00      500.00
00013             200.00      500.00
00014             120.00      -28.00
00015              40.00      -32.00
00016              40.00      -36.00
00017             -40.00      -32.00
00018             -80.00      -32.00
00019             -40.00      -28.00
00020             -40.00      -36.00
00021               0.00      -28.00
00022              40.00      -32.00
00023              40.00      -32.00
00024              40.00      -24.00
00025               0.00      -32.00
00026               0.00      -28.00
00027             -80.00      -32.00
00028            -160.00      -28.00
00029            -280.00      -28.00
00030            -320.00      -24.00
00031            -280.00      -28.00
00032            -280.00      -24.00
00033            -240.00      -28.00
00034            -240.00      -28.00
00035            -160.00      -24.00
00036             -80.00      -28.00
00037             -40.00      -24.00
00038               0.00      -24.00
00039              40.00      -28.00
00040             120.00      -24.00
00041             120.00      -24.00
00042             160.00      -28.00
00043             200.00      -24.00
00044             240.00      -28.00
00045             240.00      -24.00
00046             240.00      -20.00
00047             200.00      -20.00
00048             120.00      -20.00
00049              40.00      -28.00
00050             -40.00      -24.00
00051            -160.00      -24.00
00052            -240.00      -20.00
00053            -280.00      -20.00
00054            -400.00      -28.00
00055            -480.00      -20.00
00056            -480.00      -24.00
00057            -600.00      -24.00
00058            -640.00      -28.00
00059            -640.00      -20.00
00060            -720.00      -24.00
00061            -720.00      -24.00
00062            -800.00      -20.00
00063            -880.00      -24.00
00064            -920.00      -20.00
00065           -1000.00      -20.00
00066           -1040.00      -20.00
00067           -1120.00      -20.00
00068           -1200.00      -16.00
00069           -1240.00      -20.00
00070           -1240.00      -28.00
00071           -1280.00      -20.00
00072           -1200.00      -24.00
00073           -1080.00      -20.00
00074            -960.00      -20.00
00075            -800.00      -24.00
00076            -600.00      -24.00
00077            -400.00      -16.00
00078            -160.00      -16.00
00079              80.00      -16.00
00080             280.00      -24.00
00081             480.00      -20.00
00082             640.00      -16.00
00083             800.00      -16.00
00084             880.00      -24.00
00085            1000.00      -20.00
00086            1080.00      -16.00
00087            1080.00      -24.00
00088            1160.00      -20.00
00089            1160.00      -16.00
00090            1200.00      -12.00
00091            1160.00      -24.00
00092            1120.00      -20.00
00093            1040.00      -24.00
00094            1000.00      -16.00
00095             880.00      -16.00
00096             840.00      -20.00
00097             840.00      -24.00
00098             800.00      -20.00
00099             840.00      -20.00
00100             840.00      -20.00
00101             920.00      -20.00
00102             920.00      -16.00
00103             920.00      -12.00
00104             880.00      -20.00
00105             800.00      -20.00
00106             720.00      -28.00
00107             600.00      -16.00
00108             440.00      -16.00
00109             280.00      -16.00
00110              40.00      -20.00
00111            -160.00      -20.00
00112            -360.00      -16.00
00113            -520.00      -16.00
00114            -640.00      -20.00
00115            -760.00      -12.00
00116            -880.00      -16.00
00117            -920.00      -20.00
00118            -880.00      -20.00
00119            -800.00      -12.00
00120            -640.00      -20.00
00121            -480.00      -20.00
00122            -200.00      -20.00
00123               0.00      -20.00
00124             120.00      -16.00
00125             280.00      -24.00
00126             360.00      -16.00
00127             440.00      -12.00
00128             520.00      -16.00
00129             560.00      -20.00
00130             640.00      -16.00
00131             680.00      -20.00
00132             760.00      -16.00
00133             760.00      -20.00
00134             760.00      -16.00
00135             720.00      -16.00
00136             680.00      -16.00
00137             600.00      -16.00
00138             520.00      -16.00
00139             440.00      -20.00
00140             360.00      -20.00
00141             320.00      -16.00
00142             320.00      -20.00
00143             360.00      -16.00
00144             400.00      -16.00
00145             440.00      -16.00
00146             400.00      -16.00
00147             400.00      -16.00
00148             280.00      -12.00
00149             160.00      -20.00
00150              40.00      -20.00
00151            -120.00      -24.00
00152            -320.00      -20.00
00153            -440.00      -20.00
00154            -600.00      -16.00
00155            -720.00      -16.00
00156            -840.00      -16.00
00157            -880.00      -16.00
00158            -920.00      -16.00
00159            -920.00      -20.00
00160            -880.00      -20.00
00161            -880.00      -16.00
00162            -840.00      -20.00
00163            -720.00      -20.00
00164            -640.00      -20.00
00165            -560.00      -20.00
00166            -400.00      -20.00
00167            -280.00      -16.00
00168            -200.00      -16.00
00169             -80.00      -16.00
00170              40.00      -16.00
00171              80.00      -16.00
00172             200.00      -16.00
00173             240.00      -20.00
00174             280.00      -16.00
00175             360.00      -16.00
00176             400.00      -20.00
00177             480.00      -16.00
00178             520.00      -20.00
00179             560.00      -16.00
00180             600.00      -16.00
00181             640.00      -16.00
00182             720.00      -20.00
00183             800.00      -20.00
00184             880.00      -16.00
00185             920.00      -12.00
00186            1000.00      -16.00
00187            1080.00      -20.00
00188            1120.00      -16.00
00189            1160.00      -20.00
00190            1200.00      -16.00
00191            1160.00      -16.00
00192            1080.00      -16.00
00193             920.00      -20.00
00194             760.00      -12.00
00195             520.00      -16.00
00196             240.00      -16.00
00197               0.00      -20.00
00198            -240.00      -16.00
00199            -440.00      -20.00
00200            -560.00      -20.00
00201            -640.00      -20.00
00202            -680.00      -20.00
00203            -640.00      -12.00
00204            -560.00      -16.00
00205            -480.00      -16.00
00206            -400.00      -20.00
00207            -320.00      -20.00
00208            -280.00      -16.00
00209            -200.00      -16.00
00210            -160.00      -12.00
00211            -120.00      -12.00
00212             -80.00      -24.00
00213             -40.00      -16.00
00214             -40.00      -20.00
00215             -40.00      -20.00
00216             -40.00      -16.00
00217               0.00      -20.00
00218             -40.00      -16.00
00219             -40.00      -16.00
00220               0.00      -20.00
00221               0.00      -16.00
00222               0.00      -20.00
00223              40.00      -16.00
00224              80.00      -12.00
00225             160.00      -24.00
00226             240.00      -20.00
00227             320.00      -16.00
00228             320.00      -20.00
00229             360.00      -24.00
00230             400.00      -20.00
00231             440.00      -20.00
00232             440.00      -16.00
00233             480.00      -20.00
00234             520.00      -16.00
00235             480.00      -16.00
00236             440.00      -20.00
00237             360.00      -16.00
00238             280.00      -16.00
00239             200.00      -16.00
00240               0.00      -16.00
00241            -120.00      -20.00
00242            -280.00      -16.00
00243            -360.00      -16.00
00244            -480.00      -16.00
00245            -480.00      -20.00
00246            -520.00      -12.00
00247            -520.00      -20.00
00248            -560.00      -24.00
00249            -560.00      -20.00
00250            -560.00      -16.00
00251            -560.00      -12.00
00252            -560.00      -20.00
00253            -560.00      -20.00
00254            -560.00      -16.00
00255            -520.00      -20.00
00256            -520.00      -20.00
00257            -480.00      -16.00
00258            -400.00      -12.00
00259            -360.00      -16.00
00260            -280.00      -20.00
00261            -240.00      500.00
00262             240.00      500.00
00263             200.00      500.00
00264             120.00      -28.00
00265              40.00      -36.00
00266               0.00      -32.00
00267               0.00      -32.00
00268             -40.00      -32.00
00269             -40.00      -40.00
00270               0.00      -32.00
00271               0.00      -28.00
00272              40.00      -32.00
00273              40.00      -32.00
00274              40.00      -28.00
00275               0.00      -28.00
00276             -40.00      -32.00
00277             -80.00      -28.00
00278            -160.00      -28.00
00279            -240.00      -28.00
00280            -280.00      -28.00
00281            -320.00      -24.00
00282            -280.00      -28.00
00283            -240.00      -28.00
00284            -200.00      -24.00
00285            -160.00      -28.00
00286            -120.00      -28.00
00287             -40.00      -28.00
00288               0.00      -24.00
00289              40.00      -28.00
00290             120.00      -24.00
00291             160.00      -20.00
00292             160.00      -24.00
00293             200.00      -24.00
00294             240.00      -28.00
00295             240.00      -24.00
00296             240.00      -20.00
00297             200.00      -24.00
00298             120.00      -24.00
00299              40.00      -20.00
00300             -40.00      -16.00
00301            -120.00      -20.00
00302            -200.00      -20.00
00303            -320.00      -16.00
00304            -400.00      -24.00
00305            -480.00      -20.00
00306            -520.00      -16.00
00307            -560.00      -24.00
00308            -600.00      -24.00
00309            -640.00      -16.00
00310            -720.00      -16.00
00311            -760.00      -20.00
00312            -760.00      -16.00
00313            -840.00      -20.00
00314            -920.00      -16.00
00315           -1000.00      -20.00
00316           -1040.00      -16.00
00317           -1120.00      -20.00
00318           -1200.00      -16.00
00319           -1200.00      -20.00
00320           -1240.00      -20.00
00321           -1240.00      -20.00
00322           -1200.00      -20.00
00323           -1120.00      -16.00
00324           -1000.00      -20.00
00325            -840.00      -20.00
00326            -600.00      -20.00
00327            -400.00      -16.00
00328            -160.00      -16.00
00329              80.00      -16.00
00330             280.00      -16.00
00331             480.00      -16.00
00332             640.00      -24.00
00333             800.00      -20.00
00334             880.00      -20.00
00335             960.00      -12.00
00336            1040.00      -20.00
00337            1120.00      -16.00
00338            1160.00      -12.00
00339            1160.00      -12.00
00340            1160.00      -16.00
00341            1160.00      -16.00
00342            1120.00      -12.00
00343            1040.00      -16.00
00344            1000.00      -12.00
00345             920.00      -20.00
00346             840.00      -20.00
00347             800.00      -12.00
00348             800.00      -16.00
00349             840.00      -16.00
00350             880.00      -16.00
00351             920.00      -16.00
00352             920.00      -12.00
00353             880.00      -20.00
00354             880.00      -16.00
00355             800.00      -16.00
00356             680.00      -20.00
00357             560.00      -16.00
00358             440.00      -16.00
00359             280.00      -12.00
00360              40.00      -16.00
00361            -160.00      -20.00
00362            -360.00      -12.00
00363            -480.00      -12.00
00364            -680.00      -12.00
00365            -760.00      -16.00
00366            -920.00      -16.00
00367            -920.00      -16.00
00368            -920.00      -12.00
00369            -800.00      -16.00
00370            -640.00      -16.00
00371            -480.00      -16.00
00372            -240.00      -12.00
00373             -40.00      -12.00
00374             160.00       -8.00
00375             280.00      -20.00
00376             360.00      -20.00
00377             440.00      -16.00
00378             520.00      -12.00
00379             560.00      -16.00
00380             640.00      -16.00
00381             680.00      -16.00
00382             760.00      -12.00
00383             760.00      -20.00
00384             760.00      -16.00
00385             760.00      -16.00
00386             680.00      -16.00
00387             600.00      -12.00
00388             520.00      -12.00
00389             440.00      -20.00
00390             360.00      -16.00
00391             320.00      -16.00
00392             320.00      -16.00
00393             360.00      -16.00
00394             400.00      -16.00
00395             400.00      -12.00
00396             400.00      -16.00
00397             360.00      -16.00
00398             280.00      -12.00
00399             160.00      -12.00
00400               0.00      -16.00
00401            -120.00      -16.00
00402            -280.00      -20.00
00403            -440.00      -20.00
00404            -600.00      -12.00
00405            -720.00      -20.00
00406            -800.00      -12.00
00407            -920.00      -16.00
00408            -920.00      -16.00
00409            -920.00      -32.00
00410            -880.00      -16.00
00411            -880.00      -16.00
00412            -800.00      -16.00
00413            -760.00      -20.00
00414            -600.00      -16.00
00415            -520.00      -16.00
00416            -400.00      -12.00
00417            -280.00      -20.00
00418            -200.00      -20.00
00419             -80.00      -16.00
00420              40.00      -20.00
00421              80.00      -20.00
00422             200.00      -16.00
00423             240.00      -16.00
00424             280.00      -16.00
00425             360.00      -20.00
00426             360.00      -16.00
00427             480.00      -20.00
00428             520.00      -16.00
00429             560.00      -20.00
00430             600.00      -16.00
00431             600.00      -16.00
00432             680.00      -16.00
00433             760.00      -20.00
00434             880.00      -16.00
00435             920.00      -20.00
00436            1000.00      -16.00
00437            1080.00      -24.00
00438            1160.00      -16.00
00439            1200.00      -20.00
00440            1240.00      -24.00
00441            1200.00      -20.00
00442            1120.00      -12.00
00443             960.00      -16.00
00444             760.00      -12.00
00445             560.00      -24.00
00446             280.00      -20.00
00447               0.00      -12.00
00448            -240.00      -20.00
00449            -400.00      -20.00
00450            -560.00      -16.00
00451            -640.00      -20.00
00452            -680.00      -16.00
00453            -680.00      -12.00
00454            -560.00      -20.00
00455            -520.00      -20.00
00456            -400.00      -16.00
00457            -360.00      -16.00
00458            -280.00      -16.00
00459            -240.00      -20.00
00460            -160.00      -16.00
00461             -80.00      -24.00
00462             -40.00      -16.00
00463               0.00      -12.00
00464             -40.00      -20.00
00465             -40.00      -12.00
00466             -40.00      -24.00
00467             -40.00      -16.00
00468               0.00      -20.00
00469             -40.00      -16.00
00470               0.00      -20.00
00471             -40.00      -16.00
00472               0.00      -12.00
00473              40.00      -20.00
00474             120.00      -16.00
00475             200.00      -20.00
00476             240.00      -20.00
00477             280.00      -20.00
00478             320.00      -16.00
00479             360.00      -20.00
00480             400.00      -20.00
00481             440.00      -20.00
00482             440.00      -16.00
00483             520.00      -20.00
00484             480.00      -20.00
00485             520.00      -16.00
00486             440.00      -16.00
00487             360.00      -20.00
00488             280.00      -16.00
00489             160.00      -20.00
00490               0.00      -12.00
00491            -160.00      -12.00
00492            -280.00      -16.00
00493            -400.00      -20.00
00494            -480.00      -20.00
00495            -480.00      -16.00
00496            -520.00      -20.00
00497            -520.00      -24.00
00498            -560.00      -20.00
00499            -560.00      -16.00
00500            -560.00      -16.00
00501            -560.00      -16.00
00502            -560.00      -20.00
00503            -560.00      -20.00
00504            -560.00      -20.00
00505            -600.00      -20.00
00506            -520.00      -20.00
00507            -440.00      -20.00
00508            -400.00      -16.00
00509            -360.00      -16.00
00510            -280.00      -16.00
00511            -240.00      500.00
00512             240.00      500.00
00513             200.00      500.00
00514             120.00      -36.00
00515              40.00      -36.00
00516              40.00      -36.00
00517             -40.00      -36.00
00518             -40.00      -36.00
00519             -40.00      -36.00
00520             -40.00      -32.00
00521              40.00      -32.00
00522               0.00      -32.00
00523              40.00      -28.00
00524              40.00      -32.00
00525              40.00      -36.00
00526             -80.00      -32.00
00527            -120.00      -32.00
00528            -200.00      -28.00
00529            -240.00      -28.00
00530            -280.00      -32.00
00531            -320.00      -36.00
00532            -280.00      -28.00
00533            -280.00      -32.00
00534            -240.00      -28.00
00535            -160.00      -28.00
00536            -120.00      -28.00
00537             -40.00      -28.00
00538               0.00      -20.00
00539              40.00      -24.00
00540              80.00      -24.00
00541             120.00      -28.00
00542             160.00      -28.00
00543             200.00      -20.00
00544             240.00      -24.00
00545             240.00      -28.00
00546             200.00      -20.00
00547             200.00      -28.00
00548             120.00      -24.00
00549              40.00      -16.00
00550             -80.00      -16.00
00551            -200.00      -24.00
00552            -240.00      -20.00
00553            -320.00      -24.00
00554            -400.00      -28.00
00555            -480.00      -20.00
00556            -520.00      -20.00
00557            -560.00      -12.00
00558            -640.00      -20.00
00559            -680.00      -16.00
00560            -720.00      -24.00
00561            -760.00      -24.00
00562            -800.00      -20.00
00563            -840.00      -28.00
00564            -920.00      -20.00
00565           -1000.00      -20.00
00566           -1040.00      -20.00
00567           -1120.00      -24.00
00568           -1200.00      -20.00
00569           -1240.00      -20.00
00570           -1240.00      -20.00
00571           -1240.00      -20.00
00572           -1200.00      -16.00
00573           -1080.00      -20.00
00574           -1000.00      -24.00
00575            -840.00      -20.00
00576            -600.00      -16.00
00577            -400.00      -16.00
00578            -160.00      -20.00
00579              80.00      -20.00
00580             280.00      -16.00
00581             480.00      -20.00
00582             640.00      -20.00
00583             720.00      -16.00
00584             880.00      -20.00
00585             960.00      -24.00
00586            1040.00      -16.00
00587            1120.00      -16.00
00588            1120.00      -20.00
00589            1160.00      -20.00
00590            1160.00      -16.00
00591            1160.00      -24.00
00592            1120.00      -20.00
00593            1080.00      -20.00
00594             960.00      -16.00
00595             880.00      -16.00
00596             840.00      -16.00
00597             800.00      -16.00
00598             800.00      -16.00
00599             840.00      -20.00
00600             880.00      -16.00
00601             920.00      -20.00
00602             880.00      -12.00
00603             920.00      -20.00
00604             880.00      -24.00
00605             840.00      -12.00
00606             720.00      -16.00
00607             600.00      -16.00
00608             440.00      -16.00
00609             280.00      -16.00
00610              40.00      -16.00
00611            -160.00      -16.00
00612            -360.00      -16.00
00613            -520.00      -20.00
00614            -640.00      -12.00
00615            -800.00      -12.00
00616            -880.00      -24.00
00617            -920.00      -16.00
00618            -920.00      -20.00
00619            -800.00      -16.00
00620            -640.00      -20.00
00621            -480.00      -16.00
00622            -200.00      -20.00
00623             -40.00      -16.00
00624             160.00      -12.00
00625             280.00      -12.00
00626             360.00      -24.00
00627             440.00      -20.00
00628             520.00      -20.00
00629             560.00      -12.00
00630             640.00      -16.00
00631             720.00      -16.00
00632             720.00      -20.00
00633             760.00      -12.00
00634             760.00      -20.00
00635             720.00      -16.00
00636             640.00      -16.00
00637             600.00      -16.00
00638             560.00      -16.00
00639             440.00      -16.00
00640             360.00      -20.00
00641             320.00      -16.00
00642             320.00      -16.00
00643             360.00      -16.00
00644             360.00      -12.00
00645             400.00      -16.00
00646             400.00      -16.00
00647             400.00      -16.00
00648             280.00      -20.00
00649             160.00      -24.00
00650              40.00      -16.00
00651            -120.00      -16.00
00652            -320.00      -16.00
00653            -480.00      -24.00
00654            -600.00      -20.00
00655            -720.00      -16.00
00656            -800.00      -16.00
00657            -920.00      -16.00
00658            -960.00      -16.00
00659            -960.00      -16.00
00660            -920.00      -16.00
00661            -880.00      -20.00
00662            -800.00      -16.00
00663            -760.00      -12.00
00664            -640.00      -16.00
00665            -520.00      -16.00
00666            -400.00      -16.00
00667            -280.00      -16.00
00668            -160.00      -16.00
00669             -80.00      -16.00
00670               0.00      -12.00
00671             120.00      -12.00
00672             160.00      -12.00
00673             240.00      -20.00
00674             320.00      -12.00
00675             320.00      -20.00
00676             400.00      -16.00
00677             480.00      -16.00
00678             560.00      -16.00
00679             560.00      -16.00
00680             600.00       -8.00
00681             640.00      -16.00
00682             720.00      -16.00
00683             800.00      -12.00
00684             880.00      -16.00
00685             920.00      -16.00
00686            1000.00      -12.00
00687            1080.00      -16.00
00688            1160.00      -12.00
00689            1200.00      -16.00
00690            1200.00      -16.00
00691            1160.00      -16.00
00692            1080.00      -12.00
00693             960.00      -12.00
00694             800.00      -20.00
00695             560.00      -16.00
00696             240.00      -20.00
00697               0.00      -16.00
00698            -240.00      -16.00
00699            -440.00      -16.00
00700            -600.00      -16.00
00701            -640.00      -16.00
00702            -680.00      -12.00
00703            -640.00      -12.00
00704            -600.00      -16.00
00705            -480.00      -16.00
00706            -440.00      -12.00
00707            -360.00      -16.00
00708            -320.00      -12.00
00709            -240.00      -12.00
00710            -160.00      -16.00
00711            -120.00      -12.00
00712             -40.00      -12.00
00713             -40.00      -16.00
00714               0.00      -16.00
00715             -40.00      -16.00
00716             -40.00      -16.00
00717             -40.00      -16.00
00718             -40.00      -16.00
00719             -40.00      -12.00
00720             -40.00      -16.00
00721             -40.00      -12.00
00722               0.00      -16.00
00723              40.00      -12.00
00724              80.00      -16.00
00725             200.00      -12.00
00726             240.00      -16.00
00727             280.00      -20.00
00728             320.00      -12.00
00729             360.00      -16.00
00730             400.00      -16.00
00731             440.00      -16.00
00732             440.00      -20.00
00733             520.00      -20.00
00734             480.00      -16.00
00735             480.00      -16.00
00736             480.00      -16.00
00737             360.00      -12.00
00738             280.00      -16.00
00739             120.00      -16.00
00740              40.00      -16.00
00741            -120.00       -8.00
00742            -280.00      -12.00
00743            -400.00      -16.00
00744            -440.00      -12.00
00745            -520.00      -16.00
00746            -520.00      -16.00
00747            -520.00      -20.00
00748            -520.00      -16.00
00749            -520.00      -16.00
00750            -560.00      -16.00
00751            -560.00      -12.00
00752            -560.00      -12.00
00753            -560.00      -16.00
00754            -560.00      -12.00
00755            -560.00      -16.00
00756            -520.00      -16.00
00757            -440.00      -16.00
00758            -400.00      -12.00
00759            -320.00      -12.00
00760            -320.00      -12.00
00761            -240.00      500.00
00762             240.00      500.00
00763             200.00      500.00
00764             160.00      -28.00
00765              80.00      -40.00
00766              40.00      -36.00
00767             -40.00      -36.00
00768             -80.00      -32.00
00769             -40.00      -28.00
00770             -40.00      -36.00
00771               0.00      -36.00
00772              40.00      -32.00
00773              40.00      -32.00
00774              40.00      -32.00
00775              40.00      -24.00
00776             -80.00      -28.00
00777            -120.00      -28.00
00778            -160.00      -28.00
00779            -240.00      -24.00
00780            -280.00      -28.00
00781            -280.00      -32.00
00782            -320.00      -28.00
00783            -280.00      -28.00
00784            -240.00      -28.00
00785            -200.00      -28.00
00786             -80.00      -20.00
00787             -40.00      -28.00
00788               0.00      -28.00
00789              40.00      -28.00
00790              80.00      -24.00
00791             160.00      -24.00
00792             160.00      -24.00
00793             200.00      -28.00
00794             240.00      -24.00
00795             240.00      -24.00
00796             240.00      -28.00
00797             200.00      -20.00
00798             120.00      -16.00
00799              40.00      -24.00
00800             -40.00      -28.00
00801            -120.00      -20.00
00802            -240.00      -24.00
00803            -320.00      -20.00
00804            -400.00      -24.00
00805            -480.00      -24.00
00806            -560.00      -24.00
00807            -560.00      -20.00
00808            -600.00      -16.00
00809            -640.00      -24.00
00810            -680.00      -20.00
00811            -720.00      -16.00
00812            -800.00      -24.00
00813            -840.00      -20.00
00814            -920.00      -28.00
00815           -1000.00      -20.00
00816           -1040.00      -24.00
00817           -1120.00      -16.00
00818           -1200.00      -20.00
00819           -1240.00      -16.00
00820           -1240.00      -24.00
00821           -1240.00      -16.00
00822           -1240.00      -20.00
00823           -1120.00      -28.00
00824            -960.00      -24.00
00825            -800.00      -20.00
00826            -640.00      -20.00
00827            -400.00      -24.00
00828            -160.00      -16.00
00829              40.00      -20.00
00830             320.00      -20.00
00831             480.00      -20.00
00832             600.00      -20.00
00833             760.00      -20.00
00834             880.00      -20.00
00835             960.00      -24.00
00836            1000.00      -16.00
00837            1080.00      -16.00
00838            1120.00      -16.00
00839            1200.00      -20.00
00840            1160.00      -24.00
00841            1160.00      -20.00
00842            1120.00      -16.00
00843            1000.00      -20.00
00844            1000.00      -16.00
00845             880.00      -16.00
00846             840.00      -20.00
00847             840.00      -20.00
00848             800.00      -24.00
00849             840.00      -20.00
00850             880.00      -20.00
00851             880.00      -16.00
00852             920.00      -24.00
00853             920.00      -20.00
00854             840.00      -16.00
00855             800.00      -20.00
00856             720.00      -16.00
00857             600.00      -24.00
00858             480.00      -16.00
00859             320.00      -20.00
00860              80.00      -20.00
00861            -160.00      -20.00
00862            -360.00      -16.00
00863            -520.00      -24.00
00864            -680.00      -20.00
00865            -760.00      -20.00
00866            -880.00      -12.00
00867            -920.00      -20.00
00868            -880.00      -24.00
00869            -800.00      -20.00
00870            -640.00      -20.00
00871            -480.00      -20.00
00872            -240.00      -16.00
00873             -40.00      -20.00
00874             160.00      -16.00
00875             280.00      -16.00
00876             360.00      -24.00
00877             480.00      -16.00
00878             480.00      -20.00
00879             560.00      -20.00
00880             640.00      -24.00
00881             680.00      -16.00
00882             760.00      -20.00
00883             760.00      -16.00
00884             760.00      -24.00
00885             720.00      -16.00
00886             680.00      -16.00
00887             600.00      -20.00
00888             520.00      -24.00
00889             440.00      -24.00
00890             360.00      -16.00
00891             320.00      -16.00
00892             360.00      -20.00
00893             360.00      -16.00
00894             400.00      -20.00
00895             400.00      -16.00
00896             400.00      -20.00
00897             360.00      -16.00
00898             280.00      -20.00
00899             160.00      -20.00
00900               0.00      -16.00
00901            -120.00      -20.00
00902            -320.00      -20.00
00903            -440.00      -20.00
00904            -600.00      -16.00
00905            -720.00      -20.00
00906            -800.00      -20.00
00907            -880.00      -20.00
00908            -960.00      -16.00
00909            -960.00      -16.00
00910            -920.00      -20.00
00911            -880.00      -20.00
00912            -840.00      -16.00
00913            -760.00      -20.00
00914            -600.00      -20.00
00915            -520.00      -16.00
00916            -400.00      -20.00
00917            -280.00      -16.00
00918            -160.00      -20.00
00919             -80.00      -16.00
00920               0.00      -20.00
00921             120.00      -20.00
00922             200.00      -16.00
00923             240.00      -12.00
00924             280.00      -20.00
00925             360.00      -16.00
00926             360.00      -16.00
00927             440.00      -20.00
00928             520.00      -16.00
00929             560.00      -20.00
00930             560.00      -20.00
00931             640.00      -16.00
00932             680.00      -20.00
00933             800.00      -16.00
00934             880.00      -16.00
00935             920.00      -16.00
00936            1000.00      -16.00
00937            1080.00      -20.00
00938            1160.00      -16.00
00939            1200.00      -20.00
00940            1200.00      -20.00
00941            1160.00      -20.00
00942            1120.00      -16.00
00943             960.00      -20.00
00944             760.00      -16.00
00945             520.00      -20.00
00946             280.00      -16.00
00947             -40.00      -16.00
00948            -240.00      -16.00
00949            -440.00      -28.00
00950            -600.00      -12.00
00951            -680.00      -12.00
00952            -720.00      -24.00
00953            -680.00      -24.00
00954            -560.00      -24.00
00955            -480.00      -20.00
00956            -400.00      -16.00
00957            -360.00      -16.00
00958            -280.00      -16.00
00959            -240.00      -16.00
00960            -160.00      -20.00
00961             -80.00      -20.00
00962             -40.00      -20.00
00963             -40.00      -20.00
00964             -40.00      -20.00
00965             -40.00      -12.00
00966               0.00      -24.00
00967             -80.00      -20.00
00968             -40.00      -16.00
00969             -40.00      -20.00
00970             -40.00      -16.00
00971               0.00      -20.00
00972               0.00      -20.00
00973              40.00      -20.00
00974              80.00      -20.00
00975             200.00      -20.00
00976             280.00      -16.00
00977             280.00      -20.00
00978             360.00      -24.00
00979             360.00      -16.00
00980             360.00      -12.00
00981             400.00      -24.00
00982             480.00      -20.00
00983             480.00      -16.00
00984             480.00      -16.00
00985             520.00      -16.00
00986             440.00      -20.00
00987             360.00      -16.00
00988             240.00      -20.00
00989             160.00      -20.00
00990               0.00      -20.00
00991            -160.00      -16.00
00992            -280.00      -16.00
00993            -400.00      -16.00
00994            -480.00      -20.00
00995            -480.00      -16.00
00996            -520.00      -20.00
00997            -560.00      -20.00
00998            -560.00      -16.00
00999            -600.00      -12.00
01000            -560.00      -16.00
01001            -560.00      -20.00
01002            -560.00      -12.00
01003            -560.00      -20.00
01004            -560.00      -16.00
01005            -560.00      -16.00
01006            -520.00      -24.00
01007            -440.00      -16.00
01008            -400.00      -16.00
01009            -360.00      -16.00
01010            -320.00      -20.00
01011            -280.00      500.00
01012             240.00      500.00
01013             160.00      500.00
01014             120.00      -32.00
01015              80.00      -36.00
01016               0.00      -36.00
01017             -80.00      -36.00
01018             -40.00      -32.00
01019               0.00      -36.00
01020             -40.00      -36.00
01021               0.00      -32.00
01022              40.00      -32.00
01023              40.00      -32.00
01024              40.00      -28.00
01025               0.00      -28.00
01026             -40.00      -28.00
01027            -120.00      -28.00
01028            -200.00      -28.00
01029            -280.00      -28.00
01030            -280.00      -32.00
01031            -320.00      -32.00
01032            -280.00      -24.00
01033            -280.00      -24.00
01034            -200.00      -24.00
01035            -120.00      -32.00
01036             -80.00      -24.00
01037             -80.00      -24.00
01038               0.00      -24.00
01039              40.00      -24.00
01040              80.00      -28.00
01041             160.00      -28.00
01042             160.00      -20.00
01043             200.00      -24.00
01044             240.00      -24.00
01045             240.00      -20.00
01046             240.00      -16.00
01047             200.00      -24.00
01048             160.00      -20.00
01049              40.00      -28.00
01050             -40.00      -24.00
01051            -160.00      -24.00
01052            -240.00      -20.00
01053            -320.00      -20.00
01054            -400.00      -20.00
01055            -440.00      -12.00
01056            -520.00      -16.00
01057            -560.00      -24.00
01058            -600.00      -16.00
01059            -640.00      -20.00
01060            -680.00      -20.00
01061            -760.00      -24.00
01062            -800.00      -20.00
01063            -840.00      -20.00
01064            -920.00      -24.00
01065           -1000.00      -16.00
01066           -1080.00      -20.00
01067           -1120.00      -20.00
01068           -1160.00      -20.00
01069           -1240.00      -16.00
01070           -1280.00      -16.00
01071           -1280.00      -16.00
01072           -1200.00      -20.00
01073           -1080.00      -16.00
01074           -1000.00      -16.00
01075            -800.00      -20.00
01076            -600.00      -16.00
01077            -400.00      -20.00
01078            -160.00      -16.00
01079              80.00      -20.00
01080             240.00      -16.00
01081             480.00      -20.00
01082             640.00      -20.00
01083             800.00      -16.00
01084             880.00      -16.00
01085            1000.00      -16.00
01086            1040.00      -20.00
01087            1120.00      -12.00
01088            1160.00      -24.00
01089            1160.00      -12.00
01090            1200.00      -24.00
01091            1160.00      -24.00
01092            1080.00      -20.00
01093            1040.00      -24.00
01094            1000.00      -16.00
01095             880.00      -12.00
01096             840.00      -20.00
01097             800.00      -12.00
01098             840.00      -16.00
01099             840.00      -20.00
01100             880.00      -16.00
01101             920.00      -16.00
01102             920.00      -16.00
01103             920.00      -12.00
01104             840.00      -12.00
01105             840.00      -16.00
01106             680.00      -20.00
01107             600.00      -24.00
01108             480.00      -20.00
01109             280.00      -20.00
01110              40.00      -16.00
01111            -160.00      -16.00
01112            -360.00      -16.00
01113            -520.00      -12.00
01114            -680.00      -12.00
01115            -800.00      -20.00
01116            -880.00      -20.00
01117            -920.00      -16.00
01118            -920.00      -16.00
01119            -800.00      -16.00
01120            -640.00      -16.00
01121            -440.00      -16.00
01122            -240.00      -12.00
01123               0.00      -20.00
01124             160.00      -16.00
01125             280.00      -16.00
01126             360.00      -12.00
01127             440.00      -20.00
01128             520.00      -16.00
01129             560.00      -16.00
01130             640.00      -16.00
01131             680.00      -16.00
01132             760.00      -20.00
01133             800.00      -20.00
01134             760.00      -20.00
01135             760.00      -20.00
01136             680.00      -12.00
01137             600.00      -16.00
01138             520.00      -16.00
01139             440.00      -16.00
01140             360.00      -20.00
01141             360.00      -16.00
01142             320.00      -16.00
01143             360.00      -12.00
01144             400.00      -16.00
01145             400.00      -20.00
01146             400.00      -20.00
01147             400.00      -20.00
01148             280.00      -16.00
01149             160.00      -16.00
01150               0.00      -20.00
01151            -120.00      -16.00
01152            -280.00      -16.00
01153            -480.00      -16.00
01154            -600.00      -16.00
01155            -720.00      -20.00
01156            -800.00      -20.00
01157            -880.00      -16.00
01158            -960.00      -16.00
01159            -920.00      -20.00
01160            -920.00      -20.00
01161            -880.00      -16.00
01162            -800.00      -12.00
01163            -760.00      -12.00
01164            -640.00      -20.00
01165            -520.00      -20.00
01166            -400.00      -20.00
01167            -320.00      -20.00
01168            -160.00      -20.00
01169             -80.00      -16.00
01170              40.00      -16.00
01171             120.00      -24.00
01172             200.00      -16.00
01173             240.00      -12.00
01174             320.00      -20.00
01175             320.00      -20.00
01176             360.00      -16.00
01177             440.00      -24.00
01178             520.00      -20.00
01179             560.00      -20.00
01180             600.00      -20.00
01181             600.00      -20.00
01182             680.00      -20.00
01183             800.00      -20.00
01184             880.00      -20.00
01185             960.00      -12.00
01186            1000.00      -20.00
01187            1080.00      -16.00
01188            1160.00      -20.00
01189            1200.00      -12.00
01190            1200.00      -20.00
01191            1200.00      -20.00
01192            1080.00      -16.00
01193             960.00      -16.00
01194             760.00      -20.00
01195             520.00      -24.00
01196             280.00      -20.00
01197               0.00      -16.00
01198            -240.00      -20.00
01199            -440.00      -20.00
01200            -600.00      -16.00
01201            -680.00      -20.00
01202            -720.00      -20.00
01203            -680.00      -24.00
01204            -600.00      -24.00
01205            -480.00      -20.00
01206            -400.00      -16.00
01207            -320.00      -20.00
01208            -280.00      -20.00
01209            -240.00      -20.00
01210            -160.00      -16.00
01211             -80.00      -16.00
01212             -40.00      -16.00
01213             -40.00      -20.00
01214               0.00      -20.00
01215             -40.00      -24.00
01216             -40.00      -16.00
01217             -40.00      -20.00
01218             -40.00      -12.00
01219             -40.00      -16.00
01220               0.00      -20.00
01221              40.00      -20.00
01222               0.00      -20.00
01223              40.00      -20.00
01224              80.00      -24.00
01225             160.00      -24.00
01226             240.00      -20.00
01227             320.00      -20.00
01228             360.00      -16.00
01229             400.00      -16.00
01230             400.00      -16.00
01231             440.00      -24.00
01232             480.00      -24.00
01233             480.00      -16.00
01234             520.00      -16.00
01235             480.00      -20.00
01236             440.00      -20.00
01237             360.00      -20.00
01238             280.00      -20.00
01239             160.00      -16.00
01240               0.00      -20.00
01241            -120.00      -20.00
01242            -280.00      -20.00
01243            -400.00      -20.00
01244            -440.00      -16.00
01245            -520.00      -24.00
01246            -520.00      -20.00
01247            -560.00      -16.00
01248            -560.00      -16.00
01249            -560.00      -20.00
01250            -560.00      -16.00
01251            -560.00      -16.00
01252            -560.00      -20.00
01253            -520.00      -16.00
01254            -560.00      -20.00
01255            -560.00      -16.00
01256            -520.00      -16.00
01257            -440.00      -16.00
01258            -400.00      -20.00
01259            -360.00      -20.00
01260            -280.00      -20.00
01261            -280.00      500.00
01262             240.00      500.00
01263             240.00      500.00
01264             160.00      -32.00
01265              80.00      -36.00
01266               0.00      -36.00
01267               0.00      -36.00
01268             -80.00      -36.00
01269             -40.00      -36.00
01270               0.00      -32.00
01271               0.00      -32.00
01272              40.00      -28.00
01273              40.00      -40.00
01274              40.00      -32.00
01275               0.00      -40.00
01276             -40.00      -28.00
01277            -120.00      -40.00
01278            -160.00      -32.00
01279            -240.00      -28.00
01280            -280.00      -32.00
01281            -280.00      -32.00
01282            -280.00      -32.00
01283            -280.00      -32.00
01284            -240.00      -28.00
01285            -200.00      -20.00
01286            -120.00      -24.00
01287             -40.00      -28.00
01288               0.00      -28.00
01289              40.00      -32.00
01290              80.00      -28.00
01291             120.00      -28.00
01292             160.00      -24.00
01293             160.00      -28.00
01294             240.00      -28.00
01295             240.00      -28.00
01296             200.00      -28.00
01297             160.00      -24.00
01298             120.00      -20.00
01299              40.00      -24.00
01300             -40.00      -28.00
01301            -160.00      -24.00
01302            -200.00      -24.00
01303            -360.00      -24.00
01304            -400.00      -20.00
01305            -480.00      -24.00
01306            -520.00      -24.00
01307            -600.00      -16.00
01308            -600.00      -28.00
01309            -640.00      -24.00
01310            -720.00      -28.00
01311            -720.00      -20.00
01312            -760.00      -24.00
01313            -840.00      -24.00
01314            -920.00      -20.00
01315            -960.00      -20.00
01316           -1080.00      -20.00
01317           -1120.00      -20.00
01318           -1200.00      -20.00
01319           -1240.00      -24.00
01320           -1280.00      -20.00
01321           -1240.00      -24.00
01322           -1200.00      -20.00
01323           -1120.00      -20.00
01324            -960.00      -16.00
01325            -840.00      -24.00
01326            -600.00      -20.00
01327            -400.00      -20.00
01328            -160.00      -20.00
01329              40.00      -20.00
01330             280.00      -20.00
01331             480.00      -24.00
01332             640.00      -16.00
01333             760.00      -20.00
01334             880.00      -20.00
01335            1000.00      -20.00
01336            1040.00      -16.00
01337            1120.00      -20.00
01338            1160.00      -20.00
01339            1160.00      -24.00
01340            1200.00      -20.00
01341            1160.00      -20.00
01342            1120.00      -12.00
01343            1040.00      -16.00
01344            1000.00      -16.00
01345             920.00      -16.00
01346             880.00      -20.00
01347             800.00      -24.00
01348             800.00      -16.00
01349             840.00      -16.00
01350             880.00      -20.00
01351             880.00      -16.00
01352             920.00      -16.00
01353             920.00      -12.00
01354             880.00      -24.00
01355             800.00      -20.00
01356             720.00      -20.00
01357             560.00      -20.00
01358             480.00      -20.00
01359             280.00      -24.00
01360              40.00      -16.00
01361            -120.00      -20.00
01362            -360.00      -12.00
01363            -480.00      -16.00
01364            -640.00      -20.00
01365            -760.00      -20.00
01366            -880.00      -28.00
01367            -920.00      -20.00
01368            -880.00      -20.00
01369            -800.00      -20.00
01370            -640.00      -24.00
01371            -440.00      -12.00
01372            -240.00      -20.00
01373             -40.00      -20.00
01374             120.00      -24.00
01375             280.00      -16.00
01376             360.00      -16.00
01377             440.00      -20.00
01378             520.00      -16.00
01379             560.00      -20.00
01380             640.00      -16.00
01381             680.00      -16.00
01382             720.00      -20.00
01383             760.00      -12.00
01384             760.00      -24.00
01385             720.00      -20.00
01386             680.00      -20.00
01387             600.00      -20.00
01388             520.00      -24.00
01389             400.00      -16.00
01390             400.00      -20.00
01391             320.00      -16.00
01392             280.00      -20.00
01393             360.00      -16.00
01394             400.00      -16.00
01395             400.00      -16.00
01396             400.00      -20.00
01397             400.00      -16.00
01398             280.00      -16.00
01399             160.00      -12.00
01400               0.00      -12.00
01401            -160.00      -20.00
01402            -280.00      -16.00
01403            -440.00      -20.00
01404            -600.00      -20.00
01405            -720.00      -24.00
01406            -800.00      -12.00
01407            -880.00      -12.00
01408            -920.00      -16.00
01409            -920.00      -20.00
01410            -920.00      -16.00
01411            -840.00      -24.00
01412            -800.00      -16.00
01413            -720.00      -20.00
01414            -640.00      -20.00
01415            -520.00      -20.00
01416            -400.00      -16.00
01417            -280.00      -16.00
01418            -200.00      -16.00
01419             -80.00      -16.00
01420              40.00      -16.00
01421              80.00      -20.00
01422             160.00      -12.00
01423             240.00      -16.00
01424             320.00      -16.00
01425             320.00      -16.00
01426             400.00      -20.00
01427             480.00      -16.00
01428             520.00      -12.00
01429             560.00      -12.00
01430             560.00      -16.00
01431             600.00      -20.00
01432             680.00      -16.00
01433             760.00      -12.00
01434             880.00      -16.00
01435             920.00      -16.00
01436            1000.00      -16.00
01437            1120.00      -16.00
01438            1160.00      -12.00
01439            1200.00      -16.00
01440            1240.00      -16.00
01441            1160.00      -16.00
01442            1120.00      -20.00
01443             920.00      -12.00
01444             760.00      -12.00
01445             560.00      -12.00
01446             320.00      -20.00
01447             -40.00      -16.00
01448            -240.00      -16.00
01449            -440.00      -16.00
01450            -600.00      -16.00
01451            -680.00      -16.00
01452            -680.00      -24.00
01453            -680.00      -12.00
01454            -600.00      -12.00
01455            -480.00      -12.00
01456            -440.00      -12.00
01457            -360.00      -16.00
01458            -320.00      -20.00
01459            -240.00      -20.00
01460            -160.00      -12.00
01461            -120.00      -16.00
01462             -40.00      -12.00
01463             -40.00      -20.00
01464             -40.00      -16.00
01465             -40.00      -12.00
01466             -40.00      -12.00
01467             -40.00      -12.00
01468             -40.00      -16.00
01469               0.00      -20.00
01470             -40.00      -16.00
01471               0.00      -16.00
01472               0.00      -16.00
01473              40.00      -16.00
01474             120.00      -12.00
01475             160.00      -12.00
01476             200.00      -12.00
01477             280.00      -16.00
01478             360.00      -12.00
01479             360.00      -16.00
01480             400.00      -20.00
01481             400.00      -20.00
01482             480.00      -20.00
01483             480.00      -20.00
01484             480.00      -16.00
01485             480.00      -36.00
01486             480.00      -16.00
01487             360.00      -16.00
01488             240.00      -16.00
01489             160.00      -20.00
01490               0.00      -12.00
01491            -120.00      -20.00
01492            -320.00      -12.00
01493            -400.00      -12.00
01494            -480.00      -12.00
01495            -520.00      -16.00
01496            -520.00      -16.00
01497            -520.00      -16.00
01498            -560.00      -16.00
01499            -560.00      -16.00
01500            -560.00      -20.00
01501            -560.00      -12.00
01502            -560.00      -16.00
01503            -560.00      -16.00
01504            -560.00      -16.00
01505            -560.00      -12.00
01506            -520.00      -16.00
01507            -440.00      -16.00
01508            -400.00      -16.00
01509            -320.00      -20.00
01510            -280.00      -12.00
01511            -280.00      500.00
01512             240.00      500.00
01513             200.00      500.00
01514             120.00      -28.00
01515              40.00      -40.00
01516               0.00      -36.00
01517             -40.00      -36.00
01518             -40.00      -28.00
01519             -40.00      -36.00
01520               0.00      -36.00
01521               0.00      -32.00
01522               0.00      -36.00
01523              40.00      -28.00
01524              40.00      -32.00
01525               0.00      -32.00
01526             -40.00      -28.00
01527            -120.00      -32.00
01528            -200.00      -32.00
01529            -240.00      -28.00
01530            -280.00      -36.00
01531            -280.00      -28.00
01532            -280.00      -40.00
01533            -280.00      -32.00
01534            -200.00      -28.00
01535            -120.00      -32.00
01536            -120.00      -28.00
01537             -40.00      -28.00
01538             -40.00      -24.00
01539              40.00      -24.00
01540              80.00      -28.00
01541             120.00      -28.00
01542             160.00      -24.00
01543             160.00      -28.00
01544             200.00      -28.00
01545             240.00      -28.00
01546             200.00      -24.00
01547             200.00      -28.00
01548             120.00      -24.00
01549              40.00      -28.00
01550             -40.00      -20.00
01551            -120.00      -24.00
01552            -240.00      -24.00
01553            -280.00      -28.00
01554            -400.00      -28.00
01555            -440.00      -24.00
01556            -560.00      -24.00
01557            -560.00      -16.00
01558            -600.00      -24.00
01559            -640.00      -20.00
01560            -720.00      -28.00
01561            -720.00      -24.00
01562            -800.00      -28.00
01563            -840.00      -28.00
01564            -920.00      -24.00
01565            -960.00      -24.00
01566           -1040.00      -24.00
01567           -1120.00      -20.00
01568           -1200.00      -24.00
01569           -1240.00      -24.00
01570           -1280.00      -24.00
01571           -1240.00      -20.00
01572           -1240.00      -24.00
01573           -1120.00      -24.00
01574           -1000.00      -24.00
01575            -840.00      -24.00
01576            -640.00      -20.00
01577            -400.00      -20.00
01578            -200.00      -24.00
01579              80.00      -24.00
01580             240.00      -20.00
01581             480.00      -20.00
01582             640.00      -20.00
01583             760.00      -24.00
01584             880.00      -24.00
01585             960.00      -24.00
01586            1040.00      -20.00
01587            1120.00      -20.00
01588            1120.00      -24.00
01589            1200.00      -16.00
01590            1160.00      -28.00
01591            1120.00      -20.00
01592            1120.00      -20.00
01593            1040.00      -20.00
01594            1000.00      -20.00
01595             920.00      -20.00
01596             880.00      -20.00
01597             800.00      -20.00
01598             800.00      -20.00
01599             840.00      -20.00
01600             840.00      -16.00
01601             880.00      -20.00
01602             920.00      -20.00
01603             920.00      -20.00
01604             880.00      -20.00
01605             800.00      -20.00
01606             720.00      -20.00
01607             600.00      -20.00
01608             480.00      -20.00
01609             240.00      -16.00
01610              40.00      -20.00
01611            -160.00      -20.00
01612            -320.00      -20.00
01613            -520.00      -16.00
01614            -640.00      -20.00
01615            -760.00      -20.00
01616            -880.00      -20.00
01617            -920.00      -20.00
01618            -880.00      -20.00
01619            -800.00      -16.00
01620            -640.00      -20.00
01621            -440.00      -20.00
01622            -200.00      -20.00
01623             -40.00      -24.00
01624             160.00      -16.00
01625             280.00      -20.00
01626             360.00      -20.00
01627             440.00      -20.00
01628             520.00      -16.00
01629             520.00      -24.00
01630             640.00      -20.00
01631             680.00      -24.00
01632             760.00      -20.00
01633             760.00      -20.00
01634             760.00      -16.00
01635             720.00      -16.00
01636             680.00      -16.00
01637             600.00      -16.00
01638             560.00      -20.00
01639             440.00      -24.00
01640             360.00      -20.00
01641             320.00      -20.00
01642             320.00      -20.00
01643             360.00      -16.00
01644             400.00      -24.00
01645             400.00      -28.00
01646             400.00      -16.00
01647             360.00      -16.00
01648             280.00      -20.00
01649             200.00      -20.00
01650              40.00      -24.00
01651            -120.00      -20.00
01652            -280.00      -20.00
01653            -440.00      -16.00
01654            -600.00      -20.00
01655            -720.00      -20.00
01656            -840.00      -16.00
01657            -880.00      -16.00
01658            -920.00      -20.00
01659            -920.00      -16.00
01660            -920.00      -16.00
01661            -880.00      -20.00
01662            -800.00      -20.00
01663            -760.00      -24.00
01664            -640.00      -20.00
01665            -520.00      -20.00
01666            -400.00      -20.00
01667            -280.00      -16.00
01668            -200.00      -24.00
01669             -80.00      -16.00
01670               0.00      -16.00
01671              80.00      -16.00
01672             160.00      -16.00
01673             240.00      -16.00
01674             280.00      -20.00
01675             360.00      -16.00
01676             400.00      -16.00
01677             440.00      -16.00
01678             560.00      -20.00
01679             560.00      -24.00
01680             600.00      -16.00
01681             640.00      -16.00
01682             680.00      -16.00
01683             800.00      -20.00
01684             840.00      -20.00
01685             880.00      -20.00
01686            1000.00      -20.00
01687            1040.00      -16.00
01688            1160.00      -20.00
01689            1200.00      -20.00
01690            1200.00      -20.00
01691            1200.00      -16.00
01692            1120.00      -24.00
01693            1000.00      -20.00
01694             800.00      -12.00
01695             560.00      -16.00
01696             280.00      -20.00
01697               0.00      -20.00
01698            -240.00      -20.00
01699            -440.00      -20.00
01700            -560.00      -20.00
01701            -640.00      -16.00
01702            -680.00      -16.00
01703            -680.00      -20.00
01704            -560.00      -20.00
01705            -480.00      -16.00
01706            -400.00      -12.00
01707            -360.00      -16.00
01708            -280.00      -20.00
01709            -240.00      -24.00
01710            -160.00      -20.00
01711             -80.00      -20.00
01712             -40.00      -16.00
01713               0.00      -24.00
01714               0.00      -16.00
01715             -40.00      -20.00
01716             -40.00      -20.00
01717             -40.00      -24.00
01718             -40.00      -20.00
01719             -40.00      -20.00
01720             -40.00      -16.00
01721             -40.00      -16.00
01722               0.00      -20.00
01723              40.00      -12.00
01724              80.00      -20.00
01725             160.00      -20.00
01726             240.00      -20.00
01727             280.00      -20.00
01728             360.00      -20.00
01729             360.00      -20.00
01730             360.00      -24.00
01731             400.00      -24.00
01732             480.00      -20.00
01733             440.00      -16.00
01734             520.00      -20.00
01735             520.00      -20.00
01736             440.00      -20.00
01737             360.00      -20.00
01738             280.00      -20.00
01739             160.00      -20.00
01740               0.00      -16.00
01741            -120.00      -24.00
01742            -280.00      -20.00
01743            -400.00      -16.00
01744            -480.00      -16.00
01745            -480.00      -24.00
01746            -520.00      -24.00
01747            -520.00      -20.00
01748            -560.00      -20.00
01749            -560.00      -16.00
01750            -560.00      -20.00
01751            -560.00      -16.00
01752            -520.00      -16.00
01753            -560.00      -20.00
01754            -560.00      -20.00
01755            -560.00      -12.00
01756            -480.00      -12.00
01757            -440.00      -20.00
01758            -400.00      -20.00
01759            -360.00      -20.00
01760            -280.00      -16.00
01761            -280.00      500.00
01762             240.00      500.00
01763             200.00      500.00
01764             160.00      -28.00
01765              80.00      -36.00
01766               0.00      -32.00
01767             -40.00      -36.00
01768             -40.00      -32.00
01769             -40.00      -28.00
01770             -40.00      -28.00
01771               0.00      -32.00
01772              40.00      -28.00
01773              40.00      -32.00
01774              40.00      -36.00
01775               0.00      -32.00
01776             -40.00      -28.00
01777            -120.00      -28.00
01778            -200.00      -28.00
01779            -280.00      -28.00
01780            -320.00      -32.00
01781            -320.00      -28.00
01782            -320.00      -24.00
01783            -280.00      -28.00
01784            -240.00      -28.00
01785            -160.00      -28.00
01786             -80.00      -28.00
01787             -40.00      -28.00
01788               0.00      -24.00
01789              40.00      -24.00
01790              80.00      -24.00
01791             120.00      -24.00
01792             200.00      -28.00
01793             200.00      -24.00
01794             240.00      -28.00
01795             240.00      -20.00
01796             240.00      -20.00
01797             160.00      -24.00
01798             120.00      -28.00
01799              40.00      -20.00
01800             -80.00      -20.00
01801            -160.00      -20.00
01802            -200.00      -20.00
01803            -320.00      -24.00
01804            -400.00      -16.00
01805            -480.00      -24.00
01806            -520.00      -20.00
01807            -560.00      -20.00
01808            -600.00      -16.00
01809            -640.00      -16.00
01810            -720.00      -24.00
01811            -760.00      -16.00
01812            -800.00      -20.00
01813            -840.00      -20.00
01814            -920.00      -20.00
01815           -1000.00      -16.00
01816           -1080.00      -20.00
01817           -1120.00      -20.00
01818           -1200.00      -20.00
01819           -1240.00      -12.00
01820           -1240.00      -16.00
01821           -1240.00      -20.00
01822           -1200.00      -20.00
01823           -1120.00      -16.00
01824            -960.00      -16.00
01825            -800.00      -20.00
01826            -640.00      -20.00
01827            -440.00      -24.00
01828            -160.00      -16.00
01829              80.00      -12.00
01830             280.00      -20.00
01831             480.00      -20.00
01832             640.00      -16.00
01833             760.00      -16.00
01834             880.00      -16.00
01835            1000.00      -20.00
01836            1040.00      -16.00
01837            1080.00      -20.00
01838            1120.00      -16.00
01839            1120.00      -12.00
01840            1160.00      -20.00
01841            1120.00      -24.00
01842            1120.00      -16.00
01843            1040.00      -16.00
01844             960.00      -20.00
01845             920.00      -16.00
01846             840.00      -12.00
01847             800.00      -16.00
01848             760.00      -16.00
01849             800.00      -16.00
01850             880.00      -20.00
01851             920.00      -20.00
01852             880.00      -16.00
01853             880.00      -20.00
01854             880.00      -20.00
01855             800.00      -16.00
01856             720.00      -16.00
01857             600.00      -12.00
01858             440.00      -16.00
01859             280.00      -16.00
01860              80.00      -12.00
01861            -160.00      -20.00
01862            -400.00      -20.00
01863            -520.00      -20.00
01864            -680.00      -16.00
01865            -800.00      -12.00
01866            -880.00      -24.00
01867            -920.00      -20.00
01868            -880.00      -12.00
01869            -800.00      -16.00
01870            -640.00      -32.00
01871            -480.00      -16.00
01872            -240.00      -20.00
01873               0.00      -12.00
01874             160.00      -16.00
01875             240.00      -16.00
01876             360.00      -16.00
01877             440.00      -16.00
01878             480.00      -12.00
01879             560.00      -20.00
01880             680.00      -20.00
01881             680.00      -20.00
01882             760.00      -20.00
01883             760.00      -20.00
01884             760.00      -20.00
01885             760.00      -16.00
01886             640.00      -12.00
01887             640.00      -20.00
01888             520.00      -16.00
01889             400.00      -20.00
01890             360.00      -16.00
01891             360.00      -20.00
01892             320.00      -16.00
01893             320.00      -16.00
01894             400.00      -20.00
01895             400.00      -20.00
01896             400.00      -20.00
01897             360.00      -16.00
01898             280.00      -20.00
01899             160.00      -20.00
01900               0.00      -24.00
01901            -120.00      -20.00
01902            -280.00      -24.00
01903            -440.00      -16.00
01904            -560.00      -16.00
01905            -720.00      -16.00
01906            -800.00      -16.00
01907            -920.00      -16.00
01908            -920.00      -20.00
01909            -920.00      -20.00
01910            -880.00      -20.00
01911            -880.00      -16.00
01912            -800.00      -16.00
01913            -720.00      -20.00
01914            -640.00      -16.00
01915            -520.00      -20.00
01916            -440.00      -16.00
01917            -280.00      -16.00
01918            -200.00      -24.00
01919             -80.00      -20.00
01920               0.00      -20.00
01921             120.00      -20.00
01922             200.00      -20.00
01923             240.00      -20.00
01924             280.00      -12.00
01925             360.00      -16.00
01926             400.00      -16.00
01927             480.00      -20.00
01928             560.00      -24.00
01929             560.00      -20.00
01930             600.00      -20.00
01931             640.00      -20.00
01932             680.00      -24.00
01933             800.00      -16.00
01934             840.00      -24.00
01935             920.00      -16.00
01936            1000.00      -16.00
01937            1080.00      -20.00
01938            1160.00      -20.00
01939            1160.00      -20.00
01940            1200.00      -20.00
01941            1120.00      -16.00
01942            1080.00      -16.00
01943             960.00      -20.00
01944             800.00      -20.00
01945             520.00      -20.00
01946             240.00      -24.00
01947               0.00      -20.00
01948            -280.00      -16.00
01949            -440.00      -20.00
01950            -600.00      -20.00
01951            -680.00      -16.00
01952            -720.00      -16.00
01953            -640.00      -16.00
01954            -600.00      -24.00
01955            -480.00      -20.00
01956            -400.00      -16.00
01957            -360.00      -16.00
01958            -280.00      -20.00
01959            -280.00      -20.00
01960            -160.00      -16.00
01961            -120.00      -16.00
01962             -80.00      -20.00
01963             -40.00      -20.00
01964             -40.00      -20.00
01965             -40.00      -20.00
01966             -40.00      -24.00
01967               0.00      -24.00
01968             -40.00      -20.00
01969             -40.00      -20.00
01970             -40.00      -16.00
01971               0.00      -12.00
01972               0.00      -20.00
01973              40.00      -16.00
01974              80.00      -16.00
01975             160.00      -20.00
01976             240.00      -20.00
01977             320.00      -24.00
01978             360.00      -16.00
01979             400.00      -20.00
01980             360.00      -20.00
01981             440.00      -16.00
01982             480.00      -16.00
01983             480.00      -20.00
01984             480.00      -20.00
01985             480.00      -20.00
01986             480.00      -20.00
01987             400.00      -20.00
01988             240.00      -20.00
01989             160.00      -16.00
01990              40.00      -16.00
01991            -120.00      -16.00
01992            -280.00      -20.00
01993            -400.00      -20.00
01994            -440.00      -16.00
01995            -520.00      -20.00
01996            -520.00      -20.00
01997            -520.00      -16.00
01998            -520.00      -12.00
01999            -560.00      -16.00
02000            -520.00      -20.00
02001            -560.00      -24.00
02002            -560.00      -20.00
02003            -560.00      -20.00
02004            -560.00      -16.00
02005            -560.00      -20.00
02006            -520.00      -16.00
02007            -440.00      -16.00
02008            -400.00      -16.00
02009            -320.00      -20.00
02010            -320.00      -20.00
02011            -280.00      500.00
02012             240.00      500.00
02013             200.00      500.00
02014             120.00      -40.00
02015              80.00      -36.00
02016               0.00      -36.00
02017               0.00      -32.00
02018             -80.00      -36.00
02019             -40.00      -36.00
02020             -40.00      -32.00
02021               0.00      -32.00
02022               0.00      -32.00
02023              40.00      -40.00
02024               0.00      -36.00
02025               0.00      -36.00
02026             -40.00      -32.00
02027            -120.00      -32.00
02028            -200.00      -32.00
02029            -240.00      -32.00
02030            -280.00      -36.00
02031            -320.00      -32.00
02032            -320.00      -28.00
02033            -280.00      -28.00
02034            -200.00      -32.00
02035            -160.00      -28.00
02036            -120.00      -28.00
02037             -80.00      -24.00
02038               0.00      -28.00
02039              40.00      -28.00
02040              80.00      -24.00
02041             120.00      -32.00
02042             160.00      -28.00
02043             200.00      -28.00
02044             200.00      -28.00
02045             240.00      -24.00
02046             240.00      -24.00
02047             160.00      -24.00
02048             120.00      -24.00
02049              40.00      -24.00
02050             -40.00      -28.00
02051            -160.00      -20.00
02052            -240.00      -24.00
02053            -320.00      -28.00
02054            -400.00      -28.00
02055            -480.00      -28.00
02056            -560.00      -20.00
02057            -600.00      -24.00
02058            -640.00      -24.00
02059            -640.00      -20.00
02060            -720.00      -24.00
02061            -760.00      -24.00
02062            -800.00      -24.00
02063            -840.00      -20.00
02064            -920.00      -24.00
02065           -1000.00      -20.00
02066           -1080.00      -20.00
02067           -1120.00      -24.00
02068           -1160.00      -24.00
02069           -1240.00      -24.00
02070           -1240.00      -20.00
02071           -1280.00      -20.00
02072           -1240.00      -20.00
02073           -1080.00      -20.00
02074           -1000.00      -24.00
02075            -840.00      -16.00
02076            -640.00      -24.00
02077            -400.00      -28.00
02078            -160.00      -20.00
02079              80.00      -16.00
02080             240.00      -20.00
02081             480.00      -24.00
02082             600.00      -24.00
02083             760.00      -20.00
02084             880.00      -20.00
02085            1000.00      -20.00
02086            1040.00      -20.00
02087            1080.00      -16.00
02088            1120.00      -16.00
02089            1160.00      -24.00
02090            1160.00      -20.00
02091            1160.00      -20.00
02092            1120.00      -20.00
02093            1040.00      -16.00
02094            1000.00      -20.00
02095             880.00      -20.00
02096             840.00      -24.00
02097             800.00      -20.00
02098             800.00      -20.00
02099             840.00      -16.00
02100             880.00      -20.00
02101             880.00      -20.00
02102             920.00      -20.00
02103             920.00      -16.00
02104             880.00      -16.00
02105             800.00      -20.00
02106             720.00      -20.00
02107             600.00      -16.00
02108             440.00      -20.00
02109             240.00      -20.00
02110              40.00      -20.00
02111            -120.00      -16.00
02112            -360.00      -20.00
02113            -520.00      -16.00
02114            -640.00      -20.00
02115            -800.00      -20.00
02116            -920.00      -16.00
02117            -920.00      -16.00
02118            -880.00      -20.00
02119            -800.00      -20.00
02120            -640.00      -20.00
02121            -440.00      -20.00
02122            -200.00      -20.00
02123               0.00      -24.00
02124             160.00      -16.00
02125             280.00      -20.00
02126             360.00      -16.00
02127             440.00      -20.00
02128             480.00      -16.00
02129             520.00      -16.00
02130             640.00      -16.00
02131             720.00      -20.00
02132             760.00      -16.00
02133             760.00      -16.00
02134             760.00      -24.00
02135             720.00      -20.00
02136             680.00      -20.00
02137             600.00      -20.00
02138             520.00      -20.00
02139             440.00      -20.00
02140             360.00      -12.00
02141             320.00      -20.00
02142             320.00      -16.00
02143             320.00      -16.00
02144             360.00      -16.00
02145             400.00      -16.00
02146             360.00      -20.00
02147             400.00      -20.00
02148             280.00      -16.00
02149             160.00      -16.00
02150               0.00      -20.00
02151            -120.00      -16.00
02152            -280.00      -16.00
02153            -440.00      -20.00
02154            -600.00      -20.00
02155            -680.00      -20.00
02156            -800.00      -20.00
02157            -880.00      -20.00
02158            -960.00      -20.00
02159            -920.00      -12.00
02160            -880.00      -16.00
02161            -880.00      -16.00
02162            -800.00      -20.00
02163            -720.00      -20.00
02164            -640.00      -20.00
02165            -520.00      -20.00
02166            -400.00      -20.00
02167            -280.00      -16.00
02168            -200.00      -16.00
02169             -80.00      -12.00
02170              40.00      -16.00
02171             120.00      -20.00
02172             200.00      -16.00
02173             240.00      -20.00
02174             280.00      -20.00
02175             360.00      -16.00
02176             400.00      -16.00
02177             440.00      -16.00
02178             520.00      -12.00
02179             560.00      -20.00
02180             600.00      -16.00
02181             600.00      -16.00
02182             680.00      -20.00
02183             840.00      -16.00
02184             880.00      -16.00
02185             920.00      -20.00
02186            1000.00      -20.00
02187            1080.00      -20.00
02188            1160.00      -12.00
02189            1200.00      -16.00
02190            1200.00      -16.00
02191            1160.00      -16.00
02192            1080.00      -12.00
02193             960.00      -16.00
02194             760.00      -20.00
02195             520.00      -12.00
02196             240.00      -20.00
02197               0.00      -12.00
02198            -280.00      -16.00
02199            -440.00      -12.00
02200            -560.00      -12.00
02201            -680.00      -16.00
02202            -720.00      -16.00
02203            -680.00      -16.00
02204            -600.00      -20.00
02205            -480.00      -20.00
02206            -400.00      -16.00
02207            -360.00      -16.00
02208            -280.00      -12.00
02209            -240.00      -16.00
02210            -160.00      -16.00
02211             -80.00      -20.00
02212             -40.00      -16.00
02213             -40.00      -16.00
02214             -40.00      -20.00
02215             -40.00      -12.00
02216             -40.00      -20.00
02217             -40.00      -16.00
02218             -40.00      -12.00
02219             -40.00      -20.00
02220               0.00      -12.00
02221               0.00      -24.00
02222              40.00      -16.00
02223              40.00      -16.00
02224              80.00      -16.00
02225             160.00      -16.00
02226             240.00      -16.00
02227             280.00      -16.00
02228             360.00      -12.00
02229             360.00      -16.00
02230             400.00      -20.00
02231             440.00      -24.00
02232             440.00      -16.00
02233             480.00      -16.00
02234             520.00      -20.00
02235             520.00      -16.00
02236             440.00      -12.00
02237             400.00      -12.00
02238             240.00      -16.00
02239             120.00      -20.00
02240               0.00      -16.00
02241            -160.00      -16.00
02242            -240.00      -20.00
02243            -400.00      -16.00
02244            -480.00      -16.00
02245            -480.00      -12.00
02246            -520.00      -12.00
02247            -520.00      -12.00
02248            -560.00      -12.00
02249            -560.00      -12.00
02250            -560.00      -16.00
02251            -560.00      -12.00
02252            -560.00      -16.00
02253            -560.00      -20.00
02254            -560.00      -16.00
02255            -560.00      -16.00
02256            -520.00      -12.00
02257            -440.00      -16.00
02258            -400.00      -16.00
02259            -360.00      -16.00
02260            -320.00      -20.00
02261            -280.00      500.00
02262             240.00      500.00
02263             160.00      500.00
02264             120.00      -32.00
02265              40.00      -32.00
02266               0.00      -36.00
02267             -40.00      -40.00
02268             -80.00      -36.00
02269             -40.00      -40.00
02270               0.00      -36.00
02271               0.00      -32.00
02272               0.00      -40.00
02273              40.00      -32.00
02274              40.00      -36.00
02275               0.00      -28.00
02276             -40.00      -28.00
02277            -120.00      -32.00
02278            -160.00      -32.00
02279            -240.00      -32.00
02280            -280.00      -32.00
02281            -280.00      -28.00
02282            -280.00      -28.00
02283            -280.00      -28.00
02284            -200.00      -32.00
02285            -160.00      -24.00
02286            -120.00      -24.00
02287             -40.00      -28.00
02288               0.00      -28.00
02289              40.00      -32.00
02290              40.00      -28.00
02291             120.00      -24.00
02292             200.00      -28.00
02293             200.00      -28.00
02294             200.00      -28.00
02295             240.00      -28.00
02296             200.00      -28.00
02297             200.00      -28.00
02298             120.00      -28.00
02299              40.00      -24.00
02300             -40.00      -24.00
02301            -160.00      -28.00
02302            -280.00      -28.00
02303            -320.00      -24.00
02304            -400.00      -24.00
02305            -480.00      -32.00
02306            -520.00      -24.00
02307            -560.00      -28.00
02308            -600.00      -24.00
02309            -640.00      -28.00
02310            -720.00      -28.00
02311            -760.00      -24.00
02312            -800.00      -24.00
02313            -840.00      -28.00
02314            -920.00      -28.00
02315           -1000.00      -24.00
02316           -1080.00      -24.00
02317           -1120.00      -28.00
02318           -1200.00      -24.00
02319           -1240.00      -24.00
02320           -1240.00      -28.00
02321           -1240.00      -20.00
02322           -1200.00      -20.00
02323           -1120.00      -24.00
02324           -1000.00      -24.00
02325            -840.00      -24.00
02326            -640.00      -24.00
02327            -440.00      -20.00
02328            -120.00      -20.00
02329              80.00      -20.00
02330             280.00      -20.00
02331             480.00      -24.00
02332             640.00      -20.00
02333             800.00      -20.00
02334             880.00      -24.00
02335             960.00      -20.00
02336            1080.00      -24.00
02337            1080.00      -24.00
02338            1160.00      -16.00
02339            1160.00      -24.00
02340            1160.00      -20.00
02341            1160.00      -16.00
02342            1120.00      -20.00
02343            1000.00      -28.00
02344            1000.00      -24.00
02345             880.00      -20.00
02346             840.00      -16.00
02347             800.00      -20.00
02348             800.00      -24.00
02349             840.00      -24.00
02350             880.00      -24.00
02351             880.00      -24.00
02352             920.00      -20.00
02353             920.00      -24.00
02354             840.00      -24.00
02355             800.00      -20.00
02356             720.00      -24.00
02357             560.00      -20.00
02358             480.00      -24.00
02359             280.00      -20.00
02360              40.00      -16.00
02361            -120.00      -16.00
02362            -360.00      -24.00
02363            -520.00      -24.00
02364            -640.00      -20.00
02365            -760.00      -24.00
02366            -880.00      -24.00
02367            -920.00      -20.00
02368            -920.00      -20.00
02369            -800.00      -20.00
02370            -680.00      -24.00
02371            -440.00      -20.00
02372            -200.00      -20.00
02373             -40.00      -20.00
02374             160.00      -16.00
02375             240.00      -20.00
02376             360.00      -20.00
02377             440.00      -28.00
02378             520.00      -24.00
02379             560.00      -20.00
02380             640.00      -20.00
02381             680.00      -24.00
02382             760.00      -20.00
02383             800.00      -20.00
02384             760.00      -20.00
02385             720.00      -20.00
02386             640.00      -24.00
02387             600.00      -32.00
02388             520.00      -20.00
02389             440.00      -20.00
02390             360.00      -20.00
02391             320.00      -20.00
02392             320.00      -16.00
02393             360.00      -16.00
02394             400.00      -16.00
02395             400.00      -20.00
02396             400.00      -20.00
02397             360.00      -20.00
02398             280.00      -20.00
02399             200.00      -16.00
02400              40.00      -20.00
02401            -160.00      -16.00
02402            -280.00      -20.00
02403            -440.00      -24.00
02404            -560.00      -20.00
02405            -720.00      -16.00
02406            -840.00      -20.00
02407            -880.00      -20.00
02408            -920.00      -16.00
02409            -920.00      -20.00
02410            -880.00      -16.00
02411            -880.00      -24.00
02412            -800.00      -24.00
02413            -760.00      -24.00
02414            -640.00      -24.00
02415            -520.00      -20.00
02416            -440.00      -16.00
02417            -280.00      -20.00
02418            -160.00      -20.00
02419             -80.00      -20.00
02420              40.00      -20.00
02421             120.00      -20.00
02422             240.00      -16.00
02423             240.00      -28.00
02424             280.00      -20.00
02425             360.00      -16.00
02426             360.00      -16.00
02427             480.00      -20.00
02428             520.00      -20.00
02429             560.00      -20.00
02430             560.00      -28.00
02431             640.00      -20.00
02432             680.00      -24.00
02433             760.00      -24.00
02434             880.00      -20.00
02435             920.00      -20.00
02436            1000.00      -24.00
02437            1080.00      -24.00
02438            1120.00      -24.00
02439            1200.00      -24.00
02440            1240.00      -20.00
02441            1160.00      -20.00
02442            1080.00      -20.00
02443             960.00      -20.00
02444             760.00      -20.00
02445             520.00      -16.00
02446             240.00      -20.00
02447               0.00      -24.00
02448            -240.00      -20.00
02449            -440.00      -20.00
02450            -600.00      -20.00
02451            -640.00      -16.00
02452            -720.00      -12.00
02453            -640.00      -24.00
02454            -600.00      -20.00
02455            -520.00      -20.00
02456            -400.00      -24.00
02457            -360.00      -16.00
02458            -320.00      -20.00
02459            -200.00      -16.00
02460            -160.00      -16.00
02461             -80.00      -16.00
02462             -80.00      -20.00
02463             -40.00      -24.00
02464             -40.00      -16.00
02465             -40.00      -16.00
02466             -80.00      -16.00
02467             -40.00      -16.00
02468             -40.00      -20.00
02469             -80.00      -28.00
02470             -40.00      -16.00
02471               0.00      -20.00
02472               0.00      -24.00
02473              40.00      -12.00
02474              80.00      -20.00
02475             160.00      -20.00
02476             240.00      -16.00
02477             320.00      -20.00
02478             360.00      -20.00
02479             360.00      -20.00
02480             360.00      -16.00
02481             400.00      -20.00
02482             440.00      -16.00
02483             480.00      -20.00
02484             480.00      -24.00
02485             520.00      -20.00
02486             440.00      -20.00
02487             360.00      -20.00
02488             280.00      -24.00
02489             160.00      -20.00
02490               0.00      -20.00
02491            -160.00      -20.00
02492            -280.00      -16.00
02493            -400.00      -24.00
02494            -440.00      -24.00
02495            -480.00      -20.00
02496            -520.00      -20.00
02497            -560.00      -20.00
02498            -560.00      -16.00
02499            -560.00      -16.00
02500            -560.00      -20.00
02501            -560.00      -16.00
02502            -560.00      -24.00
02503            -560.00      -20.00
02504            -560.00      -20.00
02505            -520.00      -20.00
02506            -520.00      -16.00
02507            -440.00      -16.00
02508            -360.00      -16.00
02509            -320.00      -16.00
02510            -280.00      -16.00
02511            -280.00      500.00
02512             240.00      500.00
02513             200.00      500.00
02514             120.00      -32.00
02515              40.00      -36.00
02516               0.00      -40.00
02517             -40.00      -36.00
02518             -40.00      -40.00
02519             -40.00      -32.00
02520             -40.00      -32.00
02521               0.00      -36.00
02522              40.00      -36.00
02523              40.00      -36.00
02524              80.00      -32.00
02525               0.00      -32.00
02526             -40.00      -28.00
02527            -120.00      -32.00
02528            -160.00      -28.00
02529            -240.00      -28.00
02530            -280.00      -28.00
02531            -320.00      -28.00
02532            -280.00      -32.00
02533            -240.00      -28.00
02534            -200.00      -32.00
02535            -160.00      -32.00
02536             -80.00      -28.00
02537             -80.00      -24.00
02538             -40.00      -24.00
02539              40.00      -20.00
02540              80.00      -24.00
02541             120.00      -24.00
02542             160.00      -24.00
02543             200.00      -20.00
02544             240.00      -24.00
02545             240.00      -24.00
02546             240.00      -20.00
02547             160.00      -20.00
02548             120.00      -20.00
02549              40.00      -20.00
02550             -80.00      -24.00
02551            -160.00      -20.00
02552            -240.00      -24.00
02553            -360.00      -24.00
02554            -400.00      -20.00
02555            -480.00      -24.00
02556            -520.00      -20.00
02557            -600.00      -24.00
02558            -600.00      -20.00
02559            -640.00      -24.00
02560            -720.00      -20.00
02561            -760.00      -28.00
02562            -800.00      -24.00
02563            -840.00      -24.00
02564            -920.00      -20.00
02565           -1000.00      -20.00
02566           -1040.00      -20.00
02567           -1120.00      -20.00
02568           -1200.00      -20.00
02569           -1200.00      -24.00
02570           -1240.00      -16.00
02571           -1240.00      -20.00
02572           -1200.00      -16.00
02573           -1120.00      -16.00
02574           -1000.00      -20.00
02575            -840.00      -16.00
02576            -600.00      -16.00
02577            -440.00      -24.00
02578            -160.00      -24.00
02579              40.00      -16.00
02580             280.00      -20.00
02581             480.00      -20.00
02582             640.00      -20.00
02583             760.00      -24.00
02584             920.00      -20.00
02585            1000.00      -16.00
02586            1080.00      -20.00
02587            1080.00      -12.00
02588            1120.00      -16.00
02589            1160.00      -20.00
02590            1200.00      -20.00
02591            1160.00      -20.00
02592            1120.00      -20.00
02593            1040.00      -16.00
02594            1000.00      -16.00
02595             920.00      -16.00
02596             880.00      -16.00
02597             800.00      -24.00
02598             800.00      -20.00
02599             840.00      -16.00
02600             840.00      -20.00
02601             880.00      -20.00
02602             920.00      -16.00
02603             920.00      -16.00
02604             880.00      -20.00
02605             840.00      -24.00
02606             680.00      -16.00
02607             600.00      -20.00
02608             480.00      -24.00
02609             280.00      -20.00
02610              40.00      -20.00
02611            -120.00      -16.00
02612            -360.00      -16.00
02613            -480.00      -16.00
02614            -640.00      -16.00
02615            -760.00      -20.00
02616            -880.00      -20.00
02617            -920.00      -16.00
02618            -920.00      -20.00
02619            -800.00      -16.00
02620            -640.00      -20.00
02621            -440.00      -24.00
02622            -240.00      -12.00
02623               0.00      -20.00
02624             120.00      -20.00
02625             280.00      -20.00
02626             320.00      -20.00
02627             480.00      -24.00
02628             520.00      -24.00
02629             560.00      -20.00
02630             640.00      -20.00
02631             680.00      -12.00
02632             760.00      -16.00
02633             760.00      -20.00
02634             800.00      -20.00
02635             720.00      -20.00
02636             680.00      -20.00
02637             600.00      -16.00
02638             520.00      -16.00
02639             440.00      -24.00
02640             360.00      -16.00
02641             320.00      -16.00
02642             320.00      -20.00
02643             360.00      -24.00
02644             400.00      -16.00
02645             440.00      -20.00
02646             400.00      -20.00
02647             360.00      -20.00
02648             280.00      -16.00
02649             160.00      -16.00
02650              40.00      -12.00
02651            -120.00      -20.00
02652            -280.00      -24.00
02653            -440.00      -20.00
02654            -600.00      -24.00
02655            -720.00      -20.00
02656            -800.00      -16.00
02657            -880.00      -20.00
02658            -920.00      -20.00
02659            -920.00      -20.00
02660            -880.00      -24.00
02661            -880.00      -28.00
02662            -800.00      -20.00
02663            -760.00      -20.00
02664            -640.00      -20.00
02665            -520.00      -20.00
02666            -400.00      -20.00
02667            -280.00      -24.00
02668            -200.00      -16.00
02669             -80.00      -24.00
02670               0.00      -16.00
02671              80.00      -20.00
02672             200.00      -24.00
02673             240.00      -24.00
02674             280.00      -20.00
02675             360.00      -20.00
02676             400.00      -20.00
02677             480.00      -20.00
02678             520.00      -20.00
02679             600.00      -20.00
02680             600.00      -16.00
02681             640.00      -20.00
02682             680.00      -20.00
02683             760.00      -24.00
02684             880.00      -16.00
02685             920.00      -16.00
02686            1000.00      -24.00
02687            1040.00      -20.00
02688            1160.00      -16.00
02689            1200.00      -20.00
02690            1240.00      -16.00
02691            1200.00      -20.00
02692            1120.00      -16.00
02693             960.00      -20.00
02694             760.00      -16.00
02695             520.00      -20.00
02696             240.00      -24.00
02697              40.00      -16.00
02698            -240.00      -20.00
02699            -480.00      -20.00
02700            -560.00       -4.00
02701            -680.00      -24.00
02702            -720.00      -24.00
02703            -640.00      -24.00
02704            -600.00      -16.00
02705            -480.00      -24.00
02706            -400.00      -16.00
02707            -360.00      -16.00
02708            -320.00      -20.00
02709            -240.00      -20.00
02710            -200.00      -20.00
02711             -80.00      -24.00
02712             -80.00      -20.00
02713               0.00      -20.00
02714             -40.00      -20.00
02715             -40.00      -20.00
02716             -40.00      -20.00
02717             -80.00      -16.00
02718             -40.00      -20.00
02719             -80.00      -20.00
02720               0.00      -20.00
02721             -40.00      -24.00
02722               0.00      -24.00
02723               0.00      -24.00
02724              80.00      -20.00
02725             120.00      -20.00
02726             240.00      -20.00
02727             320.00      -20.00
02728             360.00      -20.00
02729             360.00      -20.00
02730             400.00      -16.00
02731             440.00      -16.00
02732             400.00      -20.00
02733             480.00      -24.00
02734             480.00      -24.00
02735             480.00      -16.00
02736             440.00      -20.00
02737             400.00      -20.00
02738             240.00      -20.00
02739             160.00      -20.00
02740              40.00      -24.00
02741            -120.00      -20.00
02742            -320.00      -20.00
02743            -400.00      -16.00
02744            -480.00      -16.00
02745            -520.00      -20.00
02746            -560.00      -16.00
02747            -520.00      -20.00
02748            -560.00      -20.00
02749            -560.00      -24.00
02750            -560.00      -16.00
02751            -560.00      -20.00
02752            -520.00      -20.00
02753            -520.00      -20.00
02754            -560.00      -16.00
02755            -560.00      -20.00
02756            -520.00      -20.00
02757            -440.00      -16.00
02758            -400.00      -20.00
02759            -320.00      -20.00
02760            -280.00      -20.00
02761            -280.00      500.00
02762             240.00      500.00
02763             200.00      500.00
02764             120.00      -32.00
02765              40.00      -40.00
02766               0.00      -36.00
02767             -80.00      -36.00
02768             -80.00      -36.00
02769             -80.00      -32.00
02770             -40.00      -32.00
02771               0.00      -36.00
02772              40.00      -36.00
02773              40.00      -32.00
02774              40.00      -36.00
02775              40.00      -32.00
02776             -40.00      -36.00
02777            -160.00      -36.00
02778            -200.00      -32.00
02779            -240.00      -32.00
02780            -280.00      -32.00
02781            -360.00      -32.00
02782            -320.00      -28.00
02783            -280.00      -28.00
02784            -200.00      -28.00
02785            -160.00      -32.00
02786            -120.00      -28.00
02787             -40.00      -28.00
02788               0.00      -24.00
02789               0.00      -28.00
02790              40.00      -32.00
02791             120.00      -24.00
02792             160.00      -24.00
02793             160.00      -28.00
02794             200.00      -28.00
02795             240.00      -28.00
02796             200.00      -28.00
02797             200.00      -28.00
02798             120.00      -28.00
02799               0.00      -20.00
02800             -40.00      -28.00
02801            -160.00      -24.00
02802            -240.00      -20.00
02803            -320.00      -24.00
02804            -400.00      -24.00
02805            -480.00      -24.00
02806            -560.00      -20.00
02807            -560.00      -24.00
02808            -600.00      -20.00
02809            -680.00      -24.00
02810            -680.00      -24.00
02811            -760.00      -24.00
02812            -760.00      -20.00
02813            -840.00      -20.00
02814            -920.00      -16.00
02815            -960.00      -16.00
02816           -1040.00      -24.00
02817           -1120.00      -24.00
02818           -1200.00      -28.00
02819           -1240.00      -20.00
02820           -1240.00      -16.00
02821           -1240.00      -20.00
02822           -1200.00      -20.00
02823           -1120.00      -20.00
02824           -1040.00      -24.00
02825            -800.00      -24.00
02826            -640.00      -20.00
02827            -400.00      -24.00
02828            -160.00      -24.00
02829              80.00      -24.00
02830             240.00      -20.00
02831             440.00      -24.00
02832             600.00      -24.00
02833             760.00      -20.00
02834             880.00      -16.00
02835             960.00      -20.00
02836            1040.00      -24.00
02837            1080.00      -20.00
02838            1120.00      -16.00
02839            1160.00      -20.00
02840            1200.00      -20.00
02841            1160.00      -20.00
02842            1080.00      -16.00
02843            1040.00      -20.00
02844            1000.00      -28.00
02845             880.00      -20.00
02846             840.00      -20.00
02847             800.00      -20.00
02848             800.00      -20.00
02849             840.00      -20.00
02850             840.00      -12.00
02851             880.00      -16.00
02852             920.00      -20.00
02853             880.00      -16.00
02854             880.00      -24.00
02855             840.00      -20.00
02856             720.00      -20.00
02857             600.00      -16.00
02858             440.00      -16.00
02859             240.00      -20.00
02860              40.00      -20.00
02861            -160.00      -16.00
02862            -320.00      -20.00
02863            -520.00      -20.00
02864            -680.00      -20.00
02865            -760.00      -20.00
02866            -880.00      -24.00
02867            -920.00      -16.00
02868            -920.00      -20.00
02869            -760.00      -12.00
02870            -640.00      -24.00
02871            -440.00      -16.00
02872            -240.00      -16.00
02873               0.00      -12.00
02874             120.00      -16.00
02875             280.00      -20.00
02876             360.00      -16.00
02877             440.00      -24.00
02878             480.00      -16.00
02879             560.00      -20.00
02880             680.00      -16.00
02881             720.00      -16.00
02882             720.00      -16.00
02883             800.00      -16.00
02884             760.00      -16.00
02885             720.00      -24.00
02886             640.00      -16.00
02887             600.00      -16.00
02888             520.00      -20.00
02889             400.00      -24.00
02890             360.00      -20.00
02891             320.00      -20.00
02892             320.00      -16.00
02893             320.00      -24.00
02894             360.00      -20.00
02895             440.00      -24.00
02896             400.00      -16.00
02897             360.00      -20.00
02898             240.00      -20.00
02899             200.00      -20.00
02900              40.00      -20.00
02901            -120.00      -24.00
02902            -240.00      -20.00
02903            -440.00      -20.00
02904            -560.00      -20.00
02905            -720.00      -12.00
02906            -800.00      -20.00
02907            -880.00      -20.00
02908            -960.00      -20.00
02909            -920.00      -20.00
02910            -920.00      -16.00
02911            -880.00      -16.00
02912            -840.00      -20.00
02913            -760.00      -16.00
02914            -640.00      -20.00
02915            -560.00      -16.00
02916            -400.00      -20.00
02917            -280.00      -20.00
02918            -160.00      -12.00
02919             -80.00      -20.00
02920              40.00      -20.00
02921             120.00      -20.00
02922             160.00      -20.00
02923             240.00      -16.00
02924             280.00      -16.00
02925             320.00      -16.00
02926             360.00      -16.00
02927             480.00      -16.00
02928             560.00      -16.00
02929             560.00      -16.00
02930             600.00      -20.00
02931             680.00      -20.00
02932             680.00      -16.00
02933             800.00      -12.00
02934             840.00      -12.00
02935             920.00      -20.00
02936            1000.00      -20.00
02937            1080.00      -12.00
02938            1120.00      -16.00
02939            1200.00      -24.00
02940            1200.00      -16.00
02941            1160.00      -16.00
02942            1080.00      -16.00
02943            1000.00      -16.00
02944             760.00      -16.00
02945             520.00      -20.00
02946             240.00      -16.00
02947               0.00      -16.00
02948            -240.00      -16.00
02949            -440.00      -16.00
02950            -600.00      -20.00
02951            -640.00      -16.00
02952            -720.00      -20.00
02953            -680.00      -12.00
02954            -600.00      -16.00
02955            -480.00      -20.00
02956            -400.00      -16.00
02957            -360.00      -16.00
02958            -320.00      -16.00
02959            -240.00      -16.00
02960            -200.00      -16.00
02961            -120.00      -16.00
02962             -80.00      -16.00
02963               0.00      -16.00
02964             -80.00      -16.00
02965             -40.00      -16.00
02966             -40.00      -16.00
02967             -40.00      -12.00
02968             -40.00      -20.00
02969             -40.00      -12.00
02970             -40.00      -16.00
02971             -40.00      -16.00
02972               0.00      -12.00
02973              40.00      -20.00
02974              80.00      -16.00
02975             160.00      -16.00
02976             240.00      -20.00
02977             280.00      -20.00
02978             360.00      -20.00
02979             400.00      -20.00
02980             400.00      -16.00
02981             400.00      -12.00
02982             440.00      -16.00
02983             480.00      -20.00
02984             480.00      -16.00
02985             520.00      -16.00
02986             440.00      -16.00
02987             360.00      -20.00
02988             280.00      -20.00
02989             160.00      -20.00
02990               0.00      -16.00
02991            -120.00      -20.00
02992            -280.00      -20.00
02993            -400.00      -20.00
02994            -440.00      -20.00
02995            -520.00      -16.00
02996            -560.00      -24.00
02997            -560.00      -16.00
02998            -560.00      -16.00
02999            -560.00      -20.00
03000            -560.00      -12.00
03001            -560.00      -16.00
03002            -560.00      -16.00
03003            -600.00      -20.00
03004            -560.00      -16.00
03005            -560.00      -24.00
03006            -520.00      -16.00
03007            -440.00      -20.00
03008            -400.00      -16.00
03009            -320.00      -16.00
03010            -320.00      -16.00
03011            -280.00      500.00
03012             240.00      500.00
03013             200.00      500.00
03014             120.00      -32.00
03015              40.00      -44.00
03016               0.00      -40.00
03017             -40.00      -40.00
03018             -40.00      -36.00
03019             -40.00      -36.00
03020             -40.00      -32.00
03021               0.00      -36.00
03022              40.00      -40.00
03023              40.00      -40.00
03024              40.00      -36.00
03025              40.00      -32.00
03026             -40.00      -36.00
03027            -120.00      -36.00
03028            -200.00      -28.00
03029            -240.00      -36.00
03030            -280.00      -28.00
03031            -320.00      -36.00
03032            -320.00      -28.00
03033            -280.00      -28.00
03034            -240.00      -36.00
03035            -160.00      -32.00
03036             -80.00      -32.00
03037             -80.00      -32.00
03038             -40.00      -28.00
03039              40.00      -24.00
03040              80.00      -28.00
03041             160.00      -36.00
03042             160.00      -28.00
03043             160.00      -28.00
03044             200.00      -32.00
03045             240.00      -32.00
03046             200.00      -28.00
03047             200.00      -28.00
03048              80.00      -28.00
03049              40.00      -24.00
03050             -40.00      -28.00
03051            -160.00      -32.00
03052            -240.00      -24.00
03053            -320.00      -28.00
03054            -400.00      -28.00
03055            -440.00      -24.00
03056            -520.00      -28.00
03057            -600.00      -24.00
03058            -640.00      -24.00
03059            -680.00      -28.00
03060            -680.00      -24.00
03061            -720.00      -28.00
03062            -800.00      -24.00
03063            -880.00      -24.00
03064            -920.00      -24.00
03065            -960.00      -24.00
03066           -1080.00      -24.00
03067           -1120.00      -24.00
03068           -1200.00      -24.00
03069           -1240.00      -24.00
03070           -1280.00      -28.00
03071           -1240.00      -24.00
03072           -1200.00      -24.00
03073           -1120.00      -20.00
03074            -960.00      -20.00
03075            -800.00      -28.00
03076            -600.00      -20.00
03077            -440.00      -24.00
03078            -160.00      -24.00
03079              40.00      -24.00
03080             240.00      -28.00
03081             480.00      -24.00
03082             640.00      -20.00
03083             720.00      -24.00
03084             880.00      -24.00
03085             960.00      -28.00
03086            1040.00      -20.00
03087            1080.00      -24.00
03088            1120.00      -24.00
03089            1160.00      -16.00
03090            1160.00      -20.00
03091            1160.00      -20.00
03092            1120.00      -24.00
03093            1040.00      -20.00
03094             960.00      -20.00
03095             880.00      -20.00
03096             840.00      -24.00
03097             800.00      -24.00
03098             800.00      -20.00
03099             840.00      -20.00
03100             880.00      -24.00
03101             920.00      -24.00
03102             920.00      -24.00
03103             880.00      -24.00
03104             880.00      -24.00
03105             800.00      -16.00
03106             680.00      -16.00
03107             600.00      -20.00
03108             440.00      -12.00
03109             240.00      -16.00
03110              80.00      -20.00
03111            -160.00      -20.00
03112            -360.00      -28.00
03113            -520.00      -24.00
03114            -640.00      -20.00
03115            -800.00      -16.00
03116            -880.00      -20.00
03117            -920.00      -20.00
03118            -920.00      -20.00
03119            -840.00      -16.00
03120            -640.00      -24.00
03121            -440.00      -20.00
03122            -240.00      -20.00
03123             -40.00      -16.00
03124             160.00      -16.00
03125             280.00      -20.00
03126             360.00      -20.00
03127             440.00      -20.00
03128             520.00      -16.00
03129             560.00      -20.00
03130             600.00      -20.00
03131             680.00      -24.00
03132             720.00      -24.00
03133             760.00      -20.00
03134             760.00      -24.00
03135             720.00      -16.00
03136             680.00      -16.00
03137             600.00      -20.00
03138             520.00      -20.00
03139             400.00      -20.00
03140             320.00      -20.00
03141             320.00      -24.00
03142             320.00      -20.00
03143             360.00      -16.00
03144             400.00      -24.00
03145             400.00      -20.00
03146             400.00      -20.00
03147             360.00      -20.00
03148             320.00      -20.00
03149             200.00      -20.00
03150               0.00      -20.00
03151            -120.00      -20.00
03152            -280.00      -20.00
03153            -440.00      -16.00
03154            -600.00      -20.00
03155            -720.00      -16.00
03156            -800.00      -16.00
03157            -880.00      -20.00
03158            -920.00      -16.00
03159            -920.00      -20.00
03160            -920.00      -20.00
03161            -880.00      -24.00
03162            -800.00      -16.00
03163            -720.00      -20.00
03164            -640.00      -16.00
03165            -520.00      -20.00
03166            -400.00      -20.00
03167            -280.00      -20.00
03168            -160.00      -20.00
03169            -120.00      -16.00
03170               0.00      -24.00
03171             120.00      -16.00
03172             200.00      -16.00
03173             240.00      -12.00
03174             240.00      -16.00
03175             360.00      -16.00
03176             400.00      -16.00
03177             440.00      -20.00
03178             520.00      -20.00
03179             560.00      -20.00
03180             600.00      -16.00
03181             640.00      -16.00
03182             680.00      -20.00
03183             760.00      -20.00
03184             840.00      -16.00
03185             920.00      -20.00
03186            1000.00      -24.00
03187            1080.00      -20.00
03188            1120.00      -20.00
03189            1200.00      -20.00
03190            1200.00      -12.00
03191            1200.00      -16.00
03192            1080.00      -16.00
03193             920.00      -16.00
03194             800.00      -20.00
03195             520.00      -24.00
03196             240.00      -20.00
03197               0.00      -24.00
03198            -240.00      -24.00
03199            -440.00      -16.00
03200            -600.00      -16.00
03201            -640.00      -20.00
03202            -720.00      -24.00
03203            -680.00      -24.00
03204            -600.00      -20.00
03205            -480.00      -16.00
03206            -440.00      -20.00
03207            -360.00      -16.00
03208            -280.00      -20.00
03209            -240.00      -20.00
03210            -160.00      -20.00
03211             -80.00      -12.00
03212             -80.00      -16.00
03213             -40.00      -20.00
03214             -40.00      -20.00
03215             -40.00      -20.00
03216             -40.00      -24.00
03217             -40.00      -20.00
03218             -40.00      -20.00
03219             -40.00      -20.00
03220               0.00      -24.00
03221             -40.00      -20.00
03222               0.00      -20.00
03223              80.00      -16.00
03224              80.00      -20.00
03225             160.00      -16.00
03226             200.00      -24.00
03227             320.00      -24.00
03228             360.00      -24.00
03229             360.00      -20.00
03230             360.00      -20.00
03231             440.00      -20.00
03232             480.00      -24.00
03233             480.00      -16.00
03234             480.00      -20.00
03235             520.00      -20.00
03236             440.00      -24.00
03237             360.00      -20.00
03238             280.00      -16.00
03239             160.00      -20.00
03240               0.00      -20.00
03241            -120.00      -20.00
03242            -280.00      -20.00
03243            -360.00      -16.00
03244            -440.00      -24.00
03245            -480.00      -16.00
03246            -480.00      -16.00
03247            -520.00      -16.00
03248            -560.00      -16.00
03249            -560.00      -20.00
03250            -600.00      -20.00
03251            -560.00      -20.00
03252            -560.00      -16.00
03253            -560.00      -12.00
03254            -560.00      -16.00
03255            -560.00      -16.00
03256            -560.00      -20.00
03257            -440.00      -16.00
03258            -400.00      -16.00
03259            -360.00      -12.00
03260            -320.00      -24.00
03261            -280.00      500.00
03262             280.00      500.00
03263             200.00      500.00
03264             160.00      -28.00
03265              80.00      -32.00
03266               0.00      -32.00
03267             -40.00      -36.00
03268             -40.00      -36.00
03269             -40.00      -36.00
03270             -40.00      -32.00
03271               0.00      -32.00
03272              40.00      -28.00
03273              40.00      -28.00
03274              40.00      -28.00
03275               0.00      -28.00
03276             -80.00      -24.00
03277            -160.00      -24.00
03278            -200.00      -24.00
03279            -280.00      -28.00
03280            -280.00      -32.00
03281            -320.00      -28.00
03282            -280.00      -20.00
03283            -280.00      -28.00
03284            -240.00      -28.00
03285            -160.00      -32.00
03286            -120.00      -24.00
03287             -40.00      -24.00
03288             -40.00      -28.00
03289              40.00      -24.00
03290              80.00      -24.00
03291             120.00      -24.00
03292             160.00      -24.00
03293             200.00      -28.00
03294             200.00      -16.00
03295             240.00      -24.00
03296             240.00      -20.00
03297             160.00      -24.00
03298              80.00      -24.00
03299              40.00      -24.00
03300             -80.00      -20.00
03301            -160.00      -24.00
03302            -240.00      -28.00
03303            -360.00      -28.00
03304            -400.00      -24.00
03305            -440.00      -20.00
03306            -520.00      -24.00
03307            -560.00      -20.00
03308            -600.00      -24.00
03309            -640.00      -20.00
03310            -720.00      -16.00
03311            -760.00      -20.00
03312            -800.00      -20.00
03313            -840.00      -20.00
03314            -920.00      -16.00
03315            -960.00      -20.00
03316           -1080.00      -16.00
03317           -1160.00      -20.00
03318           -1200.00      -20.00
03319           -1200.00      -20.00
03320           -1240.00      -20.00
03321           -1240.00      -16.00
03322           -1200.00      -16.00
03323           -1120.00      -20.00
03324           -1040.00      -12.00
03325            -800.00      -20.00
03326            -640.00      -20.00
03327            -400.00      -20.00
03328            -200.00      -16.00
03329              40.00      -20.00
03330             320.00      -16.00
03331             440.00      -20.00
03332             600.00      -16.00
03333             800.00      -16.00
03334             880.00      -20.00
03335             960.00      -16.00
03336            1040.00      -20.00
03337            1080.00      -16.00
03338            1120.00      -16.00
03339            1160.00      -20.00
03340            1160.00      -20.00
03341            1120.00      -16.00
03342            1120.00      -16.00
03343            1040.00      -16.00
03344             960.00      -20.00
03345             880.00      -24.00
03346             840.00      -20.00
03347             800.00      -24.00
03348             800.00      -20.00
03349             800.00      -36.00
03350             880.00      -16.00
03351             880.00      -20.00
03352             920.00      -16.00
03353             880.00      -16.00
03354             880.00      -20.00
03355             840.00      -20.00
03356             720.00      -20.00
03357             600.00      -16.00
03358             480.00      -20.00
03359             240.00      -16.00
03360              80.00      -16.00
03361            -120.00      -16.00
03362            -320.00      -20.00
03363            -480.00      -20.00
03364            -640.00      -20.00
03365            -760.00      -20.00
03366            -880.00      -20.00
03367            -880.00      -20.00
03368            -880.00      -20.00
03369            -840.00      -16.00
03370            -640.00      -16.00
03371            -440.00      -16.00
03372            -200.00      -12.00
03373             -40.00      -16.00
03374             120.00      -16.00
03375             240.00      -16.00
03376             360.00      -16.00
03377             480.00      -24.00
03378             520.00      -16.00
03379             560.00      -12.00
03380             640.00      -16.00
03381             720.00      -20.00
03382             760.00      -16.00
03383             800.00      -20.00
03384             760.00      -16.00
03385             720.00      -24.00
03386             680.00      -20.00
03387             600.00      -20.00
03388             520.00      -20.00
03389             440.00      -20.00
03390             400.00      -16.00
03391             320.00      -16.00
03392             280.00      -20.00
03393             360.00      -20.00
03394             400.00      -20.00
03395             440.00      -24.00
03396             400.00      -16.00
03397             360.00      -20.00
03398             280.00      -16.00
03399             200.00      -24.00
03400               0.00      -20.00
03401            -160.00      -20.00
03402            -280.00      -20.00
03403            -440.00      -16.00
03404            -560.00      -20.00
03405            -720.00      -24.00
03406            -840.00      -16.00
03407            -920.00      -20.00
03408            -920.00      -16.00
03409            -920.00      -20.00
03410            -920.00      -20.00
03411            -840.00      -24.00
03412            -800.00      -20.00
03413            -720.00      -20.00
03414            -640.00      -24.00
03415            -520.00      -24.00
03416            -400.00      -20.00
03417            -280.00      -20.00
03418            -200.00      -20.00
03419            -120.00      -24.00
03420               0.00      -20.00
03421             120.00      -20.00
03422             200.00      -20.00
03423             280.00      -24.00
03424             280.00      -24.00
03425             320.00      -20.00
03426             400.00      -20.00
03427             480.00      -20.00
03428             520.00      -16.00
03429             560.00      -20.00
03430             560.00      -20.00
03431             640.00      -16.00
03432             680.00      -24.00
03433             800.00      -20.00
03434             840.00      -16.00
03435             920.00      -24.00
03436            1000.00      -12.00
03437            1040.00      -20.00
03438            1160.00      -20.00
03439            1200.00      -20.00
03440            1200.00      -20.00
03441            1200.00      -12.00
03442            1120.00      -20.00
03443             960.00      -20.00
03444             760.00      -24.00
03445             520.00      -20.00
03446             240.00      -12.00
03447               0.00      -20.00
03448            -240.00      -20.00
03449            -440.00      -16.00
03450            -560.00      -20.00
03451            -680.00      -24.00
03452            -720.00      -20.00
03453            -680.00      -16.00
03454            -600.00      -20.00
03455            -520.00      -16.00
03456            -400.00      -12.00
03457            -360.00      -16.00
03458            -280.00      -16.00
03459            -240.00      -20.00
03460            -200.00      -20.00
03461             -80.00      -28.00
03462             -40.00      -20.00
03463             -40.00      -20.00
03464             -80.00      -24.00
03465             -80.00      -16.00
03466             -80.00      -20.00
03467             -40.00      -24.00
03468             -80.00      -16.00
03469             -40.00      -24.00
03470             -40.00      -24.00
03471             -40.00      -20.00
03472               0.00      -20.00
03473              40.00      -20.00
03474              80.00      -16.00
03475             160.00      -16.00
03476             240.00      -20.00
03477             280.00      -20.00
03478             320.00      -16.00
03479             360.00      -24.00
03480             400.00      -20.00
03481             440.00      -20.00
03482             440.00      -28.00
03483             480.00      -16.00
03484             480.00      -12.00
03485             480.00      -16.00
03486             440.00      -20.00
03487             360.00      -24.00
03488             240.00      -20.00
03489             120.00      -20.00
03490               0.00      -16.00
03491            -160.00      -24.00
03492            -280.00      -16.00
03493            -400.00      -20.00
03494            -480.00      -20.00
03495            -520.00      -20.00
03496            -560.00      -20.00
03497            -520.00      -20.00
03498            -560.00      -36.00
03499            -520.00      -20.00
03500            -560.00      -12.00
03501            -520.00      -20.00
03502            -560.00      -16.00
03503            -520.00      -20.00
03504            -560.00      -16.00
03505            -560.00      -20.00
03506            -480.00      -16.00
03507            -440.00      -20.00
03508            -360.00      -24.00
03509            -360.00      -20.00
03510            -280.00      -20.00
03511            -280.00      500.00
03512             240.00      500.00
03513             200.00      500.00
03514             120.00      -36.00
03515              40.00      -36.00
03516               0.00      -36.00
03517             -40.00      -36.00
03518             -80.00      -44.00
03519             -40.00      -44.00
03520               0.00      -36.00
03521              40.00      -36.00
03522              40.00      -32.00
03523               0.00      -28.00
03524              40.00      -36.00
03525               0.00      -32.00
03526             -40.00      -36.00
03527            -120.00      -36.00
03528            -200.00      -32.00
03529            -240.00      -32.00
03530            -280.00      -32.00
03531            -320.00      -32.00
03532            -320.00      -24.00
03533            -280.00      -28.00
03534            -200.00      -28.00
03535            -160.00      -24.00
03536             -80.00      -32.00
03537             -40.00      -28.00
03538               0.00      -28.00
03539              40.00      -36.00
03540              80.00      -28.00
03541             120.00      -24.00
03542             160.00      -28.00
03543             200.00      -24.00
03544             240.00      -28.00
03545             240.00      -28.00
03546             200.00      -28.00
03547             200.00      -28.00
03548             120.00      -24.00
03549              40.00      -24.00
03550             -40.00      -28.00
03551            -120.00      -24.00
03552            -240.00      -24.00
03553            -320.00      -20.00
03554            -400.00      -24.00
03555            -480.00      -28.00
03556            -560.00      -20.00
03557            -560.00      -24.00
03558            -600.00      -24.00
03559            -640.00      -24.00
03560            -680.00      -24.00
03561            -760.00      -20.00
03562            -840.00      -20.00
03563            -840.00      -20.00
03564            -920.00      -24.00
03565           -1000.00      -28.00
03566           -1040.00      -24.00
03567           -1120.00      -24.00
03568           -1200.00      -20.00
03569           -1240.00      -20.00
03570           -1240.00      -20.00
03571           -1280.00      -24.00
03572           -1160.00      -16.00
03573           -1120.00      -20.00
03574           -1000.00      -20.00
03575            -840.00      -20.00
03576            -640.00      -24.00
03577            -400.00      -16.00
03578            -200.00      -20.00
03579              40.00      -20.00
03580             280.00      -16.00
03581             440.00      -20.00
03582             640.00      -20.00
03583             720.00      -20.00
03584             840.00      -16.00
03585             920.00      -20.00
03586            1040.00      -24.00
03587            1080.00      -20.00
03588            1120.00      -24.00
03589            1160.00      -20.00
03590            1160.00      -20.00
03591            1160.00      -28.00
03592            1080.00      -20.00
03593            1040.00      -20.00
03594             960.00      -16.00
03595             920.00      -24.00
03596             840.00      -20.00
03597             800.00      -20.00
03598             800.00      -20.00
03599             840.00      -16.00
03600             880.00      -20.00
03601             880.00      -20.00
03602             920.00      -16.00
03603             880.00      -20.00
03604             840.00      -20.00
03605             840.00      -16.00
03606             720.00      -16.00
03607             600.00      -20.00
03608             440.00      -20.00
03609             240.00      -16.00
03610              80.00      -20.00
03611            -160.00      -16.00
03612            -360.00      -20.00
03613            -480.00      -16.00
03614            -640.00      -20.00
03615            -800.00      -20.00
03616            -880.00      -20.00
03617            -920.00      -16.00
03618            -920.00      -20.00
03619            -800.00      -20.00
03620            -640.00      -16.00
03621            -440.00      -20.00
03622            -240.00      -20.00
03623             -40.00      -16.00
03624             120.00      -20.00
03625             240.00      -16.00
03626             360.00      -24.00
03627             440.00      -20.00
03628             520.00      -12.00
03629             560.00      -16.00
03630             640.00      -16.00
03631             720.00      -16.00
03632             760.00      -16.00
03633             760.00      -20.00
03634             760.00      -20.00
03635             720.00      -20.00
03636             680.00      -12.00
03637             600.00      -16.00
03638             480.00      -20.00
03639             400.00      -20.00
03640             360.00      -20.00
03641             320.00      -20.00
03642             280.00      -16.00
03643             320.00      -16.00
03644             400.00      -20.00
03645             400.00      -12.00
03646             400.00      -12.00
03647             360.00      -16.00
03648             280.00      -12.00
03649             160.00      -20.00
03650              40.00      -16.00
03651            -120.00      -16.00
03652            -280.00      -20.00
03653            -440.00      -16.00
03654            -600.00      -20.00
03655            -720.00      -12.00
03656            -840.00      -12.00
03657            -920.00      -12.00
03658            -920.00      -16.00
03659            -960.00      -20.00
03660            -920.00      -16.00
03661            -840.00      -16.00
03662            -800.00      -16.00
03663            -720.00      -16.00
03664            -640.00      -16.00
03665            -560.00      -20.00
03666            -400.00      -20.00
03667            -280.00      -16.00
03668            -160.00      -16.00
03669             -80.00      -16.00
03670               0.00      -16.00
03671             120.00      -16.00
03672             200.00      -16.00
03673             240.00      -16.00
03674             280.00      -12.00
03675             280.00      -16.00
03676             400.00      -16.00
03677             480.00      -16.00
03678             520.00      -20.00
03679             560.00      -12.00
03680             600.00      -16.00
03681             640.00      -12.00
03682             680.00      -12.00
03683             800.00      -20.00
03684             840.00      -16.00
03685             920.00      -20.00
03686            1000.00      -16.00
03687            1040.00      -16.00
03688            1120.00      -24.00
03689            1200.00      -20.00
03690            1240.00      -12.00
03691            1160.00      -12.00
03692            1080.00      -16.00
03693             960.00      -16.00
03694             720.00      -12.00
03695             560.00      -16.00
03696             280.00      -16.00
03697              40.00      -12.00
03698            -240.00      -16.00
03699            -440.00      -16.00
03700            -560.00      -20.00
03701            -720.00      -20.00
03702            -720.00      -12.00
03703            -680.00      -16.00
03704            -600.00      -12.00
03705            -520.00      -20.00
03706            -440.00      -16.00
03707            -320.00      -16.00
03708            -320.00      -12.00
03709            -240.00      -16.00
03710            -200.00      -16.00
03711             -80.00      -12.00
03712             -80.00      -20.00
03713             -40.00      -20.00
03714             -40.00      -16.00
03715             -40.00      -16.00
03716             -40.00      -16.00
03717             -40.00      -16.00
03718             -40.00      -20.00
03719             -40.00      -20.00
03720             -40.00        0.00
03721             -40.00      -12.00
03722             -40.00      -12.00
03723              40.00      -16.00
03724              80.00      -12.00
03725             160.00      -12.00
03726             240.00      -20.00
03727             320.00      -20.00
03728             320.00      -16.00
03729             360.00      -20.00
03730             400.00      -16.00
03731             440.00      -16.00
03732             440.00      -12.00
03733             480.00      -16.00
03734             480.00      -16.00
03735             480.00      -16.00
03736             440.00      -16.00
03737             400.00      -12.00
03738             280.00      -20.00
03739             160.00      -12.00
03740               0.00      -12.00
03741            -120.00      -20.00
03742            -280.00      -20.00
03743            -400.00      -16.00
03744            -480.00      -16.00
03745            -520.00      -12.00
03746            -520.00      -12.00
03747            -560.00      -20.00
03748            -520.00      -12.00
03749            -560.00      -16.00
03750            -560.00      -16.00
03751            -560.00      -16.00
03752            -560.00      -24.00
03753            -520.00      -16.00
03754            -560.00      -20.00
03755            -560.00      -16.00
03756            -520.00      -20.00
03757            -440.00      -16.00
03758            -400.00      -12.00
03759            -360.00      -16.00
03760            -280.00      -20.00
03761            -240.00      500.00
03762             240.00      500.00
03763             200.00      500.00
03764             160.00      -36.00
03765              80.00      -36.00
03766               0.00      -36.00
03767             -40.00      -36.00
03768             -80.00      -36.00
03769             -40.00      -32.00
03770             -40.00      -32.00
03771               0.00      -32.00
03772              40.00      -32.00
03773              40.00      -36.00
03774              40.00      -32.00
03775               0.00      -32.00
03776             -80.00      -28.00
03777            -120.00      -28.00
03778            -200.00      -28.00
03779            -240.00      -32.00
03780            -320.00      -28.00
03781            -320.00      -36.00
03782            -320.00      -28.00
03783            -280.00      -36.00
03784            -240.00      -28.00
03785            -160.00      -32.00
03786            -120.00      -24.00
03787             -80.00      -24.00
03788               0.00      -28.00
03789              40.00      -32.00
03790              80.00      -28.00
03791             120.00      -32.00
03792             160.00      -28.00
03793             160.00      -28.00
03794             200.00      -24.00
03795             240.00      -32.00
03796             200.00      -28.00
03797             200.00      -28.00
03798             160.00      -24.00
03799              40.00      -28.00
03800             -40.00      -28.00
03801            -160.00      -28.00
03802            -240.00      -28.00
03803            -320.00      -28.00
03804            -400.00      -24.00
03805            -480.00      -28.00
03806            -520.00      -28.00
03807            -600.00      -20.00
03808            -600.00      -20.00
03809            -640.00      -24.00
03810            -680.00      -28.00
03811            -720.00      -28.00
03812            -760.00      -20.00
03813            -840.00      -28.00
03814            -920.00      -28.00
03815           -1000.00      -24.00
03816           -1080.00      -24.00
03817           -1120.00      -28.00
03818           -1200.00      -24.00
03819           -1240.00      -28.00
03820           -1240.00      -28.00
03821           -1240.00      -24.00
03822           -1240.00      -24.00
03823           -1120.00      -28.00
03824            -960.00      -28.00
03825            -840.00      -20.00
03826            -600.00      -20.00
03827            -400.00      -24.00
03828            -160.00      -16.00
03829              40.00      -24.00
03830             240.00      -20.00
03831             440.00      -24.00
03832             640.00      -20.00
03833             720.00      -20.00
03834             880.00      -24.00
03835            1000.00      -20.00
03836            1040.00      -24.00
03837            1080.00      -20.00
03838            1120.00      -28.00
03839            1160.00      -20.00
03840            1160.00      -20.00
03841            1160.00      -20.00
03842            1120.00      -20.00
03843            1040.00      -20.00
03844             960.00      -32.00
03845             920.00      -16.00
03846             800.00      -20.00
03847             840.00      -20.00
03848             800.00      -24.00
03849             840.00      -20.00
03850             840.00      -16.00
03851             880.00      -20.00
03852             880.00      -20.00
03853             880.00      -20.00
03854             880.00      -20.00
03855             800.00      -16.00
03856             720.00      -12.00
03857             600.00      -24.00
03858             440.00      -16.00
03859             280.00      -20.00
03860              80.00      -16.00
03861            -160.00      -16.00
03862            -320.00      -24.00
03863            -520.00      -20.00
03864            -640.00      -20.00
03865            -800.00      -20.00
03866            -880.00      -20.00
03867            -920.00      -20.00
03868            -880.00      -20.00
03869            -800.00      -24.00
03870            -640.00      -20.00
03871            -440.00      -20.00
03872            -200.00      -16.00
03873             -40.00      -20.00
03874             160.00      -20.00
03875             240.00      -20.00
03876             400.00      -20.00
03877             440.00      -20.00
03878             520.00      -20.00
03879             560.00      -20.00
03880             600.00      -20.00
03881             680.00      -20.00
03882             760.00      -20.00
03883             760.00      -16.00
03884             800.00      -16.00
03885             720.00      -20.00
03886             680.00      -16.00
03887             600.00      -20.00
03888             520.00      -20.00
03889             400.00      -20.00
03890             360.00      -20.00
03891             320.00      -20.00
03892             320.00      -20.00
03893             360.00      -20.00
03894             400.00      -16.00
03895             400.00      -20.00
03896             400.00      -16.00
03897             360.00      -20.00
03898             280.00      -20.00
03899             160.00      -16.00
03900              40.00      -20.00
03901            -120.00      -16.00
03902            -280.00      -16.00
03903            -440.00      -16.00
03904            -600.00      -16.00
03905            -720.00      -20.00
03906            -800.00      -16.00
03907            -880.00      -20.00
03908            -920.00      -16.00
03909            -920.00      -20.00
03910            -920.00      -24.00
03911            -880.00      -16.00
03912            -800.00      -24.00
03913            -720.00      -12.00
03914            -640.00      -20.00
03915            -520.00      -16.00
03916            -400.00      -20.00
03917            -320.00      -20.00
03918            -200.00      -16.00
03919             -80.00      -16.00
03920               0.00      -20.00
03921             120.00      -16.00
03922             200.00      -20.00
03923             240.00      -16.00
03924             280.00      -20.00
03925             320.00      -20.00
03926             400.00      -16.00
03927             480.00      -16.00
03928             520.00      -24.00
03929             560.00      -20.00
03930             600.00      -20.00
03931             640.00      -20.00
03932             680.00      -16.00
03933             760.00      -16.00
03934             880.00      -16.00
03935             920.00      -16.00
03936            1000.00      -20.00
03937            1040.00      -16.00
03938            1120.00      -20.00
03939            1160.00      -16.00
03940            1200.00      -20.00
03941            1160.00      -20.00
03942            1080.00      -24.00
03943             960.00      -20.00
03944             760.00      -20.00
03945             560.00      -24.00
03946             280.00      -20.00
03947             -40.00      -16.00
03948            -280.00      -20.00
03949            -480.00      -20.00
03950            -600.00      -16.00
03951            -640.00      -16.00
03952            -720.00      -28.00
03953            -680.00      -20.00
03954            -600.00      -16.00
03955            -520.00      -16.00
03956            -440.00      -20.00
03957            -360.00      -24.00
03958            -280.00      -16.00
03959            -240.00      -20.00
03960            -160.00      -12.00
03961            -120.00      -16.00
03962             -80.00      -16.00
03963             -80.00      -20.00
03964             -40.00      -16.00
03965             -40.00      -16.00
03966             -40.00      -12.00
03967             -80.00      -24.00
03968             -40.00      -16.00
03969             -40.00      -20.00
03970               0.00      -16.00
03971               0.00      -12.00
03972               0.00      -16.00
03973              40.00      -20.00
03974              80.00      -16.00
03975             200.00      -16.00
03976             240.00      -16.00
03977             320.00      -24.00
03978             320.00      -16.00
03979             360.00      -20.00
03980             400.00      -16.00
03981             400.00      -20.00
03982             480.00      -20.00
03983             480.00      -20.00
03984             480.00      -12.00
03985             480.00      -20.00
03986             440.00      -16.00
03987             360.00      -16.00
03988             280.00      -20.00
03989             160.00      -16.00
03990              40.00      -20.00
03991            -160.00      -12.00
03992            -280.00      -20.00
03993            -400.00      -20.00
03994            -480.00      -16.00
03995            -480.00      -20.00
03996            -560.00      -16.00
03997            -560.00      -20.00
03998            -560.00       -8.00
03999            -560.00      -20.00
04000            -600.00      -16.00
04001            -560.00      -16.00
04002            -480.00      -16.00
04003            -560.00      -16.00
04004            -560.00      -16.00
04005            -560.00      -16.00
04006            -480.00      -12.00
04007            -480.00      -12.00
04008            -400.00      -12.00
04009            -320.00      -20.00
04010            -280.00      -16.00
04011            -240.00      500.00
04012             280.00      500.00
04013             200.00      500.00
04014             160.00      -28.00
04015              40.00      -36.00
04016               0.00      -36.00
04017             -40.00      -36.00
04018             -80.00      -32.00
04019             -40.00      -28.00
04020               0.00      -24.00
04021              40.00      -32.00
04022               0.00      -32.00
04023              40.00      -32.00
04024              40.00      -28.00
04025              40.00      -24.00
04026             -40.00      -24.00
04027            -120.00      -28.00
04028            -200.00      -28.00
04029            -240.00      -28.00
04030            -280.00      -28.00
04031            -280.00      -20.00
04032            -320.00      -28.00
04033            -280.00      -28.00
04034            -240.00      -28.00
04035            -200.00      -28.00
04036            -120.00      -16.00
04037             -80.00      -24.00
04038               0.00      -24.00
04039               0.00      -16.00
04040              80.00      -20.00
04041             120.00      -20.00
04042             160.00      -16.00
04043             160.00      -20.00
04044             200.00      -24.00
04045             240.00      -20.00
04046             200.00      -20.00
04047             200.00      -20.00
04048             120.00      -24.00
04049              40.00      -20.00
04050             -40.00      -16.00
04051            -160.00      -24.00
04052            -240.00      -20.00
04053            -320.00      -24.00
04054            -400.00      -20.00
04055            -480.00      -16.00
04056            -520.00      -20.00
04057            -600.00      -24.00
04058            -600.00      -20.00
04059            -640.00      -16.00
04060            -680.00      -20.00
04061            -760.00      -20.00
04062            -800.00      -20.00
04063            -880.00      -20.00
04064            -880.00      -16.00
04065           -1000.00      -16.00
04066           -1080.00      -20.00
04067           -1120.00      -24.00
04068           -1200.00      -16.00
04069           -1240.00      -16.00
04070           -1240.00      -20.00
04071           -1240.00      -20.00
04072           -1240.00      -20.00
04073           -1080.00      -20.00
04074           -1000.00      -16.00
04075            -840.00      -16.00
04076            -640.00      -16.00
04077            -400.00      -16.00
04078            -200.00      -20.00
04079              40.00      -12.00
04080             240.00      -16.00
04081             440.00      -16.00
04082             600.00      -20.00
04083             720.00      -20.00
04084             840.00      -12.00
04085            1000.00      -20.00
04086            1040.00      -16.00
04087            1080.00      -16.00
04088            1160.00      -20.00
04089            1160.00      -16.00
04090            1200.00      -16.00
04091            1160.00      -20.00
04092            1120.00      -16.00
04093            1040.00      -20.00
04094             960.00       -8.00
04095             880.00      -16.00
04096             840.00      -24.00
04097             840.00      -16.00
04098             800.00      -24.00
04099             840.00      -16.00
04100             880.00      -16.00
04101             880.00      -20.00
04102             920.00      -12.00
04103             880.00      -20.00
04104             880.00      -20.00
04105             800.00      -16.00
04106             720.00      -16.00
04107             560.00      -16.00
04108             440.00      -16.00
04109             280.00      -24.00
04110              80.00      -16.00
04111            -160.00      -16.00
04112            -360.00      -20.00
04113            -520.00      -24.00
04114            -640.00      -16.00
04115            -760.00      -12.00
04116            -880.00      -20.00
04117            -920.00      -16.00
04118            -880.00      -16.00
04119            -840.00      -16.00
04120            -640.00      -12.00
04121            -440.00      -16.00
04122            -240.00      -16.00
04123             -40.00      -20.00
04124             120.00      -20.00
04125             280.00      -20.00
04126             360.00      -16.00
04127             440.00      -12.00
04128             440.00      -16.00
04129             560.00      -20.00
04130             640.00      -20.00
04131             720.00      -16.00
04132             720.00      -20.00
04133             760.00      -24.00
04134             760.00      -20.00
04135             720.00      -20.00
04136             680.00      -16.00
04137             600.00      -16.00
04138             480.00      -20.00
04139             440.00      -20.00
04140             360.00      -20.00
04141             320.00      -20.00
04142             320.00      -16.00
04143             360.00      -16.00
04144             400.00      -16.00
04145             400.00      -20.00
04146             400.00      -20.00
04147             360.00      -20.00
04148             280.00      -24.00
04149             160.00      -16.00
04150              40.00      -16.00
04151            -160.00      -16.00
04152            -280.00      -20.00
04153            -440.00      -20.00
04154            -560.00      -20.00
04155            -720.00      -20.00
04156            -800.00      -16.00
04157            -920.00      -20.00
04158            -920.00      -20.00
04159            -920.00      -16.00
04160            -920.00      -16.00
04161            -880.00      -20.00
04162            -800.00      -20.00
04163            -720.00      -24.00
04164            -640.00      -20.00
04165            -520.00      -16.00
04166            -400.00      -24.00
04167            -280.00      -20.00
04168            -200.00      -20.00
04169             -80.00      -20.00
04170               0.00      -16.00
04171             120.00      -20.00
04172             200.00      -20.00
04173             240.00      -16.00
04174             320.00      -16.00
04175             360.00      -20.00
04176             400.00      -24.00
04177             440.00      -16.00
04178             520.00      -20.00
04179             560.00      -20.00
04180             560.00      -20.00
04181             600.00      -24.00
04182             720.00      -16.00
04183             760.00      -20.00
04184             880.00      -16.00
04185             920.00      -20.00
04186            1000.00      -20.00
04187            1080.00      -16.00
04188            1120.00      -16.00
04189            1160.00      -24.00
04190            1240.00      -16.00
04191            1200.00      -20.00
04192            1120.00      -16.00
04193            1000.00      -16.00
04194             760.00      -20.00
04195             560.00      -20.00
04196             240.00      -16.00
04197              40.00      -20.00
04198            -240.00      -20.00
04199            -480.00      -24.00
04200            -600.00      -16.00
04201            -680.00      -20.00
04202            -720.00      -20.00
04203            -680.00      -12.00
04204            -600.00      -20.00
04205            -520.00      -16.00
04206            -440.00      -16.00
04207            -400.00      -20.00
04208            -280.00      -20.00
04209            -240.00      -20.00
04210            -160.00      -20.00
04211            -120.00      -20.00
04212             -80.00      -20.00
04213             -40.00      -20.00
04214             -40.00      -16.00
04215             -40.00      -20.00
04216             -80.00      -16.00
04217             -40.00      -16.00
04218             -40.00      -16.00
04219             -40.00      -16.00
04220             -40.00      -20.00
04221             -40.00      -16.00
04222             -40.00      -20.00
04223              40.00      -16.00
04224              80.00      -16.00
04225             160.00      -16.00
04226             240.00      -20.00
04227             320.00      -16.00
04228             320.00      -16.00
04229             360.00      -12.00
04230             400.00      -20.00
04231             400.00      -16.00
04232             440.00      -20.00
04233             520.00      -20.00
04234             480.00      -16.00
04235             480.00      -20.00
04236             440.00      -20.00
04237             360.00      -20.00
04238             280.00      -16.00
04239             160.00      -16.00
04240               0.00      -20.00
04241            -120.00      -16.00
04242            -280.00      -16.00
04243            -400.00      -20.00
04244            -480.00      -16.00
04245            -520.00      -20.00
04246            -520.00      -20.00
04247            -520.00      -20.00
04248            -560.00      -20.00
04249            -560.00      -20.00
04250            -560.00      -24.00
04251            -560.00      -16.00
04252            -560.00      -24.00
04253            -560.00      -20.00
04254            -560.00      -20.00
04255            -560.00      -16.00
04256            -520.00      -12.00
04257            -440.00      -20.00
04258            -400.00      -16.00
04259            -360.00      -20.00
04260            -280.00      -16.00
04261            -280.00      500.00
04262             280.00      500.00
04263             200.00      500.00
04264             160.00      -40.00
04265              80.00      -36.00
04266              40.00      -44.00
04267               0.00      -40.00
04268             -40.00      -36.00
04269             -40.00      -32.00
04270               0.00      -28.00
04271               0.00      -36.00
04272               0.00      -32.00
04273              80.00      -32.00
04274              40.00      -32.00
04275               0.00      -32.00
04276             -40.00      -28.00
04277             -80.00      -32.00
04278            -200.00      -32.00
04279            -280.00      -28.00
04280            -280.00      -28.00
04281            -280.00      -24.00
04282            -320.00      -32.00
04283            -280.00      -32.00
04284            -240.00      -28.00
04285            -160.00      -32.00
04286            -120.00      -24.00
04287             -40.00      -28.00
04288               0.00      -28.00
04289              40.00      -28.00
04290              80.00      -24.00
04291             120.00      -24.00
04292             160.00      -20.00
04293             160.00      -24.00
04294             200.00      -24.00
04295             200.00      -28.00
04296             200.00      -24.00
04297             200.00      -24.00
04298             120.00      -20.00
04299              40.00      -28.00
04300             -40.00      -20.00
04301            -120.00      -20.00
04302            -240.00      -24.00
04303            -320.00      -24.00
04304            -400.00      -24.00
04305            -480.00      -24.00
04306            -520.00      -24.00
04307            -560.00      -24.00
04308            -600.00      -20.00
04309            -640.00      -20.00
04310            -680.00      -20.00
04311            -760.00      -20.00
04312            -800.00      -20.00
04313            -840.00      -24.00
04314            -880.00      -24.00
04315            -960.00      -16.00
04316           -1080.00      -20.00
04317           -1120.00      -24.00
04318           -1200.00      -20.00
04319           -1200.00      -20.00
04320           -1240.00      -20.00
04321           -1280.00      -20.00
04322           -1200.00      -20.00
04323           -1120.00      -20.00
04324            -960.00      -20.00
04325            -840.00      -20.00
04326            -640.00      -20.00
04327            -400.00      -20.00
04328            -200.00      -16.00
04329              40.00      -16.00
04330             280.00      -20.00
04331             480.00      -16.00
04332             600.00      -24.00
04333             760.00      -20.00
04334             880.00      -20.00
04335             960.00      -20.00
04336            1040.00      -20.00
04337            1080.00      -24.00
04338            1120.00      -16.00
04339            1160.00      -20.00
04340            1120.00      -16.00
04341            1160.00      -20.00
04342            1120.00      -16.00
04343            1040.00      -20.00
04344             960.00      -16.00
04345             920.00      -16.00
04346             840.00      -12.00
04347             800.00      -16.00
04348             800.00      -16.00
04349             800.00      -20.00
04350             880.00      -16.00
04351             920.00      -16.00
04352             880.00      -16.00
04353             920.00      -16.00
04354             840.00      -12.00
04355             800.00      -20.00
04356             720.00      -16.00
04357             600.00      -16.00
04358             440.00      -16.00
04359             280.00      -16.00
04360              40.00      -20.00
04361            -160.00      -24.00
04362            -360.00      -16.00
04363            -520.00      -16.00
04364            -640.00      -16.00
04365            -760.00      -20.00
04366            -880.00      -20.00
04367            -920.00      -20.00
04368            -920.00      -16.00
04369            -800.00      -16.00
04370            -640.00      -16.00
04371            -400.00      -16.00
04372            -240.00      -16.00
04373               0.00      -24.00
04374             120.00      -20.00
04375             240.00      -16.00
04376             360.00      -16.00
04377             440.00      -16.00
04378             520.00      -16.00
04379             560.00      -20.00
04380             600.00      -16.00
04381             720.00      -16.00
04382             760.00      -12.00
04383             800.00      -20.00
04384             800.00      -24.00
04385             720.00      -16.00
04386             680.00      -12.00
04387             600.00      -16.00
04388             520.00      -20.00
04389             440.00      -12.00
04390             360.00      -16.00
04391             320.00      -16.00
04392             320.00      -16.00
04393             360.00      -16.00
04394             360.00      -24.00
04395             400.00      -12.00
04396             440.00      -12.00
04397             400.00      -16.00
04398             280.00      -16.00
04399             200.00      -20.00
04400              40.00      -16.00
04401             -80.00      -16.00
04402            -280.00      -12.00
04403            -440.00      -16.00
04404            -600.00      -16.00
04405            -680.00      -12.00
04406            -800.00      -12.00
04407            -880.00      -20.00
04408            -920.00      -16.00
04409            -920.00      -16.00
04410            -920.00      -16.00
04411            -880.00      -16.00
04412            -800.00      -12.00
04413            -720.00      -12.00
04414            -640.00      -20.00
04415            -520.00      -12.00
04416            -400.00      -16.00
04417            -280.00      -16.00
04418            -240.00      -16.00
04419             -80.00      -20.00
04420              40.00      -16.00
04421             120.00      -12.00
04422             200.00      -16.00
04423             240.00      -16.00
04424             280.00      -16.00
04425             320.00      -16.00
04426             400.00      -16.00
04427             440.00      -20.00
04428             520.00      -16.00
04429             560.00      -20.00
04430             600.00      -16.00
04431             600.00      -16.00
04432             720.00      -16.00
04433             800.00      -12.00
04434             880.00       -8.00
04435             920.00      -16.00
04436            1000.00      -12.00
04437            1040.00      -16.00
04438            1120.00      -12.00
04439            1200.00      -16.00
04440            1200.00      -16.00
04441            1200.00      -16.00
04442            1120.00      -16.00
04443             960.00      -16.00
04444             760.00      -12.00
04445             520.00      -12.00
04446             280.00      -12.00
04447             -40.00      -16.00
04448            -280.00      -16.00
04449            -440.00      -12.00
04450            -600.00      -16.00
04451            -680.00      -16.00
04452            -720.00      -16.00
04453            -680.00      -12.00
04454            -600.00      -16.00
04455            -480.00      -16.00
04456            -400.00      -16.00
04457            -360.00      -16.00
04458            -360.00      -12.00
04459            -280.00      -20.00
04460            -160.00      -16.00
04461            -120.00      -20.00
04462             -80.00       -8.00
04463             -40.00      -12.00
04464             -40.00      -16.00
04465             -40.00      -16.00
04466             -40.00      -16.00
04467             -40.00      -16.00
04468             -40.00      -20.00
04469             -40.00      -16.00
04470             -40.00      -16.00
04471               0.00      -12.00
04472               0.00      -12.00
04473               0.00      -16.00
04474              80.00      -16.00
04475             160.00      -16.00
04476             240.00      -12.00
04477             320.00      -12.00
04478             320.00      -12.00
04479             360.00      -16.00
04480             400.00      -16.00
04481             440.00      -12.00
04482             440.00      -16.00
04483             480.00      -16.00
04484             480.00      -16.00
04485             440.00      -16.00
04486             440.00      -20.00
04487             360.00      -16.00
04488             280.00      -12.00
04489             160.00      -16.00
04490               0.00      -20.00
04491            -120.00      -16.00
04492            -240.00      -16.00
04493            -400.00      -16.00
04494            -480.00      -20.00
04495            -480.00      -16.00
04496            -520.00      -16.00
04497            -560.00      -16.00
04498            -560.00      -20.00
04499            -560.00      -16.00
04500            -560.00      -16.00
04501            -560.00      -12.00
04502            -520.00      -16.00
04503            -560.00      -24.00
04504            -560.00      -20.00
04505            -520.00      -20.00
04506            -520.00      -16.00
04507            -440.00      -12.00
04508            -400.00      -16.00
04509            -360.00      -20.00
04510            -320.00      -16.00
04511            -280.00      500.00
04512             240.00      500.00
04513             200.00      500.00
04514             160.00      -32.00
04515              40.00      -40.00
04516               0.00      -44.00
04517             -40.00      -32.00
04518             -40.00      -40.00
04519               0.00      -36.00
04520             -40.00      -28.00
04521               0.00      -36.00
04522              40.00      -36.00
04523              40.00      -32.00
04524              40.00      -32.00
04525               0.00      -32.00
04526             -40.00      -32.00
04527            -120.00      -32.00
04528            -200.00      -28.00
04529            -240.00      -28.00
04530            -280.00      -24.00
04531            -320.00      -28.00
04532            -320.00      -32.00
04533            -280.00      -32.00
04534            -240.00      -28.00
04535            -160.00      -32.00
04536            -120.00      -28.00
04537             -80.00      -32.00
04538               0.00      -28.00
04539               0.00      -24.00
04540              80.00      -28.00
04541             120.00      -28.00
04542             160.00      -28.00
04543             200.00      -24.00
04544             200.00      -28.00
04545             200.00      -24.00
04546             200.00      -24.00
04547             120.00      -24.00
04548              80.00      -24.00
04549              40.00      -24.00
04550             -40.00      -24.00
04551            -120.00      -28.00
04552            -240.00      -24.00
04553            -320.00      -28.00
04554            -400.00      -24.00
04555            -440.00      -24.00
04556            -560.00      -24.00
04557            -600.00      -16.00
04558            -640.00      -24.00
04559            -680.00      -24.00
04560            -680.00      -16.00
04561            -760.00      -32.00
04562            -800.00      -20.00
04563            -840.00      -20.00
04564            -920.00      -20.00
04565           -1000.00      -20.00
04566           -1080.00      -28.00
04567           -1120.00      -20.00
04568           -1200.00      -28.00
04569           -1240.00      -24.00
04570           -1280.00      -24.00
04571           -1240.00      -20.00
04572           -1200.00      -24.00
04573           -1120.00      -20.00
04574            -960.00      -20.00
04575            -840.00      -24.00
04576            -600.00      -20.00
04577            -400.00      -28.00
04578            -160.00      -20.00
04579              40.00      -20.00
04580             280.00      -20.00
04581             440.00      -28.00
04582             640.00      -16.00
04583             760.00      -24.00
04584             880.00      -20.00
04585            1000.00      -20.00
04586            1040.00      -20.00
04587            1120.00      -20.00
04588            1120.00      -20.00
04589            1160.00      -24.00
04590            1160.00      -20.00
04591            1120.00      -24.00
04592            1080.00      -16.00
04593            1040.00      -20.00
04594             960.00      -24.00
04595             920.00      -24.00
04596             840.00      -12.00
04597             800.00      -24.00
04598             800.00      -20.00
04599             840.00      -20.00
04600             840.00      -20.00
04601             880.00      -16.00
04602             920.00      -20.00
04603             880.00      -20.00
04604             880.00      -20.00
04605             800.00      -20.00
04606             680.00      -16.00
04607             600.00      -24.00
04608             480.00      -20.00
04609             280.00      -20.00
04610              40.00      -24.00
04611            -160.00      -20.00
04612            -360.00      -20.00
04613            -520.00      -20.00
04614            -640.00      -16.00
04615            -800.00      -12.00
04616            -880.00      -20.00
04617            -920.00      -20.00
04618            -920.00      -20.00
04619            -840.00      -20.00
04620            -640.00      -24.00
04621            -480.00      -20.00
04622            -240.00      -12.00
04623             -40.00      -24.00
04624             160.00      -16.00
04625             280.00      -16.00
04626             400.00      -20.00
04627             440.00      -16.00
04628             480.00      -20.00
04629             560.00      -20.00
04630             640.00      -24.00
04631             720.00      -16.00
04632             760.00      -16.00
04633             800.00      -12.00
04634             760.00      -12.00
04635             760.00      -24.00
04636             680.00      -16.00
04637             600.00      -16.00
04638             520.00      -16.00
04639             400.00      -16.00
04640             360.00      -16.00
04641             320.00      -16.00
04642             320.00      -16.00
04643             360.00      -16.00
04644             360.00      -24.00
04645             400.00      -24.00
04646             360.00      -16.00
04647             360.00      -16.00
04648             280.00      -20.00
04649             160.00      -20.00
04650              40.00      -12.00
04651             -80.00      -20.00
04652            -280.00      -12.00
04653            -440.00      -16.00
04654            -600.00      -20.00
04655            -720.00      -20.00
04656            -800.00      -20.00
04657            -880.00      -16.00
04658            -920.00      -16.00
04659            -920.00      -12.00
04660            -920.00      -16.00
04661            -880.00      -20.00
04662            -800.00      -16.00
04663            -720.00      -16.00
04664            -640.00      -16.00
04665            -520.00      -20.00
04666            -400.00      -16.00
04667            -280.00      -20.00
04668            -200.00      -20.00
04669             -80.00      -20.00
04670               0.00      -20.00
04671             120.00      -12.00
04672             200.00      -16.00
04673             240.00      -20.00
04674             320.00      -24.00
04675             320.00      -20.00
04676             400.00      -16.00
04677             480.00      -20.00
04678             520.00      -20.00
04679             560.00      -16.00
04680             600.00      -16.00
04681             600.00      -24.00
04682             720.00      -16.00
04683             800.00      -20.00
04684             840.00      -16.00
04685             880.00      -20.00
04686             960.00      -20.00
04687            1040.00      -16.00
04688            1120.00      -16.00
04689            1160.00      -20.00
04690            1200.00      -12.00
04691            1200.00      -20.00
04692            1080.00      -20.00
04693             960.00      -24.00
04694             760.00      -20.00
04695             560.00      -16.00
04696             240.00      -16.00
04697               0.00      -16.00
04698            -240.00      -16.00
04699            -440.00      -12.00
04700            -600.00      -16.00
04701            -680.00      -16.00
04702            -720.00      -16.00
04703            -680.00      -20.00
04704            -600.00      -16.00
04705            -480.00      -16.00
04706            -400.00      -16.00
04707            -360.00      -16.00
04708            -320.00      -16.00
04709            -280.00      -12.00
04710            -160.00      -12.00
04711            -120.00      -12.00
04712             -80.00      -20.00
04713             -40.00      -16.00
04714             -40.00      -16.00
04715             -40.00      -16.00
04716             -40.00      -24.00
04717             -40.00      -20.00
04718             -40.00      -16.00
04719             -40.00      -12.00
04720             -40.00      -24.00
04721             -40.00      -16.00
04722               0.00      -20.00
04723              40.00      -16.00
04724              80.00      -20.00
04725             200.00      -20.00
04726             240.00      -16.00
04727             280.00      -24.00
04728             360.00      -20.00
04729             360.00      -16.00
04730             400.00      -20.00
04731             400.00      -20.00
04732             440.00      -20.00
04733             480.00      -16.00
04734             480.00      -16.00
04735             480.00      -16.00
04736             440.00      -12.00
04737             360.00      -12.00
04738             240.00      -20.00
04739             160.00      -16.00
04740               0.00      -12.00
04741            -120.00      -16.00
04742            -240.00      -20.00
04743            -400.00      -16.00
04744            -440.00      -20.00
04745            -520.00      -16.00
04746            -520.00      -16.00
04747            -520.00      -16.00
04748            -560.00      -12.00
04749            -560.00      -16.00
04750            -560.00      -16.00
04751            -560.00      -12.00
04752            -520.00      -20.00
04753            -520.00      -16.00
04754            -560.00      -16.00
04755            -520.00      -12.00
04756            -520.00      -16.00
04757            -480.00      -16.00
04758            -400.00      -12.00
04759            -360.00      -16.00
04760            -280.00      -16.00
04761            -280.00      500.00
04762             240.00      500.00
04763             200.00      500.00
04764             120.00      -28.00
04765              80.00      -36.00
04766               0.00      -32.00
04767               0.00      -36.00
04768             -40.00      -36.00
04769             -40.00      -32.00
04770             -40.00      -32.00
04771              40.00      -28.00
04772              40.00      -28.00
04773              40.00      -32.00
04774              40.00      -28.00
04775               0.00      -36.00
04776             -40.00      -28.00
04777            -120.00      -28.00
04778            -200.00      -32.00
04779            -280.00      -28.00
04780            -280.00      -28.00
04781            -280.00      -24.00
04782            -280.00      -28.00
04783            -280.00      -20.00
04784            -240.00      -28.00
04785            -200.00      -24.00
04786            -120.00      -28.00
04787             -80.00      -24.00
04788               0.00      -20.00
04789              40.00      -20.00
04790              80.00      -24.00
04791             120.00      -24.00
04792             160.00      -24.00
04793             200.00      -20.00
04794             240.00      -20.00
04795             240.00      -20.00
04796             200.00      -20.00
04797             200.00      -24.00
04798             120.00      -24.00
04799              40.00      -20.00
04800             -80.00      -24.00
04801            -120.00      -16.00
04802            -200.00      -16.00
04803            -320.00      -20.00
04804            -400.00      -16.00
04805            -480.00      -20.00
04806            -560.00      -20.00
04807            -600.00      -20.00
04808            -600.00      -24.00
04809            -640.00      -16.00
04810            -720.00      -24.00
04811            -760.00      -16.00
04812            -800.00      -20.00
04813            -880.00      -16.00
04814            -920.00      -16.00
04815           -1000.00      -20.00
04816           -1040.00      -20.00
04817           -1120.00      -20.00
04818           -1200.00      -16.00
04819           -1240.00      -16.00
04820           -1280.00      -20.00
04821           -1240.00      -20.00
04822           -1200.00      -16.00
04823           -1120.00      -16.00
04824           -1040.00      -16.00
04825            -840.00      -16.00
04826            -640.00      -20.00
04827            -440.00      -12.00
04828            -160.00      -16.00
04829              40.00      -20.00
04830             280.00      -20.00
04831             440.00      -16.00
04832             600.00      -16.00
04833             760.00      -16.00
04834             880.00      -16.00
04835             960.00      -16.00
04836            1040.00      -20.00
04837            1040.00      -12.00
04838            1120.00      -16.00
04839            1160.00      -24.00
04840            1160.00       -8.00
04841            1160.00      -16.00
04842            1080.00      -16.00
04843            1040.00       -8.00
04844            1000.00      -20.00
04845             880.00      -12.00
04846             840.00      -16.00
04847             800.00      -20.00
04848             800.00      -20.00
04849             840.00      -16.00
04850             880.00      -16.00
04851             880.00      -20.00
04852             880.00      -16.00
04853             880.00      -16.00
04854             840.00      -16.00
04855             840.00      -16.00
04856             720.00      -16.00
04857             600.00      -16.00
04858             480.00      -16.00
04859             280.00      -20.00
04860              80.00      -20.00
04861            -160.00      -12.00
04862            -360.00      -16.00
04863            -520.00      -16.00
04864            -640.00      -12.00
04865            -800.00      -16.00
04866            -880.00      -16.00
04867            -920.00      -16.00
04868            -920.00      -16.00
04869            -840.00      -20.00
04870            -640.00      -16.00
04871            -440.00      -20.00
04872            -200.00      -16.00
04873             -40.00      -16.00
04874             120.00      -24.00
04875             280.00      -20.00
04876             360.00      -20.00
04877             440.00      -20.00
04878             480.00      -12.00
04879             560.00      -20.00
04880             640.00      -12.00
04881             720.00      -20.00
04882             760.00      -16.00
04883             800.00      -16.00
04884             760.00      -20.00
04885             720.00      -16.00
04886             680.00      -16.00
04887             600.00      -24.00
04888             520.00      -20.00
04889             440.00      -20.00
04890             400.00      -16.00
04891             320.00      -20.00
04892             320.00      -20.00
04893             360.00      -20.00
04894             400.00      -16.00
04895             440.00      -20.00
04896             440.00      -16.00
04897             360.00      -20.00
04898             280.00      -20.00
04899             160.00      -12.00
04900               0.00      -16.00
04901            -120.00      -20.00
04902            -280.00      -20.00
04903            -480.00      -16.00
04904            -600.00      -16.00
04905            -720.00      -20.00
04906            -800.00      -16.00
04907            -880.00      -20.00
04908            -960.00      -16.00
04909            -920.00      -20.00
04910            -920.00      -24.00
04911            -840.00      -20.00
04912            -800.00      -24.00
04913            -760.00      -24.00
04914            -640.00      -12.00
04915            -560.00      -20.00
04916            -440.00      -20.00
04917            -320.00      -20.00
04918            -200.00      -16.00
04919             -80.00      -20.00
04920              40.00      -20.00
04921              80.00      -20.00
04922             240.00      -20.00
04923             240.00      -20.00
04924             280.00      -20.00
04925             320.00      -20.00
04926             400.00      -20.00
04927             480.00      -16.00
04928             480.00      -16.00
04929             560.00      -24.00
04930             600.00      -20.00
04931             600.00      -16.00
04932             720.00      -24.00
04933             760.00      -20.00
04934             880.00      -16.00
04935             880.00      -20.00
04936             960.00      -20.00
04937            1080.00      -16.00
04938            1120.00      -16.00
04939            1200.00      -20.00
04940            1200.00      -16.00
04941            1160.00      -20.00
04942            1080.00      -20.00
04943             920.00      -20.00
04944             760.00      -20.00
04945             560.00      -16.00
04946             280.00      -20.00
04947              40.00      -20.00
04948            -240.00      -16.00
04949            -480.00      -16.00
04950            -600.00      -16.00
04951            -680.00      -20.00
04952            -720.00      -24.00
04953            -680.00      -20.00
04954            -600.00      -16.00
04955            -520.00      -16.00
04956            -440.00      -20.00
04957            -360.00      -20.00
04958            -280.00      -16.00
04959            -280.00      -16.00
04960            -160.00      -16.00
04961            -120.00      -16.00
04962             -40.00      -16.00
04963             -40.00      -20.00
04964             -40.00      -20.00
04965             -40.00      -16.00
04966             -40.00      -16.00
04967             -80.00      -16.00
04968             -80.00      -24.00
04969             -40.00      -16.00
04970             -40.00      -16.00
04971               0.00      -16.00
04972               0.00      -20.00
04973              40.00      -16.00
04974              80.00      -16.00
04975             160.00      -16.00
04976             240.00      -20.00
04977             280.00      -20.00
04978             320.00      -20.00
04979             360.00      -20.00
04980             400.00      -20.00
04981             440.00      -20.00
04982             440.00      -16.00
04983             520.00      -16.00
04984             520.00      -20.00
04985             440.00      -20.00
04986             440.00      -16.00
04987             360.00      -12.00
04988             240.00      -12.00
04989             120.00      -20.00
04990               0.00      -20.00
04991            -120.00      -12.00
04992            -280.00      -16.00
04993            -400.00      -16.00
04994            -480.00      -16.00
04995            -520.00      -16.00
04996            -520.00      -20.00
04997            -560.00      -20.00
04998            -560.00      -24.00
04999            -560.00      -20.00
05000            -560.00      -16.00
